split,week_start,region,product,demand_units
train,2017-01-02,SP,cama_mesa_banho,0
train,2017-01-02,SP,moveis_decoracao,1
train,2017-01-02,SP,esporte_lazer,0
train,2017-01-02,SP,beleza_saude,0
train,2017-01-02,SP,informatica_acessorios,0
train,2017-01-02,RJ,cama_mesa_banho,1
train,2017-01-02,RJ,moveis_decoracao,0
train,2017-01-02,RJ,esporte_lazer,0
train,2017-01-02,RJ,beleza_saude,0
train,2017-01-02,RJ,informatica_acessorios,0
train,2017-01-02,MG,cama_mesa_banho,0
train,2017-01-02,MG,moveis_decoracao,0
train,2017-01-02,MG,esporte_lazer,0
train,2017-01-02,MG,beleza_saude,1
train,2017-01-02,MG,informatica_acessorios,0
train,2017-01-02,RS,cama_mesa_banho,0
train,2017-01-02,RS,moveis_decoracao,0
train,2017-01-02,RS,esporte_lazer,0
train,2017-01-02,RS,beleza_saude,0
train,2017-01-02,RS,informatica_acessorios,0
train,2017-01-02,PR,cama_mesa_banho,0
train,2017-01-02,PR,moveis_decoracao,0
train,2017-01-02,PR,esporte_lazer,0
train,2017-01-02,PR,beleza_saude,0
train,2017-01-02,PR,informatica_acessorios,0
train,2017-01-02,SC,cama_mesa_banho,0
train,2017-01-02,SC,moveis_decoracao,0
train,2017-01-02,SC,esporte_lazer,0
train,2017-01-02,SC,beleza_saude,0
train,2017-01-02,SC,informatica_acessorios,0
train,2017-01-02,BA,cama_mesa_banho,0
train,2017-01-02,BA,moveis_decoracao,0
train,2017-01-02,BA,esporte_lazer,0
train,2017-01-02,BA,beleza_saude,0
train,2017-01-02,BA,informatica_acessorios,0
train,2017-01-02,GO,cama_mesa_banho,0
train,2017-01-02,GO,moveis_decoracao,0
train,2017-01-02,GO,esporte_lazer,0
train,2017-01-02,GO,beleza_saude,0
train,2017-01-02,GO,informatica_acessorios,0
train,2017-01-09,SP,cama_mesa_banho,0
train,2017-01-09,SP,moveis_decoracao,13
train,2017-01-09,SP,esporte_lazer,1
train,2017-01-09,SP,beleza_saude,1
train,2017-01-09,SP,informatica_acessorios,1
train,2017-01-09,RJ,cama_mesa_banho,2
train,2017-01-09,RJ,moveis_decoracao,4
train,2017-01-09,RJ,esporte_lazer,1
train,2017-01-09,RJ,beleza_saude,1
train,2017-01-09,RJ,informatica_acessorios,0
train,2017-01-09,MG,cama_mesa_banho,1
train,2017-01-09,MG,moveis_decoracao,5
train,2017-01-09,MG,esporte_lazer,0
train,2017-01-09,MG,beleza_saude,0
train,2017-01-09,MG,informatica_acessorios,0
train,2017-01-09,RS,cama_mesa_banho,0
train,2017-01-09,RS,moveis_decoracao,6
train,2017-01-09,RS,esporte_lazer,0
train,2017-01-09,RS,beleza_saude,0
train,2017-01-09,RS,informatica_acessorios,0
train,2017-01-09,PR,cama_mesa_banho,0
train,2017-01-09,PR,moveis_decoracao,0
train,2017-01-09,PR,esporte_lazer,0
train,2017-01-09,PR,beleza_saude,0
train,2017-01-09,PR,informatica_acessorios,1
train,2017-01-09,SC,cama_mesa_banho,0
train,2017-01-09,SC,moveis_decoracao,0
train,2017-01-09,SC,esporte_lazer,2
train,2017-01-09,SC,beleza_saude,0
train,2017-01-09,SC,informatica_acessorios,0
train,2017-01-09,BA,cama_mesa_banho,0
train,2017-01-09,BA,moveis_decoracao,0
train,2017-01-09,BA,esporte_lazer,0
train,2017-01-09,BA,beleza_saude,1
train,2017-01-09,BA,informatica_acessorios,0
train,2017-01-09,GO,cama_mesa_banho,0
train,2017-01-09,GO,moveis_decoracao,0
train,2017-01-09,GO,esporte_lazer,0
train,2017-01-09,GO,beleza_saude,0
train,2017-01-09,GO,informatica_acessorios,2
train,2017-01-16,SP,cama_mesa_banho,5
train,2017-01-16,SP,moveis_decoracao,38
train,2017-01-16,SP,esporte_lazer,13
train,2017-01-16,SP,beleza_saude,6
train,2017-01-16,SP,informatica_acessorios,1
train,2017-01-16,RJ,cama_mesa_banho,1
train,2017-01-16,RJ,moveis_decoracao,10
train,2017-01-16,RJ,esporte_lazer,1
train,2017-01-16,RJ,beleza_saude,2
train,2017-01-16,RJ,informatica_acessorios,0
train,2017-01-16,MG,cama_mesa_banho,1
train,2017-01-16,MG,moveis_decoracao,10
train,2017-01-16,MG,esporte_lazer,0
train,2017-01-16,MG,beleza_saude,3
train,2017-01-16,MG,informatica_acessorios,2
train,2017-01-16,RS,cama_mesa_banho,0
train,2017-01-16,RS,moveis_decoracao,1
train,2017-01-16,RS,esporte_lazer,1
train,2017-01-16,RS,beleza_saude,2
train,2017-01-16,RS,informatica_acessorios,0
train,2017-01-16,PR,cama_mesa_banho,0
train,2017-01-16,PR,moveis_decoracao,0
train,2017-01-16,PR,esporte_lazer,1
train,2017-01-16,PR,beleza_saude,0
train,2017-01-16,PR,informatica_acessorios,0
train,2017-01-16,SC,cama_mesa_banho,1
train,2017-01-16,SC,moveis_decoracao,1
train,2017-01-16,SC,esporte_lazer,0
train,2017-01-16,SC,beleza_saude,0
train,2017-01-16,SC,informatica_acessorios,0
train,2017-01-16,BA,cama_mesa_banho,0
train,2017-01-16,BA,moveis_decoracao,0
train,2017-01-16,BA,esporte_lazer,1
train,2017-01-16,BA,beleza_saude,0
train,2017-01-16,BA,informatica_acessorios,0
train,2017-01-16,GO,cama_mesa_banho,0
train,2017-01-16,GO,moveis_decoracao,0
train,2017-01-16,GO,esporte_lazer,1
train,2017-01-16,GO,beleza_saude,0
train,2017-01-16,GO,informatica_acessorios,1
train,2017-01-23,SP,cama_mesa_banho,3
train,2017-01-23,SP,moveis_decoracao,31
train,2017-01-23,SP,esporte_lazer,19
train,2017-01-23,SP,beleza_saude,17
train,2017-01-23,SP,informatica_acessorios,10
train,2017-01-23,RJ,cama_mesa_banho,6
train,2017-01-23,RJ,moveis_decoracao,3
train,2017-01-23,RJ,esporte_lazer,4
train,2017-01-23,RJ,beleza_saude,2
train,2017-01-23,RJ,informatica_acessorios,1
train,2017-01-23,MG,cama_mesa_banho,2
train,2017-01-23,MG,moveis_decoracao,4
train,2017-01-23,MG,esporte_lazer,2
train,2017-01-23,MG,beleza_saude,6
train,2017-01-23,MG,informatica_acessorios,1
train,2017-01-23,RS,cama_mesa_banho,2
train,2017-01-23,RS,moveis_decoracao,6
train,2017-01-23,RS,esporte_lazer,6
train,2017-01-23,RS,beleza_saude,5
train,2017-01-23,RS,informatica_acessorios,2
train,2017-01-23,PR,cama_mesa_banho,3
train,2017-01-23,PR,moveis_decoracao,2
train,2017-01-23,PR,esporte_lazer,1
train,2017-01-23,PR,beleza_saude,5
train,2017-01-23,PR,informatica_acessorios,1
train,2017-01-23,SC,cama_mesa_banho,0
train,2017-01-23,SC,moveis_decoracao,4
train,2017-01-23,SC,esporte_lazer,0
train,2017-01-23,SC,beleza_saude,1
train,2017-01-23,SC,informatica_acessorios,0
train,2017-01-23,BA,cama_mesa_banho,0
train,2017-01-23,BA,moveis_decoracao,3
train,2017-01-23,BA,esporte_lazer,0
train,2017-01-23,BA,beleza_saude,3
train,2017-01-23,BA,informatica_acessorios,1
train,2017-01-23,GO,cama_mesa_banho,0
train,2017-01-23,GO,moveis_decoracao,0
train,2017-01-23,GO,esporte_lazer,0
train,2017-01-23,GO,beleza_saude,2
train,2017-01-23,GO,informatica_acessorios,0
train,2017-01-30,SP,cama_mesa_banho,15
train,2017-01-30,SP,moveis_decoracao,28
train,2017-01-30,SP,esporte_lazer,11
train,2017-01-30,SP,beleza_saude,23
train,2017-01-30,SP,informatica_acessorios,9
train,2017-01-30,RJ,cama_mesa_banho,4
train,2017-01-30,RJ,moveis_decoracao,16
train,2017-01-30,RJ,esporte_lazer,6
train,2017-01-30,RJ,beleza_saude,9
train,2017-01-30,RJ,informatica_acessorios,2
train,2017-01-30,MG,cama_mesa_banho,4
train,2017-01-30,MG,moveis_decoracao,11
train,2017-01-30,MG,esporte_lazer,3
train,2017-01-30,MG,beleza_saude,5
train,2017-01-30,MG,informatica_acessorios,2
train,2017-01-30,RS,cama_mesa_banho,1
train,2017-01-30,RS,moveis_decoracao,5
train,2017-01-30,RS,esporte_lazer,0
train,2017-01-30,RS,beleza_saude,3
train,2017-01-30,RS,informatica_acessorios,0
train,2017-01-30,PR,cama_mesa_banho,7
train,2017-01-30,PR,moveis_decoracao,3
train,2017-01-30,PR,esporte_lazer,4
train,2017-01-30,PR,beleza_saude,5
train,2017-01-30,PR,informatica_acessorios,1
train,2017-01-30,SC,cama_mesa_banho,1
train,2017-01-30,SC,moveis_decoracao,0
train,2017-01-30,SC,esporte_lazer,7
train,2017-01-30,SC,beleza_saude,0
train,2017-01-30,SC,informatica_acessorios,0
train,2017-01-30,BA,cama_mesa_banho,0
train,2017-01-30,BA,moveis_decoracao,2
train,2017-01-30,BA,esporte_lazer,2
train,2017-01-30,BA,beleza_saude,2
train,2017-01-30,BA,informatica_acessorios,0
train,2017-01-30,GO,cama_mesa_banho,0
train,2017-01-30,GO,moveis_decoracao,0
train,2017-01-30,GO,esporte_lazer,0
train,2017-01-30,GO,beleza_saude,0
train,2017-01-30,GO,informatica_acessorios,0
train,2017-02-06,SP,cama_mesa_banho,17
train,2017-02-06,SP,moveis_decoracao,25
train,2017-02-06,SP,esporte_lazer,26
train,2017-02-06,SP,beleza_saude,22
train,2017-02-06,SP,informatica_acessorios,9
train,2017-02-06,RJ,cama_mesa_banho,10
train,2017-02-06,RJ,moveis_decoracao,6
train,2017-02-06,RJ,esporte_lazer,5
train,2017-02-06,RJ,beleza_saude,5
train,2017-02-06,RJ,informatica_acessorios,4
train,2017-02-06,MG,cama_mesa_banho,8
train,2017-02-06,MG,moveis_decoracao,9
train,2017-02-06,MG,esporte_lazer,10
train,2017-02-06,MG,beleza_saude,4
train,2017-02-06,MG,informatica_acessorios,8
train,2017-02-06,RS,cama_mesa_banho,0
train,2017-02-06,RS,moveis_decoracao,5
train,2017-02-06,RS,esporte_lazer,1
train,2017-02-06,RS,beleza_saude,1
train,2017-02-06,RS,informatica_acessorios,2
train,2017-02-06,PR,cama_mesa_banho,5
train,2017-02-06,PR,moveis_decoracao,5
train,2017-02-06,PR,esporte_lazer,2
train,2017-02-06,PR,beleza_saude,1
train,2017-02-06,PR,informatica_acessorios,0
train,2017-02-06,SC,cama_mesa_banho,1
train,2017-02-06,SC,moveis_decoracao,1
train,2017-02-06,SC,esporte_lazer,2
train,2017-02-06,SC,beleza_saude,2
train,2017-02-06,SC,informatica_acessorios,0
train,2017-02-06,BA,cama_mesa_banho,0
train,2017-02-06,BA,moveis_decoracao,2
train,2017-02-06,BA,esporte_lazer,2
train,2017-02-06,BA,beleza_saude,0
train,2017-02-06,BA,informatica_acessorios,0
train,2017-02-06,GO,cama_mesa_banho,0
train,2017-02-06,GO,moveis_decoracao,0
train,2017-02-06,GO,esporte_lazer,0
train,2017-02-06,GO,beleza_saude,3
train,2017-02-06,GO,informatica_acessorios,0
train,2017-02-13,SP,cama_mesa_banho,21
train,2017-02-13,SP,moveis_decoracao,22
train,2017-02-13,SP,esporte_lazer,9
train,2017-02-13,SP,beleza_saude,7
train,2017-02-13,SP,informatica_acessorios,14
train,2017-02-13,RJ,cama_mesa_banho,3
train,2017-02-13,RJ,moveis_decoracao,12
train,2017-02-13,RJ,esporte_lazer,2
train,2017-02-13,RJ,beleza_saude,3
train,2017-02-13,RJ,informatica_acessorios,3
train,2017-02-13,MG,cama_mesa_banho,8
train,2017-02-13,MG,moveis_decoracao,13
train,2017-02-13,MG,esporte_lazer,5
train,2017-02-13,MG,beleza_saude,2
train,2017-02-13,MG,informatica_acessorios,3
train,2017-02-13,RS,cama_mesa_banho,4
train,2017-02-13,RS,moveis_decoracao,5
train,2017-02-13,RS,esporte_lazer,0
train,2017-02-13,RS,beleza_saude,2
train,2017-02-13,RS,informatica_acessorios,1
train,2017-02-13,PR,cama_mesa_banho,6
train,2017-02-13,PR,moveis_decoracao,3
train,2017-02-13,PR,esporte_lazer,0
train,2017-02-13,PR,beleza_saude,4
train,2017-02-13,PR,informatica_acessorios,1
train,2017-02-13,SC,cama_mesa_banho,0
train,2017-02-13,SC,moveis_decoracao,1
train,2017-02-13,SC,esporte_lazer,1
train,2017-02-13,SC,beleza_saude,1
train,2017-02-13,SC,informatica_acessorios,0
train,2017-02-13,BA,cama_mesa_banho,1
train,2017-02-13,BA,moveis_decoracao,1
train,2017-02-13,BA,esporte_lazer,0
train,2017-02-13,BA,beleza_saude,1
train,2017-02-13,BA,informatica_acessorios,0
train,2017-02-13,GO,cama_mesa_banho,0
train,2017-02-13,GO,moveis_decoracao,0
train,2017-02-13,GO,esporte_lazer,2
train,2017-02-13,GO,beleza_saude,1
train,2017-02-13,GO,informatica_acessorios,0
train,2017-02-20,SP,cama_mesa_banho,15
train,2017-02-20,SP,moveis_decoracao,35
train,2017-02-20,SP,esporte_lazer,12
train,2017-02-20,SP,beleza_saude,17
train,2017-02-20,SP,informatica_acessorios,11
train,2017-02-20,RJ,cama_mesa_banho,6
train,2017-02-20,RJ,moveis_decoracao,8
train,2017-02-20,RJ,esporte_lazer,3
train,2017-02-20,RJ,beleza_saude,4
train,2017-02-20,RJ,informatica_acessorios,3
train,2017-02-20,MG,cama_mesa_banho,6
train,2017-02-20,MG,moveis_decoracao,9
train,2017-02-20,MG,esporte_lazer,5
train,2017-02-20,MG,beleza_saude,4
train,2017-02-20,MG,informatica_acessorios,0
train,2017-02-20,RS,cama_mesa_banho,1
train,2017-02-20,RS,moveis_decoracao,3
train,2017-02-20,RS,esporte_lazer,3
train,2017-02-20,RS,beleza_saude,2
train,2017-02-20,RS,informatica_acessorios,2
train,2017-02-20,PR,cama_mesa_banho,0
train,2017-02-20,PR,moveis_decoracao,1
train,2017-02-20,PR,esporte_lazer,1
train,2017-02-20,PR,beleza_saude,1
train,2017-02-20,PR,informatica_acessorios,3
train,2017-02-20,SC,cama_mesa_banho,0
train,2017-02-20,SC,moveis_decoracao,1
train,2017-02-20,SC,esporte_lazer,0
train,2017-02-20,SC,beleza_saude,0
train,2017-02-20,SC,informatica_acessorios,0
train,2017-02-20,BA,cama_mesa_banho,3
train,2017-02-20,BA,moveis_decoracao,1
train,2017-02-20,BA,esporte_lazer,0
train,2017-02-20,BA,beleza_saude,2
train,2017-02-20,BA,informatica_acessorios,2
train,2017-02-20,GO,cama_mesa_banho,0
train,2017-02-20,GO,moveis_decoracao,1
train,2017-02-20,GO,esporte_lazer,0
train,2017-02-20,GO,beleza_saude,0
train,2017-02-20,GO,informatica_acessorios,1
train,2017-02-27,SP,cama_mesa_banho,24
train,2017-02-27,SP,moveis_decoracao,36
train,2017-02-27,SP,esporte_lazer,17
train,2017-02-27,SP,beleza_saude,9
train,2017-02-27,SP,informatica_acessorios,12
train,2017-02-27,RJ,cama_mesa_banho,4
train,2017-02-27,RJ,moveis_decoracao,9
train,2017-02-27,RJ,esporte_lazer,3
train,2017-02-27,RJ,beleza_saude,5
train,2017-02-27,RJ,informatica_acessorios,2
train,2017-02-27,MG,cama_mesa_banho,11
train,2017-02-27,MG,moveis_decoracao,19
train,2017-02-27,MG,esporte_lazer,7
train,2017-02-27,MG,beleza_saude,8
train,2017-02-27,MG,informatica_acessorios,2
train,2017-02-27,RS,cama_mesa_banho,4
train,2017-02-27,RS,moveis_decoracao,5
train,2017-02-27,RS,esporte_lazer,4
train,2017-02-27,RS,beleza_saude,1
train,2017-02-27,RS,informatica_acessorios,0
train,2017-02-27,PR,cama_mesa_banho,3
train,2017-02-27,PR,moveis_decoracao,2
train,2017-02-27,PR,esporte_lazer,4
train,2017-02-27,PR,beleza_saude,2
train,2017-02-27,PR,informatica_acessorios,2
train,2017-02-27,SC,cama_mesa_banho,1
train,2017-02-27,SC,moveis_decoracao,9
train,2017-02-27,SC,esporte_lazer,1
train,2017-02-27,SC,beleza_saude,1
train,2017-02-27,SC,informatica_acessorios,0
train,2017-02-27,BA,cama_mesa_banho,0
train,2017-02-27,BA,moveis_decoracao,3
train,2017-02-27,BA,esporte_lazer,3
train,2017-02-27,BA,beleza_saude,2
train,2017-02-27,BA,informatica_acessorios,1
train,2017-02-27,GO,cama_mesa_banho,1
train,2017-02-27,GO,moveis_decoracao,2
train,2017-02-27,GO,esporte_lazer,0
train,2017-02-27,GO,beleza_saude,1
train,2017-02-27,GO,informatica_acessorios,1
train,2017-03-06,SP,cama_mesa_banho,30
train,2017-03-06,SP,moveis_decoracao,33
train,2017-03-06,SP,esporte_lazer,12
train,2017-03-06,SP,beleza_saude,9
train,2017-03-06,SP,informatica_acessorios,16
train,2017-03-06,RJ,cama_mesa_banho,8
train,2017-03-06,RJ,moveis_decoracao,7
train,2017-03-06,RJ,esporte_lazer,3
train,2017-03-06,RJ,beleza_saude,8
train,2017-03-06,RJ,informatica_acessorios,8
train,2017-03-06,MG,cama_mesa_banho,16
train,2017-03-06,MG,moveis_decoracao,14
train,2017-03-06,MG,esporte_lazer,4
train,2017-03-06,MG,beleza_saude,15
train,2017-03-06,MG,informatica_acessorios,6
train,2017-03-06,RS,cama_mesa_banho,4
train,2017-03-06,RS,moveis_decoracao,7
train,2017-03-06,RS,esporte_lazer,2
train,2017-03-06,RS,beleza_saude,2
train,2017-03-06,RS,informatica_acessorios,0
train,2017-03-06,PR,cama_mesa_banho,2
train,2017-03-06,PR,moveis_decoracao,2
train,2017-03-06,PR,esporte_lazer,2
train,2017-03-06,PR,beleza_saude,1
train,2017-03-06,PR,informatica_acessorios,3
train,2017-03-06,SC,cama_mesa_banho,0
train,2017-03-06,SC,moveis_decoracao,0
train,2017-03-06,SC,esporte_lazer,2
train,2017-03-06,SC,beleza_saude,0
train,2017-03-06,SC,informatica_acessorios,1
train,2017-03-06,BA,cama_mesa_banho,0
train,2017-03-06,BA,moveis_decoracao,1
train,2017-03-06,BA,esporte_lazer,1
train,2017-03-06,BA,beleza_saude,3
train,2017-03-06,BA,informatica_acessorios,1
train,2017-03-06,GO,cama_mesa_banho,0
train,2017-03-06,GO,moveis_decoracao,0
train,2017-03-06,GO,esporte_lazer,0
train,2017-03-06,GO,beleza_saude,1
train,2017-03-06,GO,informatica_acessorios,1
train,2017-03-13,SP,cama_mesa_banho,21
train,2017-03-13,SP,moveis_decoracao,30
train,2017-03-13,SP,esporte_lazer,15
train,2017-03-13,SP,beleza_saude,20
train,2017-03-13,SP,informatica_acessorios,9
train,2017-03-13,RJ,cama_mesa_banho,10
train,2017-03-13,RJ,moveis_decoracao,13
train,2017-03-13,RJ,esporte_lazer,5
train,2017-03-13,RJ,beleza_saude,10
train,2017-03-13,RJ,informatica_acessorios,4
train,2017-03-13,MG,cama_mesa_banho,10
train,2017-03-13,MG,moveis_decoracao,7
train,2017-03-13,MG,esporte_lazer,5
train,2017-03-13,MG,beleza_saude,4
train,2017-03-13,MG,informatica_acessorios,4
train,2017-03-13,RS,cama_mesa_banho,1
train,2017-03-13,RS,moveis_decoracao,1
train,2017-03-13,RS,esporte_lazer,0
train,2017-03-13,RS,beleza_saude,3
train,2017-03-13,RS,informatica_acessorios,2
train,2017-03-13,PR,cama_mesa_banho,1
train,2017-03-13,PR,moveis_decoracao,8
train,2017-03-13,PR,esporte_lazer,2
train,2017-03-13,PR,beleza_saude,1
train,2017-03-13,PR,informatica_acessorios,1
train,2017-03-13,SC,cama_mesa_banho,4
train,2017-03-13,SC,moveis_decoracao,2
train,2017-03-13,SC,esporte_lazer,1
train,2017-03-13,SC,beleza_saude,1
train,2017-03-13,SC,informatica_acessorios,2
train,2017-03-13,BA,cama_mesa_banho,0
train,2017-03-13,BA,moveis_decoracao,4
train,2017-03-13,BA,esporte_lazer,2
train,2017-03-13,BA,beleza_saude,3
train,2017-03-13,BA,informatica_acessorios,0
train,2017-03-13,GO,cama_mesa_banho,1
train,2017-03-13,GO,moveis_decoracao,0
train,2017-03-13,GO,esporte_lazer,0
train,2017-03-13,GO,beleza_saude,0
train,2017-03-13,GO,informatica_acessorios,1
train,2017-03-20,SP,cama_mesa_banho,36
train,2017-03-20,SP,moveis_decoracao,21
train,2017-03-20,SP,esporte_lazer,19
train,2017-03-20,SP,beleza_saude,23
train,2017-03-20,SP,informatica_acessorios,15
train,2017-03-20,RJ,cama_mesa_banho,19
train,2017-03-20,RJ,moveis_decoracao,13
train,2017-03-20,RJ,esporte_lazer,11
train,2017-03-20,RJ,beleza_saude,6
train,2017-03-20,RJ,informatica_acessorios,7
train,2017-03-20,MG,cama_mesa_banho,7
train,2017-03-20,MG,moveis_decoracao,12
train,2017-03-20,MG,esporte_lazer,7
train,2017-03-20,MG,beleza_saude,5
train,2017-03-20,MG,informatica_acessorios,5
train,2017-03-20,RS,cama_mesa_banho,4
train,2017-03-20,RS,moveis_decoracao,4
train,2017-03-20,RS,esporte_lazer,2
train,2017-03-20,RS,beleza_saude,4
train,2017-03-20,RS,informatica_acessorios,1
train,2017-03-20,PR,cama_mesa_banho,1
train,2017-03-20,PR,moveis_decoracao,3
train,2017-03-20,PR,esporte_lazer,4
train,2017-03-20,PR,beleza_saude,5
train,2017-03-20,PR,informatica_acessorios,0
train,2017-03-20,SC,cama_mesa_banho,1
train,2017-03-20,SC,moveis_decoracao,1
train,2017-03-20,SC,esporte_lazer,0
train,2017-03-20,SC,beleza_saude,3
train,2017-03-20,SC,informatica_acessorios,2
train,2017-03-20,BA,cama_mesa_banho,2
train,2017-03-20,BA,moveis_decoracao,0
train,2017-03-20,BA,esporte_lazer,2
train,2017-03-20,BA,beleza_saude,4
train,2017-03-20,BA,informatica_acessorios,1
train,2017-03-20,GO,cama_mesa_banho,0
train,2017-03-20,GO,moveis_decoracao,2
train,2017-03-20,GO,esporte_lazer,0
train,2017-03-20,GO,beleza_saude,2
train,2017-03-20,GO,informatica_acessorios,0
train,2017-03-27,SP,cama_mesa_banho,32
train,2017-03-27,SP,moveis_decoracao,22
train,2017-03-27,SP,esporte_lazer,18
train,2017-03-27,SP,beleza_saude,21
train,2017-03-27,SP,informatica_acessorios,16
train,2017-03-27,RJ,cama_mesa_banho,5
train,2017-03-27,RJ,moveis_decoracao,5
train,2017-03-27,RJ,esporte_lazer,4
train,2017-03-27,RJ,beleza_saude,1
train,2017-03-27,RJ,informatica_acessorios,5
train,2017-03-27,MG,cama_mesa_banho,17
train,2017-03-27,MG,moveis_decoracao,6
train,2017-03-27,MG,esporte_lazer,2
train,2017-03-27,MG,beleza_saude,5
train,2017-03-27,MG,informatica_acessorios,1
train,2017-03-27,RS,cama_mesa_banho,3
train,2017-03-27,RS,moveis_decoracao,2
train,2017-03-27,RS,esporte_lazer,2
train,2017-03-27,RS,beleza_saude,1
train,2017-03-27,RS,informatica_acessorios,2
train,2017-03-27,PR,cama_mesa_banho,3
train,2017-03-27,PR,moveis_decoracao,2
train,2017-03-27,PR,esporte_lazer,2
train,2017-03-27,PR,beleza_saude,1
train,2017-03-27,PR,informatica_acessorios,4
train,2017-03-27,SC,cama_mesa_banho,4
train,2017-03-27,SC,moveis_decoracao,0
train,2017-03-27,SC,esporte_lazer,2
train,2017-03-27,SC,beleza_saude,4
train,2017-03-27,SC,informatica_acessorios,3
train,2017-03-27,BA,cama_mesa_banho,1
train,2017-03-27,BA,moveis_decoracao,0
train,2017-03-27,BA,esporte_lazer,0
train,2017-03-27,BA,beleza_saude,4
train,2017-03-27,BA,informatica_acessorios,1
train,2017-03-27,GO,cama_mesa_banho,2
train,2017-03-27,GO,moveis_decoracao,0
train,2017-03-27,GO,esporte_lazer,0
train,2017-03-27,GO,beleza_saude,0
train,2017-03-27,GO,informatica_acessorios,0
train,2017-04-03,SP,cama_mesa_banho,41
train,2017-04-03,SP,moveis_decoracao,19
train,2017-04-03,SP,esporte_lazer,19
train,2017-04-03,SP,beleza_saude,15
train,2017-04-03,SP,informatica_acessorios,7
train,2017-04-03,RJ,cama_mesa_banho,8
train,2017-04-03,RJ,moveis_decoracao,0
train,2017-04-03,RJ,esporte_lazer,5
train,2017-04-03,RJ,beleza_saude,4
train,2017-04-03,RJ,informatica_acessorios,1
train,2017-04-03,MG,cama_mesa_banho,9
train,2017-04-03,MG,moveis_decoracao,8
train,2017-04-03,MG,esporte_lazer,7
train,2017-04-03,MG,beleza_saude,8
train,2017-04-03,MG,informatica_acessorios,4
train,2017-04-03,RS,cama_mesa_banho,7
train,2017-04-03,RS,moveis_decoracao,5
train,2017-04-03,RS,esporte_lazer,3
train,2017-04-03,RS,beleza_saude,2
train,2017-04-03,RS,informatica_acessorios,3
train,2017-04-03,PR,cama_mesa_banho,0
train,2017-04-03,PR,moveis_decoracao,2
train,2017-04-03,PR,esporte_lazer,2
train,2017-04-03,PR,beleza_saude,0
train,2017-04-03,PR,informatica_acessorios,1
train,2017-04-03,SC,cama_mesa_banho,1
train,2017-04-03,SC,moveis_decoracao,2
train,2017-04-03,SC,esporte_lazer,3
train,2017-04-03,SC,beleza_saude,0
train,2017-04-03,SC,informatica_acessorios,1
train,2017-04-03,BA,cama_mesa_banho,0
train,2017-04-03,BA,moveis_decoracao,0
train,2017-04-03,BA,esporte_lazer,2
train,2017-04-03,BA,beleza_saude,3
train,2017-04-03,BA,informatica_acessorios,1
train,2017-04-03,GO,cama_mesa_banho,1
train,2017-04-03,GO,moveis_decoracao,0
train,2017-04-03,GO,esporte_lazer,0
train,2017-04-03,GO,beleza_saude,0
train,2017-04-03,GO,informatica_acessorios,0
train,2017-04-10,SP,cama_mesa_banho,10
train,2017-04-10,SP,moveis_decoracao,12
train,2017-04-10,SP,esporte_lazer,12
train,2017-04-10,SP,beleza_saude,11
train,2017-04-10,SP,informatica_acessorios,12
train,2017-04-10,RJ,cama_mesa_banho,4
train,2017-04-10,RJ,moveis_decoracao,4
train,2017-04-10,RJ,esporte_lazer,5
train,2017-04-10,RJ,beleza_saude,3
train,2017-04-10,RJ,informatica_acessorios,1
train,2017-04-10,MG,cama_mesa_banho,5
train,2017-04-10,MG,moveis_decoracao,4
train,2017-04-10,MG,esporte_lazer,4
train,2017-04-10,MG,beleza_saude,8
train,2017-04-10,MG,informatica_acessorios,1
train,2017-04-10,RS,cama_mesa_banho,2
train,2017-04-10,RS,moveis_decoracao,2
train,2017-04-10,RS,esporte_lazer,1
train,2017-04-10,RS,beleza_saude,1
train,2017-04-10,RS,informatica_acessorios,1
train,2017-04-10,PR,cama_mesa_banho,1
train,2017-04-10,PR,moveis_decoracao,0
train,2017-04-10,PR,esporte_lazer,0
train,2017-04-10,PR,beleza_saude,1
train,2017-04-10,PR,informatica_acessorios,1
train,2017-04-10,SC,cama_mesa_banho,2
train,2017-04-10,SC,moveis_decoracao,3
train,2017-04-10,SC,esporte_lazer,3
train,2017-04-10,SC,beleza_saude,1
train,2017-04-10,SC,informatica_acessorios,1
train,2017-04-10,BA,cama_mesa_banho,1
train,2017-04-10,BA,moveis_decoracao,2
train,2017-04-10,BA,esporte_lazer,3
train,2017-04-10,BA,beleza_saude,2
train,2017-04-10,BA,informatica_acessorios,3
train,2017-04-10,GO,cama_mesa_banho,1
train,2017-04-10,GO,moveis_decoracao,0
train,2017-04-10,GO,esporte_lazer,1
train,2017-04-10,GO,beleza_saude,0
train,2017-04-10,GO,informatica_acessorios,0
train,2017-04-17,SP,cama_mesa_banho,32
train,2017-04-17,SP,moveis_decoracao,14
train,2017-04-17,SP,esporte_lazer,17
train,2017-04-17,SP,beleza_saude,15
train,2017-04-17,SP,informatica_acessorios,13
train,2017-04-17,RJ,cama_mesa_banho,12
train,2017-04-17,RJ,moveis_decoracao,13
train,2017-04-17,RJ,esporte_lazer,4
train,2017-04-17,RJ,beleza_saude,2
train,2017-04-17,RJ,informatica_acessorios,6
train,2017-04-17,MG,cama_mesa_banho,5
train,2017-04-17,MG,moveis_decoracao,2
train,2017-04-17,MG,esporte_lazer,6
train,2017-04-17,MG,beleza_saude,4
train,2017-04-17,MG,informatica_acessorios,4
train,2017-04-17,RS,cama_mesa_banho,7
train,2017-04-17,RS,moveis_decoracao,6
train,2017-04-17,RS,esporte_lazer,0
train,2017-04-17,RS,beleza_saude,2
train,2017-04-17,RS,informatica_acessorios,1
train,2017-04-17,PR,cama_mesa_banho,3
train,2017-04-17,PR,moveis_decoracao,3
train,2017-04-17,PR,esporte_lazer,2
train,2017-04-17,PR,beleza_saude,1
train,2017-04-17,PR,informatica_acessorios,2
train,2017-04-17,SC,cama_mesa_banho,3
train,2017-04-17,SC,moveis_decoracao,6
train,2017-04-17,SC,esporte_lazer,1
train,2017-04-17,SC,beleza_saude,10
train,2017-04-17,SC,informatica_acessorios,4
train,2017-04-17,BA,cama_mesa_banho,3
train,2017-04-17,BA,moveis_decoracao,1
train,2017-04-17,BA,esporte_lazer,0
train,2017-04-17,BA,beleza_saude,3
train,2017-04-17,BA,informatica_acessorios,0
train,2017-04-17,GO,cama_mesa_banho,1
train,2017-04-17,GO,moveis_decoracao,0
train,2017-04-17,GO,esporte_lazer,1
train,2017-04-17,GO,beleza_saude,0
train,2017-04-17,GO,informatica_acessorios,0
train,2017-04-24,SP,cama_mesa_banho,18
train,2017-04-24,SP,moveis_decoracao,14
train,2017-04-24,SP,esporte_lazer,25
train,2017-04-24,SP,beleza_saude,21
train,2017-04-24,SP,informatica_acessorios,19
train,2017-04-24,RJ,cama_mesa_banho,12
train,2017-04-24,RJ,moveis_decoracao,12
train,2017-04-24,RJ,esporte_lazer,10
train,2017-04-24,RJ,beleza_saude,7
train,2017-04-24,RJ,informatica_acessorios,0
train,2017-04-24,MG,cama_mesa_banho,7
train,2017-04-24,MG,moveis_decoracao,6
train,2017-04-24,MG,esporte_lazer,6
train,2017-04-24,MG,beleza_saude,5
train,2017-04-24,MG,informatica_acessorios,2
train,2017-04-24,RS,cama_mesa_banho,4
train,2017-04-24,RS,moveis_decoracao,2
train,2017-04-24,RS,esporte_lazer,3
train,2017-04-24,RS,beleza_saude,3
train,2017-04-24,RS,informatica_acessorios,3
train,2017-04-24,PR,cama_mesa_banho,1
train,2017-04-24,PR,moveis_decoracao,6
train,2017-04-24,PR,esporte_lazer,3
train,2017-04-24,PR,beleza_saude,3
train,2017-04-24,PR,informatica_acessorios,1
train,2017-04-24,SC,cama_mesa_banho,2
train,2017-04-24,SC,moveis_decoracao,3
train,2017-04-24,SC,esporte_lazer,4
train,2017-04-24,SC,beleza_saude,2
train,2017-04-24,SC,informatica_acessorios,5
train,2017-04-24,BA,cama_mesa_banho,4
train,2017-04-24,BA,moveis_decoracao,6
train,2017-04-24,BA,esporte_lazer,1
train,2017-04-24,BA,beleza_saude,1
train,2017-04-24,BA,informatica_acessorios,2
train,2017-04-24,GO,cama_mesa_banho,2
train,2017-04-24,GO,moveis_decoracao,0
train,2017-04-24,GO,esporte_lazer,1
train,2017-04-24,GO,beleza_saude,0
train,2017-04-24,GO,informatica_acessorios,4
train,2017-05-01,SP,cama_mesa_banho,23
train,2017-05-01,SP,moveis_decoracao,29
train,2017-05-01,SP,esporte_lazer,21
train,2017-05-01,SP,beleza_saude,29
train,2017-05-01,SP,informatica_acessorios,14
train,2017-05-01,RJ,cama_mesa_banho,8
train,2017-05-01,RJ,moveis_decoracao,4
train,2017-05-01,RJ,esporte_lazer,14
train,2017-05-01,RJ,beleza_saude,8
train,2017-05-01,RJ,informatica_acessorios,4
train,2017-05-01,MG,cama_mesa_banho,16
train,2017-05-01,MG,moveis_decoracao,8
train,2017-05-01,MG,esporte_lazer,15
train,2017-05-01,MG,beleza_saude,5
train,2017-05-01,MG,informatica_acessorios,9
train,2017-05-01,RS,cama_mesa_banho,4
train,2017-05-01,RS,moveis_decoracao,2
train,2017-05-01,RS,esporte_lazer,1
train,2017-05-01,RS,beleza_saude,2
train,2017-05-01,RS,informatica_acessorios,1
train,2017-05-01,PR,cama_mesa_banho,1
train,2017-05-01,PR,moveis_decoracao,6
train,2017-05-01,PR,esporte_lazer,3
train,2017-05-01,PR,beleza_saude,3
train,2017-05-01,PR,informatica_acessorios,1
train,2017-05-01,SC,cama_mesa_banho,4
train,2017-05-01,SC,moveis_decoracao,4
train,2017-05-01,SC,esporte_lazer,5
train,2017-05-01,SC,beleza_saude,3
train,2017-05-01,SC,informatica_acessorios,3
train,2017-05-01,BA,cama_mesa_banho,1
train,2017-05-01,BA,moveis_decoracao,1
train,2017-05-01,BA,esporte_lazer,6
train,2017-05-01,BA,beleza_saude,2
train,2017-05-01,BA,informatica_acessorios,1
train,2017-05-01,GO,cama_mesa_banho,1
train,2017-05-01,GO,moveis_decoracao,1
train,2017-05-01,GO,esporte_lazer,3
train,2017-05-01,GO,beleza_saude,0
train,2017-05-01,GO,informatica_acessorios,2
train,2017-05-08,SP,cama_mesa_banho,39
train,2017-05-08,SP,moveis_decoracao,20
train,2017-05-08,SP,esporte_lazer,18
train,2017-05-08,SP,beleza_saude,27
train,2017-05-08,SP,informatica_acessorios,23
train,2017-05-08,RJ,cama_mesa_banho,7
train,2017-05-08,RJ,moveis_decoracao,12
train,2017-05-08,RJ,esporte_lazer,5
train,2017-05-08,RJ,beleza_saude,6
train,2017-05-08,RJ,informatica_acessorios,9
train,2017-05-08,MG,cama_mesa_banho,12
train,2017-05-08,MG,moveis_decoracao,2
train,2017-05-08,MG,esporte_lazer,1
train,2017-05-08,MG,beleza_saude,6
train,2017-05-08,MG,informatica_acessorios,13
train,2017-05-08,RS,cama_mesa_banho,9
train,2017-05-08,RS,moveis_decoracao,2
train,2017-05-08,RS,esporte_lazer,7
train,2017-05-08,RS,beleza_saude,2
train,2017-05-08,RS,informatica_acessorios,1
train,2017-05-08,PR,cama_mesa_banho,2
train,2017-05-08,PR,moveis_decoracao,5
train,2017-05-08,PR,esporte_lazer,6
train,2017-05-08,PR,beleza_saude,3
train,2017-05-08,PR,informatica_acessorios,15
train,2017-05-08,SC,cama_mesa_banho,1
train,2017-05-08,SC,moveis_decoracao,2
train,2017-05-08,SC,esporte_lazer,5
train,2017-05-08,SC,beleza_saude,2
train,2017-05-08,SC,informatica_acessorios,6
train,2017-05-08,BA,cama_mesa_banho,0
train,2017-05-08,BA,moveis_decoracao,1
train,2017-05-08,BA,esporte_lazer,6
train,2017-05-08,BA,beleza_saude,7
train,2017-05-08,BA,informatica_acessorios,6
train,2017-05-08,GO,cama_mesa_banho,1
train,2017-05-08,GO,moveis_decoracao,0
train,2017-05-08,GO,esporte_lazer,1
train,2017-05-08,GO,beleza_saude,1
train,2017-05-08,GO,informatica_acessorios,2
train,2017-05-15,SP,cama_mesa_banho,36
train,2017-05-15,SP,moveis_decoracao,31
train,2017-05-15,SP,esporte_lazer,34
train,2017-05-15,SP,beleza_saude,22
train,2017-05-15,SP,informatica_acessorios,36
train,2017-05-15,RJ,cama_mesa_banho,15
train,2017-05-15,RJ,moveis_decoracao,10
train,2017-05-15,RJ,esporte_lazer,13
train,2017-05-15,RJ,beleza_saude,8
train,2017-05-15,RJ,informatica_acessorios,11
train,2017-05-15,MG,cama_mesa_banho,9
train,2017-05-15,MG,moveis_decoracao,9
train,2017-05-15,MG,esporte_lazer,13
train,2017-05-15,MG,beleza_saude,10
train,2017-05-15,MG,informatica_acessorios,8
train,2017-05-15,RS,cama_mesa_banho,3
train,2017-05-15,RS,moveis_decoracao,3
train,2017-05-15,RS,esporte_lazer,1
train,2017-05-15,RS,beleza_saude,3
train,2017-05-15,RS,informatica_acessorios,8
train,2017-05-15,PR,cama_mesa_banho,4
train,2017-05-15,PR,moveis_decoracao,5
train,2017-05-15,PR,esporte_lazer,8
train,2017-05-15,PR,beleza_saude,5
train,2017-05-15,PR,informatica_acessorios,5
train,2017-05-15,SC,cama_mesa_banho,1
train,2017-05-15,SC,moveis_decoracao,8
train,2017-05-15,SC,esporte_lazer,4
train,2017-05-15,SC,beleza_saude,0
train,2017-05-15,SC,informatica_acessorios,1
train,2017-05-15,BA,cama_mesa_banho,2
train,2017-05-15,BA,moveis_decoracao,1
train,2017-05-15,BA,esporte_lazer,5
train,2017-05-15,BA,beleza_saude,2
train,2017-05-15,BA,informatica_acessorios,2
train,2017-05-15,GO,cama_mesa_banho,2
train,2017-05-15,GO,moveis_decoracao,0
train,2017-05-15,GO,esporte_lazer,1
train,2017-05-15,GO,beleza_saude,1
train,2017-05-15,GO,informatica_acessorios,1
train,2017-05-22,SP,cama_mesa_banho,44
train,2017-05-22,SP,moveis_decoracao,20
train,2017-05-22,SP,esporte_lazer,37
train,2017-05-22,SP,beleza_saude,26
train,2017-05-22,SP,informatica_acessorios,20
train,2017-05-22,RJ,cama_mesa_banho,9
train,2017-05-22,RJ,moveis_decoracao,6
train,2017-05-22,RJ,esporte_lazer,8
train,2017-05-22,RJ,beleza_saude,3
train,2017-05-22,RJ,informatica_acessorios,18
train,2017-05-22,MG,cama_mesa_banho,14
train,2017-05-22,MG,moveis_decoracao,4
train,2017-05-22,MG,esporte_lazer,8
train,2017-05-22,MG,beleza_saude,3
train,2017-05-22,MG,informatica_acessorios,5
train,2017-05-22,RS,cama_mesa_banho,5
train,2017-05-22,RS,moveis_decoracao,6
train,2017-05-22,RS,esporte_lazer,3
train,2017-05-22,RS,beleza_saude,1
train,2017-05-22,RS,informatica_acessorios,4
train,2017-05-22,PR,cama_mesa_banho,6
train,2017-05-22,PR,moveis_decoracao,3
train,2017-05-22,PR,esporte_lazer,3
train,2017-05-22,PR,beleza_saude,3
train,2017-05-22,PR,informatica_acessorios,0
train,2017-05-22,SC,cama_mesa_banho,6
train,2017-05-22,SC,moveis_decoracao,2
train,2017-05-22,SC,esporte_lazer,1
train,2017-05-22,SC,beleza_saude,2
train,2017-05-22,SC,informatica_acessorios,0
train,2017-05-22,BA,cama_mesa_banho,3
train,2017-05-22,BA,moveis_decoracao,1
train,2017-05-22,BA,esporte_lazer,3
train,2017-05-22,BA,beleza_saude,3
train,2017-05-22,BA,informatica_acessorios,1
train,2017-05-22,GO,cama_mesa_banho,1
train,2017-05-22,GO,moveis_decoracao,1
train,2017-05-22,GO,esporte_lazer,1
train,2017-05-22,GO,beleza_saude,2
train,2017-05-22,GO,informatica_acessorios,1
train,2017-05-29,SP,cama_mesa_banho,33
train,2017-05-29,SP,moveis_decoracao,25
train,2017-05-29,SP,esporte_lazer,29
train,2017-05-29,SP,beleza_saude,27
train,2017-05-29,SP,informatica_acessorios,32
train,2017-05-29,RJ,cama_mesa_banho,9
train,2017-05-29,RJ,moveis_decoracao,8
train,2017-05-29,RJ,esporte_lazer,6
train,2017-05-29,RJ,beleza_saude,11
train,2017-05-29,RJ,informatica_acessorios,7
train,2017-05-29,MG,cama_mesa_banho,11
train,2017-05-29,MG,moveis_decoracao,2
train,2017-05-29,MG,esporte_lazer,2
train,2017-05-29,MG,beleza_saude,10
train,2017-05-29,MG,informatica_acessorios,9
train,2017-05-29,RS,cama_mesa_banho,6
train,2017-05-29,RS,moveis_decoracao,5
train,2017-05-29,RS,esporte_lazer,3
train,2017-05-29,RS,beleza_saude,6
train,2017-05-29,RS,informatica_acessorios,5
train,2017-05-29,PR,cama_mesa_banho,6
train,2017-05-29,PR,moveis_decoracao,5
train,2017-05-29,PR,esporte_lazer,0
train,2017-05-29,PR,beleza_saude,3
train,2017-05-29,PR,informatica_acessorios,2
train,2017-05-29,SC,cama_mesa_banho,1
train,2017-05-29,SC,moveis_decoracao,3
train,2017-05-29,SC,esporte_lazer,2
train,2017-05-29,SC,beleza_saude,1
train,2017-05-29,SC,informatica_acessorios,2
train,2017-05-29,BA,cama_mesa_banho,1
train,2017-05-29,BA,moveis_decoracao,0
train,2017-05-29,BA,esporte_lazer,1
train,2017-05-29,BA,beleza_saude,5
train,2017-05-29,BA,informatica_acessorios,4
train,2017-05-29,GO,cama_mesa_banho,1
train,2017-05-29,GO,moveis_decoracao,1
train,2017-05-29,GO,esporte_lazer,0
train,2017-05-29,GO,beleza_saude,2
train,2017-05-29,GO,informatica_acessorios,1
train,2017-06-05,SP,cama_mesa_banho,37
train,2017-06-05,SP,moveis_decoracao,38
train,2017-06-05,SP,esporte_lazer,30
train,2017-06-05,SP,beleza_saude,16
train,2017-06-05,SP,informatica_acessorios,23
train,2017-06-05,RJ,cama_mesa_banho,13
train,2017-06-05,RJ,moveis_decoracao,2
train,2017-06-05,RJ,esporte_lazer,8
train,2017-06-05,RJ,beleza_saude,7
train,2017-06-05,RJ,informatica_acessorios,2
train,2017-06-05,MG,cama_mesa_banho,9
train,2017-06-05,MG,moveis_decoracao,2
train,2017-06-05,MG,esporte_lazer,9
train,2017-06-05,MG,beleza_saude,9
train,2017-06-05,MG,informatica_acessorios,8
train,2017-06-05,RS,cama_mesa_banho,8
train,2017-06-05,RS,moveis_decoracao,5
train,2017-06-05,RS,esporte_lazer,6
train,2017-06-05,RS,beleza_saude,3
train,2017-06-05,RS,informatica_acessorios,10
train,2017-06-05,PR,cama_mesa_banho,4
train,2017-06-05,PR,moveis_decoracao,1
train,2017-06-05,PR,esporte_lazer,3
train,2017-06-05,PR,beleza_saude,1
train,2017-06-05,PR,informatica_acessorios,5
train,2017-06-05,SC,cama_mesa_banho,9
train,2017-06-05,SC,moveis_decoracao,4
train,2017-06-05,SC,esporte_lazer,3
train,2017-06-05,SC,beleza_saude,4
train,2017-06-05,SC,informatica_acessorios,6
train,2017-06-05,BA,cama_mesa_banho,2
train,2017-06-05,BA,moveis_decoracao,0
train,2017-06-05,BA,esporte_lazer,0
train,2017-06-05,BA,beleza_saude,5
train,2017-06-05,BA,informatica_acessorios,6
train,2017-06-05,GO,cama_mesa_banho,4
train,2017-06-05,GO,moveis_decoracao,1
train,2017-06-05,GO,esporte_lazer,2
train,2017-06-05,GO,beleza_saude,1
train,2017-06-05,GO,informatica_acessorios,0
train,2017-06-12,SP,cama_mesa_banho,46
train,2017-06-12,SP,moveis_decoracao,15
train,2017-06-12,SP,esporte_lazer,30
train,2017-06-12,SP,beleza_saude,17
train,2017-06-12,SP,informatica_acessorios,24
train,2017-06-12,RJ,cama_mesa_banho,15
train,2017-06-12,RJ,moveis_decoracao,3
train,2017-06-12,RJ,esporte_lazer,5
train,2017-06-12,RJ,beleza_saude,10
train,2017-06-12,RJ,informatica_acessorios,10
train,2017-06-12,MG,cama_mesa_banho,12
train,2017-06-12,MG,moveis_decoracao,4
train,2017-06-12,MG,esporte_lazer,9
train,2017-06-12,MG,beleza_saude,7
train,2017-06-12,MG,informatica_acessorios,10
train,2017-06-12,RS,cama_mesa_banho,2
train,2017-06-12,RS,moveis_decoracao,7
train,2017-06-12,RS,esporte_lazer,1
train,2017-06-12,RS,beleza_saude,6
train,2017-06-12,RS,informatica_acessorios,4
train,2017-06-12,PR,cama_mesa_banho,2
train,2017-06-12,PR,moveis_decoracao,4
train,2017-06-12,PR,esporte_lazer,5
train,2017-06-12,PR,beleza_saude,3
train,2017-06-12,PR,informatica_acessorios,3
train,2017-06-12,SC,cama_mesa_banho,0
train,2017-06-12,SC,moveis_decoracao,2
train,2017-06-12,SC,esporte_lazer,0
train,2017-06-12,SC,beleza_saude,1
train,2017-06-12,SC,informatica_acessorios,5
train,2017-06-12,BA,cama_mesa_banho,1
train,2017-06-12,BA,moveis_decoracao,2
train,2017-06-12,BA,esporte_lazer,2
train,2017-06-12,BA,beleza_saude,2
train,2017-06-12,BA,informatica_acessorios,9
train,2017-06-12,GO,cama_mesa_banho,5
train,2017-06-12,GO,moveis_decoracao,1
train,2017-06-12,GO,esporte_lazer,3
train,2017-06-12,GO,beleza_saude,1
train,2017-06-12,GO,informatica_acessorios,0
train,2017-06-19,SP,cama_mesa_banho,37
train,2017-06-19,SP,moveis_decoracao,20
train,2017-06-19,SP,esporte_lazer,15
train,2017-06-19,SP,beleza_saude,28
train,2017-06-19,SP,informatica_acessorios,12
train,2017-06-19,RJ,cama_mesa_banho,10
train,2017-06-19,RJ,moveis_decoracao,6
train,2017-06-19,RJ,esporte_lazer,8
train,2017-06-19,RJ,beleza_saude,8
train,2017-06-19,RJ,informatica_acessorios,14
train,2017-06-19,MG,cama_mesa_banho,6
train,2017-06-19,MG,moveis_decoracao,8
train,2017-06-19,MG,esporte_lazer,13
train,2017-06-19,MG,beleza_saude,3
train,2017-06-19,MG,informatica_acessorios,5
train,2017-06-19,RS,cama_mesa_banho,5
train,2017-06-19,RS,moveis_decoracao,7
train,2017-06-19,RS,esporte_lazer,0
train,2017-06-19,RS,beleza_saude,2
train,2017-06-19,RS,informatica_acessorios,11
train,2017-06-19,PR,cama_mesa_banho,10
train,2017-06-19,PR,moveis_decoracao,8
train,2017-06-19,PR,esporte_lazer,1
train,2017-06-19,PR,beleza_saude,1
train,2017-06-19,PR,informatica_acessorios,4
train,2017-06-19,SC,cama_mesa_banho,0
train,2017-06-19,SC,moveis_decoracao,1
train,2017-06-19,SC,esporte_lazer,0
train,2017-06-19,SC,beleza_saude,1
train,2017-06-19,SC,informatica_acessorios,1
train,2017-06-19,BA,cama_mesa_banho,0
train,2017-06-19,BA,moveis_decoracao,1
train,2017-06-19,BA,esporte_lazer,1
train,2017-06-19,BA,beleza_saude,3
train,2017-06-19,BA,informatica_acessorios,1
train,2017-06-19,GO,cama_mesa_banho,2
train,2017-06-19,GO,moveis_decoracao,1
train,2017-06-19,GO,esporte_lazer,0
train,2017-06-19,GO,beleza_saude,2
train,2017-06-19,GO,informatica_acessorios,2
train,2017-06-26,SP,cama_mesa_banho,46
train,2017-06-26,SP,moveis_decoracao,33
train,2017-06-26,SP,esporte_lazer,31
train,2017-06-26,SP,beleza_saude,25
train,2017-06-26,SP,informatica_acessorios,16
train,2017-06-26,RJ,cama_mesa_banho,9
train,2017-06-26,RJ,moveis_decoracao,5
train,2017-06-26,RJ,esporte_lazer,2
train,2017-06-26,RJ,beleza_saude,8
train,2017-06-26,RJ,informatica_acessorios,5
train,2017-06-26,MG,cama_mesa_banho,9
train,2017-06-26,MG,moveis_decoracao,9
train,2017-06-26,MG,esporte_lazer,5
train,2017-06-26,MG,beleza_saude,6
train,2017-06-26,MG,informatica_acessorios,1
train,2017-06-26,RS,cama_mesa_banho,3
train,2017-06-26,RS,moveis_decoracao,3
train,2017-06-26,RS,esporte_lazer,6
train,2017-06-26,RS,beleza_saude,5
train,2017-06-26,RS,informatica_acessorios,0
train,2017-06-26,PR,cama_mesa_banho,2
train,2017-06-26,PR,moveis_decoracao,4
train,2017-06-26,PR,esporte_lazer,7
train,2017-06-26,PR,beleza_saude,2
train,2017-06-26,PR,informatica_acessorios,0
train,2017-06-26,SC,cama_mesa_banho,2
train,2017-06-26,SC,moveis_decoracao,4
train,2017-06-26,SC,esporte_lazer,2
train,2017-06-26,SC,beleza_saude,2
train,2017-06-26,SC,informatica_acessorios,0
train,2017-06-26,BA,cama_mesa_banho,2
train,2017-06-26,BA,moveis_decoracao,1
train,2017-06-26,BA,esporte_lazer,1
train,2017-06-26,BA,beleza_saude,0
train,2017-06-26,BA,informatica_acessorios,2
train,2017-06-26,GO,cama_mesa_banho,2
train,2017-06-26,GO,moveis_decoracao,0
train,2017-06-26,GO,esporte_lazer,1
train,2017-06-26,GO,beleza_saude,4
train,2017-06-26,GO,informatica_acessorios,1
train,2017-07-03,SP,cama_mesa_banho,52
train,2017-07-03,SP,moveis_decoracao,34
train,2017-07-03,SP,esporte_lazer,30
train,2017-07-03,SP,beleza_saude,28
train,2017-07-03,SP,informatica_acessorios,16
train,2017-07-03,RJ,cama_mesa_banho,22
train,2017-07-03,RJ,moveis_decoracao,9
train,2017-07-03,RJ,esporte_lazer,10
train,2017-07-03,RJ,beleza_saude,8
train,2017-07-03,RJ,informatica_acessorios,14
train,2017-07-03,MG,cama_mesa_banho,16
train,2017-07-03,MG,moveis_decoracao,10
train,2017-07-03,MG,esporte_lazer,8
train,2017-07-03,MG,beleza_saude,6
train,2017-07-03,MG,informatica_acessorios,3
train,2017-07-03,RS,cama_mesa_banho,10
train,2017-07-03,RS,moveis_decoracao,3
train,2017-07-03,RS,esporte_lazer,7
train,2017-07-03,RS,beleza_saude,1
train,2017-07-03,RS,informatica_acessorios,4
train,2017-07-03,PR,cama_mesa_banho,5
train,2017-07-03,PR,moveis_decoracao,1
train,2017-07-03,PR,esporte_lazer,4
train,2017-07-03,PR,beleza_saude,3
train,2017-07-03,PR,informatica_acessorios,3
train,2017-07-03,SC,cama_mesa_banho,5
train,2017-07-03,SC,moveis_decoracao,7
train,2017-07-03,SC,esporte_lazer,0
train,2017-07-03,SC,beleza_saude,0
train,2017-07-03,SC,informatica_acessorios,4
train,2017-07-03,BA,cama_mesa_banho,2
train,2017-07-03,BA,moveis_decoracao,5
train,2017-07-03,BA,esporte_lazer,2
train,2017-07-03,BA,beleza_saude,2
train,2017-07-03,BA,informatica_acessorios,0
train,2017-07-03,GO,cama_mesa_banho,4
train,2017-07-03,GO,moveis_decoracao,1
train,2017-07-03,GO,esporte_lazer,3
train,2017-07-03,GO,beleza_saude,0
train,2017-07-03,GO,informatica_acessorios,3
train,2017-07-10,SP,cama_mesa_banho,58
train,2017-07-10,SP,moveis_decoracao,31
train,2017-07-10,SP,esporte_lazer,28
train,2017-07-10,SP,beleza_saude,44
train,2017-07-10,SP,informatica_acessorios,23
train,2017-07-10,RJ,cama_mesa_banho,14
train,2017-07-10,RJ,moveis_decoracao,9
train,2017-07-10,RJ,esporte_lazer,18
train,2017-07-10,RJ,beleza_saude,12
train,2017-07-10,RJ,informatica_acessorios,9
train,2017-07-10,MG,cama_mesa_banho,19
train,2017-07-10,MG,moveis_decoracao,5
train,2017-07-10,MG,esporte_lazer,9
train,2017-07-10,MG,beleza_saude,5
train,2017-07-10,MG,informatica_acessorios,7
train,2017-07-10,RS,cama_mesa_banho,8
train,2017-07-10,RS,moveis_decoracao,2
train,2017-07-10,RS,esporte_lazer,8
train,2017-07-10,RS,beleza_saude,2
train,2017-07-10,RS,informatica_acessorios,11
train,2017-07-10,PR,cama_mesa_banho,1
train,2017-07-10,PR,moveis_decoracao,6
train,2017-07-10,PR,esporte_lazer,6
train,2017-07-10,PR,beleza_saude,9
train,2017-07-10,PR,informatica_acessorios,2
train,2017-07-10,SC,cama_mesa_banho,9
train,2017-07-10,SC,moveis_decoracao,4
train,2017-07-10,SC,esporte_lazer,3
train,2017-07-10,SC,beleza_saude,5
train,2017-07-10,SC,informatica_acessorios,4
train,2017-07-10,BA,cama_mesa_banho,7
train,2017-07-10,BA,moveis_decoracao,3
train,2017-07-10,BA,esporte_lazer,6
train,2017-07-10,BA,beleza_saude,1
train,2017-07-10,BA,informatica_acessorios,4
train,2017-07-10,GO,cama_mesa_banho,4
train,2017-07-10,GO,moveis_decoracao,0
train,2017-07-10,GO,esporte_lazer,0
train,2017-07-10,GO,beleza_saude,2
train,2017-07-10,GO,informatica_acessorios,0
train,2017-07-17,SP,cama_mesa_banho,70
train,2017-07-17,SP,moveis_decoracao,26
train,2017-07-17,SP,esporte_lazer,22
train,2017-07-17,SP,beleza_saude,31
train,2017-07-17,SP,informatica_acessorios,32
train,2017-07-17,RJ,cama_mesa_banho,24
train,2017-07-17,RJ,moveis_decoracao,9
train,2017-07-17,RJ,esporte_lazer,17
train,2017-07-17,RJ,beleza_saude,3
train,2017-07-17,RJ,informatica_acessorios,13
train,2017-07-17,MG,cama_mesa_banho,21
train,2017-07-17,MG,moveis_decoracao,4
train,2017-07-17,MG,esporte_lazer,1
train,2017-07-17,MG,beleza_saude,7
train,2017-07-17,MG,informatica_acessorios,5
train,2017-07-17,RS,cama_mesa_banho,9
train,2017-07-17,RS,moveis_decoracao,4
train,2017-07-17,RS,esporte_lazer,7
train,2017-07-17,RS,beleza_saude,4
train,2017-07-17,RS,informatica_acessorios,2
train,2017-07-17,PR,cama_mesa_banho,6
train,2017-07-17,PR,moveis_decoracao,4
train,2017-07-17,PR,esporte_lazer,11
train,2017-07-17,PR,beleza_saude,2
train,2017-07-17,PR,informatica_acessorios,3
train,2017-07-17,SC,cama_mesa_banho,5
train,2017-07-17,SC,moveis_decoracao,2
train,2017-07-17,SC,esporte_lazer,3
train,2017-07-17,SC,beleza_saude,1
train,2017-07-17,SC,informatica_acessorios,10
train,2017-07-17,BA,cama_mesa_banho,1
train,2017-07-17,BA,moveis_decoracao,1
train,2017-07-17,BA,esporte_lazer,5
train,2017-07-17,BA,beleza_saude,2
train,2017-07-17,BA,informatica_acessorios,4
train,2017-07-17,GO,cama_mesa_banho,2
train,2017-07-17,GO,moveis_decoracao,2
train,2017-07-17,GO,esporte_lazer,2
train,2017-07-17,GO,beleza_saude,1
train,2017-07-17,GO,informatica_acessorios,2
train,2017-07-24,SP,cama_mesa_banho,46
train,2017-07-24,SP,moveis_decoracao,38
train,2017-07-24,SP,esporte_lazer,44
train,2017-07-24,SP,beleza_saude,23
train,2017-07-24,SP,informatica_acessorios,26
train,2017-07-24,RJ,cama_mesa_banho,13
train,2017-07-24,RJ,moveis_decoracao,12
train,2017-07-24,RJ,esporte_lazer,18
train,2017-07-24,RJ,beleza_saude,8
train,2017-07-24,RJ,informatica_acessorios,18
train,2017-07-24,MG,cama_mesa_banho,13
train,2017-07-24,MG,moveis_decoracao,8
train,2017-07-24,MG,esporte_lazer,5
train,2017-07-24,MG,beleza_saude,7
train,2017-07-24,MG,informatica_acessorios,8
train,2017-07-24,RS,cama_mesa_banho,8
train,2017-07-24,RS,moveis_decoracao,6
train,2017-07-24,RS,esporte_lazer,5
train,2017-07-24,RS,beleza_saude,4
train,2017-07-24,RS,informatica_acessorios,4
train,2017-07-24,PR,cama_mesa_banho,8
train,2017-07-24,PR,moveis_decoracao,4
train,2017-07-24,PR,esporte_lazer,6
train,2017-07-24,PR,beleza_saude,2
train,2017-07-24,PR,informatica_acessorios,5
train,2017-07-24,SC,cama_mesa_banho,2
train,2017-07-24,SC,moveis_decoracao,5
train,2017-07-24,SC,esporte_lazer,7
train,2017-07-24,SC,beleza_saude,2
train,2017-07-24,SC,informatica_acessorios,4
train,2017-07-24,BA,cama_mesa_banho,7
train,2017-07-24,BA,moveis_decoracao,0
train,2017-07-24,BA,esporte_lazer,2
train,2017-07-24,BA,beleza_saude,2
train,2017-07-24,BA,informatica_acessorios,2
train,2017-07-24,GO,cama_mesa_banho,4
train,2017-07-24,GO,moveis_decoracao,1
train,2017-07-24,GO,esporte_lazer,2
train,2017-07-24,GO,beleza_saude,0
train,2017-07-24,GO,informatica_acessorios,2
train,2017-07-31,SP,cama_mesa_banho,37
train,2017-07-31,SP,moveis_decoracao,40
train,2017-07-31,SP,esporte_lazer,31
train,2017-07-31,SP,beleza_saude,31
train,2017-07-31,SP,informatica_acessorios,43
train,2017-07-31,RJ,cama_mesa_banho,14
train,2017-07-31,RJ,moveis_decoracao,16
train,2017-07-31,RJ,esporte_lazer,13
train,2017-07-31,RJ,beleza_saude,9
train,2017-07-31,RJ,informatica_acessorios,10
train,2017-07-31,MG,cama_mesa_banho,10
train,2017-07-31,MG,moveis_decoracao,9
train,2017-07-31,MG,esporte_lazer,8
train,2017-07-31,MG,beleza_saude,9
train,2017-07-31,MG,informatica_acessorios,10
train,2017-07-31,RS,cama_mesa_banho,11
train,2017-07-31,RS,moveis_decoracao,7
train,2017-07-31,RS,esporte_lazer,5
train,2017-07-31,RS,beleza_saude,4
train,2017-07-31,RS,informatica_acessorios,4
train,2017-07-31,PR,cama_mesa_banho,3
train,2017-07-31,PR,moveis_decoracao,7
train,2017-07-31,PR,esporte_lazer,5
train,2017-07-31,PR,beleza_saude,5
train,2017-07-31,PR,informatica_acessorios,4
train,2017-07-31,SC,cama_mesa_banho,1
train,2017-07-31,SC,moveis_decoracao,4
train,2017-07-31,SC,esporte_lazer,5
train,2017-07-31,SC,beleza_saude,2
train,2017-07-31,SC,informatica_acessorios,2
train,2017-07-31,BA,cama_mesa_banho,4
train,2017-07-31,BA,moveis_decoracao,6
train,2017-07-31,BA,esporte_lazer,4
train,2017-07-31,BA,beleza_saude,1
train,2017-07-31,BA,informatica_acessorios,2
train,2017-07-31,GO,cama_mesa_banho,2
train,2017-07-31,GO,moveis_decoracao,0
train,2017-07-31,GO,esporte_lazer,3
train,2017-07-31,GO,beleza_saude,1
train,2017-07-31,GO,informatica_acessorios,0
train,2017-08-07,SP,cama_mesa_banho,59
train,2017-08-07,SP,moveis_decoracao,33
train,2017-08-07,SP,esporte_lazer,38
train,2017-08-07,SP,beleza_saude,26
train,2017-08-07,SP,informatica_acessorios,28
train,2017-08-07,RJ,cama_mesa_banho,17
train,2017-08-07,RJ,moveis_decoracao,12
train,2017-08-07,RJ,esporte_lazer,16
train,2017-08-07,RJ,beleza_saude,4
train,2017-08-07,RJ,informatica_acessorios,8
train,2017-08-07,MG,cama_mesa_banho,13
train,2017-08-07,MG,moveis_decoracao,12
train,2017-08-07,MG,esporte_lazer,10
train,2017-08-07,MG,beleza_saude,9
train,2017-08-07,MG,informatica_acessorios,8
train,2017-08-07,RS,cama_mesa_banho,7
train,2017-08-07,RS,moveis_decoracao,6
train,2017-08-07,RS,esporte_lazer,7
train,2017-08-07,RS,beleza_saude,4
train,2017-08-07,RS,informatica_acessorios,6
train,2017-08-07,PR,cama_mesa_banho,6
train,2017-08-07,PR,moveis_decoracao,4
train,2017-08-07,PR,esporte_lazer,6
train,2017-08-07,PR,beleza_saude,6
train,2017-08-07,PR,informatica_acessorios,7
train,2017-08-07,SC,cama_mesa_banho,5
train,2017-08-07,SC,moveis_decoracao,1
train,2017-08-07,SC,esporte_lazer,2
train,2017-08-07,SC,beleza_saude,3
train,2017-08-07,SC,informatica_acessorios,5
train,2017-08-07,BA,cama_mesa_banho,8
train,2017-08-07,BA,moveis_decoracao,2
train,2017-08-07,BA,esporte_lazer,2
train,2017-08-07,BA,beleza_saude,3
train,2017-08-07,BA,informatica_acessorios,3
train,2017-08-07,GO,cama_mesa_banho,5
train,2017-08-07,GO,moveis_decoracao,0
train,2017-08-07,GO,esporte_lazer,2
train,2017-08-07,GO,beleza_saude,1
train,2017-08-07,GO,informatica_acessorios,1
train,2017-08-14,SP,cama_mesa_banho,66
train,2017-08-14,SP,moveis_decoracao,45
train,2017-08-14,SP,esporte_lazer,37
train,2017-08-14,SP,beleza_saude,33
train,2017-08-14,SP,informatica_acessorios,41
train,2017-08-14,RJ,cama_mesa_banho,21
train,2017-08-14,RJ,moveis_decoracao,10
train,2017-08-14,RJ,esporte_lazer,4
train,2017-08-14,RJ,beleza_saude,7
train,2017-08-14,RJ,informatica_acessorios,11
train,2017-08-14,MG,cama_mesa_banho,11
train,2017-08-14,MG,moveis_decoracao,5
train,2017-08-14,MG,esporte_lazer,15
train,2017-08-14,MG,beleza_saude,5
train,2017-08-14,MG,informatica_acessorios,9
train,2017-08-14,RS,cama_mesa_banho,9
train,2017-08-14,RS,moveis_decoracao,8
train,2017-08-14,RS,esporte_lazer,14
train,2017-08-14,RS,beleza_saude,3
train,2017-08-14,RS,informatica_acessorios,5
train,2017-08-14,PR,cama_mesa_banho,1
train,2017-08-14,PR,moveis_decoracao,3
train,2017-08-14,PR,esporte_lazer,7
train,2017-08-14,PR,beleza_saude,5
train,2017-08-14,PR,informatica_acessorios,1
train,2017-08-14,SC,cama_mesa_banho,3
train,2017-08-14,SC,moveis_decoracao,5
train,2017-08-14,SC,esporte_lazer,4
train,2017-08-14,SC,beleza_saude,3
train,2017-08-14,SC,informatica_acessorios,1
train,2017-08-14,BA,cama_mesa_banho,3
train,2017-08-14,BA,moveis_decoracao,5
train,2017-08-14,BA,esporte_lazer,8
train,2017-08-14,BA,beleza_saude,5
train,2017-08-14,BA,informatica_acessorios,3
train,2017-08-14,GO,cama_mesa_banho,4
train,2017-08-14,GO,moveis_decoracao,2
train,2017-08-14,GO,esporte_lazer,2
train,2017-08-14,GO,beleza_saude,2
train,2017-08-14,GO,informatica_acessorios,2
train,2017-08-21,SP,cama_mesa_banho,49
train,2017-08-21,SP,moveis_decoracao,57
train,2017-08-21,SP,esporte_lazer,36
train,2017-08-21,SP,beleza_saude,28
train,2017-08-21,SP,informatica_acessorios,44
train,2017-08-21,RJ,cama_mesa_banho,10
train,2017-08-21,RJ,moveis_decoracao,14
train,2017-08-21,RJ,esporte_lazer,4
train,2017-08-21,RJ,beleza_saude,10
train,2017-08-21,RJ,informatica_acessorios,6
train,2017-08-21,MG,cama_mesa_banho,4
train,2017-08-21,MG,moveis_decoracao,15
train,2017-08-21,MG,esporte_lazer,10
train,2017-08-21,MG,beleza_saude,7
train,2017-08-21,MG,informatica_acessorios,5
train,2017-08-21,RS,cama_mesa_banho,12
train,2017-08-21,RS,moveis_decoracao,5
train,2017-08-21,RS,esporte_lazer,10
train,2017-08-21,RS,beleza_saude,3
train,2017-08-21,RS,informatica_acessorios,7
train,2017-08-21,PR,cama_mesa_banho,3
train,2017-08-21,PR,moveis_decoracao,2
train,2017-08-21,PR,esporte_lazer,5
train,2017-08-21,PR,beleza_saude,3
train,2017-08-21,PR,informatica_acessorios,0
train,2017-08-21,SC,cama_mesa_banho,5
train,2017-08-21,SC,moveis_decoracao,4
train,2017-08-21,SC,esporte_lazer,4
train,2017-08-21,SC,beleza_saude,2
train,2017-08-21,SC,informatica_acessorios,3
train,2017-08-21,BA,cama_mesa_banho,2
train,2017-08-21,BA,moveis_decoracao,2
train,2017-08-21,BA,esporte_lazer,5
train,2017-08-21,BA,beleza_saude,2
train,2017-08-21,BA,informatica_acessorios,1
train,2017-08-21,GO,cama_mesa_banho,5
train,2017-08-21,GO,moveis_decoracao,0
train,2017-08-21,GO,esporte_lazer,0
train,2017-08-21,GO,beleza_saude,1
train,2017-08-21,GO,informatica_acessorios,2
train,2017-08-28,SP,cama_mesa_banho,40
train,2017-08-28,SP,moveis_decoracao,29
train,2017-08-28,SP,esporte_lazer,31
train,2017-08-28,SP,beleza_saude,36
train,2017-08-28,SP,informatica_acessorios,13
train,2017-08-28,RJ,cama_mesa_banho,14
train,2017-08-28,RJ,moveis_decoracao,16
train,2017-08-28,RJ,esporte_lazer,10
train,2017-08-28,RJ,beleza_saude,14
train,2017-08-28,RJ,informatica_acessorios,9
train,2017-08-28,MG,cama_mesa_banho,10
train,2017-08-28,MG,moveis_decoracao,18
train,2017-08-28,MG,esporte_lazer,12
train,2017-08-28,MG,beleza_saude,19
train,2017-08-28,MG,informatica_acessorios,6
train,2017-08-28,RS,cama_mesa_banho,6
train,2017-08-28,RS,moveis_decoracao,5
train,2017-08-28,RS,esporte_lazer,5
train,2017-08-28,RS,beleza_saude,3
train,2017-08-28,RS,informatica_acessorios,6
train,2017-08-28,PR,cama_mesa_banho,4
train,2017-08-28,PR,moveis_decoracao,6
train,2017-08-28,PR,esporte_lazer,9
train,2017-08-28,PR,beleza_saude,2
train,2017-08-28,PR,informatica_acessorios,2
train,2017-08-28,SC,cama_mesa_banho,3
train,2017-08-28,SC,moveis_decoracao,3
train,2017-08-28,SC,esporte_lazer,2
train,2017-08-28,SC,beleza_saude,2
train,2017-08-28,SC,informatica_acessorios,3
train,2017-08-28,BA,cama_mesa_banho,1
train,2017-08-28,BA,moveis_decoracao,5
train,2017-08-28,BA,esporte_lazer,1
train,2017-08-28,BA,beleza_saude,2
train,2017-08-28,BA,informatica_acessorios,6
train,2017-08-28,GO,cama_mesa_banho,1
train,2017-08-28,GO,moveis_decoracao,1
train,2017-08-28,GO,esporte_lazer,2
train,2017-08-28,GO,beleza_saude,3
train,2017-08-28,GO,informatica_acessorios,2
train,2017-09-04,SP,cama_mesa_banho,31
train,2017-09-04,SP,moveis_decoracao,32
train,2017-09-04,SP,esporte_lazer,41
train,2017-09-04,SP,beleza_saude,34
train,2017-09-04,SP,informatica_acessorios,22
train,2017-09-04,RJ,cama_mesa_banho,17
train,2017-09-04,RJ,moveis_decoracao,9
train,2017-09-04,RJ,esporte_lazer,7
train,2017-09-04,RJ,beleza_saude,13
train,2017-09-04,RJ,informatica_acessorios,7
train,2017-09-04,MG,cama_mesa_banho,16
train,2017-09-04,MG,moveis_decoracao,4
train,2017-09-04,MG,esporte_lazer,10
train,2017-09-04,MG,beleza_saude,5
train,2017-09-04,MG,informatica_acessorios,6
train,2017-09-04,RS,cama_mesa_banho,6
train,2017-09-04,RS,moveis_decoracao,11
train,2017-09-04,RS,esporte_lazer,3
train,2017-09-04,RS,beleza_saude,2
train,2017-09-04,RS,informatica_acessorios,6
train,2017-09-04,PR,cama_mesa_banho,4
train,2017-09-04,PR,moveis_decoracao,3
train,2017-09-04,PR,esporte_lazer,4
train,2017-09-04,PR,beleza_saude,8
train,2017-09-04,PR,informatica_acessorios,2
train,2017-09-04,SC,cama_mesa_banho,4
train,2017-09-04,SC,moveis_decoracao,2
train,2017-09-04,SC,esporte_lazer,3
train,2017-09-04,SC,beleza_saude,6
train,2017-09-04,SC,informatica_acessorios,3
train,2017-09-04,BA,cama_mesa_banho,5
train,2017-09-04,BA,moveis_decoracao,0
train,2017-09-04,BA,esporte_lazer,3
train,2017-09-04,BA,beleza_saude,4
train,2017-09-04,BA,informatica_acessorios,0
train,2017-09-04,GO,cama_mesa_banho,2
train,2017-09-04,GO,moveis_decoracao,4
train,2017-09-04,GO,esporte_lazer,4
train,2017-09-04,GO,beleza_saude,2
train,2017-09-04,GO,informatica_acessorios,3
train,2017-09-11,SP,cama_mesa_banho,60
train,2017-09-11,SP,moveis_decoracao,24
train,2017-09-11,SP,esporte_lazer,33
train,2017-09-11,SP,beleza_saude,25
train,2017-09-11,SP,informatica_acessorios,26
train,2017-09-11,RJ,cama_mesa_banho,21
train,2017-09-11,RJ,moveis_decoracao,14
train,2017-09-11,RJ,esporte_lazer,19
train,2017-09-11,RJ,beleza_saude,17
train,2017-09-11,RJ,informatica_acessorios,12
train,2017-09-11,MG,cama_mesa_banho,30
train,2017-09-11,MG,moveis_decoracao,9
train,2017-09-11,MG,esporte_lazer,17
train,2017-09-11,MG,beleza_saude,13
train,2017-09-11,MG,informatica_acessorios,11
train,2017-09-11,RS,cama_mesa_banho,15
train,2017-09-11,RS,moveis_decoracao,12
train,2017-09-11,RS,esporte_lazer,14
train,2017-09-11,RS,beleza_saude,8
train,2017-09-11,RS,informatica_acessorios,6
train,2017-09-11,PR,cama_mesa_banho,2
train,2017-09-11,PR,moveis_decoracao,1
train,2017-09-11,PR,esporte_lazer,5
train,2017-09-11,PR,beleza_saude,3
train,2017-09-11,PR,informatica_acessorios,4
train,2017-09-11,SC,cama_mesa_banho,4
train,2017-09-11,SC,moveis_decoracao,4
train,2017-09-11,SC,esporte_lazer,3
train,2017-09-11,SC,beleza_saude,6
train,2017-09-11,SC,informatica_acessorios,1
train,2017-09-11,BA,cama_mesa_banho,8
train,2017-09-11,BA,moveis_decoracao,1
train,2017-09-11,BA,esporte_lazer,5
train,2017-09-11,BA,beleza_saude,10
train,2017-09-11,BA,informatica_acessorios,2
train,2017-09-11,GO,cama_mesa_banho,7
train,2017-09-11,GO,moveis_decoracao,0
train,2017-09-11,GO,esporte_lazer,1
train,2017-09-11,GO,beleza_saude,6
train,2017-09-11,GO,informatica_acessorios,0
train,2017-09-18,SP,cama_mesa_banho,74
train,2017-09-18,SP,moveis_decoracao,30
train,2017-09-18,SP,esporte_lazer,47
train,2017-09-18,SP,beleza_saude,30
train,2017-09-18,SP,informatica_acessorios,18
train,2017-09-18,RJ,cama_mesa_banho,29
train,2017-09-18,RJ,moveis_decoracao,21
train,2017-09-18,RJ,esporte_lazer,8
train,2017-09-18,RJ,beleza_saude,12
train,2017-09-18,RJ,informatica_acessorios,9
train,2017-09-18,MG,cama_mesa_banho,14
train,2017-09-18,MG,moveis_decoracao,1
train,2017-09-18,MG,esporte_lazer,16
train,2017-09-18,MG,beleza_saude,10
train,2017-09-18,MG,informatica_acessorios,4
train,2017-09-18,RS,cama_mesa_banho,10
train,2017-09-18,RS,moveis_decoracao,6
train,2017-09-18,RS,esporte_lazer,8
train,2017-09-18,RS,beleza_saude,2
train,2017-09-18,RS,informatica_acessorios,4
train,2017-09-18,PR,cama_mesa_banho,4
train,2017-09-18,PR,moveis_decoracao,2
train,2017-09-18,PR,esporte_lazer,10
train,2017-09-18,PR,beleza_saude,11
train,2017-09-18,PR,informatica_acessorios,3
train,2017-09-18,SC,cama_mesa_banho,7
train,2017-09-18,SC,moveis_decoracao,2
train,2017-09-18,SC,esporte_lazer,3
train,2017-09-18,SC,beleza_saude,4
train,2017-09-18,SC,informatica_acessorios,3
train,2017-09-18,BA,cama_mesa_banho,3
train,2017-09-18,BA,moveis_decoracao,4
train,2017-09-18,BA,esporte_lazer,3
train,2017-09-18,BA,beleza_saude,2
train,2017-09-18,BA,informatica_acessorios,2
train,2017-09-18,GO,cama_mesa_banho,3
train,2017-09-18,GO,moveis_decoracao,0
train,2017-09-18,GO,esporte_lazer,1
train,2017-09-18,GO,beleza_saude,2
train,2017-09-18,GO,informatica_acessorios,0
train,2017-09-25,SP,cama_mesa_banho,40
train,2017-09-25,SP,moveis_decoracao,31
train,2017-09-25,SP,esporte_lazer,46
train,2017-09-25,SP,beleza_saude,26
train,2017-09-25,SP,informatica_acessorios,18
train,2017-09-25,RJ,cama_mesa_banho,16
train,2017-09-25,RJ,moveis_decoracao,5
train,2017-09-25,RJ,esporte_lazer,12
train,2017-09-25,RJ,beleza_saude,10
train,2017-09-25,RJ,informatica_acessorios,5
train,2017-09-25,MG,cama_mesa_banho,9
train,2017-09-25,MG,moveis_decoracao,4
train,2017-09-25,MG,esporte_lazer,10
train,2017-09-25,MG,beleza_saude,6
train,2017-09-25,MG,informatica_acessorios,8
train,2017-09-25,RS,cama_mesa_banho,4
train,2017-09-25,RS,moveis_decoracao,6
train,2017-09-25,RS,esporte_lazer,10
train,2017-09-25,RS,beleza_saude,4
train,2017-09-25,RS,informatica_acessorios,4
train,2017-09-25,PR,cama_mesa_banho,3
train,2017-09-25,PR,moveis_decoracao,5
train,2017-09-25,PR,esporte_lazer,3
train,2017-09-25,PR,beleza_saude,3
train,2017-09-25,PR,informatica_acessorios,2
train,2017-09-25,SC,cama_mesa_banho,4
train,2017-09-25,SC,moveis_decoracao,3
train,2017-09-25,SC,esporte_lazer,4
train,2017-09-25,SC,beleza_saude,2
train,2017-09-25,SC,informatica_acessorios,5
train,2017-09-25,BA,cama_mesa_banho,4
train,2017-09-25,BA,moveis_decoracao,2
train,2017-09-25,BA,esporte_lazer,4
train,2017-09-25,BA,beleza_saude,6
train,2017-09-25,BA,informatica_acessorios,2
train,2017-09-25,GO,cama_mesa_banho,4
train,2017-09-25,GO,moveis_decoracao,1
train,2017-09-25,GO,esporte_lazer,1
train,2017-09-25,GO,beleza_saude,1
train,2017-09-25,GO,informatica_acessorios,0
train,2017-10-02,SP,cama_mesa_banho,29
train,2017-10-02,SP,moveis_decoracao,31
train,2017-10-02,SP,esporte_lazer,41
train,2017-10-02,SP,beleza_saude,30
train,2017-10-02,SP,informatica_acessorios,26
train,2017-10-02,RJ,cama_mesa_banho,23
train,2017-10-02,RJ,moveis_decoracao,12
train,2017-10-02,RJ,esporte_lazer,11
train,2017-10-02,RJ,beleza_saude,8
train,2017-10-02,RJ,informatica_acessorios,13
train,2017-10-02,MG,cama_mesa_banho,20
train,2017-10-02,MG,moveis_decoracao,7
train,2017-10-02,MG,esporte_lazer,18
train,2017-10-02,MG,beleza_saude,9
train,2017-10-02,MG,informatica_acessorios,4
train,2017-10-02,RS,cama_mesa_banho,4
train,2017-10-02,RS,moveis_decoracao,2
train,2017-10-02,RS,esporte_lazer,8
train,2017-10-02,RS,beleza_saude,6
train,2017-10-02,RS,informatica_acessorios,6
train,2017-10-02,PR,cama_mesa_banho,4
train,2017-10-02,PR,moveis_decoracao,5
train,2017-10-02,PR,esporte_lazer,2
train,2017-10-02,PR,beleza_saude,3
train,2017-10-02,PR,informatica_acessorios,2
train,2017-10-02,SC,cama_mesa_banho,2
train,2017-10-02,SC,moveis_decoracao,2
train,2017-10-02,SC,esporte_lazer,6
train,2017-10-02,SC,beleza_saude,1
train,2017-10-02,SC,informatica_acessorios,0
train,2017-10-02,BA,cama_mesa_banho,2
train,2017-10-02,BA,moveis_decoracao,4
train,2017-10-02,BA,esporte_lazer,5
train,2017-10-02,BA,beleza_saude,2
train,2017-10-02,BA,informatica_acessorios,0
train,2017-10-02,GO,cama_mesa_banho,4
train,2017-10-02,GO,moveis_decoracao,0
train,2017-10-02,GO,esporte_lazer,4
train,2017-10-02,GO,beleza_saude,2
train,2017-10-02,GO,informatica_acessorios,2
train,2017-10-09,SP,cama_mesa_banho,41
train,2017-10-09,SP,moveis_decoracao,19
train,2017-10-09,SP,esporte_lazer,41
train,2017-10-09,SP,beleza_saude,23
train,2017-10-09,SP,informatica_acessorios,19
train,2017-10-09,RJ,cama_mesa_banho,30
train,2017-10-09,RJ,moveis_decoracao,19
train,2017-10-09,RJ,esporte_lazer,18
train,2017-10-09,RJ,beleza_saude,7
train,2017-10-09,RJ,informatica_acessorios,12
train,2017-10-09,MG,cama_mesa_banho,17
train,2017-10-09,MG,moveis_decoracao,10
train,2017-10-09,MG,esporte_lazer,17
train,2017-10-09,MG,beleza_saude,8
train,2017-10-09,MG,informatica_acessorios,13
train,2017-10-09,RS,cama_mesa_banho,6
train,2017-10-09,RS,moveis_decoracao,11
train,2017-10-09,RS,esporte_lazer,2
train,2017-10-09,RS,beleza_saude,3
train,2017-10-09,RS,informatica_acessorios,12
train,2017-10-09,PR,cama_mesa_banho,4
train,2017-10-09,PR,moveis_decoracao,4
train,2017-10-09,PR,esporte_lazer,6
train,2017-10-09,PR,beleza_saude,1
train,2017-10-09,PR,informatica_acessorios,3
train,2017-10-09,SC,cama_mesa_banho,4
train,2017-10-09,SC,moveis_decoracao,5
train,2017-10-09,SC,esporte_lazer,2
train,2017-10-09,SC,beleza_saude,4
train,2017-10-09,SC,informatica_acessorios,5
train,2017-10-09,BA,cama_mesa_banho,4
train,2017-10-09,BA,moveis_decoracao,3
train,2017-10-09,BA,esporte_lazer,4
train,2017-10-09,BA,beleza_saude,3
train,2017-10-09,BA,informatica_acessorios,1
train,2017-10-09,GO,cama_mesa_banho,3
train,2017-10-09,GO,moveis_decoracao,0
train,2017-10-09,GO,esporte_lazer,1
train,2017-10-09,GO,beleza_saude,3
train,2017-10-09,GO,informatica_acessorios,1
train,2017-10-16,SP,cama_mesa_banho,74
train,2017-10-16,SP,moveis_decoracao,41
train,2017-10-16,SP,esporte_lazer,53
train,2017-10-16,SP,beleza_saude,37
train,2017-10-16,SP,informatica_acessorios,33
train,2017-10-16,RJ,cama_mesa_banho,15
train,2017-10-16,RJ,moveis_decoracao,21
train,2017-10-16,RJ,esporte_lazer,12
train,2017-10-16,RJ,beleza_saude,20
train,2017-10-16,RJ,informatica_acessorios,8
train,2017-10-16,MG,cama_mesa_banho,14
train,2017-10-16,MG,moveis_decoracao,8
train,2017-10-16,MG,esporte_lazer,12
train,2017-10-16,MG,beleza_saude,11
train,2017-10-16,MG,informatica_acessorios,10
train,2017-10-16,RS,cama_mesa_banho,10
train,2017-10-16,RS,moveis_decoracao,4
train,2017-10-16,RS,esporte_lazer,7
train,2017-10-16,RS,beleza_saude,6
train,2017-10-16,RS,informatica_acessorios,5
train,2017-10-16,PR,cama_mesa_banho,4
train,2017-10-16,PR,moveis_decoracao,6
train,2017-10-16,PR,esporte_lazer,5
train,2017-10-16,PR,beleza_saude,5
train,2017-10-16,PR,informatica_acessorios,3
train,2017-10-16,SC,cama_mesa_banho,0
train,2017-10-16,SC,moveis_decoracao,4
train,2017-10-16,SC,esporte_lazer,4
train,2017-10-16,SC,beleza_saude,2
train,2017-10-16,SC,informatica_acessorios,5
train,2017-10-16,BA,cama_mesa_banho,0
train,2017-10-16,BA,moveis_decoracao,4
train,2017-10-16,BA,esporte_lazer,2
train,2017-10-16,BA,beleza_saude,5
train,2017-10-16,BA,informatica_acessorios,0
train,2017-10-16,GO,cama_mesa_banho,3
train,2017-10-16,GO,moveis_decoracao,1
train,2017-10-16,GO,esporte_lazer,6
train,2017-10-16,GO,beleza_saude,3
train,2017-10-16,GO,informatica_acessorios,0
train,2017-10-23,SP,cama_mesa_banho,56
train,2017-10-23,SP,moveis_decoracao,25
train,2017-10-23,SP,esporte_lazer,34
train,2017-10-23,SP,beleza_saude,35
train,2017-10-23,SP,informatica_acessorios,25
train,2017-10-23,RJ,cama_mesa_banho,21
train,2017-10-23,RJ,moveis_decoracao,6
train,2017-10-23,RJ,esporte_lazer,14
train,2017-10-23,RJ,beleza_saude,10
train,2017-10-23,RJ,informatica_acessorios,11
train,2017-10-23,MG,cama_mesa_banho,21
train,2017-10-23,MG,moveis_decoracao,14
train,2017-10-23,MG,esporte_lazer,13
train,2017-10-23,MG,beleza_saude,5
train,2017-10-23,MG,informatica_acessorios,10
train,2017-10-23,RS,cama_mesa_banho,9
train,2017-10-23,RS,moveis_decoracao,1
train,2017-10-23,RS,esporte_lazer,5
train,2017-10-23,RS,beleza_saude,6
train,2017-10-23,RS,informatica_acessorios,8
train,2017-10-23,PR,cama_mesa_banho,8
train,2017-10-23,PR,moveis_decoracao,19
train,2017-10-23,PR,esporte_lazer,2
train,2017-10-23,PR,beleza_saude,2
train,2017-10-23,PR,informatica_acessorios,0
train,2017-10-23,SC,cama_mesa_banho,5
train,2017-10-23,SC,moveis_decoracao,8
train,2017-10-23,SC,esporte_lazer,4
train,2017-10-23,SC,beleza_saude,7
train,2017-10-23,SC,informatica_acessorios,0
train,2017-10-23,BA,cama_mesa_banho,1
train,2017-10-23,BA,moveis_decoracao,3
train,2017-10-23,BA,esporte_lazer,3
train,2017-10-23,BA,beleza_saude,2
train,2017-10-23,BA,informatica_acessorios,1
train,2017-10-23,GO,cama_mesa_banho,0
train,2017-10-23,GO,moveis_decoracao,1
train,2017-10-23,GO,esporte_lazer,3
train,2017-10-23,GO,beleza_saude,1
train,2017-10-23,GO,informatica_acessorios,0
train,2017-10-30,SP,cama_mesa_banho,50
train,2017-10-30,SP,moveis_decoracao,20
train,2017-10-30,SP,esporte_lazer,36
train,2017-10-30,SP,beleza_saude,21
train,2017-10-30,SP,informatica_acessorios,24
train,2017-10-30,RJ,cama_mesa_banho,29
train,2017-10-30,RJ,moveis_decoracao,11
train,2017-10-30,RJ,esporte_lazer,14
train,2017-10-30,RJ,beleza_saude,6
train,2017-10-30,RJ,informatica_acessorios,10
train,2017-10-30,MG,cama_mesa_banho,11
train,2017-10-30,MG,moveis_decoracao,6
train,2017-10-30,MG,esporte_lazer,11
train,2017-10-30,MG,beleza_saude,4
train,2017-10-30,MG,informatica_acessorios,8
train,2017-10-30,RS,cama_mesa_banho,6
train,2017-10-30,RS,moveis_decoracao,3
train,2017-10-30,RS,esporte_lazer,5
train,2017-10-30,RS,beleza_saude,0
train,2017-10-30,RS,informatica_acessorios,3
train,2017-10-30,PR,cama_mesa_banho,3
train,2017-10-30,PR,moveis_decoracao,6
train,2017-10-30,PR,esporte_lazer,3
train,2017-10-30,PR,beleza_saude,1
train,2017-10-30,PR,informatica_acessorios,3
train,2017-10-30,SC,cama_mesa_banho,7
train,2017-10-30,SC,moveis_decoracao,2
train,2017-10-30,SC,esporte_lazer,7
train,2017-10-30,SC,beleza_saude,5
train,2017-10-30,SC,informatica_acessorios,1
train,2017-10-30,BA,cama_mesa_banho,4
train,2017-10-30,BA,moveis_decoracao,2
train,2017-10-30,BA,esporte_lazer,1
train,2017-10-30,BA,beleza_saude,1
train,2017-10-30,BA,informatica_acessorios,8
train,2017-10-30,GO,cama_mesa_banho,1
train,2017-10-30,GO,moveis_decoracao,9
train,2017-10-30,GO,esporte_lazer,5
train,2017-10-30,GO,beleza_saude,5
train,2017-10-30,GO,informatica_acessorios,1
train,2017-11-06,SP,cama_mesa_banho,64
train,2017-11-06,SP,moveis_decoracao,46
train,2017-11-06,SP,esporte_lazer,39
train,2017-11-06,SP,beleza_saude,44
train,2017-11-06,SP,informatica_acessorios,31
train,2017-11-06,RJ,cama_mesa_banho,29
train,2017-11-06,RJ,moveis_decoracao,26
train,2017-11-06,RJ,esporte_lazer,14
train,2017-11-06,RJ,beleza_saude,5
train,2017-11-06,RJ,informatica_acessorios,9
train,2017-11-06,MG,cama_mesa_banho,17
train,2017-11-06,MG,moveis_decoracao,6
train,2017-11-06,MG,esporte_lazer,6
train,2017-11-06,MG,beleza_saude,9
train,2017-11-06,MG,informatica_acessorios,6
train,2017-11-06,RS,cama_mesa_banho,6
train,2017-11-06,RS,moveis_decoracao,4
train,2017-11-06,RS,esporte_lazer,6
train,2017-11-06,RS,beleza_saude,8
train,2017-11-06,RS,informatica_acessorios,7
train,2017-11-06,PR,cama_mesa_banho,7
train,2017-11-06,PR,moveis_decoracao,4
train,2017-11-06,PR,esporte_lazer,6
train,2017-11-06,PR,beleza_saude,5
train,2017-11-06,PR,informatica_acessorios,4
train,2017-11-06,SC,cama_mesa_banho,3
train,2017-11-06,SC,moveis_decoracao,5
train,2017-11-06,SC,esporte_lazer,12
train,2017-11-06,SC,beleza_saude,2
train,2017-11-06,SC,informatica_acessorios,1
train,2017-11-06,BA,cama_mesa_banho,7
train,2017-11-06,BA,moveis_decoracao,3
train,2017-11-06,BA,esporte_lazer,2
train,2017-11-06,BA,beleza_saude,3
train,2017-11-06,BA,informatica_acessorios,0
train,2017-11-06,GO,cama_mesa_banho,1
train,2017-11-06,GO,moveis_decoracao,2
train,2017-11-06,GO,esporte_lazer,1
train,2017-11-06,GO,beleza_saude,1
train,2017-11-06,GO,informatica_acessorios,1
train,2017-11-13,SP,cama_mesa_banho,55
train,2017-11-13,SP,moveis_decoracao,75
train,2017-11-13,SP,esporte_lazer,41
train,2017-11-13,SP,beleza_saude,34
train,2017-11-13,SP,informatica_acessorios,35
train,2017-11-13,RJ,cama_mesa_banho,33
train,2017-11-13,RJ,moveis_decoracao,16
train,2017-11-13,RJ,esporte_lazer,12
train,2017-11-13,RJ,beleza_saude,9
train,2017-11-13,RJ,informatica_acessorios,14
train,2017-11-13,MG,cama_mesa_banho,12
train,2017-11-13,MG,moveis_decoracao,9
train,2017-11-13,MG,esporte_lazer,10
train,2017-11-13,MG,beleza_saude,10
train,2017-11-13,MG,informatica_acessorios,6
train,2017-11-13,RS,cama_mesa_banho,8
train,2017-11-13,RS,moveis_decoracao,13
train,2017-11-13,RS,esporte_lazer,3
train,2017-11-13,RS,beleza_saude,4
train,2017-11-13,RS,informatica_acessorios,8
train,2017-11-13,PR,cama_mesa_banho,11
train,2017-11-13,PR,moveis_decoracao,4
train,2017-11-13,PR,esporte_lazer,1
train,2017-11-13,PR,beleza_saude,4
train,2017-11-13,PR,informatica_acessorios,12
train,2017-11-13,SC,cama_mesa_banho,3
train,2017-11-13,SC,moveis_decoracao,2
train,2017-11-13,SC,esporte_lazer,7
train,2017-11-13,SC,beleza_saude,3
train,2017-11-13,SC,informatica_acessorios,5
train,2017-11-13,BA,cama_mesa_banho,3
train,2017-11-13,BA,moveis_decoracao,3
train,2017-11-13,BA,esporte_lazer,6
train,2017-11-13,BA,beleza_saude,3
train,2017-11-13,BA,informatica_acessorios,2
train,2017-11-13,GO,cama_mesa_banho,4
train,2017-11-13,GO,moveis_decoracao,1
train,2017-11-13,GO,esporte_lazer,2
train,2017-11-13,GO,beleza_saude,5
train,2017-11-13,GO,informatica_acessorios,2
train,2017-11-20,SP,cama_mesa_banho,172
train,2017-11-20,SP,moveis_decoracao,148
train,2017-11-20,SP,esporte_lazer,91
train,2017-11-20,SP,beleza_saude,78
train,2017-11-20,SP,informatica_acessorios,73
train,2017-11-20,RJ,cama_mesa_banho,91
train,2017-11-20,RJ,moveis_decoracao,48
train,2017-11-20,RJ,esporte_lazer,37
train,2017-11-20,RJ,beleza_saude,22
train,2017-11-20,RJ,informatica_acessorios,24
train,2017-11-20,MG,cama_mesa_banho,60
train,2017-11-20,MG,moveis_decoracao,50
train,2017-11-20,MG,esporte_lazer,20
train,2017-11-20,MG,beleza_saude,42
train,2017-11-20,MG,informatica_acessorios,19
train,2017-11-20,RS,cama_mesa_banho,25
train,2017-11-20,RS,moveis_decoracao,12
train,2017-11-20,RS,esporte_lazer,13
train,2017-11-20,RS,beleza_saude,12
train,2017-11-20,RS,informatica_acessorios,13
train,2017-11-20,PR,cama_mesa_banho,16
train,2017-11-20,PR,moveis_decoracao,38
train,2017-11-20,PR,esporte_lazer,10
train,2017-11-20,PR,beleza_saude,5
train,2017-11-20,PR,informatica_acessorios,8
train,2017-11-20,SC,cama_mesa_banho,10
train,2017-11-20,SC,moveis_decoracao,8
train,2017-11-20,SC,esporte_lazer,7
train,2017-11-20,SC,beleza_saude,8
train,2017-11-20,SC,informatica_acessorios,9
train,2017-11-20,BA,cama_mesa_banho,7
train,2017-11-20,BA,moveis_decoracao,14
train,2017-11-20,BA,esporte_lazer,14
train,2017-11-20,BA,beleza_saude,9
train,2017-11-20,BA,informatica_acessorios,10
train,2017-11-20,GO,cama_mesa_banho,12
train,2017-11-20,GO,moveis_decoracao,8
train,2017-11-20,GO,esporte_lazer,6
train,2017-11-20,GO,beleza_saude,7
train,2017-11-20,GO,informatica_acessorios,5
train,2017-11-27,SP,cama_mesa_banho,102
train,2017-11-27,SP,moveis_decoracao,78
train,2017-11-27,SP,esporte_lazer,74
train,2017-11-27,SP,beleza_saude,66
train,2017-11-27,SP,informatica_acessorios,52
train,2017-11-27,RJ,cama_mesa_banho,39
train,2017-11-27,RJ,moveis_decoracao,26
train,2017-11-27,RJ,esporte_lazer,21
train,2017-11-27,RJ,beleza_saude,17
train,2017-11-27,RJ,informatica_acessorios,14
train,2017-11-27,MG,cama_mesa_banho,39
train,2017-11-27,MG,moveis_decoracao,19
train,2017-11-27,MG,esporte_lazer,25
train,2017-11-27,MG,beleza_saude,28
train,2017-11-27,MG,informatica_acessorios,25
train,2017-11-27,RS,cama_mesa_banho,11
train,2017-11-27,RS,moveis_decoracao,12
train,2017-11-27,RS,esporte_lazer,8
train,2017-11-27,RS,beleza_saude,8
train,2017-11-27,RS,informatica_acessorios,9
train,2017-11-27,PR,cama_mesa_banho,16
train,2017-11-27,PR,moveis_decoracao,12
train,2017-11-27,PR,esporte_lazer,10
train,2017-11-27,PR,beleza_saude,10
train,2017-11-27,PR,informatica_acessorios,16
train,2017-11-27,SC,cama_mesa_banho,3
train,2017-11-27,SC,moveis_decoracao,2
train,2017-11-27,SC,esporte_lazer,10
train,2017-11-27,SC,beleza_saude,7
train,2017-11-27,SC,informatica_acessorios,5
train,2017-11-27,BA,cama_mesa_banho,4
train,2017-11-27,BA,moveis_decoracao,7
train,2017-11-27,BA,esporte_lazer,12
train,2017-11-27,BA,beleza_saude,5
train,2017-11-27,BA,informatica_acessorios,2
train,2017-11-27,GO,cama_mesa_banho,5
train,2017-11-27,GO,moveis_decoracao,2
train,2017-11-27,GO,esporte_lazer,2
train,2017-11-27,GO,beleza_saude,4
train,2017-11-27,GO,informatica_acessorios,5
train,2017-12-04,SP,cama_mesa_banho,57
train,2017-12-04,SP,moveis_decoracao,52
train,2017-12-04,SP,esporte_lazer,60
train,2017-12-04,SP,beleza_saude,60
train,2017-12-04,SP,informatica_acessorios,32
train,2017-12-04,RJ,cama_mesa_banho,27
train,2017-12-04,RJ,moveis_decoracao,11
train,2017-12-04,RJ,esporte_lazer,19
train,2017-12-04,RJ,beleza_saude,11
train,2017-12-04,RJ,informatica_acessorios,14
train,2017-12-04,MG,cama_mesa_banho,10
train,2017-12-04,MG,moveis_decoracao,17
train,2017-12-04,MG,esporte_lazer,28
train,2017-12-04,MG,beleza_saude,17
train,2017-12-04,MG,informatica_acessorios,20
train,2017-12-04,RS,cama_mesa_banho,12
train,2017-12-04,RS,moveis_decoracao,4
train,2017-12-04,RS,esporte_lazer,8
train,2017-12-04,RS,beleza_saude,3
train,2017-12-04,RS,informatica_acessorios,2
train,2017-12-04,PR,cama_mesa_banho,3
train,2017-12-04,PR,moveis_decoracao,3
train,2017-12-04,PR,esporte_lazer,3
train,2017-12-04,PR,beleza_saude,9
train,2017-12-04,PR,informatica_acessorios,3
train,2017-12-04,SC,cama_mesa_banho,4
train,2017-12-04,SC,moveis_decoracao,2
train,2017-12-04,SC,esporte_lazer,8
train,2017-12-04,SC,beleza_saude,5
train,2017-12-04,SC,informatica_acessorios,4
train,2017-12-04,BA,cama_mesa_banho,2
train,2017-12-04,BA,moveis_decoracao,4
train,2017-12-04,BA,esporte_lazer,2
train,2017-12-04,BA,beleza_saude,1
train,2017-12-04,BA,informatica_acessorios,2
train,2017-12-04,GO,cama_mesa_banho,1
train,2017-12-04,GO,moveis_decoracao,0
train,2017-12-04,GO,esporte_lazer,6
train,2017-12-04,GO,beleza_saude,7
train,2017-12-04,GO,informatica_acessorios,3
train,2017-12-11,SP,cama_mesa_banho,58
train,2017-12-11,SP,moveis_decoracao,52
train,2017-12-11,SP,esporte_lazer,65
train,2017-12-11,SP,beleza_saude,45
train,2017-12-11,SP,informatica_acessorios,18
train,2017-12-11,RJ,cama_mesa_banho,16
train,2017-12-11,RJ,moveis_decoracao,5
train,2017-12-11,RJ,esporte_lazer,14
train,2017-12-11,RJ,beleza_saude,16
train,2017-12-11,RJ,informatica_acessorios,6
train,2017-12-11,MG,cama_mesa_banho,14
train,2017-12-11,MG,moveis_decoracao,8
train,2017-12-11,MG,esporte_lazer,12
train,2017-12-11,MG,beleza_saude,12
train,2017-12-11,MG,informatica_acessorios,13
train,2017-12-11,RS,cama_mesa_banho,2
train,2017-12-11,RS,moveis_decoracao,4
train,2017-12-11,RS,esporte_lazer,6
train,2017-12-11,RS,beleza_saude,6
train,2017-12-11,RS,informatica_acessorios,1
train,2017-12-11,PR,cama_mesa_banho,9
train,2017-12-11,PR,moveis_decoracao,3
train,2017-12-11,PR,esporte_lazer,9
train,2017-12-11,PR,beleza_saude,4
train,2017-12-11,PR,informatica_acessorios,1
train,2017-12-11,SC,cama_mesa_banho,4
train,2017-12-11,SC,moveis_decoracao,1
train,2017-12-11,SC,esporte_lazer,7
train,2017-12-11,SC,beleza_saude,3
train,2017-12-11,SC,informatica_acessorios,0
train,2017-12-11,BA,cama_mesa_banho,3
train,2017-12-11,BA,moveis_decoracao,0
train,2017-12-11,BA,esporte_lazer,3
train,2017-12-11,BA,beleza_saude,7
train,2017-12-11,BA,informatica_acessorios,3
train,2017-12-11,GO,cama_mesa_banho,4
train,2017-12-11,GO,moveis_decoracao,0
train,2017-12-11,GO,esporte_lazer,5
train,2017-12-11,GO,beleza_saude,3
train,2017-12-11,GO,informatica_acessorios,0
train,2017-12-18,SP,cama_mesa_banho,47
train,2017-12-18,SP,moveis_decoracao,29
train,2017-12-18,SP,esporte_lazer,35
train,2017-12-18,SP,beleza_saude,30
train,2017-12-18,SP,informatica_acessorios,22
train,2017-12-18,RJ,cama_mesa_banho,19
train,2017-12-18,RJ,moveis_decoracao,5
train,2017-12-18,RJ,esporte_lazer,14
train,2017-12-18,RJ,beleza_saude,10
train,2017-12-18,RJ,informatica_acessorios,10
train,2017-12-18,MG,cama_mesa_banho,12
train,2017-12-18,MG,moveis_decoracao,8
train,2017-12-18,MG,esporte_lazer,5
train,2017-12-18,MG,beleza_saude,8
train,2017-12-18,MG,informatica_acessorios,11
train,2017-12-18,RS,cama_mesa_banho,6
train,2017-12-18,RS,moveis_decoracao,1
train,2017-12-18,RS,esporte_lazer,5
train,2017-12-18,RS,beleza_saude,4
train,2017-12-18,RS,informatica_acessorios,2
train,2017-12-18,PR,cama_mesa_banho,5
train,2017-12-18,PR,moveis_decoracao,3
train,2017-12-18,PR,esporte_lazer,4
train,2017-12-18,PR,beleza_saude,5
train,2017-12-18,PR,informatica_acessorios,5
train,2017-12-18,SC,cama_mesa_banho,3
train,2017-12-18,SC,moveis_decoracao,2
train,2017-12-18,SC,esporte_lazer,3
train,2017-12-18,SC,beleza_saude,1
train,2017-12-18,SC,informatica_acessorios,0
train,2017-12-18,BA,cama_mesa_banho,3
train,2017-12-18,BA,moveis_decoracao,3
train,2017-12-18,BA,esporte_lazer,2
train,2017-12-18,BA,beleza_saude,2
train,2017-12-18,BA,informatica_acessorios,6
train,2017-12-18,GO,cama_mesa_banho,0
train,2017-12-18,GO,moveis_decoracao,0
train,2017-12-18,GO,esporte_lazer,0
train,2017-12-18,GO,beleza_saude,3
train,2017-12-18,GO,informatica_acessorios,0
train,2017-12-25,SP,cama_mesa_banho,42
train,2017-12-25,SP,moveis_decoracao,35
train,2017-12-25,SP,esporte_lazer,21
train,2017-12-25,SP,beleza_saude,22
train,2017-12-25,SP,informatica_acessorios,14
train,2017-12-25,RJ,cama_mesa_banho,18
train,2017-12-25,RJ,moveis_decoracao,2
train,2017-12-25,RJ,esporte_lazer,6
train,2017-12-25,RJ,beleza_saude,9
train,2017-12-25,RJ,informatica_acessorios,5
train,2017-12-25,MG,cama_mesa_banho,13
train,2017-12-25,MG,moveis_decoracao,7
train,2017-12-25,MG,esporte_lazer,7
train,2017-12-25,MG,beleza_saude,4
train,2017-12-25,MG,informatica_acessorios,5
train,2017-12-25,RS,cama_mesa_banho,3
train,2017-12-25,RS,moveis_decoracao,7
train,2017-12-25,RS,esporte_lazer,4
train,2017-12-25,RS,beleza_saude,2
train,2017-12-25,RS,informatica_acessorios,3
train,2017-12-25,PR,cama_mesa_banho,4
train,2017-12-25,PR,moveis_decoracao,5
train,2017-12-25,PR,esporte_lazer,3
train,2017-12-25,PR,beleza_saude,2
train,2017-12-25,PR,informatica_acessorios,1
train,2017-12-25,SC,cama_mesa_banho,3
train,2017-12-25,SC,moveis_decoracao,3
train,2017-12-25,SC,esporte_lazer,2
train,2017-12-25,SC,beleza_saude,1
train,2017-12-25,SC,informatica_acessorios,3
train,2017-12-25,BA,cama_mesa_banho,1
train,2017-12-25,BA,moveis_decoracao,1
train,2017-12-25,BA,esporte_lazer,0
train,2017-12-25,BA,beleza_saude,2
train,2017-12-25,BA,informatica_acessorios,2
train,2017-12-25,GO,cama_mesa_banho,3
train,2017-12-25,GO,moveis_decoracao,1
train,2017-12-25,GO,esporte_lazer,0
train,2017-12-25,GO,beleza_saude,6
train,2017-12-25,GO,informatica_acessorios,1
calibration,2018-01-01,SP,cama_mesa_banho,75
calibration,2018-01-01,SP,moveis_decoracao,56
calibration,2018-01-01,SP,esporte_lazer,41
calibration,2018-01-01,SP,beleza_saude,48
calibration,2018-01-01,SP,informatica_acessorios,33
calibration,2018-01-01,RJ,cama_mesa_banho,22
calibration,2018-01-01,RJ,moveis_decoracao,17
calibration,2018-01-01,RJ,esporte_lazer,12
calibration,2018-01-01,RJ,beleza_saude,15
calibration,2018-01-01,RJ,informatica_acessorios,10
calibration,2018-01-01,MG,cama_mesa_banho,20
calibration,2018-01-01,MG,moveis_decoracao,7
calibration,2018-01-01,MG,esporte_lazer,7
calibration,2018-01-01,MG,beleza_saude,13
calibration,2018-01-01,MG,informatica_acessorios,15
calibration,2018-01-01,RS,cama_mesa_banho,7
calibration,2018-01-01,RS,moveis_decoracao,11
calibration,2018-01-01,RS,esporte_lazer,10
calibration,2018-01-01,RS,beleza_saude,9
calibration,2018-01-01,RS,informatica_acessorios,8
calibration,2018-01-01,PR,cama_mesa_banho,6
calibration,2018-01-01,PR,moveis_decoracao,6
calibration,2018-01-01,PR,esporte_lazer,7
calibration,2018-01-01,PR,beleza_saude,3
calibration,2018-01-01,PR,informatica_acessorios,0
calibration,2018-01-01,SC,cama_mesa_banho,3
calibration,2018-01-01,SC,moveis_decoracao,13
calibration,2018-01-01,SC,esporte_lazer,5
calibration,2018-01-01,SC,beleza_saude,3
calibration,2018-01-01,SC,informatica_acessorios,3
calibration,2018-01-01,BA,cama_mesa_banho,5
calibration,2018-01-01,BA,moveis_decoracao,3
calibration,2018-01-01,BA,esporte_lazer,4
calibration,2018-01-01,BA,beleza_saude,1
calibration,2018-01-01,BA,informatica_acessorios,1
calibration,2018-01-01,GO,cama_mesa_banho,1
calibration,2018-01-01,GO,moveis_decoracao,7
calibration,2018-01-01,GO,esporte_lazer,2
calibration,2018-01-01,GO,beleza_saude,2
calibration,2018-01-01,GO,informatica_acessorios,1
calibration,2018-01-08,SP,cama_mesa_banho,76
calibration,2018-01-08,SP,moveis_decoracao,71
calibration,2018-01-08,SP,esporte_lazer,62
calibration,2018-01-08,SP,beleza_saude,67
calibration,2018-01-08,SP,informatica_acessorios,84
calibration,2018-01-08,RJ,cama_mesa_banho,25
calibration,2018-01-08,RJ,moveis_decoracao,17
calibration,2018-01-08,RJ,esporte_lazer,14
calibration,2018-01-08,RJ,beleza_saude,18
calibration,2018-01-08,RJ,informatica_acessorios,25
calibration,2018-01-08,MG,cama_mesa_banho,31
calibration,2018-01-08,MG,moveis_decoracao,29
calibration,2018-01-08,MG,esporte_lazer,21
calibration,2018-01-08,MG,beleza_saude,18
calibration,2018-01-08,MG,informatica_acessorios,21
calibration,2018-01-08,RS,cama_mesa_banho,8
calibration,2018-01-08,RS,moveis_decoracao,6
calibration,2018-01-08,RS,esporte_lazer,9
calibration,2018-01-08,RS,beleza_saude,9
calibration,2018-01-08,RS,informatica_acessorios,4
calibration,2018-01-08,PR,cama_mesa_banho,13
calibration,2018-01-08,PR,moveis_decoracao,3
calibration,2018-01-08,PR,esporte_lazer,11
calibration,2018-01-08,PR,beleza_saude,10
calibration,2018-01-08,PR,informatica_acessorios,8
calibration,2018-01-08,SC,cama_mesa_banho,14
calibration,2018-01-08,SC,moveis_decoracao,4
calibration,2018-01-08,SC,esporte_lazer,9
calibration,2018-01-08,SC,beleza_saude,5
calibration,2018-01-08,SC,informatica_acessorios,2
calibration,2018-01-08,BA,cama_mesa_banho,1
calibration,2018-01-08,BA,moveis_decoracao,6
calibration,2018-01-08,BA,esporte_lazer,9
calibration,2018-01-08,BA,beleza_saude,3
calibration,2018-01-08,BA,informatica_acessorios,4
calibration,2018-01-08,GO,cama_mesa_banho,4
calibration,2018-01-08,GO,moveis_decoracao,0
calibration,2018-01-08,GO,esporte_lazer,4
calibration,2018-01-08,GO,beleza_saude,2
calibration,2018-01-08,GO,informatica_acessorios,3
calibration,2018-01-15,SP,cama_mesa_banho,89
calibration,2018-01-15,SP,moveis_decoracao,81
calibration,2018-01-15,SP,esporte_lazer,57
calibration,2018-01-15,SP,beleza_saude,73
calibration,2018-01-15,SP,informatica_acessorios,69
calibration,2018-01-15,RJ,cama_mesa_banho,26
calibration,2018-01-15,RJ,moveis_decoracao,10
calibration,2018-01-15,RJ,esporte_lazer,24
calibration,2018-01-15,RJ,beleza_saude,20
calibration,2018-01-15,RJ,informatica_acessorios,23
calibration,2018-01-15,MG,cama_mesa_banho,25
calibration,2018-01-15,MG,moveis_decoracao,29
calibration,2018-01-15,MG,esporte_lazer,13
calibration,2018-01-15,MG,beleza_saude,11
calibration,2018-01-15,MG,informatica_acessorios,22
calibration,2018-01-15,RS,cama_mesa_banho,9
calibration,2018-01-15,RS,moveis_decoracao,10
calibration,2018-01-15,RS,esporte_lazer,5
calibration,2018-01-15,RS,beleza_saude,9
calibration,2018-01-15,RS,informatica_acessorios,2
calibration,2018-01-15,PR,cama_mesa_banho,8
calibration,2018-01-15,PR,moveis_decoracao,9
calibration,2018-01-15,PR,esporte_lazer,6
calibration,2018-01-15,PR,beleza_saude,7
calibration,2018-01-15,PR,informatica_acessorios,5
calibration,2018-01-15,SC,cama_mesa_banho,2
calibration,2018-01-15,SC,moveis_decoracao,6
calibration,2018-01-15,SC,esporte_lazer,8
calibration,2018-01-15,SC,beleza_saude,4
calibration,2018-01-15,SC,informatica_acessorios,2
calibration,2018-01-15,BA,cama_mesa_banho,0
calibration,2018-01-15,BA,moveis_decoracao,6
calibration,2018-01-15,BA,esporte_lazer,6
calibration,2018-01-15,BA,beleza_saude,6
calibration,2018-01-15,BA,informatica_acessorios,6
calibration,2018-01-15,GO,cama_mesa_banho,3
calibration,2018-01-15,GO,moveis_decoracao,6
calibration,2018-01-15,GO,esporte_lazer,5
calibration,2018-01-15,GO,beleza_saude,5
calibration,2018-01-15,GO,informatica_acessorios,1
calibration,2018-01-22,SP,cama_mesa_banho,104
calibration,2018-01-22,SP,moveis_decoracao,49
calibration,2018-01-22,SP,esporte_lazer,58
calibration,2018-01-22,SP,beleza_saude,71
calibration,2018-01-22,SP,informatica_acessorios,62
calibration,2018-01-22,RJ,cama_mesa_banho,24
calibration,2018-01-22,RJ,moveis_decoracao,5
calibration,2018-01-22,RJ,esporte_lazer,14
calibration,2018-01-22,RJ,beleza_saude,11
calibration,2018-01-22,RJ,informatica_acessorios,23
calibration,2018-01-22,MG,cama_mesa_banho,26
calibration,2018-01-22,MG,moveis_decoracao,16
calibration,2018-01-22,MG,esporte_lazer,21
calibration,2018-01-22,MG,beleza_saude,14
calibration,2018-01-22,MG,informatica_acessorios,28
calibration,2018-01-22,RS,cama_mesa_banho,22
calibration,2018-01-22,RS,moveis_decoracao,7
calibration,2018-01-22,RS,esporte_lazer,4
calibration,2018-01-22,RS,beleza_saude,8
calibration,2018-01-22,RS,informatica_acessorios,11
calibration,2018-01-22,PR,cama_mesa_banho,4
calibration,2018-01-22,PR,moveis_decoracao,6
calibration,2018-01-22,PR,esporte_lazer,7
calibration,2018-01-22,PR,beleza_saude,10
calibration,2018-01-22,PR,informatica_acessorios,11
calibration,2018-01-22,SC,cama_mesa_banho,6
calibration,2018-01-22,SC,moveis_decoracao,5
calibration,2018-01-22,SC,esporte_lazer,3
calibration,2018-01-22,SC,beleza_saude,6
calibration,2018-01-22,SC,informatica_acessorios,9
calibration,2018-01-22,BA,cama_mesa_banho,0
calibration,2018-01-22,BA,moveis_decoracao,2
calibration,2018-01-22,BA,esporte_lazer,1
calibration,2018-01-22,BA,beleza_saude,3
calibration,2018-01-22,BA,informatica_acessorios,8
calibration,2018-01-22,GO,cama_mesa_banho,1
calibration,2018-01-22,GO,moveis_decoracao,1
calibration,2018-01-22,GO,esporte_lazer,0
calibration,2018-01-22,GO,beleza_saude,4
calibration,2018-01-22,GO,informatica_acessorios,3
calibration,2018-01-29,SP,cama_mesa_banho,119
calibration,2018-01-29,SP,moveis_decoracao,32
calibration,2018-01-29,SP,esporte_lazer,66
calibration,2018-01-29,SP,beleza_saude,45
calibration,2018-01-29,SP,informatica_acessorios,86
calibration,2018-01-29,RJ,cama_mesa_banho,29
calibration,2018-01-29,RJ,moveis_decoracao,16
calibration,2018-01-29,RJ,esporte_lazer,23
calibration,2018-01-29,RJ,beleza_saude,21
calibration,2018-01-29,RJ,informatica_acessorios,25
calibration,2018-01-29,MG,cama_mesa_banho,18
calibration,2018-01-29,MG,moveis_decoracao,5
calibration,2018-01-29,MG,esporte_lazer,20
calibration,2018-01-29,MG,beleza_saude,15
calibration,2018-01-29,MG,informatica_acessorios,29
calibration,2018-01-29,RS,cama_mesa_banho,2
calibration,2018-01-29,RS,moveis_decoracao,8
calibration,2018-01-29,RS,esporte_lazer,10
calibration,2018-01-29,RS,beleza_saude,6
calibration,2018-01-29,RS,informatica_acessorios,9
calibration,2018-01-29,PR,cama_mesa_banho,6
calibration,2018-01-29,PR,moveis_decoracao,3
calibration,2018-01-29,PR,esporte_lazer,9
calibration,2018-01-29,PR,beleza_saude,5
calibration,2018-01-29,PR,informatica_acessorios,7
calibration,2018-01-29,SC,cama_mesa_banho,3
calibration,2018-01-29,SC,moveis_decoracao,4
calibration,2018-01-29,SC,esporte_lazer,9
calibration,2018-01-29,SC,beleza_saude,6
calibration,2018-01-29,SC,informatica_acessorios,17
calibration,2018-01-29,BA,cama_mesa_banho,1
calibration,2018-01-29,BA,moveis_decoracao,1
calibration,2018-01-29,BA,esporte_lazer,2
calibration,2018-01-29,BA,beleza_saude,3
calibration,2018-01-29,BA,informatica_acessorios,9
calibration,2018-01-29,GO,cama_mesa_banho,11
calibration,2018-01-29,GO,moveis_decoracao,2
calibration,2018-01-29,GO,esporte_lazer,8
calibration,2018-01-29,GO,beleza_saude,4
calibration,2018-01-29,GO,informatica_acessorios,5
calibration,2018-02-05,SP,cama_mesa_banho,88
calibration,2018-02-05,SP,moveis_decoracao,24
calibration,2018-02-05,SP,esporte_lazer,82
calibration,2018-02-05,SP,beleza_saude,60
calibration,2018-02-05,SP,informatica_acessorios,75
calibration,2018-02-05,RJ,cama_mesa_banho,19
calibration,2018-02-05,RJ,moveis_decoracao,10
calibration,2018-02-05,RJ,esporte_lazer,11
calibration,2018-02-05,RJ,beleza_saude,18
calibration,2018-02-05,RJ,informatica_acessorios,28
calibration,2018-02-05,MG,cama_mesa_banho,27
calibration,2018-02-05,MG,moveis_decoracao,16
calibration,2018-02-05,MG,esporte_lazer,23
calibration,2018-02-05,MG,beleza_saude,19
calibration,2018-02-05,MG,informatica_acessorios,29
calibration,2018-02-05,RS,cama_mesa_banho,10
calibration,2018-02-05,RS,moveis_decoracao,4
calibration,2018-02-05,RS,esporte_lazer,3
calibration,2018-02-05,RS,beleza_saude,10
calibration,2018-02-05,RS,informatica_acessorios,18
calibration,2018-02-05,PR,cama_mesa_banho,7
calibration,2018-02-05,PR,moveis_decoracao,5
calibration,2018-02-05,PR,esporte_lazer,6
calibration,2018-02-05,PR,beleza_saude,6
calibration,2018-02-05,PR,informatica_acessorios,14
calibration,2018-02-05,SC,cama_mesa_banho,5
calibration,2018-02-05,SC,moveis_decoracao,1
calibration,2018-02-05,SC,esporte_lazer,6
calibration,2018-02-05,SC,beleza_saude,3
calibration,2018-02-05,SC,informatica_acessorios,11
calibration,2018-02-05,BA,cama_mesa_banho,10
calibration,2018-02-05,BA,moveis_decoracao,1
calibration,2018-02-05,BA,esporte_lazer,3
calibration,2018-02-05,BA,beleza_saude,2
calibration,2018-02-05,BA,informatica_acessorios,2
calibration,2018-02-05,GO,cama_mesa_banho,13
calibration,2018-02-05,GO,moveis_decoracao,0
calibration,2018-02-05,GO,esporte_lazer,0
calibration,2018-02-05,GO,beleza_saude,1
calibration,2018-02-05,GO,informatica_acessorios,1
calibration,2018-02-12,SP,cama_mesa_banho,87
calibration,2018-02-12,SP,moveis_decoracao,56
calibration,2018-02-12,SP,esporte_lazer,72
calibration,2018-02-12,SP,beleza_saude,70
calibration,2018-02-12,SP,informatica_acessorios,80
calibration,2018-02-12,RJ,cama_mesa_banho,25
calibration,2018-02-12,RJ,moveis_decoracao,18
calibration,2018-02-12,RJ,esporte_lazer,10
calibration,2018-02-12,RJ,beleza_saude,19
calibration,2018-02-12,RJ,informatica_acessorios,36
calibration,2018-02-12,MG,cama_mesa_banho,16
calibration,2018-02-12,MG,moveis_decoracao,11
calibration,2018-02-12,MG,esporte_lazer,10
calibration,2018-02-12,MG,beleza_saude,28
calibration,2018-02-12,MG,informatica_acessorios,33
calibration,2018-02-12,RS,cama_mesa_banho,6
calibration,2018-02-12,RS,moveis_decoracao,5
calibration,2018-02-12,RS,esporte_lazer,12
calibration,2018-02-12,RS,beleza_saude,5
calibration,2018-02-12,RS,informatica_acessorios,11
calibration,2018-02-12,PR,cama_mesa_banho,8
calibration,2018-02-12,PR,moveis_decoracao,8
calibration,2018-02-12,PR,esporte_lazer,6
calibration,2018-02-12,PR,beleza_saude,4
calibration,2018-02-12,PR,informatica_acessorios,18
calibration,2018-02-12,SC,cama_mesa_banho,7
calibration,2018-02-12,SC,moveis_decoracao,5
calibration,2018-02-12,SC,esporte_lazer,6
calibration,2018-02-12,SC,beleza_saude,6
calibration,2018-02-12,SC,informatica_acessorios,8
calibration,2018-02-12,BA,cama_mesa_banho,7
calibration,2018-02-12,BA,moveis_decoracao,0
calibration,2018-02-12,BA,esporte_lazer,10
calibration,2018-02-12,BA,beleza_saude,6
calibration,2018-02-12,BA,informatica_acessorios,4
calibration,2018-02-12,GO,cama_mesa_banho,8
calibration,2018-02-12,GO,moveis_decoracao,1
calibration,2018-02-12,GO,esporte_lazer,2
calibration,2018-02-12,GO,beleza_saude,6
calibration,2018-02-12,GO,informatica_acessorios,2
calibration,2018-02-19,SP,cama_mesa_banho,62
calibration,2018-02-19,SP,moveis_decoracao,44
calibration,2018-02-19,SP,esporte_lazer,70
calibration,2018-02-19,SP,beleza_saude,74
calibration,2018-02-19,SP,informatica_acessorios,115
calibration,2018-02-19,RJ,cama_mesa_banho,22
calibration,2018-02-19,RJ,moveis_decoracao,28
calibration,2018-02-19,RJ,esporte_lazer,26
calibration,2018-02-19,RJ,beleza_saude,19
calibration,2018-02-19,RJ,informatica_acessorios,40
calibration,2018-02-19,MG,cama_mesa_banho,13
calibration,2018-02-19,MG,moveis_decoracao,15
calibration,2018-02-19,MG,esporte_lazer,23
calibration,2018-02-19,MG,beleza_saude,18
calibration,2018-02-19,MG,informatica_acessorios,35
calibration,2018-02-19,RS,cama_mesa_banho,10
calibration,2018-02-19,RS,moveis_decoracao,8
calibration,2018-02-19,RS,esporte_lazer,9
calibration,2018-02-19,RS,beleza_saude,13
calibration,2018-02-19,RS,informatica_acessorios,24
calibration,2018-02-19,PR,cama_mesa_banho,7
calibration,2018-02-19,PR,moveis_decoracao,3
calibration,2018-02-19,PR,esporte_lazer,6
calibration,2018-02-19,PR,beleza_saude,6
calibration,2018-02-19,PR,informatica_acessorios,11
calibration,2018-02-19,SC,cama_mesa_banho,7
calibration,2018-02-19,SC,moveis_decoracao,2
calibration,2018-02-19,SC,esporte_lazer,4
calibration,2018-02-19,SC,beleza_saude,4
calibration,2018-02-19,SC,informatica_acessorios,14
calibration,2018-02-19,BA,cama_mesa_banho,6
calibration,2018-02-19,BA,moveis_decoracao,5
calibration,2018-02-19,BA,esporte_lazer,7
calibration,2018-02-19,BA,beleza_saude,6
calibration,2018-02-19,BA,informatica_acessorios,6
calibration,2018-02-19,GO,cama_mesa_banho,2
calibration,2018-02-19,GO,moveis_decoracao,0
calibration,2018-02-19,GO,esporte_lazer,4
calibration,2018-02-19,GO,beleza_saude,5
calibration,2018-02-19,GO,informatica_acessorios,3
calibration,2018-02-26,SP,cama_mesa_banho,69
calibration,2018-02-26,SP,moveis_decoracao,64
calibration,2018-02-26,SP,esporte_lazer,63
calibration,2018-02-26,SP,beleza_saude,72
calibration,2018-02-26,SP,informatica_acessorios,103
calibration,2018-02-26,RJ,cama_mesa_banho,29
calibration,2018-02-26,RJ,moveis_decoracao,24
calibration,2018-02-26,RJ,esporte_lazer,31
calibration,2018-02-26,RJ,beleza_saude,15
calibration,2018-02-26,RJ,informatica_acessorios,46
calibration,2018-02-26,MG,cama_mesa_banho,19
calibration,2018-02-26,MG,moveis_decoracao,12
calibration,2018-02-26,MG,esporte_lazer,17
calibration,2018-02-26,MG,beleza_saude,18
calibration,2018-02-26,MG,informatica_acessorios,52
calibration,2018-02-26,RS,cama_mesa_banho,8
calibration,2018-02-26,RS,moveis_decoracao,10
calibration,2018-02-26,RS,esporte_lazer,15
calibration,2018-02-26,RS,beleza_saude,15
calibration,2018-02-26,RS,informatica_acessorios,18
calibration,2018-02-26,PR,cama_mesa_banho,7
calibration,2018-02-26,PR,moveis_decoracao,8
calibration,2018-02-26,PR,esporte_lazer,12
calibration,2018-02-26,PR,beleza_saude,12
calibration,2018-02-26,PR,informatica_acessorios,22
calibration,2018-02-26,SC,cama_mesa_banho,5
calibration,2018-02-26,SC,moveis_decoracao,1
calibration,2018-02-26,SC,esporte_lazer,12
calibration,2018-02-26,SC,beleza_saude,9
calibration,2018-02-26,SC,informatica_acessorios,10
calibration,2018-02-26,BA,cama_mesa_banho,2
calibration,2018-02-26,BA,moveis_decoracao,6
calibration,2018-02-26,BA,esporte_lazer,4
calibration,2018-02-26,BA,beleza_saude,7
calibration,2018-02-26,BA,informatica_acessorios,4
calibration,2018-02-26,GO,cama_mesa_banho,4
calibration,2018-02-26,GO,moveis_decoracao,4
calibration,2018-02-26,GO,esporte_lazer,3
calibration,2018-02-26,GO,beleza_saude,6
calibration,2018-02-26,GO,informatica_acessorios,3
calibration,2018-03-05,SP,cama_mesa_banho,68
calibration,2018-03-05,SP,moveis_decoracao,50
calibration,2018-03-05,SP,esporte_lazer,81
calibration,2018-03-05,SP,beleza_saude,65
calibration,2018-03-05,SP,informatica_acessorios,68
calibration,2018-03-05,RJ,cama_mesa_banho,22
calibration,2018-03-05,RJ,moveis_decoracao,19
calibration,2018-03-05,RJ,esporte_lazer,19
calibration,2018-03-05,RJ,beleza_saude,22
calibration,2018-03-05,RJ,informatica_acessorios,27
calibration,2018-03-05,MG,cama_mesa_banho,20
calibration,2018-03-05,MG,moveis_decoracao,20
calibration,2018-03-05,MG,esporte_lazer,22
calibration,2018-03-05,MG,beleza_saude,31
calibration,2018-03-05,MG,informatica_acessorios,21
calibration,2018-03-05,RS,cama_mesa_banho,6
calibration,2018-03-05,RS,moveis_decoracao,8
calibration,2018-03-05,RS,esporte_lazer,11
calibration,2018-03-05,RS,beleza_saude,6
calibration,2018-03-05,RS,informatica_acessorios,11
calibration,2018-03-05,PR,cama_mesa_banho,12
calibration,2018-03-05,PR,moveis_decoracao,7
calibration,2018-03-05,PR,esporte_lazer,14
calibration,2018-03-05,PR,beleza_saude,7
calibration,2018-03-05,PR,informatica_acessorios,7
calibration,2018-03-05,SC,cama_mesa_banho,6
calibration,2018-03-05,SC,moveis_decoracao,9
calibration,2018-03-05,SC,esporte_lazer,10
calibration,2018-03-05,SC,beleza_saude,3
calibration,2018-03-05,SC,informatica_acessorios,4
calibration,2018-03-05,BA,cama_mesa_banho,6
calibration,2018-03-05,BA,moveis_decoracao,14
calibration,2018-03-05,BA,esporte_lazer,10
calibration,2018-03-05,BA,beleza_saude,3
calibration,2018-03-05,BA,informatica_acessorios,12
calibration,2018-03-05,GO,cama_mesa_banho,1
calibration,2018-03-05,GO,moveis_decoracao,8
calibration,2018-03-05,GO,esporte_lazer,1
calibration,2018-03-05,GO,beleza_saude,3
calibration,2018-03-05,GO,informatica_acessorios,1
calibration,2018-03-12,SP,cama_mesa_banho,84
calibration,2018-03-12,SP,moveis_decoracao,38
calibration,2018-03-12,SP,esporte_lazer,73
calibration,2018-03-12,SP,beleza_saude,59
calibration,2018-03-12,SP,informatica_acessorios,48
calibration,2018-03-12,RJ,cama_mesa_banho,27
calibration,2018-03-12,RJ,moveis_decoracao,9
calibration,2018-03-12,RJ,esporte_lazer,21
calibration,2018-03-12,RJ,beleza_saude,17
calibration,2018-03-12,RJ,informatica_acessorios,15
calibration,2018-03-12,MG,cama_mesa_banho,21
calibration,2018-03-12,MG,moveis_decoracao,13
calibration,2018-03-12,MG,esporte_lazer,15
calibration,2018-03-12,MG,beleza_saude,19
calibration,2018-03-12,MG,informatica_acessorios,18
calibration,2018-03-12,RS,cama_mesa_banho,9
calibration,2018-03-12,RS,moveis_decoracao,17
calibration,2018-03-12,RS,esporte_lazer,7
calibration,2018-03-12,RS,beleza_saude,9
calibration,2018-03-12,RS,informatica_acessorios,10
calibration,2018-03-12,PR,cama_mesa_banho,8
calibration,2018-03-12,PR,moveis_decoracao,7
calibration,2018-03-12,PR,esporte_lazer,24
calibration,2018-03-12,PR,beleza_saude,4
calibration,2018-03-12,PR,informatica_acessorios,9
calibration,2018-03-12,SC,cama_mesa_banho,3
calibration,2018-03-12,SC,moveis_decoracao,15
calibration,2018-03-12,SC,esporte_lazer,2
calibration,2018-03-12,SC,beleza_saude,1
calibration,2018-03-12,SC,informatica_acessorios,8
calibration,2018-03-12,BA,cama_mesa_banho,5
calibration,2018-03-12,BA,moveis_decoracao,2
calibration,2018-03-12,BA,esporte_lazer,7
calibration,2018-03-12,BA,beleza_saude,1
calibration,2018-03-12,BA,informatica_acessorios,9
calibration,2018-03-12,GO,cama_mesa_banho,7
calibration,2018-03-12,GO,moveis_decoracao,2
calibration,2018-03-12,GO,esporte_lazer,4
calibration,2018-03-12,GO,beleza_saude,4
calibration,2018-03-12,GO,informatica_acessorios,1
calibration,2018-03-19,SP,cama_mesa_banho,105
calibration,2018-03-19,SP,moveis_decoracao,48
calibration,2018-03-19,SP,esporte_lazer,75
calibration,2018-03-19,SP,beleza_saude,73
calibration,2018-03-19,SP,informatica_acessorios,92
calibration,2018-03-19,RJ,cama_mesa_banho,26
calibration,2018-03-19,RJ,moveis_decoracao,9
calibration,2018-03-19,RJ,esporte_lazer,13
calibration,2018-03-19,RJ,beleza_saude,9
calibration,2018-03-19,RJ,informatica_acessorios,18
calibration,2018-03-19,MG,cama_mesa_banho,32
calibration,2018-03-19,MG,moveis_decoracao,26
calibration,2018-03-19,MG,esporte_lazer,22
calibration,2018-03-19,MG,beleza_saude,15
calibration,2018-03-19,MG,informatica_acessorios,24
calibration,2018-03-19,RS,cama_mesa_banho,9
calibration,2018-03-19,RS,moveis_decoracao,10
calibration,2018-03-19,RS,esporte_lazer,10
calibration,2018-03-19,RS,beleza_saude,7
calibration,2018-03-19,RS,informatica_acessorios,14
calibration,2018-03-19,PR,cama_mesa_banho,12
calibration,2018-03-19,PR,moveis_decoracao,8
calibration,2018-03-19,PR,esporte_lazer,10
calibration,2018-03-19,PR,beleza_saude,5
calibration,2018-03-19,PR,informatica_acessorios,5
calibration,2018-03-19,SC,cama_mesa_banho,7
calibration,2018-03-19,SC,moveis_decoracao,8
calibration,2018-03-19,SC,esporte_lazer,6
calibration,2018-03-19,SC,beleza_saude,4
calibration,2018-03-19,SC,informatica_acessorios,8
calibration,2018-03-19,BA,cama_mesa_banho,3
calibration,2018-03-19,BA,moveis_decoracao,0
calibration,2018-03-19,BA,esporte_lazer,3
calibration,2018-03-19,BA,beleza_saude,9
calibration,2018-03-19,BA,informatica_acessorios,2
calibration,2018-03-19,GO,cama_mesa_banho,1
calibration,2018-03-19,GO,moveis_decoracao,3
calibration,2018-03-19,GO,esporte_lazer,2
calibration,2018-03-19,GO,beleza_saude,3
calibration,2018-03-19,GO,informatica_acessorios,3
calibration,2018-03-26,SP,cama_mesa_banho,76
calibration,2018-03-26,SP,moveis_decoracao,46
calibration,2018-03-26,SP,esporte_lazer,67
calibration,2018-03-26,SP,beleza_saude,71
calibration,2018-03-26,SP,informatica_acessorios,74
calibration,2018-03-26,RJ,cama_mesa_banho,24
calibration,2018-03-26,RJ,moveis_decoracao,28
calibration,2018-03-26,RJ,esporte_lazer,15
calibration,2018-03-26,RJ,beleza_saude,11
calibration,2018-03-26,RJ,informatica_acessorios,15
calibration,2018-03-26,MG,cama_mesa_banho,16
calibration,2018-03-26,MG,moveis_decoracao,19
calibration,2018-03-26,MG,esporte_lazer,14
calibration,2018-03-26,MG,beleza_saude,10
calibration,2018-03-26,MG,informatica_acessorios,19
calibration,2018-03-26,RS,cama_mesa_banho,10
calibration,2018-03-26,RS,moveis_decoracao,2
calibration,2018-03-26,RS,esporte_lazer,18
calibration,2018-03-26,RS,beleza_saude,3
calibration,2018-03-26,RS,informatica_acessorios,9
calibration,2018-03-26,PR,cama_mesa_banho,11
calibration,2018-03-26,PR,moveis_decoracao,3
calibration,2018-03-26,PR,esporte_lazer,8
calibration,2018-03-26,PR,beleza_saude,5
calibration,2018-03-26,PR,informatica_acessorios,14
calibration,2018-03-26,SC,cama_mesa_banho,4
calibration,2018-03-26,SC,moveis_decoracao,2
calibration,2018-03-26,SC,esporte_lazer,5
calibration,2018-03-26,SC,beleza_saude,3
calibration,2018-03-26,SC,informatica_acessorios,6
calibration,2018-03-26,BA,cama_mesa_banho,4
calibration,2018-03-26,BA,moveis_decoracao,6
calibration,2018-03-26,BA,esporte_lazer,4
calibration,2018-03-26,BA,beleza_saude,2
calibration,2018-03-26,BA,informatica_acessorios,4
calibration,2018-03-26,GO,cama_mesa_banho,1
calibration,2018-03-26,GO,moveis_decoracao,2
calibration,2018-03-26,GO,esporte_lazer,5
calibration,2018-03-26,GO,beleza_saude,0
calibration,2018-03-26,GO,informatica_acessorios,2
calibration,2018-04-02,SP,cama_mesa_banho,83
calibration,2018-04-02,SP,moveis_decoracao,66
calibration,2018-04-02,SP,esporte_lazer,70
calibration,2018-04-02,SP,beleza_saude,79
calibration,2018-04-02,SP,informatica_acessorios,80
calibration,2018-04-02,RJ,cama_mesa_banho,20
calibration,2018-04-02,RJ,moveis_decoracao,17
calibration,2018-04-02,RJ,esporte_lazer,12
calibration,2018-04-02,RJ,beleza_saude,10
calibration,2018-04-02,RJ,informatica_acessorios,10
calibration,2018-04-02,MG,cama_mesa_banho,19
calibration,2018-04-02,MG,moveis_decoracao,13
calibration,2018-04-02,MG,esporte_lazer,18
calibration,2018-04-02,MG,beleza_saude,14
calibration,2018-04-02,MG,informatica_acessorios,16
calibration,2018-04-02,RS,cama_mesa_banho,11
calibration,2018-04-02,RS,moveis_decoracao,10
calibration,2018-04-02,RS,esporte_lazer,8
calibration,2018-04-02,RS,beleza_saude,4
calibration,2018-04-02,RS,informatica_acessorios,6
calibration,2018-04-02,PR,cama_mesa_banho,6
calibration,2018-04-02,PR,moveis_decoracao,8
calibration,2018-04-02,PR,esporte_lazer,12
calibration,2018-04-02,PR,beleza_saude,4
calibration,2018-04-02,PR,informatica_acessorios,7
calibration,2018-04-02,SC,cama_mesa_banho,4
calibration,2018-04-02,SC,moveis_decoracao,5
calibration,2018-04-02,SC,esporte_lazer,7
calibration,2018-04-02,SC,beleza_saude,3
calibration,2018-04-02,SC,informatica_acessorios,7
calibration,2018-04-02,BA,cama_mesa_banho,2
calibration,2018-04-02,BA,moveis_decoracao,10
calibration,2018-04-02,BA,esporte_lazer,5
calibration,2018-04-02,BA,beleza_saude,8
calibration,2018-04-02,BA,informatica_acessorios,4
calibration,2018-04-02,GO,cama_mesa_banho,5
calibration,2018-04-02,GO,moveis_decoracao,1
calibration,2018-04-02,GO,esporte_lazer,4
calibration,2018-04-02,GO,beleza_saude,4
calibration,2018-04-02,GO,informatica_acessorios,4
calibration,2018-04-09,SP,cama_mesa_banho,83
calibration,2018-04-09,SP,moveis_decoracao,49
calibration,2018-04-09,SP,esporte_lazer,64
calibration,2018-04-09,SP,beleza_saude,87
calibration,2018-04-09,SP,informatica_acessorios,55
calibration,2018-04-09,RJ,cama_mesa_banho,30
calibration,2018-04-09,RJ,moveis_decoracao,14
calibration,2018-04-09,RJ,esporte_lazer,22
calibration,2018-04-09,RJ,beleza_saude,16
calibration,2018-04-09,RJ,informatica_acessorios,7
calibration,2018-04-09,MG,cama_mesa_banho,17
calibration,2018-04-09,MG,moveis_decoracao,17
calibration,2018-04-09,MG,esporte_lazer,12
calibration,2018-04-09,MG,beleza_saude,13
calibration,2018-04-09,MG,informatica_acessorios,18
calibration,2018-04-09,RS,cama_mesa_banho,6
calibration,2018-04-09,RS,moveis_decoracao,8
calibration,2018-04-09,RS,esporte_lazer,8
calibration,2018-04-09,RS,beleza_saude,4
calibration,2018-04-09,RS,informatica_acessorios,4
calibration,2018-04-09,PR,cama_mesa_banho,8
calibration,2018-04-09,PR,moveis_decoracao,10
calibration,2018-04-09,PR,esporte_lazer,9
calibration,2018-04-09,PR,beleza_saude,7
calibration,2018-04-09,PR,informatica_acessorios,3
calibration,2018-04-09,SC,cama_mesa_banho,6
calibration,2018-04-09,SC,moveis_decoracao,9
calibration,2018-04-09,SC,esporte_lazer,8
calibration,2018-04-09,SC,beleza_saude,4
calibration,2018-04-09,SC,informatica_acessorios,2
calibration,2018-04-09,BA,cama_mesa_banho,6
calibration,2018-04-09,BA,moveis_decoracao,2
calibration,2018-04-09,BA,esporte_lazer,4
calibration,2018-04-09,BA,beleza_saude,1
calibration,2018-04-09,BA,informatica_acessorios,3
calibration,2018-04-09,GO,cama_mesa_banho,5
calibration,2018-04-09,GO,moveis_decoracao,4
calibration,2018-04-09,GO,esporte_lazer,3
calibration,2018-04-09,GO,beleza_saude,6
calibration,2018-04-09,GO,informatica_acessorios,3
calibration,2018-04-16,SP,cama_mesa_banho,71
calibration,2018-04-16,SP,moveis_decoracao,68
calibration,2018-04-16,SP,esporte_lazer,57
calibration,2018-04-16,SP,beleza_saude,63
calibration,2018-04-16,SP,informatica_acessorios,61
calibration,2018-04-16,RJ,cama_mesa_banho,23
calibration,2018-04-16,RJ,moveis_decoracao,21
calibration,2018-04-16,RJ,esporte_lazer,17
calibration,2018-04-16,RJ,beleza_saude,20
calibration,2018-04-16,RJ,informatica_acessorios,15
calibration,2018-04-16,MG,cama_mesa_banho,21
calibration,2018-04-16,MG,moveis_decoracao,19
calibration,2018-04-16,MG,esporte_lazer,11
calibration,2018-04-16,MG,beleza_saude,12
calibration,2018-04-16,MG,informatica_acessorios,24
calibration,2018-04-16,RS,cama_mesa_banho,11
calibration,2018-04-16,RS,moveis_decoracao,14
calibration,2018-04-16,RS,esporte_lazer,5
calibration,2018-04-16,RS,beleza_saude,10
calibration,2018-04-16,RS,informatica_acessorios,7
calibration,2018-04-16,PR,cama_mesa_banho,15
calibration,2018-04-16,PR,moveis_decoracao,10
calibration,2018-04-16,PR,esporte_lazer,2
calibration,2018-04-16,PR,beleza_saude,9
calibration,2018-04-16,PR,informatica_acessorios,9
calibration,2018-04-16,SC,cama_mesa_banho,8
calibration,2018-04-16,SC,moveis_decoracao,12
calibration,2018-04-16,SC,esporte_lazer,4
calibration,2018-04-16,SC,beleza_saude,6
calibration,2018-04-16,SC,informatica_acessorios,1
calibration,2018-04-16,BA,cama_mesa_banho,6
calibration,2018-04-16,BA,moveis_decoracao,3
calibration,2018-04-16,BA,esporte_lazer,0
calibration,2018-04-16,BA,beleza_saude,7
calibration,2018-04-16,BA,informatica_acessorios,3
calibration,2018-04-16,GO,cama_mesa_banho,3
calibration,2018-04-16,GO,moveis_decoracao,6
calibration,2018-04-16,GO,esporte_lazer,3
calibration,2018-04-16,GO,beleza_saude,3
calibration,2018-04-16,GO,informatica_acessorios,2
calibration,2018-04-23,SP,cama_mesa_banho,89
calibration,2018-04-23,SP,moveis_decoracao,47
calibration,2018-04-23,SP,esporte_lazer,48
calibration,2018-04-23,SP,beleza_saude,81
calibration,2018-04-23,SP,informatica_acessorios,39
calibration,2018-04-23,RJ,cama_mesa_banho,22
calibration,2018-04-23,RJ,moveis_decoracao,9
calibration,2018-04-23,RJ,esporte_lazer,17
calibration,2018-04-23,RJ,beleza_saude,14
calibration,2018-04-23,RJ,informatica_acessorios,11
calibration,2018-04-23,MG,cama_mesa_banho,8
calibration,2018-04-23,MG,moveis_decoracao,18
calibration,2018-04-23,MG,esporte_lazer,21
calibration,2018-04-23,MG,beleza_saude,18
calibration,2018-04-23,MG,informatica_acessorios,16
calibration,2018-04-23,RS,cama_mesa_banho,9
calibration,2018-04-23,RS,moveis_decoracao,9
calibration,2018-04-23,RS,esporte_lazer,3
calibration,2018-04-23,RS,beleza_saude,4
calibration,2018-04-23,RS,informatica_acessorios,4
calibration,2018-04-23,PR,cama_mesa_banho,4
calibration,2018-04-23,PR,moveis_decoracao,15
calibration,2018-04-23,PR,esporte_lazer,9
calibration,2018-04-23,PR,beleza_saude,8
calibration,2018-04-23,PR,informatica_acessorios,5
calibration,2018-04-23,SC,cama_mesa_banho,11
calibration,2018-04-23,SC,moveis_decoracao,10
calibration,2018-04-23,SC,esporte_lazer,6
calibration,2018-04-23,SC,beleza_saude,9
calibration,2018-04-23,SC,informatica_acessorios,0
calibration,2018-04-23,BA,cama_mesa_banho,2
calibration,2018-04-23,BA,moveis_decoracao,5
calibration,2018-04-23,BA,esporte_lazer,6
calibration,2018-04-23,BA,beleza_saude,9
calibration,2018-04-23,BA,informatica_acessorios,6
calibration,2018-04-23,GO,cama_mesa_banho,4
calibration,2018-04-23,GO,moveis_decoracao,3
calibration,2018-04-23,GO,esporte_lazer,0
calibration,2018-04-23,GO,beleza_saude,2
calibration,2018-04-23,GO,informatica_acessorios,3
test,2018-04-30,SP,cama_mesa_banho,87
test,2018-04-30,SP,moveis_decoracao,47
test,2018-04-30,SP,esporte_lazer,70
test,2018-04-30,SP,beleza_saude,113
test,2018-04-30,SP,informatica_acessorios,47
test,2018-04-30,RJ,cama_mesa_banho,19
test,2018-04-30,RJ,moveis_decoracao,18
test,2018-04-30,RJ,esporte_lazer,18
test,2018-04-30,RJ,beleza_saude,26
test,2018-04-30,RJ,informatica_acessorios,3
test,2018-04-30,MG,cama_mesa_banho,29
test,2018-04-30,MG,moveis_decoracao,16
test,2018-04-30,MG,esporte_lazer,6
test,2018-04-30,MG,beleza_saude,21
test,2018-04-30,MG,informatica_acessorios,13
test,2018-04-30,RS,cama_mesa_banho,9
test,2018-04-30,RS,moveis_decoracao,24
test,2018-04-30,RS,esporte_lazer,8
test,2018-04-30,RS,beleza_saude,10
test,2018-04-30,RS,informatica_acessorios,5
test,2018-04-30,PR,cama_mesa_banho,12
test,2018-04-30,PR,moveis_decoracao,6
test,2018-04-30,PR,esporte_lazer,3
test,2018-04-30,PR,beleza_saude,13
test,2018-04-30,PR,informatica_acessorios,3
test,2018-04-30,SC,cama_mesa_banho,3
test,2018-04-30,SC,moveis_decoracao,7
test,2018-04-30,SC,esporte_lazer,2
test,2018-04-30,SC,beleza_saude,5
test,2018-04-30,SC,informatica_acessorios,5
test,2018-04-30,BA,cama_mesa_banho,9
test,2018-04-30,BA,moveis_decoracao,7
test,2018-04-30,BA,esporte_lazer,3
test,2018-04-30,BA,beleza_saude,9
test,2018-04-30,BA,informatica_acessorios,8
test,2018-04-30,GO,cama_mesa_banho,1
test,2018-04-30,GO,moveis_decoracao,2
test,2018-04-30,GO,esporte_lazer,5
test,2018-04-30,GO,beleza_saude,5
test,2018-04-30,GO,informatica_acessorios,3
test,2018-05-07,SP,cama_mesa_banho,84
test,2018-05-07,SP,moveis_decoracao,76
test,2018-05-07,SP,esporte_lazer,67
test,2018-05-07,SP,beleza_saude,113
test,2018-05-07,SP,informatica_acessorios,39
test,2018-05-07,RJ,cama_mesa_banho,23
test,2018-05-07,RJ,moveis_decoracao,21
test,2018-05-07,RJ,esporte_lazer,11
test,2018-05-07,RJ,beleza_saude,24
test,2018-05-07,RJ,informatica_acessorios,19
test,2018-05-07,MG,cama_mesa_banho,17
test,2018-05-07,MG,moveis_decoracao,18
test,2018-05-07,MG,esporte_lazer,24
test,2018-05-07,MG,beleza_saude,19
test,2018-05-07,MG,informatica_acessorios,21
test,2018-05-07,RS,cama_mesa_banho,13
test,2018-05-07,RS,moveis_decoracao,7
test,2018-05-07,RS,esporte_lazer,8
test,2018-05-07,RS,beleza_saude,8
test,2018-05-07,RS,informatica_acessorios,9
test,2018-05-07,PR,cama_mesa_banho,8
test,2018-05-07,PR,moveis_decoracao,13
test,2018-05-07,PR,esporte_lazer,11
test,2018-05-07,PR,beleza_saude,11
test,2018-05-07,PR,informatica_acessorios,3
test,2018-05-07,SC,cama_mesa_banho,2
test,2018-05-07,SC,moveis_decoracao,4
test,2018-05-07,SC,esporte_lazer,7
test,2018-05-07,SC,beleza_saude,12
test,2018-05-07,SC,informatica_acessorios,9
test,2018-05-07,BA,cama_mesa_banho,3
test,2018-05-07,BA,moveis_decoracao,6
test,2018-05-07,BA,esporte_lazer,4
test,2018-05-07,BA,beleza_saude,14
test,2018-05-07,BA,informatica_acessorios,2
test,2018-05-07,GO,cama_mesa_banho,1
test,2018-05-07,GO,moveis_decoracao,2
test,2018-05-07,GO,esporte_lazer,1
test,2018-05-07,GO,beleza_saude,10
test,2018-05-07,GO,informatica_acessorios,5
test,2018-05-14,SP,cama_mesa_banho,124
test,2018-05-14,SP,moveis_decoracao,71
test,2018-05-14,SP,esporte_lazer,64
test,2018-05-14,SP,beleza_saude,84
test,2018-05-14,SP,informatica_acessorios,63
test,2018-05-14,RJ,cama_mesa_banho,23
test,2018-05-14,RJ,moveis_decoracao,22
test,2018-05-14,RJ,esporte_lazer,20
test,2018-05-14,RJ,beleza_saude,27
test,2018-05-14,RJ,informatica_acessorios,12
test,2018-05-14,MG,cama_mesa_banho,28
test,2018-05-14,MG,moveis_decoracao,16
test,2018-05-14,MG,esporte_lazer,16
test,2018-05-14,MG,beleza_saude,22
test,2018-05-14,MG,informatica_acessorios,14
test,2018-05-14,RS,cama_mesa_banho,11
test,2018-05-14,RS,moveis_decoracao,10
test,2018-05-14,RS,esporte_lazer,7
test,2018-05-14,RS,beleza_saude,4
test,2018-05-14,RS,informatica_acessorios,10
test,2018-05-14,PR,cama_mesa_banho,3
test,2018-05-14,PR,moveis_decoracao,15
test,2018-05-14,PR,esporte_lazer,5
test,2018-05-14,PR,beleza_saude,2
test,2018-05-14,PR,informatica_acessorios,0
test,2018-05-14,SC,cama_mesa_banho,10
test,2018-05-14,SC,moveis_decoracao,12
test,2018-05-14,SC,esporte_lazer,4
test,2018-05-14,SC,beleza_saude,3
test,2018-05-14,SC,informatica_acessorios,3
test,2018-05-14,BA,cama_mesa_banho,4
test,2018-05-14,BA,moveis_decoracao,5
test,2018-05-14,BA,esporte_lazer,1
test,2018-05-14,BA,beleza_saude,4
test,2018-05-14,BA,informatica_acessorios,4
test,2018-05-14,GO,cama_mesa_banho,1
test,2018-05-14,GO,moveis_decoracao,5
test,2018-05-14,GO,esporte_lazer,1
test,2018-05-14,GO,beleza_saude,2
test,2018-05-14,GO,informatica_acessorios,1
test,2018-05-21,SP,cama_mesa_banho,89
test,2018-05-21,SP,moveis_decoracao,43
test,2018-05-21,SP,esporte_lazer,35
test,2018-05-21,SP,beleza_saude,62
test,2018-05-21,SP,informatica_acessorios,30
test,2018-05-21,RJ,cama_mesa_banho,7
test,2018-05-21,RJ,moveis_decoracao,9
test,2018-05-21,RJ,esporte_lazer,1
test,2018-05-21,RJ,beleza_saude,7
test,2018-05-21,RJ,informatica_acessorios,10
test,2018-05-21,MG,cama_mesa_banho,10
test,2018-05-21,MG,moveis_decoracao,7
test,2018-05-21,MG,esporte_lazer,7
test,2018-05-21,MG,beleza_saude,5
test,2018-05-21,MG,informatica_acessorios,5
test,2018-05-21,RS,cama_mesa_banho,8
test,2018-05-21,RS,moveis_decoracao,1
test,2018-05-21,RS,esporte_lazer,0
test,2018-05-21,RS,beleza_saude,1
test,2018-05-21,RS,informatica_acessorios,4
test,2018-05-21,PR,cama_mesa_banho,3
test,2018-05-21,PR,moveis_decoracao,1
test,2018-05-21,PR,esporte_lazer,3
test,2018-05-21,PR,beleza_saude,4
test,2018-05-21,PR,informatica_acessorios,2
test,2018-05-21,SC,cama_mesa_banho,2
test,2018-05-21,SC,moveis_decoracao,3
test,2018-05-21,SC,esporte_lazer,2
test,2018-05-21,SC,beleza_saude,2
test,2018-05-21,SC,informatica_acessorios,6
test,2018-05-21,BA,cama_mesa_banho,4
test,2018-05-21,BA,moveis_decoracao,0
test,2018-05-21,BA,esporte_lazer,0
test,2018-05-21,BA,beleza_saude,4
test,2018-05-21,BA,informatica_acessorios,2
test,2018-05-21,GO,cama_mesa_banho,3
test,2018-05-21,GO,moveis_decoracao,1
test,2018-05-21,GO,esporte_lazer,0
test,2018-05-21,GO,beleza_saude,0
test,2018-05-21,GO,informatica_acessorios,1
test,2018-05-28,SP,cama_mesa_banho,61
test,2018-05-28,SP,moveis_decoracao,45
test,2018-05-28,SP,esporte_lazer,39
test,2018-05-28,SP,beleza_saude,54
test,2018-05-28,SP,informatica_acessorios,29
test,2018-05-28,RJ,cama_mesa_banho,22
test,2018-05-28,RJ,moveis_decoracao,9
test,2018-05-28,RJ,esporte_lazer,6
test,2018-05-28,RJ,beleza_saude,17
test,2018-05-28,RJ,informatica_acessorios,1
test,2018-05-28,MG,cama_mesa_banho,22
test,2018-05-28,MG,moveis_decoracao,6
test,2018-05-28,MG,esporte_lazer,5
test,2018-05-28,MG,beleza_saude,9
test,2018-05-28,MG,informatica_acessorios,4
test,2018-05-28,RS,cama_mesa_banho,11
test,2018-05-28,RS,moveis_decoracao,7
test,2018-05-28,RS,esporte_lazer,9
test,2018-05-28,RS,beleza_saude,4
test,2018-05-28,RS,informatica_acessorios,2
test,2018-05-28,PR,cama_mesa_banho,1
test,2018-05-28,PR,moveis_decoracao,4
test,2018-05-28,PR,esporte_lazer,8
test,2018-05-28,PR,beleza_saude,6
test,2018-05-28,PR,informatica_acessorios,1
test,2018-05-28,SC,cama_mesa_banho,2
test,2018-05-28,SC,moveis_decoracao,2
test,2018-05-28,SC,esporte_lazer,1
test,2018-05-28,SC,beleza_saude,1
test,2018-05-28,SC,informatica_acessorios,2
test,2018-05-28,BA,cama_mesa_banho,2
test,2018-05-28,BA,moveis_decoracao,2
test,2018-05-28,BA,esporte_lazer,1
test,2018-05-28,BA,beleza_saude,6
test,2018-05-28,BA,informatica_acessorios,4
test,2018-05-28,GO,cama_mesa_banho,1
test,2018-05-28,GO,moveis_decoracao,0
test,2018-05-28,GO,esporte_lazer,2
test,2018-05-28,GO,beleza_saude,2
test,2018-05-28,GO,informatica_acessorios,1
test,2018-06-04,SP,cama_mesa_banho,123
test,2018-06-04,SP,moveis_decoracao,23
test,2018-06-04,SP,esporte_lazer,29
test,2018-06-04,SP,beleza_saude,85
test,2018-06-04,SP,informatica_acessorios,49
test,2018-06-04,RJ,cama_mesa_banho,22
test,2018-06-04,RJ,moveis_decoracao,4
test,2018-06-04,RJ,esporte_lazer,2
test,2018-06-04,RJ,beleza_saude,22
test,2018-06-04,RJ,informatica_acessorios,18
test,2018-06-04,MG,cama_mesa_banho,15
test,2018-06-04,MG,moveis_decoracao,9
test,2018-06-04,MG,esporte_lazer,15
test,2018-06-04,MG,beleza_saude,21
test,2018-06-04,MG,informatica_acessorios,11
test,2018-06-04,RS,cama_mesa_banho,15
test,2018-06-04,RS,moveis_decoracao,6
test,2018-06-04,RS,esporte_lazer,1
test,2018-06-04,RS,beleza_saude,5
test,2018-06-04,RS,informatica_acessorios,4
test,2018-06-04,PR,cama_mesa_banho,5
test,2018-06-04,PR,moveis_decoracao,7
test,2018-06-04,PR,esporte_lazer,3
test,2018-06-04,PR,beleza_saude,4
test,2018-06-04,PR,informatica_acessorios,2
test,2018-06-04,SC,cama_mesa_banho,4
test,2018-06-04,SC,moveis_decoracao,4
test,2018-06-04,SC,esporte_lazer,3
test,2018-06-04,SC,beleza_saude,8
test,2018-06-04,SC,informatica_acessorios,7
test,2018-06-04,BA,cama_mesa_banho,1
test,2018-06-04,BA,moveis_decoracao,0
test,2018-06-04,BA,esporte_lazer,6
test,2018-06-04,BA,beleza_saude,6
test,2018-06-04,BA,informatica_acessorios,5
test,2018-06-04,GO,cama_mesa_banho,6
test,2018-06-04,GO,moveis_decoracao,2
test,2018-06-04,GO,esporte_lazer,1
test,2018-06-04,GO,beleza_saude,3
test,2018-06-04,GO,informatica_acessorios,0
test,2018-06-11,SP,cama_mesa_banho,102
test,2018-06-11,SP,moveis_decoracao,40
test,2018-06-11,SP,esporte_lazer,43
test,2018-06-11,SP,beleza_saude,104
test,2018-06-11,SP,informatica_acessorios,31
test,2018-06-11,RJ,cama_mesa_banho,26
test,2018-06-11,RJ,moveis_decoracao,18
test,2018-06-11,RJ,esporte_lazer,20
test,2018-06-11,RJ,beleza_saude,23
test,2018-06-11,RJ,informatica_acessorios,6
test,2018-06-11,MG,cama_mesa_banho,27
test,2018-06-11,MG,moveis_decoracao,8
test,2018-06-11,MG,esporte_lazer,10
test,2018-06-11,MG,beleza_saude,34
test,2018-06-11,MG,informatica_acessorios,9
test,2018-06-11,RS,cama_mesa_banho,3
test,2018-06-11,RS,moveis_decoracao,8
test,2018-06-11,RS,esporte_lazer,4
test,2018-06-11,RS,beleza_saude,5
test,2018-06-11,RS,informatica_acessorios,6
test,2018-06-11,PR,cama_mesa_banho,2
test,2018-06-11,PR,moveis_decoracao,11
test,2018-06-11,PR,esporte_lazer,9
test,2018-06-11,PR,beleza_saude,8
test,2018-06-11,PR,informatica_acessorios,3
test,2018-06-11,SC,cama_mesa_banho,7
test,2018-06-11,SC,moveis_decoracao,1
test,2018-06-11,SC,esporte_lazer,2
test,2018-06-11,SC,beleza_saude,5
test,2018-06-11,SC,informatica_acessorios,4
test,2018-06-11,BA,cama_mesa_banho,4
test,2018-06-11,BA,moveis_decoracao,4
test,2018-06-11,BA,esporte_lazer,4
test,2018-06-11,BA,beleza_saude,3
test,2018-06-11,BA,informatica_acessorios,4
test,2018-06-11,GO,cama_mesa_banho,0
test,2018-06-11,GO,moveis_decoracao,2
test,2018-06-11,GO,esporte_lazer,0
test,2018-06-11,GO,beleza_saude,3
test,2018-06-11,GO,informatica_acessorios,1
test,2018-06-18,SP,cama_mesa_banho,106
test,2018-06-18,SP,moveis_decoracao,35
test,2018-06-18,SP,esporte_lazer,41
test,2018-06-18,SP,beleza_saude,112
test,2018-06-18,SP,informatica_acessorios,43
test,2018-06-18,RJ,cama_mesa_banho,21
test,2018-06-18,RJ,moveis_decoracao,5
test,2018-06-18,RJ,esporte_lazer,19
test,2018-06-18,RJ,beleza_saude,20
test,2018-06-18,RJ,informatica_acessorios,13
test,2018-06-18,MG,cama_mesa_banho,26
test,2018-06-18,MG,moveis_decoracao,8
test,2018-06-18,MG,esporte_lazer,11
test,2018-06-18,MG,beleza_saude,25
test,2018-06-18,MG,informatica_acessorios,13
test,2018-06-18,RS,cama_mesa_banho,7
test,2018-06-18,RS,moveis_decoracao,9
test,2018-06-18,RS,esporte_lazer,6
test,2018-06-18,RS,beleza_saude,11
test,2018-06-18,RS,informatica_acessorios,9
test,2018-06-18,PR,cama_mesa_banho,11
test,2018-06-18,PR,moveis_decoracao,7
test,2018-06-18,PR,esporte_lazer,4
test,2018-06-18,PR,beleza_saude,9
test,2018-06-18,PR,informatica_acessorios,4
test,2018-06-18,SC,cama_mesa_banho,9
test,2018-06-18,SC,moveis_decoracao,6
test,2018-06-18,SC,esporte_lazer,2
test,2018-06-18,SC,beleza_saude,3
test,2018-06-18,SC,informatica_acessorios,6
test,2018-06-18,BA,cama_mesa_banho,1
test,2018-06-18,BA,moveis_decoracao,4
test,2018-06-18,BA,esporte_lazer,3
test,2018-06-18,BA,beleza_saude,5
test,2018-06-18,BA,informatica_acessorios,1
test,2018-06-18,GO,cama_mesa_banho,1
test,2018-06-18,GO,moveis_decoracao,1
test,2018-06-18,GO,esporte_lazer,2
test,2018-06-18,GO,beleza_saude,2
test,2018-06-18,GO,informatica_acessorios,2
test,2018-06-25,SP,cama_mesa_banho,74
test,2018-06-25,SP,moveis_decoracao,54
test,2018-06-25,SP,esporte_lazer,51
test,2018-06-25,SP,beleza_saude,99
test,2018-06-25,SP,informatica_acessorios,45
test,2018-06-25,RJ,cama_mesa_banho,18
test,2018-06-25,RJ,moveis_decoracao,16
test,2018-06-25,RJ,esporte_lazer,7
test,2018-06-25,RJ,beleza_saude,15
test,2018-06-25,RJ,informatica_acessorios,12
test,2018-06-25,MG,cama_mesa_banho,17
test,2018-06-25,MG,moveis_decoracao,12
test,2018-06-25,MG,esporte_lazer,13
test,2018-06-25,MG,beleza_saude,14
test,2018-06-25,MG,informatica_acessorios,16
test,2018-06-25,RS,cama_mesa_banho,12
test,2018-06-25,RS,moveis_decoracao,4
test,2018-06-25,RS,esporte_lazer,2
test,2018-06-25,RS,beleza_saude,9
test,2018-06-25,RS,informatica_acessorios,7
test,2018-06-25,PR,cama_mesa_banho,6
test,2018-06-25,PR,moveis_decoracao,12
test,2018-06-25,PR,esporte_lazer,7
test,2018-06-25,PR,beleza_saude,8
test,2018-06-25,PR,informatica_acessorios,10
test,2018-06-25,SC,cama_mesa_banho,2
test,2018-06-25,SC,moveis_decoracao,4
test,2018-06-25,SC,esporte_lazer,4
test,2018-06-25,SC,beleza_saude,7
test,2018-06-25,SC,informatica_acessorios,2
test,2018-06-25,BA,cama_mesa_banho,11
test,2018-06-25,BA,moveis_decoracao,8
test,2018-06-25,BA,esporte_lazer,2
test,2018-06-25,BA,beleza_saude,7
test,2018-06-25,BA,informatica_acessorios,3
test,2018-06-25,GO,cama_mesa_banho,0
test,2018-06-25,GO,moveis_decoracao,1
test,2018-06-25,GO,esporte_lazer,3
test,2018-06-25,GO,beleza_saude,2
test,2018-06-25,GO,informatica_acessorios,0
test,2018-07-02,SP,cama_mesa_banho,65
test,2018-07-02,SP,moveis_decoracao,48
test,2018-07-02,SP,esporte_lazer,54
test,2018-07-02,SP,beleza_saude,81
test,2018-07-02,SP,informatica_acessorios,37
test,2018-07-02,RJ,cama_mesa_banho,17
test,2018-07-02,RJ,moveis_decoracao,9
test,2018-07-02,RJ,esporte_lazer,7
test,2018-07-02,RJ,beleza_saude,21
test,2018-07-02,RJ,informatica_acessorios,11
test,2018-07-02,MG,cama_mesa_banho,10
test,2018-07-02,MG,moveis_decoracao,6
test,2018-07-02,MG,esporte_lazer,16
test,2018-07-02,MG,beleza_saude,32
test,2018-07-02,MG,informatica_acessorios,6
test,2018-07-02,RS,cama_mesa_banho,7
test,2018-07-02,RS,moveis_decoracao,8
test,2018-07-02,RS,esporte_lazer,1
test,2018-07-02,RS,beleza_saude,6
test,2018-07-02,RS,informatica_acessorios,4
test,2018-07-02,PR,cama_mesa_banho,5
test,2018-07-02,PR,moveis_decoracao,4
test,2018-07-02,PR,esporte_lazer,7
test,2018-07-02,PR,beleza_saude,4
test,2018-07-02,PR,informatica_acessorios,2
test,2018-07-02,SC,cama_mesa_banho,2
test,2018-07-02,SC,moveis_decoracao,4
test,2018-07-02,SC,esporte_lazer,10
test,2018-07-02,SC,beleza_saude,3
test,2018-07-02,SC,informatica_acessorios,4
test,2018-07-02,BA,cama_mesa_banho,4
test,2018-07-02,BA,moveis_decoracao,2
test,2018-07-02,BA,esporte_lazer,1
test,2018-07-02,BA,beleza_saude,3
test,2018-07-02,BA,informatica_acessorios,4
test,2018-07-02,GO,cama_mesa_banho,3
test,2018-07-02,GO,moveis_decoracao,0
test,2018-07-02,GO,esporte_lazer,2
test,2018-07-02,GO,beleza_saude,2
test,2018-07-02,GO,informatica_acessorios,2
test,2018-07-09,SP,cama_mesa_banho,34
test,2018-07-09,SP,moveis_decoracao,13
test,2018-07-09,SP,esporte_lazer,27
test,2018-07-09,SP,beleza_saude,56
test,2018-07-09,SP,informatica_acessorios,23
test,2018-07-09,RJ,cama_mesa_banho,12
test,2018-07-09,RJ,moveis_decoracao,7
test,2018-07-09,RJ,esporte_lazer,9
test,2018-07-09,RJ,beleza_saude,5
test,2018-07-09,RJ,informatica_acessorios,4
test,2018-07-09,MG,cama_mesa_banho,2
test,2018-07-09,MG,moveis_decoracao,6
test,2018-07-09,MG,esporte_lazer,1
test,2018-07-09,MG,beleza_saude,14
test,2018-07-09,MG,informatica_acessorios,7
test,2018-07-09,RS,cama_mesa_banho,6
test,2018-07-09,RS,moveis_decoracao,2
test,2018-07-09,RS,esporte_lazer,2
test,2018-07-09,RS,beleza_saude,7
test,2018-07-09,RS,informatica_acessorios,7
test,2018-07-09,PR,cama_mesa_banho,4
test,2018-07-09,PR,moveis_decoracao,3
test,2018-07-09,PR,esporte_lazer,4
test,2018-07-09,PR,beleza_saude,4
test,2018-07-09,PR,informatica_acessorios,4
test,2018-07-09,SC,cama_mesa_banho,3
test,2018-07-09,SC,moveis_decoracao,3
test,2018-07-09,SC,esporte_lazer,0
test,2018-07-09,SC,beleza_saude,4
test,2018-07-09,SC,informatica_acessorios,5
test,2018-07-09,BA,cama_mesa_banho,6
test,2018-07-09,BA,moveis_decoracao,2
test,2018-07-09,BA,esporte_lazer,2
test,2018-07-09,BA,beleza_saude,6
test,2018-07-09,BA,informatica_acessorios,2
test,2018-07-09,GO,cama_mesa_banho,1
test,2018-07-09,GO,moveis_decoracao,1
test,2018-07-09,GO,esporte_lazer,3
test,2018-07-09,GO,beleza_saude,6
test,2018-07-09,GO,informatica_acessorios,1
test,2018-07-16,SP,cama_mesa_banho,97
test,2018-07-16,SP,moveis_decoracao,47
test,2018-07-16,SP,esporte_lazer,37
test,2018-07-16,SP,beleza_saude,92
test,2018-07-16,SP,informatica_acessorios,36
test,2018-07-16,RJ,cama_mesa_banho,27
test,2018-07-16,RJ,moveis_decoracao,19
test,2018-07-16,RJ,esporte_lazer,11
test,2018-07-16,RJ,beleza_saude,25
test,2018-07-16,RJ,informatica_acessorios,11
test,2018-07-16,MG,cama_mesa_banho,17
test,2018-07-16,MG,moveis_decoracao,8
test,2018-07-16,MG,esporte_lazer,11
test,2018-07-16,MG,beleza_saude,26
test,2018-07-16,MG,informatica_acessorios,16
test,2018-07-16,RS,cama_mesa_banho,11
test,2018-07-16,RS,moveis_decoracao,7
test,2018-07-16,RS,esporte_lazer,1
test,2018-07-16,RS,beleza_saude,15
test,2018-07-16,RS,informatica_acessorios,10
test,2018-07-16,PR,cama_mesa_banho,5
test,2018-07-16,PR,moveis_decoracao,10
test,2018-07-16,PR,esporte_lazer,8
test,2018-07-16,PR,beleza_saude,4
test,2018-07-16,PR,informatica_acessorios,5
test,2018-07-16,SC,cama_mesa_banho,4
test,2018-07-16,SC,moveis_decoracao,7
test,2018-07-16,SC,esporte_lazer,6
test,2018-07-16,SC,beleza_saude,3
test,2018-07-16,SC,informatica_acessorios,2
test,2018-07-16,BA,cama_mesa_banho,1
test,2018-07-16,BA,moveis_decoracao,4
test,2018-07-16,BA,esporte_lazer,9
test,2018-07-16,BA,beleza_saude,14
test,2018-07-16,BA,informatica_acessorios,1
test,2018-07-16,GO,cama_mesa_banho,2
test,2018-07-16,GO,moveis_decoracao,1
test,2018-07-16,GO,esporte_lazer,0
test,2018-07-16,GO,beleza_saude,4
test,2018-07-16,GO,informatica_acessorios,0
test,2018-07-23,SP,cama_mesa_banho,70
test,2018-07-23,SP,moveis_decoracao,43
test,2018-07-23,SP,esporte_lazer,57
test,2018-07-23,SP,beleza_saude,87
test,2018-07-23,SP,informatica_acessorios,50
test,2018-07-23,RJ,cama_mesa_banho,33
test,2018-07-23,RJ,moveis_decoracao,14
test,2018-07-23,RJ,esporte_lazer,16
test,2018-07-23,RJ,beleza_saude,15
test,2018-07-23,RJ,informatica_acessorios,16
test,2018-07-23,MG,cama_mesa_banho,13
test,2018-07-23,MG,moveis_decoracao,19
test,2018-07-23,MG,esporte_lazer,11
test,2018-07-23,MG,beleza_saude,13
test,2018-07-23,MG,informatica_acessorios,14
test,2018-07-23,RS,cama_mesa_banho,7
test,2018-07-23,RS,moveis_decoracao,12
test,2018-07-23,RS,esporte_lazer,9
test,2018-07-23,RS,beleza_saude,4
test,2018-07-23,RS,informatica_acessorios,1
test,2018-07-23,PR,cama_mesa_banho,7
test,2018-07-23,PR,moveis_decoracao,11
test,2018-07-23,PR,esporte_lazer,9
test,2018-07-23,PR,beleza_saude,7
test,2018-07-23,PR,informatica_acessorios,6
test,2018-07-23,SC,cama_mesa_banho,2
test,2018-07-23,SC,moveis_decoracao,5
test,2018-07-23,SC,esporte_lazer,3
test,2018-07-23,SC,beleza_saude,7
test,2018-07-23,SC,informatica_acessorios,5
test,2018-07-23,BA,cama_mesa_banho,1
test,2018-07-23,BA,moveis_decoracao,5
test,2018-07-23,BA,esporte_lazer,2
test,2018-07-23,BA,beleza_saude,5
test,2018-07-23,BA,informatica_acessorios,3
test,2018-07-23,GO,cama_mesa_banho,6
test,2018-07-23,GO,moveis_decoracao,2
test,2018-07-23,GO,esporte_lazer,1
test,2018-07-23,GO,beleza_saude,3
test,2018-07-23,GO,informatica_acessorios,1
test,2018-07-30,SP,cama_mesa_banho,113
test,2018-07-30,SP,moveis_decoracao,76
test,2018-07-30,SP,esporte_lazer,63
test,2018-07-30,SP,beleza_saude,118
test,2018-07-30,SP,informatica_acessorios,66
test,2018-07-30,RJ,cama_mesa_banho,24
test,2018-07-30,RJ,moveis_decoracao,22
test,2018-07-30,RJ,esporte_lazer,24
test,2018-07-30,RJ,beleza_saude,21
test,2018-07-30,RJ,informatica_acessorios,19
test,2018-07-30,MG,cama_mesa_banho,31
test,2018-07-30,MG,moveis_decoracao,9
test,2018-07-30,MG,esporte_lazer,14
test,2018-07-30,MG,beleza_saude,23
test,2018-07-30,MG,informatica_acessorios,21
test,2018-07-30,RS,cama_mesa_banho,8
test,2018-07-30,RS,moveis_decoracao,11
test,2018-07-30,RS,esporte_lazer,3
test,2018-07-30,RS,beleza_saude,8
test,2018-07-30,RS,informatica_acessorios,6
test,2018-07-30,PR,cama_mesa_banho,2
test,2018-07-30,PR,moveis_decoracao,9
test,2018-07-30,PR,esporte_lazer,8
test,2018-07-30,PR,beleza_saude,8
test,2018-07-30,PR,informatica_acessorios,5
test,2018-07-30,SC,cama_mesa_banho,2
test,2018-07-30,SC,moveis_decoracao,1
test,2018-07-30,SC,esporte_lazer,6
test,2018-07-30,SC,beleza_saude,5
test,2018-07-30,SC,informatica_acessorios,1
test,2018-07-30,BA,cama_mesa_banho,6
test,2018-07-30,BA,moveis_decoracao,2
test,2018-07-30,BA,esporte_lazer,5
test,2018-07-30,BA,beleza_saude,4
test,2018-07-30,BA,informatica_acessorios,2
test,2018-07-30,GO,cama_mesa_banho,5
test,2018-07-30,GO,moveis_decoracao,1
test,2018-07-30,GO,esporte_lazer,2
test,2018-07-30,GO,beleza_saude,5
test,2018-07-30,GO,informatica_acessorios,3
test,2018-08-06,SP,cama_mesa_banho,98
test,2018-08-06,SP,moveis_decoracao,58
test,2018-08-06,SP,esporte_lazer,49
test,2018-08-06,SP,beleza_saude,124
test,2018-08-06,SP,informatica_acessorios,62
test,2018-08-06,RJ,cama_mesa_banho,30
test,2018-08-06,RJ,moveis_decoracao,13
test,2018-08-06,RJ,esporte_lazer,14
test,2018-08-06,RJ,beleza_saude,21
test,2018-08-06,RJ,informatica_acessorios,11
test,2018-08-06,MG,cama_mesa_banho,22
test,2018-08-06,MG,moveis_decoracao,8
test,2018-08-06,MG,esporte_lazer,18
test,2018-08-06,MG,beleza_saude,29
test,2018-08-06,MG,informatica_acessorios,17
test,2018-08-06,RS,cama_mesa_banho,8
test,2018-08-06,RS,moveis_decoracao,19
test,2018-08-06,RS,esporte_lazer,7
test,2018-08-06,RS,beleza_saude,9
test,2018-08-06,RS,informatica_acessorios,6
test,2018-08-06,PR,cama_mesa_banho,15
test,2018-08-06,PR,moveis_decoracao,20
test,2018-08-06,PR,esporte_lazer,6
test,2018-08-06,PR,beleza_saude,11
test,2018-08-06,PR,informatica_acessorios,13
test,2018-08-06,SC,cama_mesa_banho,8
test,2018-08-06,SC,moveis_decoracao,11
test,2018-08-06,SC,esporte_lazer,15
test,2018-08-06,SC,beleza_saude,8
test,2018-08-06,SC,informatica_acessorios,2
test,2018-08-06,BA,cama_mesa_banho,2
test,2018-08-06,BA,moveis_decoracao,1
test,2018-08-06,BA,esporte_lazer,4
test,2018-08-06,BA,beleza_saude,15
test,2018-08-06,BA,informatica_acessorios,1
test,2018-08-06,GO,cama_mesa_banho,1
test,2018-08-06,GO,moveis_decoracao,0
test,2018-08-06,GO,esporte_lazer,3
test,2018-08-06,GO,beleza_saude,10
test,2018-08-06,GO,informatica_acessorios,0
test,2018-08-13,SP,cama_mesa_banho,122
test,2018-08-13,SP,moveis_decoracao,59
test,2018-08-13,SP,esporte_lazer,87
test,2018-08-13,SP,beleza_saude,108
test,2018-08-13,SP,informatica_acessorios,54
test,2018-08-13,RJ,cama_mesa_banho,27
test,2018-08-13,RJ,moveis_decoracao,11
test,2018-08-13,RJ,esporte_lazer,18
test,2018-08-13,RJ,beleza_saude,17
test,2018-08-13,RJ,informatica_acessorios,22
test,2018-08-13,MG,cama_mesa_banho,14
test,2018-08-13,MG,moveis_decoracao,19
test,2018-08-13,MG,esporte_lazer,9
test,2018-08-13,MG,beleza_saude,22
test,2018-08-13,MG,informatica_acessorios,14
test,2018-08-13,RS,cama_mesa_banho,10
test,2018-08-13,RS,moveis_decoracao,5
test,2018-08-13,RS,esporte_lazer,8
test,2018-08-13,RS,beleza_saude,9
test,2018-08-13,RS,informatica_acessorios,6
test,2018-08-13,PR,cama_mesa_banho,6
test,2018-08-13,PR,moveis_decoracao,6
test,2018-08-13,PR,esporte_lazer,4
test,2018-08-13,PR,beleza_saude,14
test,2018-08-13,PR,informatica_acessorios,4
test,2018-08-13,SC,cama_mesa_banho,9
test,2018-08-13,SC,moveis_decoracao,2
test,2018-08-13,SC,esporte_lazer,2
test,2018-08-13,SC,beleza_saude,12
test,2018-08-13,SC,informatica_acessorios,3
test,2018-08-13,BA,cama_mesa_banho,5
test,2018-08-13,BA,moveis_decoracao,2
test,2018-08-13,BA,esporte_lazer,3
test,2018-08-13,BA,beleza_saude,6
test,2018-08-13,BA,informatica_acessorios,3
test,2018-08-13,GO,cama_mesa_banho,8
test,2018-08-13,GO,moveis_decoracao,3
test,2018-08-13,GO,esporte_lazer,4
test,2018-08-13,GO,beleza_saude,9
test,2018-08-13,GO,informatica_acessorios,2
test,2018-08-20,SP,cama_mesa_banho,78
test,2018-08-20,SP,moveis_decoracao,38
test,2018-08-20,SP,esporte_lazer,53
test,2018-08-20,SP,beleza_saude,73
test,2018-08-20,SP,informatica_acessorios,34
test,2018-08-20,RJ,cama_mesa_banho,5
test,2018-08-20,RJ,moveis_decoracao,7
test,2018-08-20,RJ,esporte_lazer,6
test,2018-08-20,RJ,beleza_saude,21
test,2018-08-20,RJ,informatica_acessorios,5
test,2018-08-20,MG,cama_mesa_banho,11
test,2018-08-20,MG,moveis_decoracao,8
test,2018-08-20,MG,esporte_lazer,4
test,2018-08-20,MG,beleza_saude,20
test,2018-08-20,MG,informatica_acessorios,5
test,2018-08-20,RS,cama_mesa_banho,0
test,2018-08-20,RS,moveis_decoracao,1
test,2018-08-20,RS,esporte_lazer,1
test,2018-08-20,RS,beleza_saude,5
test,2018-08-20,RS,informatica_acessorios,2
test,2018-08-20,PR,cama_mesa_banho,4
test,2018-08-20,PR,moveis_decoracao,4
test,2018-08-20,PR,esporte_lazer,6
test,2018-08-20,PR,beleza_saude,6
test,2018-08-20,PR,informatica_acessorios,4
test,2018-08-20,SC,cama_mesa_banho,1
test,2018-08-20,SC,moveis_decoracao,2
test,2018-08-20,SC,esporte_lazer,4
test,2018-08-20,SC,beleza_saude,3
test,2018-08-20,SC,informatica_acessorios,2
test,2018-08-20,BA,cama_mesa_banho,1
test,2018-08-20,BA,moveis_decoracao,0
test,2018-08-20,BA,esporte_lazer,1
test,2018-08-20,BA,beleza_saude,2
test,2018-08-20,BA,informatica_acessorios,1
test,2018-08-20,GO,cama_mesa_banho,1
test,2018-08-20,GO,moveis_decoracao,0
test,2018-08-20,GO,esporte_lazer,0
test,2018-08-20,GO,beleza_saude,2
test,2018-08-20,GO,informatica_acessorios,0
