iteration,elapsed_time,lower_bound,upper_bound,gap,master_time,subproblem_time,core_point_stage1_runtime,core_point_stage2_runtime,cuts_added_total,adversarial_pattern
1,0.030185800045728683,0.0,1127941.8335714287,1.0,0.00028929999098181725,0.022748599993065,0.0,0.0,1,"[[0, 6], [2, 7]]"
2,0.08605769998393953,31207.757764582693,993072.1250916738,0.9685745305138821,0.003539999946951866,0.03160009998828173,0.00871339999139309,0.008985399967059493,2,"[[0, 6], [2, 7]]"
3,0.15681129996664822,33156.997135846424,993072.1250916738,0.9666116928488093,0.005601599812507629,0.03528559999540448,0.012301200069487095,0.012202800018712878,3,"[[0, 6], [2, 7]]"
4,0.23959809984080493,56738.2372285672,696483.4039638,0.9185361246145124,0.008116699988022447,0.04392840014770627,0.017154600005596876,0.009123000083491206,4,"[[2, 7], [4, 6]]"
5,0.2928500999696553,56738.2372285672,693461.9071039963,0.9181811767202688,0.0036768000572919846,0.028847499983385205,0.008641599910333753,0.0088361999951303,5,"[[2, 7], [4, 6]]"
6,0.35000390000641346,56894.91451917697,683992.3361229376,0.9168193684132875,0.007491800002753735,0.023511100094765425,0.008562600007280707,0.014042299939319491,6,"[[2, 7], [4, 6]]"
7,0.40833349991589785,57792.41116121287,646130.3806060803,0.9105561154592319,0.007332999957725406,0.027776699978858232,0.008809700142592192,0.01119029987603426,7,"[[2, 7], [4, 6]]"
8,0.4674593999516219,69910.54213347896,367558.9877597187,0.8097977618243387,0.0044674999080598354,0.03207150008529425,0.009192900033667684,0.010018299799412489,8,"[[2, 7], [4, 6]]"
9,0.5289455000311136,73121.87808994722,243473.04357211565,0.6996715652084546,0.007863899925723672,0.03054639999754727,0.008722499944269657,0.010670199990272522,9,"[[0, 6], [4, 6]]"
10,0.5874497999902815,73121.87808994722,243473.04357211565,0.6996715652084546,0.004751799860969186,0.03142719995230436,0.009045499842613935,0.009894700022414327,10,"[[4, 5], [11, 5]]"
11,0.6492868999484926,73121.87808994722,241753.17620378197,0.6975349849041474,0.00907779997214675,0.029832999920472503,0.008923700079321861,0.010619699954986572,11,"[[0, 6], [10, 6]]"
12,0.7095130998641253,73121.87808994722,237031.74431377935,0.6915101886389129,0.005640000104904175,0.02746180002577603,0.013969799969345331,0.009944799821823835,12,"[[7, 5], [11, 5]]"
13,0.7776297000236809,73981.12495878765,224281.13684570353,0.6701411184227959,0.013649699976667762,0.03219359996728599,0.008542399853467941,0.010167900007218122,13,"[[10, 6], [11, 5]]"
14,0.8326496998779476,75646.90853732965,224281.13684570353,0.6627139062997898,0.005207400070503354,0.027836500201374292,0.00872649997472763,0.009991900064051151,14,"[[0, 6], [4, 6]]"
15,0.888518099905923,77032.93532507893,224281.13684570353,0.6565340429049344,0.008221900090575218,0.023225799901410937,0.010120199993252754,0.010393200209364295,15,"[[0, 6], [4, 6]]"
16,0.9438008000142872,77032.93532507893,224281.13684570353,0.6565340429049344,0.0059274001978337765,0.02445830008946359,0.010407500201836228,0.010729299858212471,16,"[[0, 6], [4, 6]]"
17,1.0008699998725206,77561.46861958489,224281.13684570353,0.654177476936261,0.012356500141322613,0.021327099995687604,0.008540400071069598,0.011018899967893958,17,"[[2, 7], [11, 7]]"
18,1.073005300015211,78042.22874404315,171044.52488615003,0.5437315003447827,0.009599999990314245,0.03736350010149181,0.00881420006044209,0.012519099982455373,18,"[[0, 6], [2, 6]]"
19,1.1550686999689788,78042.22874404315,171044.52488615003,0.5437315003447827,0.00851770001463592,0.04894299991428852,0.008929800009354949,0.011747600045055151,19,"[[2, 7], [11, 7]]"
20,1.2127972999587655,79772.02596246274,171044.52488615003,0.5336183603914813,0.007983499905094504,0.02576049999333918,0.009544000029563904,0.011522999964654446,20,"[[4, 6], [10, 6]]"
21,1.3127353000454605,80906.4655061238,164764.31559394093,0.5089563828522402,0.008484199875965714,0.05933580012060702,0.010767099913209677,0.01664140005595982,21,"[[0, 6], [11, 6]]"
22,1.3773546998854727,81726.17881194336,164764.31559394093,0.5039813170871522,0.009439399931579828,0.031158100115135312,0.008808800019323826,0.011126999976113439,22,"[[7, 1], [7, 5]]"
23,1.436668099835515,84475.46132662533,164764.31559394093,0.4872951644771567,0.013228399911895394,0.020865699974820018,0.008286800002679229,0.013864799868315458,23,"[[6, 5], [11, 5]]"
24,1.505545999854803,84586.2160937895,164764.31559394093,0.4866229632983704,0.012863599928095937,0.03051079995930195,0.008467599982395768,0.013414900051429868,24,"[[11, 0]]"
25,1.573094499995932,87887.52913349854,141380.44594385044,0.37836149442898726,0.017227099975571036,0.02779500000178814,0.008285100106149912,0.011353400070220232,25,"[[0, 6], [11, 6]]"
26,1.6381222000345588,95178.09654272694,141380.44594385044,0.32679448061348504,0.011664899997413158,0.02997379982843995,0.008654100121930242,0.011921199969947338,26,"[[4, 5], [11, 5]]"
27,1.7129791998304427,97318.28025401669,141380.44594385044,0.31165671741715356,0.01621449994854629,0.03371970006264746,0.009590900037437677,0.011605000123381615,27,"[[2, 7], [11, 7]]"
28,1.7752636999357492,97318.28025401669,141380.44594385044,0.31165671741715356,0.009030499961227179,0.029583700001239777,0.008443500148132443,0.012395699974149466,28,"[[0, 6], [2, 7]]"
29,1.838923200033605,97519.70808863337,141380.44594385044,0.3102319953965661,0.008241400122642517,0.031506899977102876,0.008389199851080775,0.012788899941369891,29,"[[0, 6], [2, 7]]"
30,1.89988199993968,98370.71124193432,141380.44594385044,0.3042127531483211,0.01183520001359284,0.02474709996022284,0.008502900134772062,0.01137880003079772,30,"[[2, 7], [11, 7]]"
31,1.9768311998341233,100595.70420762469,139609.45574863127,0.27944920587077837,0.01840579998679459,0.035259899916127324,0.008179099997505546,0.012181000085547566,31,"[[0, 6], [10, 6]]"
32,2.045441099908203,101828.07962896336,138256.49025982182,0.26348427160561866,0.008991100126877427,0.03603109996765852,0.008290400030091405,0.012203199788928032,32,"[[2, 7], [11, 7]]"
33,2.1242597999516875,102591.35096791048,138256.49025982182,0.25796358076851783,0.008308699820190668,0.046832900028675795,0.008838600013405085,0.011975499801337719,33,"[[0, 6], [7, 1]]"
34,2.2064169999212027,104422.01804873253,137514.26722722902,0.2406459332966139,0.006339899962767959,0.04537110007368028,0.008816900197416544,0.01862390013411641,34,"[[0, 6], [11, 0]]"
35,2.3103032000362873,106421.42679533582,136027.71682768728,0.21764895216064786,0.007416600128635764,0.07177309994585812,0.008505100151523948,0.012934800004586577,35,"[[2, 7], [11, 0]]"
36,2.371220499975607,106421.42679533582,136027.71682768728,0.21764895216064786,0.008737399941310287,0.028819300001487136,0.008227299898862839,0.012454999843612313,36,"[[6, 5], [11, 5]]"
37,2.4356807998847216,106954.3754143041,136027.71682768728,0.2137310107925413,0.006472900044173002,0.034169699996709824,0.008488199906423688,0.012183699989691377,37,"[[2, 7], [11, 7]]"
38,2.4992338998708874,107336.0343785578,135241.50426660836,0.2063380619683075,0.006962200161069632,0.0338000999763608,0.00811139983125031,0.011813299963250756,38,"[[7, 1], [11, 6]]"
39,2.5890744000207633,107700.73423253704,135131.3398703899,0.20299218274726422,0.006491500185802579,0.059356800047680736,0.008486599894240499,0.012510600034147501,39,"[[0, 6], [7, 1]]"
40,2.688740599900484,108056.29371454174,130408.69870612441,0.1714027147986021,0.007620299933478236,0.06848190003074706,0.008287100121378899,0.012068600161001086,40,"[[0, 6], [10, 6]]"
41,2.753876999951899,108283.58048169783,130408.69870612441,0.16965983438179583,0.006849499884992838,0.03234330005943775,0.009561100043356419,0.013141500065103173,41,"[[7, 1], [11, 7]]"
42,2.903439400019124,108283.58048169783,128760.85877934376,0.1590334088462212,0.009291899856179953,0.11479100002907217,0.008617399958893657,0.012639299966394901,42,"[[11, 0], [11, 5]]"
43,3.0111678999383003,108480.21751471506,128760.85877934376,0.1575062597196827,0.008730700006708503,0.07469639996998012,0.008562100119888783,0.012652500066906214,43,"[[2, 7], [11, 7]]"
44,3.072641799924895,108480.21751471506,128760.85877934376,0.1575062597196827,0.006736100185662508,0.03154630004428327,0.008220299845561385,0.012164399959146976,44,"[[0, 6], [4, 6]]"
45,3.169956299941987,108564.72625073827,126145.8029812274,0.13937107945720154,0.0070009001065045595,0.06756020011380315,0.008591099875047803,0.01084420015104115,45,"[[0, 6], [4, 6]]"
46,3.2923665000125766,108771.8369626493,126145.8029812274,0.13772924352595103,0.007231199881061912,0.09090059995651245,0.008920499822124839,0.012188899796456099,46,"[[2, 7], [11, 0]]"
47,3.3909393998328596,108846.1440719414,126145.8029812274,0.13714018620072907,0.01078739995136857,0.061386399902403355,0.009537200210615993,0.013079300057142973,47,"[[0, 6], [4, 6]]"
48,3.479768799850717,108846.1440719414,125889.60848430419,0.13538420380811464,0.008432400180026889,0.057327100075781345,0.008864500094205141,0.010943599976599216,48,"[[0, 6], [11, 6]]"
49,3.5784352999180555,108846.1440719414,125219.19688949015,0.13075513359184443,0.007779200095683336,0.06305660004727542,0.014327300013974309,0.010521600022912025,49,"[[0, 6], [10, 6]]"
50,3.6807895998936146,108846.1440719414,125219.19688949015,0.13075513359184443,0.008030700031667948,0.07049680012278259,0.008384800050407648,0.012154599884524941,50,"[[2, 7], [11, 5]]"
51,3.755788499955088,108846.1440719414,125219.19688949015,0.13075513359184443,0.008349800016731024,0.04210099996998906,0.008619700092822313,0.012526800157502294,51,"[[0, 6], [10, 6]]"
52,3.823991899844259,108846.1440719414,125219.19688949015,0.13075513359184443,0.009119800059124827,0.03501010010950267,0.008529399987310171,0.012545900186523795,52,"[[2, 7], [10, 6]]"
53,3.893203099956736,108846.1440719414,125219.19688949015,0.13075513359184443,0.009262300096452236,0.03513790015131235,0.008562099887058139,0.013258200138807297,53,"[[0, 6], [4, 6]]"
54,3.958618100034073,108846.1440719414,125219.19688949015,0.13075513359184443,0.007930299965664744,0.0333595999982208,0.008505100151523948,0.01259090006351471,54,"[[0, 6], [10, 6]]"
55,4.025346299866214,108885.9061829187,125219.19688949015,0.13043759353436912,0.008299200097098947,0.0355320000089705,0.008258200017735362,0.01178640010766685,55,"[[0, 6], [10, 6]]"
56,4.089428599923849,108885.9061829187,125219.19688949015,0.13043759353436912,0.009548700181767344,0.02915080008096993,0.009046700084581971,0.012840399984270334,56,"[[0, 6], [10, 6]]"
57,4.184031100012362,108992.57591880027,125118.14838710721,0.12888276142335078,0.0098946001380682,0.059214199893176556,0.008748900145292282,0.012261299882084131,57,"[[2, 7], [7, 1]]"
58,4.267908799927682,109197.67331250725,123861.34714510402,0.11838781161824621,0.010307400021702051,0.049475899897515774,0.008376499870792031,0.012749100103974342,58,"[[10, 6], [11, 6]]"
59,4.3813871999736875,109722.46303964546,123861.34714510402,0.11415089881829567,0.01296860002912581,0.07602969999425113,0.00864639994688332,0.012730699963867664,59,"[[0, 6], [4, 6]]"
60,4.51490950002335,109728.66165877189,123861.34714510402,0.11410085399584458,0.009441700065508485,0.10009469999931753,0.008428000146523118,0.012215200113132596,60,"[[0, 6], [4, 6]]"
61,4.663318499922752,109921.4225638085,123861.34714510402,0.11254459040369427,0.010463099926710129,0.11312590003944933,0.008862700080499053,0.012735500000417233,61,"[[11, 0], [11, 5]]"
62,4.767710099928081,109954.41936736318,123861.34714510402,0.11227818926794672,0.010574099840596318,0.0702783998567611,0.00829089991748333,0.012062099995091558,62,"[[4, 5], [11, 5]]"
63,4.841604099841788,110060.25654300053,123861.34714510402,0.11142370820442847,0.010059100110083818,0.039842400001361966,0.009006300009787083,0.01203370001167059,63,"[[0, 6], [4, 6]]"
64,4.968393299961463,110188.55030432157,123861.34714510402,0.11038792291484381,0.010385100031271577,0.09110219986177981,0.008531800005584955,0.013435499975457788,64,"[[0, 6], [4, 6]]"
65,5.072821599896997,110385.21442875668,123861.34714510402,0.10880014651027498,0.01035319990478456,0.06969180004671216,0.008408800000324845,0.012545999838039279,65,"[[0, 6], [2, 7]]"
66,5.1863152999430895,110408.26381165953,123861.34714510402,0.10861405630994918,0.010471400106325746,0.07497800001874566,0.008370600175112486,0.016560900025069714,66,"[[0, 6], [2, 7]]"
67,5.319809899898246,110517.49354086036,123861.34714510402,0.10773218531695192,0.011052499990910292,0.09692450007423759,0.008778000017628074,0.011373199988156557,67,"[[2, 7], [11, 7]]"
68,5.4498089998960495,110568.5450637597,123295.9947576675,0.10322678947457307,0.011411699932068586,0.09027769998647273,0.011202499968931079,0.013196000130847096,68,"[[2, 7], [11, 0]]"
69,5.570922399871051,110590.30876622116,123295.9947576675,0.10305027358284242,0.011644999962300062,0.08395610004663467,0.009427800076082349,0.012320100096985698,69,"[[0, 6], [2, 7]]"
70,5.700330300023779,110735.16550595102,123142.91816183312,0.1007589623592967,0.011809400049969554,0.09349050000309944,0.008823500014841557,0.011875399854034185,70,"[[0, 6], [2, 7]]"
71,5.803458399837837,110879.89294320285,123142.91816183312,0.0995836821287143,0.011619700118899345,0.06726159993559122,0.00853130011819303,0.012357699917629361,71,"[[0, 6], [11, 0]]"
72,5.913147399900481,111430.41617768962,123142.91816183312,0.09511307803142242,0.010596100008115172,0.07377939997240901,0.00834880000911653,0.01364689995534718,72,"[[2, 7], [11, 0]]"
73,6.043251099996269,111430.41617768962,123142.91816183312,0.09511307803142242,0.014129699906334281,0.09267419995740056,0.00866859988309443,0.011498600011691451,73,"[[2, 7], [11, 0]]"
74,6.142152999993414,111449.4891156472,123142.91816183312,0.09495819346118255,0.010718199890106916,0.06425219983793795,0.008727299980819225,0.011983499862253666,74,"[[2, 7], [7, 1]]"
75,6.262090399861336,111572.01623617709,123142.91816183312,0.09396319413553016,0.010864899959415197,0.08373910002410412,0.008817499969154596,0.013144399970769882,75,"[[0, 6], [4, 6]]"
76,6.392117299837992,111670.28588334372,122714.179258847,0.08999688090002912,0.011696700006723404,0.09253649995662272,0.008558300090953708,0.012040599947795272,76,"[[0, 6], [2, 7]]"
77,6.5379522000439465,111782.58660314178,122714.179258847,0.08908174036389613,0.012759200064465404,0.10874720010906458,0.008546500001102686,0.012544200057163835,77,"[[2, 7], [11, 5]]"
78,6.623872200027108,112126.89511825892,122714.179258847,0.08627596423275424,0.012257799971848726,0.049024000065401196,0.009009400149807334,0.01245859987102449,78,"[[0, 6], [10, 6]]"
79,6.734819900011644,112126.89511825892,121248.85076668765,0.07523333698215084,0.01197430002503097,0.0705568001139909,0.011591400019824505,0.013154299929738045,79,"[[0, 6], [2, 7]]"
80,6.832131400005892,112126.89511825892,121248.85076668765,0.07523333698215084,0.012518499977886677,0.06202870002016425,0.008397399913519621,0.011008300120010972,80,"[[0, 6], [2, 7]]"
81,6.926095299888402,112126.89511825892,121248.85076668765,0.07523333698215084,0.012169199995696545,0.05398539989255369,0.014320200076326728,0.010274500120431185,81,"[[0, 6], [2, 7]]"
82,7.016990799922496,112126.89511825892,121248.85076668765,0.07523333698215084,0.012051600031554699,0.05711159994825721,0.008355099940672517,0.010032899910584092,82,"[[0, 6], [2, 7]]"
83,7.1204635999165475,112126.89511825892,121248.85076668765,0.07523333698215084,0.014480200130492449,0.06502459989860654,0.00839820015244186,0.012382799992337823,83,"[[0, 6], [7, 1]]"
84,7.246817899867892,112211.52108653284,121248.85076668765,0.07453538423671197,0.012734999880194664,0.0891189998947084,0.008491500047966838,0.01260890020057559,84,"[[0, 6], [2, 7]]"
85,7.374287500046194,112574.11275397433,121248.85076668765,0.07154490915056698,0.01251189992763102,0.09197830012999475,0.008565600030124187,0.01108530000783503,85,"[[0, 6], [2, 7]]"
86,7.530428000027314,112623.5455701062,121248.85076668765,0.07113721195740355,0.013011600123718381,0.11677620001137257,0.008749299915507436,0.01227080007083714,86,"[[0, 6], [11, 0]]"
87,7.649746099952608,112623.5455701062,121248.85076668765,0.07113721195740355,0.013794400030747056,0.08151070005260408,0.008529899874702096,0.012234299909323454,87,"[[2, 7], [7, 1]]"
88,7.735442699864507,112797.67211922836,121248.85076668765,0.06970110309516601,0.014142399886623025,0.041992600075900555,0.00870450004003942,0.01778720016591251,88,"[[0, 6], [2, 7]]"
89,7.866865399992093,112797.67211922836,121236.24836096722,0.06960439930980011,0.015696100192144513,0.08990429993718863,0.009928399929776788,0.012044800212606788,89,"[[2, 7], [11, 0]]"
90,7.993583800038323,112797.67211922836,120673.27009971961,0.06526381504357318,0.013817899860441685,0.08963410020805895,0.00863769999705255,0.011370199965313077,90,"[[0, 6], [11, 0]]"
91,8.137742899823934,112797.67211922836,120673.27009971961,0.06526381504357318,0.014077800093218684,0.10618310002610087,0.008936800062656403,0.011359400115907192,91,"[[0, 6], [2, 7]]"
92,8.246798399835825,112840.47124963319,120673.27009971961,0.06490914552670779,0.013898999895900488,0.0721340999007225,0.008695299969986081,0.01123479986563325,92,"[[0, 6], [7, 1]]"
93,8.336332499980927,112917.12366884857,120673.27009971961,0.06427393924488554,0.014212300069630146,0.051753300009295344,0.008584300056099892,0.011611100053414702,93,"[[0, 6], [2, 7]]"
94,8.459184400038794,112935.01869626078,120673.27009971961,0.06412564602802459,0.014557800022885203,0.08312510000541806,0.009408799931406975,0.012378699844703078,94,"[[0, 6], [2, 7]]"
95,8.60241139982827,113079.87756135334,120673.27009971961,0.06292522388836727,0.01554060005582869,0.10321729979477823,0.008846699958667159,0.012365699978545308,95,"[[0, 6], [11, 0]]"
96,8.741352499928325,113079.87756135334,119957.58479331246,0.05733449238586663,0.015146800084039569,0.0981253997888416,0.008773099863901734,0.011294799856841564,96,"[[0, 6], [2, 7]]"
97,8.892245299881324,113241.46271704871,119957.58479331246,0.0559874733042989,0.016689099837094545,0.11054529994726181,0.008567299926653504,0.01189010008238256,97,"[[0, 6], [11, 0]]"
98,9.021324899978936,113268.0034235152,119957.58479331246,0.05576622254710651,0.016386300092563033,0.08840129990130663,0.008834199979901314,0.012128900038078427,98,"[[0, 6], [2, 7]]"
99,9.157987399958074,113334.97690220804,119957.58479331246,0.05520791288450167,0.02227099984884262,0.09076399984769523,0.008777900133281946,0.011494900099933147,99,"[[0, 6], [2, 7]]"
100,9.287432000041008,113375.63385081297,119957.58479331246,0.054868985182056025,0.01610319991596043,0.08942630002275109,0.008527599973604083,0.012180399848148227,100,"[[0, 6], [10, 6]]"
101,9.417757999850437,113521.7502596193,119957.58479331246,0.0536509179038753,0.016860799863934517,0.08822689997032285,0.00896779983304441,0.01257440005429089,101,"[[0, 6], [2, 7]]"
102,9.539598200004548,113580.91474706537,119754.17537448398,0.05154943957581581,0.017069300170987844,0.08027959987521172,0.008841099916025996,0.01205869996920228,102,"[[0, 6], [10, 6]]"
103,9.679876999929547,113610.55560788822,119474.139461482,0.049078268150943044,0.016306599834933877,0.0942293000407517,0.014582199975848198,0.011660100193694234,103,"[[2, 7], [11, 0]]"
104,9.792231699917465,113739.0894090035,119474.139461482,0.04800243867274273,0.020255199866369367,0.06791940005496144,0.00837369984947145,0.012499700067564845,104,"[[0, 6], [7, 1]]"
105,9.93819410004653,113821.80914339646,119474.139461482,0.047310073490069646,0.03364260005764663,0.0874201999977231,0.008748600026592612,0.01133989985100925,105,"[[0, 6], [7, 1]]"
106,10.11852109991014,114001.12961393046,119474.139461482,0.045809158971310424,0.045238699996843934,0.10964729986153543,0.008566299919039011,0.013308400055393577,106,"[[0, 6], [11, 0]]"
107,10.240222200052813,114001.12961393046,119474.139461482,0.045809158971310424,0.015662299934774637,0.08222900005057454,0.008464699843898416,0.012198599986732006,107,"[[11, 0], [11, 5]]"
108,10.36331559997052,114001.12961393046,119474.139461482,0.045809158971310424,0.016270200023427606,0.08387609990313649,0.008777400013059378,0.011042900150641799,108,"[[0, 6], [11, 0]]"
109,10.4883287998382,114001.12961393046,119474.139461482,0.045809158971310424,0.01643499988131225,0.08478869986720383,0.009059000061824918,0.011502800043672323,109,"[[7, 1], [11, 0]]"
110,10.661463999887928,114001.12961393046,119474.139461482,0.045809158971310424,0.017705699894577265,0.1314206998795271,0.008427999913692474,0.012107300106436014,110,"[[2, 7], [11, 0]]"
111,10.82836309983395,114001.12961393046,119474.139461482,0.045809158971310424,0.016166300047188997,0.1248081000521779,0.008962299907580018,0.01345740002579987,111,"[[0, 6], [11, 0]]"
112,10.949811599915847,114001.12961393046,119474.139461482,0.045809158971310424,0.017185600008815527,0.07816519984044135,0.0087697000708431,0.013571100076660514,112,"[[0, 6], [11, 0]]"
113,11.05885099992156,114001.12961393046,119474.139461482,0.045809158971310424,0.019105599960312247,0.06597950006835163,0.008712799986824393,0.011738999979570508,113,"[[2, 7], [11, 7]]"
114,11.184469799976796,114001.12961393046,119474.139461482,0.045809158971310424,0.018188499845564365,0.0807417999021709,0.009219100000336766,0.01227840012870729,114,"[[0, 6], [10, 6]]"
115,11.340264299884439,114578.8898358106,119474.139461482,0.040973298889084,0.04765839991159737,0.08309329999610782,0.008697000099346042,0.01302449987269938,115,"[[0, 6], [4, 6]]"
116,11.476361299864948,114578.8898358106,119474.139461482,0.040973298889084,0.019342599902302027,0.09157359995879233,0.008513099979609251,0.01332110003568232,116,"[[2, 7], [11, 0]]"
117,11.618810900021344,114578.8898358106,119474.139461482,0.040973298889084,0.018420400097966194,0.09797800006344914,0.00896809995174408,0.013546499889343977,117,"[[2, 7], [11, 0]]"
118,11.77268739999272,114578.8898358106,119474.139461482,0.040973298889084,0.018411000026389956,0.111181799788028,0.008478600066155195,0.012443100102245808,118,"[[7, 1], [11, 0]]"
119,11.92558449995704,114578.8898358106,119474.139461482,0.040973298889084,0.01866649999283254,0.10927229980006814,0.008614300051704049,0.012933799996972084,119,"[[11, 0], [11, 5]]"
120,12.07462970004417,114578.8898358106,119474.139461482,0.040973298889084,0.02127150003798306,0.10198660008609295,0.009081699885427952,0.013130999868735671,120,"[[0, 6], [11, 0]]"
121,12.229062699945644,114700.53262860377,119474.139461482,0.03995514723432864,0.04592570010572672,0.0831379999872297,0.00915660010650754,0.012827900005504489,121,"[[7, 1], [11, 0]]"
122,12.41065079998225,114715.89689108708,119474.139461482,0.0398265481705266,0.04964910005219281,0.10648329998366535,0.008737999945878983,0.012349599972367287,122,"[[11, 0], [11, 5]]"
123,12.590913999825716,114715.89689108708,119474.139461482,0.0398265481705266,0.0535816999617964,0.10299309995025396,0.008526699850335717,0.011798999970778823,123,"[[0, 6], [7, 1]]"
124,12.758079299936071,114749.5049514761,119474.139461482,0.03954524829642402,0.054610100109130144,0.08738410007208586,0.00851159985177219,0.013196500018239021,124,"[[0, 6], [11, 0]]"
125,12.925377700012177,114749.5049514761,119474.139461482,0.03954524829642402,0.04562720004469156,0.09060130012221634,0.00851770001463592,0.019092899980023503,125,"[[0, 6], [11, 0]]"
126,13.090449299896136,114961.56990836954,119474.139461482,0.03777026202869032,0.06135490001179278,0.07906429981812835,0.00848509999923408,0.01268839999102056,126,"[[2, 7], [7, 1]]"
127,13.252968299901113,114961.56990836954,119474.139461482,0.03777026202869032,0.024156700121238828,0.11286089988425374,0.00896250014193356,0.01302940002642572,127,"[[0, 6], [4, 6]]"
128,13.398848199984059,114961.56990836954,119474.139461482,0.03777026202869032,0.020185899920761585,0.099055300001055,0.010020799934864044,0.012753099901601672,128,"[[0, 6], [11, 0]]"
129,13.569612100021914,114961.56990836954,119474.139461482,0.03777026202869032,0.036047100089490414,0.10993299982510507,0.008661400061100721,0.012271999847143888,129,"[[0, 6], [7, 1]]"
130,13.717572299996391,114961.56990836954,119437.6881239627,0.0374765979306922,0.03931800019927323,0.08264309982769191,0.008780499920248985,0.011958400020375848,130,"[[0, 6], [10, 6]]"
131,13.878353599924594,114961.56990836954,119437.6881239627,0.0374765979306922,0.05061010015197098,0.08615739992819726,0.008504699915647507,0.012126499786973,131,"[[7, 1], [11, 0]]"
132,14.061391499824822,114961.56990836954,119191.09230215708,0.035485222193160464,0.051216900115832686,0.10752220009453595,0.008720900164917111,0.012081200024113059,132,"[[0, 6], [7, 1]]"
133,14.22061189985834,114961.56990836954,119087.5143431019,0.03464632255943423,0.04856919986195862,0.08438350004144013,0.00979489996097982,0.012630500132218003,133,"[[2, 7], [11, 0]]"
134,14.394619500031695,114961.56990836954,118681.08975830351,0.03134045918780198,0.04904089984484017,0.10152179980650544,0.008576600113883615,0.011544799897819757,134,"[[0, 6], [11, 0]]"
135,14.561833800049499,114961.56990836954,118681.08975830351,0.03134045918780198,0.05129470000974834,0.09183820011094213,0.008625000016763806,0.012040199944749475,135,"[[0, 6], [11, 0]]"
136,14.731608199886978,114961.56990836954,118681.08975830351,0.03134045918780198,0.04672390013001859,0.09522099979221821,0.010056799976155162,0.013354799943044782,136,"[[7, 1], [11, 0]]"
137,14.9028334999457,114961.56990836954,118681.08975830351,0.03134045918780198,0.04628270003013313,0.10078059998340905,0.008965100161731243,0.011561299907043576,137,"[[0, 6], [11, 0]]"
138,15.098549999995157,114961.56990836954,118681.08975830351,0.03134045918780198,0.054066200042143464,0.11661979998461902,0.008961200015619397,0.010669299867004156,138,"[[0, 6], [7, 1]]"
139,15.285903899930418,114961.56990836954,118681.08975830351,0.03134045918780198,0.06006050016731024,0.10373320011422038,0.009252300020307302,0.010561400093138218,139,"[[0, 6], [11, 0]]"
140,15.456352799898013,114961.56990836954,118681.08975830351,0.03134045918780198,0.044173500034958124,0.09368329984135926,0.01515250001102686,0.01352880010381341,140,"[[0, 6], [2, 7]]"
141,15.639769099885598,115041.05216715518,118681.08975830351,0.030670746271047388,0.06312800012528896,0.09503580001182854,0.00861399993300438,0.01315349992364645,141,"[[0, 6], [2, 7]]"
142,15.828253800049424,115041.05216715518,118681.08975830351,0.030670746271047388,0.056042399955913424,0.10707610007375479,0.008909699972718954,0.013043199898675084,142,"[[0, 6], [11, 0]]"
143,16.01240379991941,115045.6244911188,118681.08975830351,0.030632220133708025,0.051516100065782666,0.10800050012767315,0.008800000185146928,0.012285900069400668,143,"[[0, 6], [2, 7]]"
144,16.204406399978325,115063.40064903274,118681.08975830351,0.030482439254966947,0.056877599796280265,0.10846859985031188,0.009186699986457825,0.012291799997910857,144,"[[0, 6], [2, 7]]"
145,16.38840419985354,115063.40064903274,118681.08975830351,0.030482439254966947,0.0627105999737978,0.09673599991947412,0.008524599950760603,0.012523400131613016,145,"[[0, 6], [11, 0]]"
146,16.596901200013235,115063.40064903274,118681.08975830351,0.030482439254966947,0.06065250001847744,0.12190829985775054,0.008749599801376462,0.013435699976980686,146,"[[2, 7], [11, 0]]"
147,16.77776119997725,115065.25717313185,118681.08975830351,0.030466796290254693,0.055116600124165416,0.10156000009737909,0.008361699990928173,0.012312999926507473,147,"[[2, 7], [11, 0]]"
148,16.993690399918705,115153.51049802522,118681.08975830351,0.029723178877631453,0.05646550003439188,0.13483549980446696,0.008553399937227368,0.01248819986358285,148,"[[7, 1], [11, 0]]"
149,17.183741299901158,115153.6168484541,118681.08975830351,0.029722282775067072,0.05246319994330406,0.11406849999912083,0.008955199969932437,0.011096599977463484,149,"[[11, 0], [11, 5]]"
150,17.375539399916306,115321.19963642466,118681.08975830351,0.028310239893493884,0.06607300019823015,0.0983432000502944,0.00899640005081892,0.013931599911302328,150,"[[0, 6], [2, 7]]"
151,17.563729600049555,115364.36328320025,118681.08975830351,0.027946545501544056,0.06158720003440976,0.09894880000501871,0.008739899843931198,0.012555800145491958,151,"[[2, 7], [11, 0]]"
152,17.72848379984498,115364.36328320025,118681.08975830351,0.027946545501544056,0.05243679997511208,0.08801380009390414,0.008776800008490682,0.011993400054052472,152,"[[0, 6], [11, 0]]"
153,17.91372810001485,115444.72799606601,118681.08975830351,0.027269397077735128,0.06032659998163581,0.09972870000638068,0.008606599876657128,0.012656799983233213,153,"[[0, 6], [2, 7]]"
154,18.063869199948385,115444.72799606601,118681.08975830351,0.027269397077735128,0.029109800001606345,0.09539899998344481,0.009252799907699227,0.01272369991056621,154,"[[0, 6], [2, 7]]"
155,18.222688699839637,115444.72799606601,118681.08975830351,0.027269397077735128,0.025011999998241663,0.1098618998657912,0.008859400171786547,0.011728100012987852,155,"[[2, 7], [11, 0]]"
156,18.37508250004612,115444.72799606601,118681.08975830351,0.027269397077735128,0.025942499982193112,0.10248900018632412,0.008663800079375505,0.01212819991633296,156,"[[0, 6], [11, 0]]"
157,18.53224269999191,115444.72799606601,118681.08975830351,0.027269397077735128,0.027628500014543533,0.09902369999326766,0.008806400001049042,0.018341700080782175,157,"[[2, 7], [7, 1]]"
158,18.67929119989276,115444.72799606601,118681.08975830351,0.027269397077735128,0.027287599863484502,0.09429299994371831,0.008707299828529358,0.012969600036740303,158,"[[0, 6], [11, 0]]"
159,18.835565899964422,115444.72799606601,118681.08975830351,0.027269397077735128,0.02748239994980395,0.1011183001101017,0.00886340020224452,0.013239799998700619,159,"[[0, 6], [4, 6]]"
160,19.001323699951172,115444.72799606601,118681.08975830351,0.027269397077735128,0.028089000144973397,0.11198029993101954,0.00961409998126328,0.012321999995037913,160,"[[0, 6], [2, 7]]"
161,19.13417279999703,115444.72799606601,118681.08975830351,0.027269397077735128,0.02989739994518459,0.07903090002946556,0.008779900148510933,0.011754299979656935,161,"[[2, 7], [11, 0]]"
162,19.283070500008762,115444.72799606601,118681.08975830351,0.027269397077735128,0.027961600106209517,0.09731469978578389,0.00869580009020865,0.011442400049418211,162,"[[0, 6], [2, 7]]"
163,19.42921600001864,115444.72799606601,118681.08975830351,0.027269397077735128,0.028580399928614497,0.09301730012521148,0.00902129989117384,0.012173299910500646,163,"[[0, 6], [4, 6]]"
164,19.58330599986948,115444.72799606601,118681.08975830351,0.027269397077735128,0.02741839992813766,0.10232149995863438,0.00882180011831224,0.012157500023022294,164,"[[0, 6], [11, 0]]"
165,19.757406000047922,115444.72799606601,118586.85034812469,0.026496380862082388,0.03362379991449416,0.11584699992090464,0.009182499954476953,0.011917900061234832,165,"[[2, 7], [11, 0]]"
166,19.917013600002974,115444.72799606601,118586.85034812469,0.026496380862082388,0.03186779981479049,0.10390760004520416,0.008697600103914738,0.011730300029739738,166,"[[0, 6], [7, 1]]"
167,20.06444659992121,115444.72799606601,118586.85034812469,0.026496380862082388,0.027842799900099635,0.09520359989255667,0.008976999903097749,0.01189139997586608,167,"[[0, 6], [2, 7]]"
168,20.225259199971333,115444.72799606601,118586.85034812469,0.026496380862082388,0.05147109995596111,0.08148849988356233,0.009094899985939264,0.013262299820780754,168,"[[0, 6], [7, 1]]"
169,20.4174949999433,115691.57200367928,118432.6463934016,0.02314458448067784,0.060373099986463785,0.10661289980635047,0.009129100013524294,0.012567600002512336,169,"[[0, 6], [11, 0]]"
170,20.598454099847004,115691.57200367928,118163.52812887557,0.020919789416749966,0.03171609994024038,0.12410380016081035,0.00884509994648397,0.012532300082966685,170,"[[2, 7], [11, 0]]"
171,20.74201499996707,115691.57200367928,118163.52812887557,0.020919789416749966,0.029604499926790595,0.08969079982489347,0.00877239997498691,0.012038199929520488,171,"[[7, 1], [11, 0]]"
172,20.93316869996488,115691.57200367928,118163.52812887557,0.020919789416749966,0.05630140006542206,0.10447350004687905,0.014727999921888113,0.01190739986486733,172,"[[0, 6], [11, 0]]"
173,21.13210799987428,115691.57200367928,118163.52812887557,0.020919789416749966,0.06994579988531768,0.10437449999153614,0.00931380013935268,0.011549799935892224,173,"[[2, 7], [11, 0]]"
174,21.31750259990804,115691.57200367928,118163.52812887557,0.020919789416749966,0.06910720001906157,0.08979450003243983,0.009765799855813384,0.012523100012913346,174,"[[0, 6], [7, 1]]"
175,21.482793299946934,115691.57200367928,118026.89038008315,0.019786324700103688,0.055511799873784184,0.08425069996155798,0.00918559986166656,0.012648200150579214,175,"[[0, 6], [11, 0]]"
176,21.657415800029412,115691.57200367928,118026.89038008315,0.019786324700103688,0.0647888001985848,0.08612800016999245,0.00862470013089478,0.011715100146830082,176,"[[7, 1], [11, 0]]"
177,21.871374799869955,115691.57200367928,118026.89038008315,0.019786324700103688,0.08889020001515746,0.10098750004544854,0.009046199964359403,0.011607700027525425,177,"[[0, 6], [11, 0]]"
178,22.080512499902397,115691.57200367928,118026.89038008315,0.019786324700103688,0.06720670009963214,0.1178385999519378,0.00873710005544126,0.011847299989312887,178,"[[7, 1], [11, 0]]"
179,22.303191599901766,115691.57200367928,117872.39983872263,0.01850159866115599,0.06412019999697804,0.12774479994550347,0.008635600097477436,0.0180933999363333,179,"[[2, 7], [11, 0]]"
180,22.528331300010905,115691.57200367928,117872.39983872263,0.01850159866115599,0.07473089988343418,0.1253561000339687,0.00891169998794794,0.012331099947914481,180,"[[0, 6], [11, 0]]"
181,22.701508600031957,115691.57200367928,117768.25098196261,0.01763360634948549,0.06680080015212297,0.08102789986878633,0.009705000091344118,0.011638700030744076,181,"[[0, 6], [11, 0]]"
182,22.919903799891472,115691.57200367928,117768.25098196261,0.01763360634948549,0.07671300019137561,0.11841570003889501,0.008830599952489138,0.010780700016766787,182,"[[7, 1], [11, 0]]"
183,23.11307749990374,115691.57200367928,117768.25098196261,0.01763360634948549,0.07224379992112517,0.09631529985927045,0.008803399978205562,0.012179199839010835,183,"[[0, 6], [11, 0]]"
184,23.30888669984415,115691.57200367928,117768.25098196261,0.01763360634948549,0.07763439998961985,0.09398879995569587,0.008822999894618988,0.01180400000885129,184,"[[0, 6], [10, 6]]"
185,23.509349099826068,115691.57200367928,117768.25098196261,0.01763360634948549,0.07755919988267124,0.09976530005224049,0.008611999917775393,0.01098020002245903,185,"[[2, 7], [11, 0]]"
186,23.699262300040573,115691.57200367928,117768.25098196261,0.01763360634948549,0.06979560013860464,0.09724530018866062,0.008647099835798144,0.010802200064063072,186,"[[0, 6], [4, 6]]"
187,23.890663499943912,115691.57200367928,117768.25098196261,0.01763360634948549,0.07168550021015108,0.09765100013464689,0.008557999972254038,0.010202100034803152,187,"[[7, 1], [11, 0]]"
188,24.082458999939263,115691.57200367928,117768.25098196261,0.01763360634948549,0.07347479998134077,0.09449349995702505,0.00887800008058548,0.011279999976977706,188,"[[0, 6], [11, 0]]"
189,24.275669999886304,115691.57200367928,117768.25098196261,0.01763360634948549,0.07287060003727674,0.09507360006682575,0.008861100068315864,0.01233969978056848,189,"[[2, 7], [11, 0]]"
190,24.4645809000358,115691.57200367928,117768.25098196261,0.01763360634948549,0.0741342999972403,0.09154230006970465,0.008742399979382753,0.010936299804598093,190,"[[7, 1], [11, 0]]"
191,24.676482900045812,115691.57200367928,117768.25098196261,0.01763360634948549,0.07447989983484149,0.1116482000797987,0.009139300091192126,0.010941799962893128,191,"[[7, 1], [11, 0]]"
192,24.865950600011274,115691.57200367928,117768.25098196261,0.01763360634948549,0.07049760012887418,0.09557030000723898,0.008779099909588695,0.011098199989646673,192,"[[2, 7], [11, 0]]"
193,25.066084400052205,115691.57200367928,117768.25098196261,0.01763360634948549,0.07443929999135435,0.10233619995415211,0.008556099841371179,0.01134030008688569,193,"[[0, 6], [11, 0]]"
194,25.26637739990838,115691.57200367928,117768.25098196261,0.01763360634948549,0.07363660004921257,0.09677210007794201,0.014802200021222234,0.011346499901264906,194,"[[7, 1], [11, 0]]"
195,25.467366499826312,115691.57200367928,117768.25098196261,0.01763360634948549,0.07814990007318556,0.09926899988204241,0.008980399928987026,0.010690900031477213,195,"[[2, 7], [11, 0]]"
196,25.643284199992195,115691.57200367928,117768.25098196261,0.01763360634948549,0.06863280013203621,0.0827511998359114,0.009128800127655268,0.011293099960312247,196,"[[2, 7], [11, 0]]"
197,25.822398399934173,115691.57200367928,117768.25098196261,0.01763360634948549,0.06385250017046928,0.09176620002835989,0.008847899967804551,0.010920899920165539,197,"[[2, 7], [11, 0]]"
198,26.045329799875617,115691.57200367928,117768.25098196261,0.01763360634948549,0.08000539988279343,0.11957330000586808,0.00882920017465949,0.010817199945449829,198,"[[0, 6], [11, 0]]"
199,26.256442999932915,115691.57200367928,117687.56170862929,0.01696007357083056,0.08701399993151426,0.10129310004413128,0.008844000054523349,0.010474200127646327,199,"[[7, 1], [11, 0]]"
200,26.451805899851024,115691.57200367928,117687.56170862929,0.01696007357083056,0.07577369990758598,0.09519189991988242,0.00931749981828034,0.011493299854919314,200,"[[2, 7], [11, 0]]"
201,26.644165199948475,115691.57200367928,117652.27316666467,0.01666522125082863,0.07732540019787848,0.09080180013552308,0.00895210006274283,0.011665500001981854,201,"[[2, 7], [11, 0]]"
202,26.904109800001606,115691.57200367928,117652.27316666467,0.01666522125082863,0.08252669987268746,0.15026360005140305,0.009759699925780296,0.012624199967831373,202,"[[0, 6], [11, 0]]"
203,27.129232699982822,115691.57200367928,117652.27316666467,0.01666522125082863,0.07882779999636114,0.12171869981102645,0.008978400146588683,0.012052400037646294,203,"[[0, 6], [11, 0]]"
204,27.357023400021717,115691.57200367928,117652.27316666467,0.01666522125082863,0.08904540003277361,0.1141444998793304,0.009092200081795454,0.011365300044417381,204,"[[2, 7], [11, 0]]"
205,27.565841699950397,115691.57200367928,117652.27316666467,0.01666522125082863,0.09183429996483028,0.09076649998314679,0.009228999959304929,0.011238300008699298,205,"[[2, 7], [11, 0]]"
206,27.784967799903825,115691.57200367928,117652.27316666467,0.01666522125082863,0.08609290001913905,0.10906770010478795,0.008813099935650826,0.011539099970832467,206,"[[0, 6], [11, 0]]"
207,28.006053699878976,115691.57200367928,117652.27316666467,0.01666522125082863,0.08397740009240806,0.1117344000376761,0.00949269998818636,0.011607699794694781,207,"[[0, 6], [11, 0]]"
208,28.202980799833313,115691.57200367928,117647.45267622938,0.01662493006060037,0.07872270001098514,0.09433409990742803,0.00896250014193356,0.01113470015116036,208,"[[0, 6], [11, 0]]"
209,28.425767599837855,115930.44982195651,117647.45267622938,0.014594475402694276,0.11084789992310107,0.0867280000820756,0.008773899869993329,0.012284700060263276,209,"[[7, 1], [11, 0]]"
210,28.680155799956992,115930.44982195651,117647.45267622938,0.014594475402694276,0.092363600153476,0.13852929999120533,0.008796900045126677,0.010824099881574512,210,"[[7, 1], [11, 0]]"
211,28.884881099918857,115930.44982195651,117647.45267622938,0.014594475402694276,0.08960249996744096,0.09001700021326542,0.009759900160133839,0.011616999981924891,211,"[[7, 1], [11, 0]]"
212,29.086160299833864,115930.44982195651,117647.45267622938,0.014594475402694276,0.08947420003823936,0.08472509984858334,0.009337600087746978,0.01197160012088716,212,"[[7, 1], [11, 0]]"
213,29.295430399943143,115930.44982195651,117647.45267622938,0.014594475402694276,0.08191319997422397,0.10186549997888505,0.009164199931547046,0.01222650008276105,213,"[[7, 1], [11, 0]]"
214,29.505235800053924,115948.0094437937,117647.45267622938,0.014445219116750679,0.108758200192824,0.07632940006442368,0.008781800046563148,0.012187799904495478,214,"[[0, 6], [4, 6]]"
215,29.773340899962932,115948.0094437937,117647.45267622938,0.014445219116750679,0.11392779997549951,0.13082680013030767,0.00861969985999167,0.011088799918070436,215,"[[7, 1], [11, 0]]"
216,29.984961699927226,115948.0094437937,117647.45267622938,0.014445219116750679,0.10827789991162717,0.07145339995622635,0.009030100191012025,0.018955100094899535,216,"[[0, 6], [4, 6]]"
217,30.243538399925455,115948.0094437937,117647.45267622938,0.014445219116750679,0.11026449990458786,0.12303810007870197,0.009329300140962005,0.011693799868226051,217,"[[7, 1], [11, 0]]"
218,30.467784199863672,115948.0094437937,117647.45267622938,0.014445219116750679,0.11094889999367297,0.08844699990004301,0.009115500142797828,0.011691499967128038,218,"[[0, 6], [11, 0]]"
219,30.694162299856544,115948.0094437937,117620.76256515607,0.014221580313558595,0.118755399947986,0.08405789989046752,0.008783400058746338,0.011027100030332804,219,"[[2, 7], [11, 0]]"
220,30.925876499852166,115948.0094437937,117521.20092090292,0.013386448273006127,0.10864099999889731,0.10022589983418584,0.008910799864679575,0.010258799884468317,220,"[[0, 6], [11, 0]]"
221,31.17266030004248,115948.0094437937,117521.20092090292,0.013386448273006127,0.11891109985299408,0.10417750012129545,0.009162699803709984,0.010779800126329064,221,"[[0, 6], [11, 0]]"
222,31.411747899837792,115948.0094437937,117521.20092090292,0.013386448273006127,0.11788709997199476,0.09864769992418587,0.009029699955135584,0.009898799937218428,222,"[[0, 6], [11, 0]]"
223,31.655763699905947,115952.38242764957,117495.95102789308,0.013137206744061106,0.12532619992271066,0.09614799986593425,0.00874299998395145,0.0100467000156641,223,"[[0, 6], [11, 0]]"
224,31.9208855999168,115952.38242764957,117495.95102789308,0.013137206744061106,0.12395979999564588,0.11709650000557303,0.009055300150066614,0.011225200025364757,224,"[[0, 6], [11, 0]]"
225,32.17393869999796,115955.73751325169,117495.95102789308,0.013108651840060022,0.11495110020041466,0.11379939992912114,0.009333099937066436,0.010959800099954009,225,"[[2, 7], [11, 0]]"
226,32.420808400027454,115955.73751325169,117495.95102789308,0.013108651840060022,0.12671039998531342,0.09496310004033148,0.00975449988618493,0.01128570013679564,226,"[[0, 6], [11, 0]]"
227,32.697860799962655,115961.47752891098,117495.95102789308,0.013059798959521786,0.13088149996474385,0.12180770002305508,0.008920100051909685,0.01173290004953742,227,"[[0, 6], [11, 0]]"
228,32.94670179998502,115961.47752891098,117495.95102789308,0.013059798959521786,0.11812829994596541,0.10705620003864169,0.008865399984642863,0.01104560005478561,228,"[[0, 6], [11, 0]]"
229,33.20246749999933,115961.47752891098,117495.95102789308,0.013059798959521786,0.12418449996039271,0.10822389996610582,0.009041100041940808,0.010756000177934766,229,"[[0, 6], [11, 0]]"
230,33.45881069987081,115961.47752891098,117495.95102789308,0.013059798959521786,0.12860849988646805,0.10227039991877973,0.009347700048238039,0.011795900063589215,230,"[[2, 7], [11, 0]]"
231,33.70877979998477,115963.85654634544,117495.95102789308,0.013039551304911998,0.11097619985230267,0.10869310004636645,0.01485429983586073,0.01165580004453659,231,"[[7, 1], [11, 0]]"
232,33.99210230004974,115987.43158691449,117495.95102789308,0.012838905747658268,0.14409770001657307,0.11469750013202429,0.008935200050473213,0.011733799939975142,232,"[[0, 6], [11, 0]]"
233,34.25165849993937,115997.01569843986,117495.95102789308,0.012757336030220973,0.13481919979676604,0.09979370003566146,0.008848699973896146,0.011997000081464648,233,"[[2, 7], [11, 0]]"
234,34.49107400001958,115997.01569843986,117495.95102789308,0.012757336030220973,0.1120025001000613,0.10335509991273284,0.009346199920400977,0.011001800186932087,234,"[[2, 7], [11, 0]]"
235,34.73805259983055,115998.56648838408,117495.95102789308,0.01274413736311245,0.13445380004122853,0.08868109993636608,0.00884619983844459,0.011430000187829137,235,"[[0, 6], [11, 0]]"
236,34.983279400039464,115998.56648838408,117495.95102789308,0.01274413736311245,0.12700820015743375,0.09362940001301467,0.008754200069233775,0.01195990014821291,236,"[[0, 6], [7, 1]]"
237,35.21544589987025,115998.56648838408,117495.95102789308,0.01274413736311245,0.12316900002770126,0.08569970005191863,0.008728399872779846,0.010908800177276134,237,"[[11, 0], [11, 5]]"
238,35.46169439982623,115998.56648838408,117495.95102789308,0.01274413736311245,0.12904889998026192,0.09186059981584549,0.008995200041681528,0.010679999832063913,238,"[[11, 0], [11, 5]]"
239,35.70379749988206,115998.56648838408,117495.95102789308,0.01274413736311245,0.13283030013553798,0.08580869995057583,0.00902429991401732,0.010566200129687786,239,"[[0, 6], [11, 0]]"
240,35.958656299859285,116007.19116830568,117495.95102789308,0.0126707333024095,0.1341289000120014,0.09581259987317026,0.009932300075888634,0.01125389989465475,240,"[[2, 7], [11, 0]]"
241,36.22662579989992,116007.19116830568,117484.4189811557,0.012573818942637519,0.13112419983372092,0.11206949991174042,0.009284900035709143,0.011373199988156557,241,"[[0, 6], [7, 1]]"
242,36.46163939987309,116011.33912440026,117484.4189811557,0.012538512506851859,0.12632160005159676,0.08403820008970797,0.008946000132709742,0.01180939981713891,242,"[[0, 6], [11, 0]]"
243,36.703427399974316,116011.33912440026,117484.4189811557,0.012538512506851859,0.11777159990742803,0.0998976998962462,0.008740099845454097,0.011428500059992075,243,"[[2, 7], [11, 0]]"
244,36.96598450001329,116011.33912440026,117484.4189811557,0.012538512506851859,0.13651669980026782,0.10186569998040795,0.008957900106906891,0.011544900014996529,244,"[[7, 1], [11, 0]]"
245,37.23287709988654,116012.28608845494,117484.4189811557,0.01253045216946499,0.13324959995225072,0.10781840002164245,0.008924399968236685,0.011181199923157692,245,"[[2, 7], [11, 0]]"
246,37.48141839983873,116013.25464976067,117484.4189811557,0.012522208001309567,0.13491009990684688,0.09001119993627071,0.008700500009581447,0.011424900032579899,246,"[[0, 6], [11, 0]]"
247,37.70996339991689,116013.25464976067,117484.4189811557,0.012522208001309567,0.11732169985771179,0.08599749999120831,0.009097300004214048,0.012397099984809756,247,"[[0, 6], [11, 0]]"
248,37.95973560004495,116013.25464976067,117484.4189811557,0.012522208001309567,0.13202770007774234,0.09364910004660487,0.008626600028946996,0.01192870014347136,248,"[[2, 7], [7, 1]]"
249,38.26888250000775,116147.01313159143,117484.4189811557,0.01138368697025931,0.13158279983326793,0.14447499997913837,0.015923799946904182,0.013360399985685945,249,"[[0, 6], [11, 0]]"
250,38.50838589994237,116150.72915254427,117484.4189811557,0.01135205706575739,0.12696820008568466,0.0885829001199454,0.008888000156730413,0.011719099944457412,250,"[[0, 6], [11, 0]]"
251,38.74820759985596,116150.72915254427,117484.4189811557,0.01135205706575739,0.1103761000558734,0.10393360001035035,0.009607900166884065,0.012179699959233403,251,"[[7, 1], [11, 0]]"
252,38.99478879990056,116157.61089480124,117484.4189811557,0.011293481279141176,0.12299169995822012,0.09904640004970133,0.008784000063315034,0.012091000098735094,252,"[[2, 7], [11, 0]]"
253,39.230996599886566,116157.61089480124,117484.4189811557,0.011293481279141176,0.12360320007428527,0.0882481001317501,0.009022600017488003,0.011846699984744191,253,"[[0, 6], [11, 0]]"
254,39.47016719984822,116157.61089480124,117484.4189811557,0.011293481279141176,0.1043707998469472,0.10926860012114048,0.009378599934279919,0.012272799853235483,254,"[[0, 6], [11, 0]]"
255,39.726701400009915,116157.61089480124,117484.4189811557,0.011293481279141176,0.1118728001601994,0.11983190011233091,0.009314000140875578,0.011546699795871973,255,"[[0, 6], [11, 0]]"
256,39.97329539991915,116157.96602311329,117484.4189811557,0.011290458509695435,0.12095710006542504,0.09457940002903342,0.00883749988861382,0.01809939998202026,256,"[[7, 1], [11, 0]]"
257,40.24328719987534,116157.96602311329,117484.4189811557,0.011290458509695435,0.12280140002258122,0.1223689999897033,0.008957900106906891,0.011872099945321679,257,"[[2, 7], [11, 0]]"
258,40.490566399879754,116157.96602311335,117484.4189811557,0.011290458509694939,0.1211194999050349,0.09955709986388683,0.009420600021257997,0.012114400044083595,258,"[[7, 1], [11, 0]]"
259,40.74872689996846,116157.96602311335,117484.4189811557,0.011290458509694939,0.121139399940148,0.11302009993232787,0.008981799939647317,0.011344300117343664,259,"[[0, 6], [11, 0]]"
260,40.995879999827594,116157.96602311335,117484.4189811557,0.011290458509694939,0.11091889999806881,0.11205670004710555,0.008959499886259437,0.011610900051891804,260,"[[2, 7], [11, 0]]"
261,41.26949039986357,116157.96602311335,117456.23152302313,0.011053185370205817,0.14250009995885193,0.10703740012831986,0.009037399897351861,0.011216999962925911,261,"[[7, 1], [11, 0]]"
262,41.52753259986639,116157.96602311335,117415.26510854272,0.010708139902142061,0.13923430000431836,0.09338039997965097,0.00910310004837811,0.012277100002393126,262,"[[7, 1], [11, 0]]"
263,41.80640270002186,116157.96602311335,117415.26510854272,0.010708139902142061,0.1484342000912875,0.10649509984068573,0.009037199895828962,0.010919899912551045,263,"[[7, 1], [11, 0]]"
264,42.06642930000089,116157.96602311335,117415.26510854272,0.010708139902142061,0.12973949988372624,0.10639470000751317,0.008826599922031164,0.011422900017350912,264,"[[2, 7], [7, 1]]"
265,42.31874449993484,116157.96602311335,117415.26510854272,0.010708139902142061,0.12504600011743605,0.1033566000405699,0.008915499784052372,0.011329000117257237,265,"[[7, 1], [11, 0]]"
266,42.57209279993549,116157.96602311335,117415.26510854272,0.010708139902142061,0.14438350009731948,0.08494600001722574,0.008890399942174554,0.011574700009077787,266,"[[0, 6], [11, 0]]"
267,42.822988299885765,116157.96602311335,117415.26510854272,0.010708139902142061,0.13023120001889765,0.09722410002723336,0.008834599982947111,0.010970299830660224,267,"[[2, 7], [7, 1]]"
268,43.064587499946356,116157.96602311335,117383.02202567554,0.010436398564472434,0.1391046999488026,0.07944629993289709,0.008901399793103337,0.010467699961736798,268,"[[2, 7], [11, 0]]"
269,43.341297099832445,116158.51615094491,117357.43718738627,0.010215978340827478,0.1508206999860704,0.102920199977234,0.009017100092023611,0.010021300055086613,269,"[[2, 7], [11, 0]]"
270,43.627325899899006,116158.51615094491,117357.43718738627,0.010215978340827478,0.14925050013698637,0.11186080006882548,0.00883810012601316,0.011699799913913012,270,"[[0, 6], [11, 0]]"
271,43.896576799917966,116158.51615094491,117357.43718738627,0.010215978340827478,0.12951770005747676,0.10686579998582602,0.015362999867647886,0.01167670008726418,271,"[[0, 6], [11, 0]]"
272,44.18021419993602,116158.51615094491,117357.43718738627,0.010215978340827478,0.15262579987756908,0.10508519993163645,0.00894450000487268,0.01283359993249178,272,"[[7, 1], [11, 0]]"
273,44.45634049992077,116158.51615094491,117357.43718738627,0.010215978340827478,0.13912760000675917,0.11295960005372763,0.009292700095102191,0.011116799898445606,273,"[[7, 1], [11, 0]]"
274,44.711379799991846,116158.51615094491,117357.43718738627,0.010215978340827478,0.14528109994716942,0.0853720000013709,0.008750600041821599,0.01193000003695488,274,"[[0, 6], [2, 7]]"
275,44.961816399823874,116226.13701278799,117357.43718738627,0.009639782545625239,0.13601620006375015,0.08882210007868707,0.009271099930629134,0.012390699936076999,275,"[[0, 6], [2, 7]]"
276,45.216829400043935,116236.83660502662,117357.43718738627,0.009548611568352256,0.14476580009795725,0.08673840016126633,0.008651399984955788,0.01127050002105534,276,"[[0, 6], [2, 7]]"
277,45.45472339983098,116246.71992277865,117357.43718738627,0.009464396047044923,0.126173899974674,0.08611390017904341,0.009701200062409043,0.012060899985954165,277,"[[0, 6], [2, 7]]"
278,45.709550299914554,116269.21308387462,117357.43718738627,0.009272732343107179,0.1422768000047654,0.08679339988157153,0.009369799867272377,0.011446600081399083,278,"[[0, 6], [2, 7]]"
279,45.963376899948344,116269.21308387462,117357.43718738627,0.009272732343107179,0.1323262001387775,0.0980281000956893,0.008800799958407879,0.011069600004702806,279,"[[0, 6], [2, 7]]"
280,46.20384690002538,116269.21308387462,117357.43718738627,0.009272732343107179,0.13656969997100532,0.0803634999319911,0.008764300029724836,0.011081699980422854,280,"[[2, 7], [11, 0]]"
281,46.500837199855596,116269.21308387462,117357.43718738627,0.009272732343107179,0.14632009994238615,0.1261615001130849,0.008871400030329823,0.011947999941185117,281,"[[0, 6], [11, 0]]"
282,46.782118499977514,116269.21308387462,117357.43718738627,0.009272732343107179,0.13553590001538396,0.12199180014431477,0.008915300015360117,0.011288799811154604,282,"[[2, 7], [11, 0]]"
283,47.082473299931735,116269.21308387462,117357.43718738627,0.009272732343107179,0.14946520002558827,0.12617850000970066,0.009878899902105331,0.011142600094899535,283,"[[2, 7], [11, 0]]"
284,47.352210900047794,116269.21308387462,117357.43718738627,0.009272732343107179,0.15247080009430647,0.09242030000314116,0.009506099857389927,0.011642899829894304,284,"[[2, 7], [11, 0]]"
285,47.65721799992025,116269.21308387462,117357.43718738627,0.009272732343107179,0.13946560001932085,0.1419025999493897,0.008953799959272146,0.010868600104004145,285,"[[0, 6], [11, 0]]"
286,47.92884249985218,116269.21308387462,117357.43718738627,0.009272732343107179,0.16074620001018047,0.0865971997845918,0.00851439987309277,0.012201600009575486,286,"[[4, 5], [11, 5]]"
287,48.16521819983609,116269.21308387462,117357.43718738627,0.009272732343107179,0.12757909996435046,0.08453539991751313,0.008866699878126383,0.01160550001077354,287,"[[4, 5], [11, 5]]"
288,48.44684419990517,116269.21308387462,117357.43718738627,0.009272732343107179,0.13411210011690855,0.11987879988737404,0.009714600164443254,0.013786399969831109,288,"[[2, 7], [11, 0]]"
289,48.69589129998349,116288.93302989546,117357.43718738627,0.009104699140496008,0.13195880013518035,0.0929840998724103,0.008848800091072917,0.012017899891361594,289,"[[0, 6], [11, 0]]"
290,48.96431269985624,116288.93302989546,117357.43718738627,0.009104699140496008,0.14251210005022585,0.09954970004037023,0.009011399932205677,0.012215199880301952,290,"[[0, 6], [2, 7]]"
291,49.22288769995794,116288.93302989546,117357.43718738627,0.009104699140496008,0.12659760005772114,0.1080543000716716,0.009396200068295002,0.011072400026023388,291,"[[2, 7], [11, 0]]"
292,49.473397199995816,116288.93302989546,117357.43718738627,0.009104699140496008,0.12328329985029995,0.10234270012006164,0.009091299958527088,0.01227049995213747,292,"[[0, 6], [11, 0]]"
293,49.739493099972606,116323.12436816319,117357.43718738627,0.008813355540233703,0.1399574000388384,0.09598560002632439,0.00900510000064969,0.0174276998732239,293,"[[0, 6], [2, 7]]"
294,49.99814479984343,116324.81224608718,117357.43718738627,0.008798973171596109,0.13444100017659366,0.10054050013422966,0.008882999885827303,0.011169999837875366,294,"[[0, 6], [11, 0]]"
295,50.259977999841794,116324.81224608718,117357.43718738627,0.008798973171596109,0.14201650000177324,0.09363340004347265,0.00989109999500215,0.012421300169080496,295,"[[0, 6], [2, 7]]"
296,50.50922550004907,116324.81224608718,117357.43718738627,0.008798973171596109,0.12143720011226833,0.10379329998977482,0.008912299992516637,0.011368100065737963,296,"[[0, 6], [7, 1]]"
297,50.772226999979466,116324.81224608718,117357.43718738627,0.008798973171596109,0.15160179999656975,0.08580489992164075,0.008774199988692999,0.012532300082966685,297,"[[0, 6], [11, 0]]"
298,51.046569199999794,116324.81224608718,117357.43718738627,0.008798973171596109,0.16990339988842607,0.07844660012051463,0.008933099918067455,0.013176100095734,298,"[[2, 7], [11, 0]]"
299,51.37094539985992,116325.6751290887,117357.43718738627,0.008791620565555944,0.21860989998094738,0.08167780004441738,0.008655700134113431,0.011892100097611547,299,"[[2, 7], [11, 0]]"
300,51.74708530004136,116327.35564387483,117357.43718738627,0.008777300938045272,0.23800619994290173,0.11498699989169836,0.008668000111356378,0.010701699880883098,300,"[[2, 7], [11, 0]]"
301,52.03274609986693,116327.35564387483,117301.15227336378,0.008301679997307868,0.16197010013274848,0.09830630011856556,0.008965800050646067,0.012749299872666597,301,"[[2, 7], [11, 0]]"
302,52.3691563999746,116327.35564387483,117224.41335551874,0.007652481987035484,0.1731440001167357,0.1371575000230223,0.009229899849742651,0.012507500126957893,302,"[[2, 7], [11, 0]]"
303,52.70743409986608,116327.35564387483,117224.41335551874,0.007652481987035484,0.20084020006470382,0.1106294000055641,0.009313399903476238,0.012115600053220987,303,"[[0, 6], [11, 0]]"
304,53.00440449989401,116331.73264981921,117224.41335551874,0.007615143297771985,0.1741388998925686,0.0969178001396358,0.009061400080099702,0.012815400026738644,304,"[[0, 6], [11, 0]]"
305,53.35498959990218,116331.73264981921,117224.41335551874,0.007615143297771985,0.20195369981229305,0.12397919991053641,0.008848000084981322,0.0120278000831604,305,"[[7, 1], [11, 0]]"
306,53.69226469984278,116383.57144648227,117224.41335551874,0.007172924862386538,0.197872799821198,0.11436549993231893,0.009120799833908677,0.012159199919551611,306,"[[0, 6], [11, 0]]"
307,53.964179900009185,116383.57144648227,117224.41335551874,0.007172924862386538,0.15583420009352267,0.08910369989462197,0.00898739998228848,0.013723499840125442,307,"[[0, 6], [11, 0]]"
308,54.27483109990135,116383.57144648227,117224.41335551874,0.007172924862386538,0.1917636999860406,0.08700249996036291,0.015182599890977144,0.012533599976450205,308,"[[0, 6], [11, 0]]"
309,54.57624470000155,116383.57144648227,117224.41335551874,0.007172924862386538,0.14520450006239116,0.12766360002569854,0.00900970003567636,0.011942800134420395,309,"[[0, 6], [11, 0]]"
310,54.84616029984318,116383.57144648227,117224.41335551874,0.007172924862386538,0.16314380010589957,0.08216260001063347,0.008934499928727746,0.011799900094047189,310,"[[0, 6], [11, 0]]"
311,55.119264299981296,116383.57144648227,117224.41335551874,0.007172924862386538,0.16532570007257164,0.08413289999589324,0.008762900019064546,0.011428200174123049,311,"[[0, 6], [11, 0]]"
312,55.42295939987525,116405.00931917598,117224.41335551874,0.00699004595448621,0.16703919996507466,0.11184019991196692,0.008946800138801336,0.012131700059399009,312,"[[2, 7], [7, 1]]"
313,55.73668990004808,116417.23130951732,117224.41335551874,0.006885784478642707,0.17649270012043417,0.11204220005311072,0.009333199821412563,0.011762600159272552,313,"[[2, 7], [11, 0]]"
314,55.99462049989961,116417.23130951732,117224.41335551874,0.006885784478642707,0.14501120010390878,0.08824310009367764,0.008802899857982993,0.012081900145858526,314,"[[0, 6], [11, 0]]"
315,56.28065219987184,116417.23130951732,117224.41335551874,0.006885784478642707,0.15011100005358458,0.11204390018247068,0.008871600031852722,0.011206600116565824,315,"[[7, 1], [11, 0]]"
316,56.56527170003392,116417.23130951732,117224.41335551874,0.006885784478642707,0.16881659999489784,0.09117950010113418,0.008970299968495965,0.012035800144076347,316,"[[11, 0], [11, 5]]"
317,56.864943200023845,116417.23130951732,117224.41335551874,0.006885784478642707,0.14962209993973374,0.12549439980648458,0.008875399827957153,0.011673200177028775,317,"[[0, 6], [11, 0]]"
318,57.148537799948826,116417.23130951732,117224.41335551874,0.006885784478642707,0.13828519987873733,0.12016270007006824,0.008803899865597486,0.012530700070783496,318,"[[2, 7], [11, 0]]"
319,57.43484709993936,116417.23130951732,117224.41335551874,0.006885784478642707,0.15658609988167882,0.10555949993431568,0.00892189983278513,0.011654100148007274,319,"[[0, 6], [11, 0]]"
320,57.74974809982814,116431.27109904766,117224.41335551874,0.006766016000998321,0.19605370005592704,0.0927765998058021,0.010031800018623471,0.012160900048911572,320,"[[0, 6], [11, 0]]"
321,58.04606409999542,116446.3972100666,117224.41335551874,0.006636980499041382,0.1444043000228703,0.12522709998302162,0.00920520001091063,0.012123699998483062,321,"[[2, 7], [11, 0]]"
322,58.34411789989099,116446.3972100666,117224.41335551874,0.006636980499041382,0.16205810010433197,0.11152049992233515,0.008982999948784709,0.011564499931409955,322,"[[2, 7], [11, 0]]"
323,58.6464100999292,116446.3972100666,117224.41335551874,0.006636980499041382,0.14795279991813004,0.12976429983973503,0.009023600025102496,0.011578199919313192,323,"[[0, 6], [11, 0]]"
324,58.94632290001027,116522.41591941038,117224.41335551874,0.005988491782674464,0.1659007000271231,0.10798519989475608,0.009055100148543715,0.012805599952116609,324,"[[0, 6], [2, 7]]"
325,59.183838999830186,116522.41591941038,117224.41335551874,0.005988491782674464,0.12454669992439449,0.08837660006247461,0.009065299993380904,0.012016599997878075,325,"[[0, 6], [11, 0]]"
326,59.51069539994933,116528.09741992246,117224.41335551874,0.005940024911743385,0.1595804998651147,0.13671469991095364,0.015252900077030063,0.011727399891242385,326,"[[7, 1], [11, 0]]"
327,59.77224859991111,116528.09741992246,117224.41335551874,0.005940024911743385,0.14474850008264184,0.09035700000822544,0.009092700202018023,0.012268099933862686,327,"[[2, 7], [11, 0]]"
328,60.02276710001752,116528.09741992246,117224.41335551874,0.005940024911743385,0.13157789991237223,0.09500269987620413,0.009121400071308017,0.011018000077456236,328,"[[2, 7], [11, 0]]"
329,60.25794559996575,116528.09741992246,117198.81460357706,0.005722900747104765,0.12783210002817214,0.08350860001519322,0.009188200114294887,0.010886200005188584,329,"[[0, 6], [11, 0]]"
330,60.56356279994361,116534.88338587005,117198.81460357706,0.0056649994281319765,0.1771809000056237,0.1036574998870492,0.009001600090414286,0.012021600035950541,330,"[[2, 7], [11, 0]]"
331,60.833819600054994,116534.88338587005,117198.81460357706,0.0056649994281319765,0.14970350009389222,0.09549960005097091,0.009308299981057644,0.01181109994649887,331,"[[2, 7], [11, 0]]"
332,61.13042810000479,116534.88338587005,117198.81460357706,0.0056649994281319765,0.16355310007929802,0.10829910007305443,0.009207699913531542,0.011614399962127209,332,"[[2, 7], [11, 0]]"
333,61.457054500002414,116534.88338587005,117198.81460357706,0.0056649994281319765,0.17064959998242557,0.11992019996978343,0.009342999896034598,0.02041350002400577,333,"[[0, 6], [11, 0]]"
334,61.74838100001216,116534.88338587005,117198.81460357706,0.0056649994281319765,0.15489799994975328,0.11195460008457303,0.009021800011396408,0.011718499939888716,334,"[[2, 7], [11, 0]]"
335,62.038812999846414,116534.88338587005,117198.81460357706,0.0056649994281319765,0.18610260006971657,0.08045120001770556,0.00907319993712008,0.011388199869543314,335,"[[2, 7], [11, 0]]"
336,62.34176369989291,116544.45335417967,117198.81460357706,0.005583343582533303,0.18586570001207292,0.09278659988194704,0.009202699875459075,0.011578199919313192,336,"[[2, 7], [11, 0]]"
337,62.693210299825296,116544.45335417967,117198.81460357706,0.005583343582533303,0.17330350005067885,0.1539031001739204,0.009227799950167537,0.011153100058436394,337,"[[7, 1], [11, 0]]"
338,62.974491299828514,116544.45335417967,117196.9034111152,0.005567127099312505,0.1530640998389572,0.10257380013354123,0.009171699872240424,0.011308300076052547,338,"[[7, 1], [11, 0]]"
339,63.30577179999091,116544.45335417967,117196.9034111152,0.005567127099312505,0.17989000002853572,0.1281849998049438,0.008911799872294068,0.010750100016593933,339,"[[7, 1], [11, 0]]"
340,63.64276029984467,116544.45335417967,117196.9034111152,0.005567127099312505,0.1863029000815004,0.12682390003465116,0.009017199976369739,0.010912299854680896,340,"[[7, 1], [11, 0]]"
341,63.97189729986712,116544.45335417967,117196.9034111152,0.005567127099312505,0.18377280002459884,0.12207789998501539,0.009010399924591184,0.010659800143912435,341,"[[2, 7], [11, 0]]"
342,64.30258210003376,116544.45335417967,117172.64205748597,0.005361223339131508,0.16101660020649433,0.1456408000085503,0.009100999915972352,0.011122399941086769,342,"[[7, 1], [11, 0]]"
343,64.60181669984013,116544.45335417967,117172.64205748597,0.005361223339131508,0.16291019995696843,0.10674079996533692,0.009501199936494231,0.012541000032797456,343,"[[2, 7], [11, 0]]"
344,64.92473770002834,116544.45335417967,117172.64205748597,0.005361223339131508,0.17485489998944104,0.12373650004155934,0.009094000095501542,0.011431299848482013,344,"[[2, 7], [11, 0]]"
345,65.27084490004927,116544.45335417967,117172.64205748597,0.005361223339131508,0.18500089994631708,0.13735489989630878,0.009115300141274929,0.010930399876087904,345,"[[2, 7], [11, 0]]"
346,65.59520850004628,116544.45335417967,117172.64205748597,0.005361223339131508,0.16591110010631382,0.1329137000720948,0.009117600042372942,0.012483400059863925,346,"[[2, 7], [11, 0]]"
347,65.91197549994104,116544.45335417967,117172.64205748597,0.005361223339131508,0.16724310000427067,0.1254734001122415,0.009221599902957678,0.011210100026801229,347,"[[0, 6], [11, 0]]"
348,66.21590709988959,116544.45335417967,117172.64205748597,0.005361223339131508,0.17550070001743734,0.09554050001315773,0.016257000155746937,0.011346499901264906,348,"[[7, 1], [11, 0]]"
349,66.52714390004985,116544.45335417967,117172.64205748597,0.005361223339131508,0.16046090004965663,0.1277358999941498,0.00897850003093481,0.010488700121641159,349,"[[7, 1], [11, 0]]"
350,66.86249099997804,116544.45335417967,117172.64205748597,0.005361223339131508,0.17268369998782873,0.1386820999905467,0.009178699925541878,0.011053099995478988,350,"[[2, 7], [11, 0]]"
351,67.1482754999306,116544.45335417967,117172.64205748597,0.005361223339131508,0.16272680019028485,0.09870680002495646,0.008889999939128757,0.011257900157943368,351,"[[7, 1], [11, 0]]"
352,67.47399399988353,116544.45335417967,117162.09818887083,0.0052717119635011245,0.1808295000810176,0.12110810005106032,0.009082299889996648,0.010902700014412403,352,"[[0, 6], [11, 0]]"
353,67.78468609997071,116544.45335417967,117162.09818887083,0.0052717119635011245,0.19004080002196133,0.09662870015017688,0.009134799940511584,0.011392799904569983,353,"[[2, 7], [11, 0]]"
354,68.07131020002998,116544.45335417967,117126.409113369,0.004968612660412374,0.17359410016797483,0.08914689999073744,0.00916959997266531,0.010918500134721398,354,"[[2, 7], [11, 0]]"
355,68.3953342998866,116544.45335417967,117126.409113369,0.004968612660412374,0.18402809998951852,0.11576710012741387,0.00918989977799356,0.011046400060877204,355,"[[2, 7], [11, 0]]"
356,68.69620579993352,116544.45335417967,117126.409113369,0.004968612660412374,0.16262919991277158,0.11479540006257594,0.009119100170210004,0.010582699906080961,356,"[[0, 6], [11, 0]]"
357,69.00521179987118,116544.45335417967,117126.409113369,0.004968612660412374,0.1723868998233229,0.11221079993993044,0.00900039984844625,0.011557799996808171,357,"[[2, 7], [11, 0]]"
358,69.33619449986145,116544.45335417967,117126.409113369,0.004968612660412374,0.16899179993197322,0.13307340000756085,0.009505199966952205,0.011412299936637282,358,"[[2, 7], [11, 0]]"
359,69.63790669990703,116544.45335417967,117126.409113369,0.004968612660412374,0.17658039997331798,0.10028789984062314,0.009109699865803123,0.011571599869057536,359,"[[0, 6], [11, 0]]"
360,69.94478989997879,116544.45335417967,117126.409113369,0.004968612660412374,0.1583254998549819,0.12433669995516539,0.009043199941515923,0.011312500108033419,360,"[[2, 7], [11, 0]]"
361,70.23502869997174,116544.45335417967,117126.409113369,0.004968612660412374,0.16016350011341274,0.10656409990042448,0.008909799857065082,0.011088200146332383,361,"[[0, 6], [11, 0]]"
362,70.57021939987317,116544.45335417967,117126.409113369,0.004968612660412374,0.19261120003648102,0.11802610009908676,0.008935699937865138,0.011861300095915794,362,"[[0, 6], [2, 7]]"
363,70.8747713000048,116544.45335417967,117126.409113369,0.004968612660412374,0.15326230018399656,0.12381469993852079,0.009409100050106645,0.011918199947103858,363,"[[0, 6], [7, 1]]"
364,71.1690126999747,116544.45335417967,117126.409113369,0.004968612660412374,0.179578100098297,0.08972999989055097,0.009063499979674816,0.01219070004299283,364,"[[11, 0], [11, 5]]"
365,71.4760542998556,116544.45335417967,117126.409113369,0.004968612660412374,0.18682769988663495,0.09567180019803345,0.009239500155672431,0.01156829996034503,365,"[[7, 1], [11, 0]]"
366,71.79550489992835,116544.45335417967,117126.409113369,0.004968612660412374,0.19173579989001155,0.10378300002776086,0.009007200133055449,0.011241099797189236,366,"[[7, 1], [11, 0]]"
367,72.15056009986438,116544.45335417967,117126.409113369,0.004968612660412374,0.1981792999431491,0.13147220015525818,0.009498999919742346,0.011736399959772825,367,"[[7, 1], [11, 0]]"
368,72.4771141000092,116544.45335417967,117126.409113369,0.004968612660412374,0.18899799999780953,0.11142929992638528,0.009400099981576204,0.011132899904623628,368,"[[2, 7], [11, 0]]"
369,72.80126390000805,116544.45335417967,117126.409113369,0.004968612660412374,0.18635939992964268,0.11371459998190403,0.009075400186702609,0.011169299948960543,369,"[[2, 7], [11, 0]]"
370,73.11814239993691,116544.45335417967,117126.409113369,0.004968612660412374,0.18684159987606108,0.0980370999313891,0.009098400129005313,0.018876299960538745,370,"[[7, 1], [11, 0]]"
371,73.44009629986249,116544.45335417967,117126.409113369,0.004968612660412374,0.21068289992399514,0.08564359997399151,0.009141799993813038,0.012365100206807256,371,"[[0, 6], [2, 7]]"
372,73.791186099872,116574.03754602147,117126.409113369,0.004716029216031647,0.20520289987325668,0.12149169994518161,0.009069400141015649,0.01168260001577437,372,"[[0, 6], [11, 0]]"
373,74.09451849991456,116594.8560973384,117126.409113369,0.004538284918443053,0.18194949999451637,0.0955046999733895,0.009648999897763133,0.011098199989646673,373,"[[7, 1], [11, 0]]"
374,74.44241119991057,116594.8560973384,117126.409113369,0.004538284918443053,0.2101723998785019,0.11252069985494018,0.009200099855661392,0.012181899975985289,374,"[[0, 6], [11, 0]]"
375,74.80394149990752,116594.8560973384,117126.409113369,0.004538284918443053,0.19489339995197952,0.14220539992675185,0.008945000125095248,0.011874800082296133,375,"[[0, 6], [11, 0]]"
376,75.13168159988709,116594.8560973384,117126.409113369,0.004538284918443053,0.18472820008173585,0.11720590014010668,0.008932200027629733,0.012884000083431602,376,"[[0, 6], [11, 0]]"
377,75.47679600003175,116594.8560973384,117126.409113369,0.004538284918443053,0.19584909989498556,0.12459110002964735,0.00900400010868907,0.01183800003491342,377,"[[0, 6], [11, 0]]"
378,75.83161809993908,116594.8560973384,117126.409113369,0.004538284918443053,0.19238649983890355,0.13610400003381073,0.00916959997266531,0.01151179987937212,378,"[[0, 6], [11, 0]]"
379,76.21152039989829,116594.8560973384,117126.409113369,0.004538284918443053,0.21420629997737706,0.14164269994944334,0.008932300144806504,0.011325899977236986,379,"[[2, 7], [11, 0]]"
380,76.54773600003682,116594.8560973384,117126.409113369,0.004538284918443053,0.19731950014829636,0.11477999994531274,0.009087999816983938,0.011153300059959292,380,"[[0, 6], [11, 0]]"
381,76.88879420002922,116594.8560973384,117126.409113369,0.004538284918443053,0.18621780001558363,0.13085489999502897,0.009139500092715025,0.011286200024187565,381,"[[0, 6], [11, 0]]"
382,77.16940449993126,116594.8560973384,117126.409113369,0.004538284918443053,0.17254699999466538,0.08460139995440841,0.008941799867898226,0.010896499967202544,382,"[[2, 7], [11, 0]]"
383,77.52142350003123,116594.8560973384,117126.409113369,0.004538284918443053,0.17324119992554188,0.1531340000219643,0.00914269988425076,0.010883099865168333,383,"[[2, 7], [11, 0]]"
384,77.88020989997312,116594.8560973384,117079.95698397953,0.004143329901526241,0.20398660004138947,0.13041310012340546,0.0091559998691082,0.011302599916234612,384,"[[0, 6], [11, 0]]"
385,78.25240570004098,116594.8560973384,117079.95698397953,0.004143329901526241,0.1938393998425454,0.14782770001329482,0.01534799998626113,0.011204099981114268,385,"[[7, 1], [11, 0]]"
386,78.58383979997598,116594.8560973384,117079.95698397953,0.004143329901526241,0.18558930000290275,0.12142839981243014,0.00912799988873303,0.011622800026088953,386,"[[2, 7], [11, 0]]"
387,78.93281359993853,116594.8560973384,117079.95698397953,0.004143329901526241,0.19035669998265803,0.12931909994222224,0.009361099917441607,0.01226210012100637,387,"[[2, 7], [11, 0]]"
388,79.3012724998407,116594.8560973384,117079.95698397953,0.004143329901526241,0.19461700017564,0.14838670007884502,0.009357200004160404,0.011864699888974428,388,"[[7, 1], [11, 0]]"
389,79.6607419999782,116622.62609374945,117079.95698397953,0.003906141597683163,0.1810325998812914,0.15441190009005368,0.009086699923500419,0.011243600165471435,389,"[[2, 7], [11, 0]]"
390,80.01847859984264,116622.62609374945,117079.95698397953,0.003906141597683163,0.1795694997999817,0.15400220011360943,0.009182299952954054,0.01134589989669621,390,"[[0, 6], [11, 0]]"
391,80.39013720001094,116622.62609374945,117079.95698397953,0.003906141597683163,0.20480170007795095,0.14028399996459484,0.009519799845293164,0.011438799789175391,391,"[[2, 7], [11, 0]]"
392,80.74427379993722,116622.62609374945,117079.95698397953,0.003906141597683163,0.1849561999551952,0.14539709989912808,0.009065399877727032,0.010946899885311723,392,"[[2, 7], [11, 0]]"
393,81.10532390000299,116622.62609374945,117079.95698397953,0.003906141597683163,0.1928199001122266,0.1448110998608172,0.00905389990657568,0.010537199908867478,393,"[[2, 7], [11, 0]]"
394,81.50485799997114,116622.62609374945,117079.95698397953,0.003906141597683163,0.21253050002269447,0.16217170003801584,0.0094628999941051,0.011470699915662408,394,"[[7, 1], [11, 0]]"
395,81.8545601000078,116622.62609374945,117079.95698397953,0.003906141597683163,0.19929570006206632,0.1248749999795109,0.00913699995726347,0.011327400105074048,395,"[[0, 6], [11, 0]]"
396,82.18194439983927,116622.62609374945,117079.95698397953,0.003906141597683163,0.2035171000752598,0.09980169986374676,0.009092600084841251,0.011388099985197186,396,"[[7, 1], [11, 0]]"
397,82.52795180003159,116622.62609374945,117079.95698397953,0.003906141597683163,0.2253137999214232,0.09625240019522607,0.009088100166991353,0.011325400089845061,397,"[[0, 6], [11, 0]]"
398,82.91328849992715,116622.62609374945,117079.95698397953,0.003906141597683163,0.21732099982909858,0.14310119999572635,0.009080599993467331,0.01175509998574853,398,"[[2, 7], [11, 0]]"
399,83.25225330004469,116622.62609374945,117079.95698397953,0.003906141597683163,0.21398519980721176,0.10089769982732832,0.00915090017952025,0.011288699926808476,399,"[[0, 6], [11, 0]]"
400,83.6052262999583,116622.62609374945,117079.95698397953,0.003906141597683163,0.2229165998287499,0.1037965000141412,0.009347999934107065,0.011672500055283308,400,"[[0, 6], [11, 0]]"
401,83.9746962999925,116622.62609374945,117079.95698397953,0.003906141597683163,0.22121620015241206,0.12450339994393289,0.009117200039327145,0.011022800114005804,401,"[[2, 7], [11, 0]]"
402,84.34480759990402,116634.55490460641,117079.95698397953,0.0038042555775286446,0.21453379979357123,0.13216129993088543,0.009084700141102076,0.010827800026163459,402,"[[7, 1], [11, 0]]"
403,84.68293969985098,116634.55490460641,117079.95698397953,0.0038042555775286446,0.21515319985337555,0.0997456000186503,0.009402499999850988,0.010406200075522065,403,"[[7, 1], [11, 0]]"
404,85.02020619995892,116635.10641824044,117079.95698397953,0.003799545004957278,0.19777059997431934,0.11550460010766983,0.00908809993416071,0.011054500006139278,404,"[[7, 1], [11, 0]]"
405,85.38400850002654,116635.10641824044,117036.08844780985,0.0034261400469498674,0.222396100172773,0.11468220013193786,0.009808100061491132,0.011371699860319495,405,"[[0, 6], [11, 0]]"
406,85.73645089985803,116635.10641824044,117036.08844780985,0.0034261400469498674,0.21244020015001297,0.11649850010871887,0.009318099822849035,0.010412300005555153,406,"[[0, 6], [11, 0]]"
407,86.12007489986718,116635.10641824044,117036.08844780985,0.0034261400469498674,0.23773989989422262,0.12214779993519187,0.009293499868363142,0.010701700113713741,407,"[[7, 1], [11, 0]]"
408,86.50209119985811,116635.10641824044,117036.08844780985,0.0034261400469498674,0.23869309993460774,0.11879279999993742,0.009534399956464767,0.01120990002527833,408,"[[0, 6], [11, 0]]"
409,86.88852089992724,116635.10641824044,117036.08844780985,0.0034261400469498674,0.2380244000814855,0.12440399988554418,0.009027899941429496,0.011142800096422434,409,"[[0, 6], [11, 0]]"
410,87.28624120005406,116635.10641824044,117036.08844780985,0.0034261400469498674,0.2255930001847446,0.14497749996371567,0.009996999986469746,0.011133300140500069,410,"[[7, 1], [11, 0]]"
411,87.64730730000883,116635.10641824044,117012.49085137437,0.003225163658923192,0.23236469994299114,0.10413320013321936,0.009748399956151843,0.011225000023841858,411,"[[0, 6], [11, 0]]"
412,88.11103300005198,116635.10641824044,117012.49085137437,0.003225163658923192,0.24938319995999336,0.19008879992179573,0.009077199967578053,0.011329999892041087,412,"[[2, 7], [11, 0]]"
413,88.5100245999638,116635.10641824044,117012.49085137437,0.003225163658923192,0.21673760004341602,0.15803859988227487,0.009139399975538254,0.010848600184544921,413,"[[2, 7], [11, 0]]"
414,88.84826749982312,116635.10641824044,117012.49085137437,0.003225163658923192,0.21581110008992255,0.09840760007500648,0.009422099916264415,0.011084700003266335,414,"[[2, 7], [11, 0]]"
415,89.26067249989137,116635.10641824044,117012.49085137437,0.003225163658923192,0.2504663998261094,0.13752579991705716,0.009296800009906292,0.011314899893477559,415,"[[0, 6], [11, 0]]"
416,89.59846789995208,116635.10641824044,117012.49085137437,0.003225163658923192,0.20111200003884733,0.11043579992838204,0.009773900033906102,0.01235520001500845,416,"[[0, 6], [11, 0]]"
417,89.99597179982811,116635.10641824044,117012.49085137437,0.003225163658923192,0.20959999994374812,0.16217739996500313,0.009245200082659721,0.012176800053566694,417,"[[7, 1], [11, 0]]"
418,90.41823249985464,116635.10641824044,117012.49085137437,0.003225163658923192,0.25042330008000135,0.14216149994172156,0.009816699894145131,0.01136789983138442,418,"[[2, 7], [11, 0]]"
419,90.84453050000593,116635.10641824044,117012.49085137437,0.003225163658923192,0.2402836000546813,0.16149259987287223,0.009471700061112642,0.01127939997240901,419,"[[7, 1], [11, 0]]"
420,91.18683959986083,116635.10641824044,117012.49085137437,0.003225163658923192,0.21604650001972914,0.10265100002288818,0.00916370004415512,0.010732599999755621,420,"[[0, 6], [11, 0]]"
421,91.5471059998963,116635.10641824044,117012.49085137437,0.003225163658923192,0.24264819989912212,0.09369840007275343,0.009198100073263049,0.010676699923351407,421,"[[2, 7], [11, 0]]"
422,91.90786359994672,116635.10641824044,117012.49085137437,0.003225163658923192,0.2311026998795569,0.10385859990492463,0.010099499952048063,0.011373199988156557,422,"[[7, 1], [11, 0]]"
423,92.23569869995117,116635.10641824044,117012.49085137437,0.003225163658923192,0.2056710000615567,0.09775930014438927,0.00920680002309382,0.011316400021314621,423,"[[7, 1], [11, 0]]"
424,92.6012722000014,116635.10641824044,117012.49085137437,0.003225163658923192,0.22803440014831722,0.1138665999751538,0.008919399930164218,0.01115909987129271,424,"[[2, 7], [11, 0]]"
425,92.92998260003515,116635.10641824044,117012.49085137437,0.003225163658923192,0.21010130015201867,0.09544820012524724,0.009143699891865253,0.010456900112330914,425,"[[2, 7], [11, 0]]"
426,93.26115809986368,116635.10641824044,117012.49085137437,0.003225163658923192,0.2171138001140207,0.08952989988029003,0.009255999932065606,0.011346299899742007,426,"[[0, 6], [11, 0]]"
427,93.61539149982855,116635.10641824044,117012.49085137437,0.003225163658923192,0.22116139996796846,0.1084791999310255,0.009730299934744835,0.011212700046598911,427,"[[7, 1], [11, 0]]"
428,93.97063009999692,116635.10641824044,117012.49085137437,0.003225163658923192,0.2242085998877883,0.1032749000005424,0.009538199985399842,0.011758300010114908,428,"[[0, 6], [11, 0]]"
429,94.33852520002984,116649.02546129256,117012.49085137437,0.0031062101783942953,0.2480070001911372,0.09610349987633526,0.009168900083750486,0.010877500055357814,429,"[[2, 7], [11, 0]]"
430,94.69702919991687,116649.02546129256,117012.49085137437,0.0031062101783942953,0.2434695998672396,0.09178770007565618,0.009040500037372112,0.010619299951940775,430,"[[7, 1], [11, 0]]"
431,95.07929599983618,116649.02546129256,117012.49085137437,0.0031062101783942953,0.24287389987148345,0.11433700006455183,0.00955489999614656,0.011372500099241734,431,"[[2, 7], [11, 0]]"
432,95.45697840000503,116649.02546129256,117012.49085137437,0.0031062101783942953,0.2411607000976801,0.1126798999030143,0.009071199921891093,0.010921500157564878,432,"[[0, 6], [11, 0]]"
433,95.81157330004498,116649.02546129256,117012.49085137437,0.0031062101783942953,0.23701430018991232,0.09184850007295609,0.009712600149214268,0.010884299874305725,433,"[[0, 6], [11, 0]]"
434,96.19230149989016,116649.02546129256,117012.49085137437,0.0031062101783942953,0.25257940008305013,0.10480890003964305,0.009149800054728985,0.010625199880450964,434,"[[0, 6], [11, 0]]"
435,96.53657760005444,116649.02546129256,117012.49085137437,0.0031062101783942953,0.2200505998916924,0.10071439994499087,0.00896570016629994,0.011088400147855282,435,"[[0, 6], [11, 0]]"
436,96.92853579996154,116649.02546129256,117012.49085137437,0.0031062101783942953,0.23579830001108348,0.13283500005491078,0.00898739998228848,0.010673000011593103,436,"[[0, 6], [11, 0]]"
437,97.30363480001688,116649.02546129256,117012.49085137437,0.0031062101783942953,0.2404732999857515,0.10928660002537072,0.009428400080651045,0.011763300048187375,437,"[[0, 6], [11, 0]]"
438,97.69274089997634,116649.02546129256,117012.49085137437,0.0031062101783942953,0.2505489999894053,0.11086600017733872,0.009230999974533916,0.010616499930620193,438,"[[0, 6], [11, 0]]"
439,98.0791797998827,116649.02546129256,117012.49085137437,0.0031062101783942953,0.2532103001140058,0.10928649990819395,0.009308999869972467,0.010885699884966016,439,"[[2, 7], [11, 0]]"
440,98.43577630002983,116649.02546129256,117012.49085137437,0.0031062101783942953,0.24002849985845387,0.0922443000599742,0.009417599998414516,0.011052199872210622,440,"[[7, 1], [11, 0]]"
441,98.80592199997045,116649.02546129256,117012.49085137437,0.0031062101783942953,0.2252479000017047,0.12137449998408556,0.009317699819803238,0.010792399989441037,441,"[[0, 6], [11, 0]]"
442,99.16230740002356,116649.02546129256,117012.49085137437,0.0031062101783942953,0.23415979999117553,0.09861349989660084,0.009147499920800328,0.010684799868613482,442,"[[7, 1], [11, 0]]"
443,99.52596999984235,116649.02546129256,117012.49085137437,0.0031062101783942953,0.23858670005574822,0.10119720012880862,0.009311300003901124,0.010879000183194876,443,"[[0, 6], [11, 0]]"
444,99.97885089996271,116649.02546129256,117012.49085137437,0.0031062101783942953,0.2882376001216471,0.13968880008906126,0.009699500165879726,0.011503699934110045,444,"[[2, 7], [11, 0]]"
445,100.32971499999985,116649.02546129256,117012.49085137437,0.0031062101783942953,0.2223869999870658,0.1049442000221461,0.009106300072744489,0.010628900025039911,445,"[[2, 7], [11, 0]]"
446,100.69531339989044,116649.02546129256,117012.49085137437,0.0031062101783942953,0.23249230021610856,0.10933670005761087,0.009228900074958801,0.010828699916601181,446,"[[0, 6], [11, 0]]"
447,101.08036669995636,116649.02546129256,117012.49085137437,0.0031062101783942953,0.2262838000897318,0.13395889988169074,0.009227300062775612,0.011526500107720494,447,"[[0, 6], [11, 0]]"
448,101.51088129985146,116649.02546129256,117012.49085137437,0.0031062101783942953,0.29470390011556447,0.11219980008900166,0.009119500173255801,0.010920199798420072,448,"[[2, 7], [11, 0]]"
449,101.88542789989151,116649.02546129256,117012.49085137437,0.0031062101783942953,0.25407519983127713,0.09668239997699857,0.009165999945253134,0.011018299963325262,449,"[[0, 6], [11, 0]]"
450,102.2568560000509,116649.02546129256,117009.97415813961,0.0030847686228801362,0.2364154001697898,0.11081229988485575,0.009271899936720729,0.011094300076365471,450,"[[0, 6], [11, 0]]"
451,102.63149830000475,116649.02546129256,117009.97415813961,0.0030847686228801362,0.24499070015735924,0.10465480014681816,0.009736699983477592,0.011226299917325377,451,"[[7, 1], [11, 0]]"
452,102.97069870005362,116649.02546129256,117009.97415813961,0.0030847686228801362,0.2462241998873651,0.06946979998610914,0.00914569990709424,0.010829700157046318,452,"[[7, 1], [11, 0]]"
453,103.30495469993912,116649.02546129256,117008.37614345615,0.0030711534849693677,0.22109779994934797,0.08959630015306175,0.008982500061392784,0.010949400020763278,453,"[[2, 7], [11, 0]]"
454,103.65827309992164,116649.02546129256,117008.37614345615,0.0030711534849693677,0.22297420003451407,0.10363939986564219,0.009639900177717209,0.01138149993494153,454,"[[2, 7], [11, 0]]"
455,104.0888443000149,116649.02546129256,117008.37614345615,0.0030711534849693677,0.2714415001682937,0.13556479988619685,0.009020700119435787,0.01080199982970953,455,"[[7, 1], [11, 0]]"
456,104.50434049987234,116649.02546129256,117008.37614345615,0.0030711534849693677,0.25704890000633895,0.1348867998458445,0.009119699941948056,0.01071080006659031,456,"[[7, 1], [11, 0]]"
457,104.9159446998965,116649.02546129256,117008.37614345615,0.0030711534849693677,0.24931560014374554,0.13860150007531047,0.009155600098893046,0.010864299954846501,457,"[[11, 0], [11, 5]]"
458,105.33273979998194,116649.02546129256,117008.37614345615,0.0030711534849693677,0.25846290006302297,0.13501060009002686,0.009166700066998601,0.010584000032395124,458,"[[2, 7], [11, 0]]"
459,105.73388449987397,116649.02546129256,117008.37614345615,0.0030711534849693677,0.23007860011421144,0.14485129993408918,0.009457899956032634,0.010947699891403317,459,"[[0, 6], [11, 0]]"
460,106.10943660000339,116649.02546129256,117008.37614345615,0.0030711534849693677,0.23202800005674362,0.11905399989336729,0.0091559998691082,0.011573400115594268,460,"[[2, 7], [11, 0]]"
461,106.4743541998323,116649.02546129256,117008.37614345615,0.0030711534849693677,0.22344249999150634,0.11790740001015365,0.009046199964359403,0.010813599918037653,461,"[[2, 7], [11, 0]]"
462,106.84382089995779,116649.02546129256,117008.37614345615,0.0030711534849693677,0.22287719999440014,0.12330759991891682,0.009128999896347523,0.010538900038227439,462,"[[2, 7], [11, 0]]"
463,107.23539699986577,116649.02546129256,117008.37614345615,0.0030711534849693677,0.23785410006530583,0.1255295998416841,0.009472700068727136,0.01035019988194108,463,"[[2, 7], [11, 0]]"
464,107.61163149983622,116649.02546129256,117008.37614345615,0.0030711534849693677,0.24364460003562272,0.10993829998187721,0.009109399979934096,0.010002999799326062,464,"[[7, 1], [11, 0]]"
465,108.00320219993591,116649.02546129256,117008.37614345615,0.0030711534849693677,0.22584829991683364,0.1412460000719875,0.010174799943342805,0.010076900012791157,465,"[[2, 7], [11, 0]]"
466,108.36466289986856,116660.63809654235,117008.37614345615,0.0029719072973670045,0.23425700003281236,0.10071739996783435,0.010031200014054775,0.012428099988028407,466,"[[0, 6], [11, 0]]"
467,108.69800470001064,116660.63809654235,117008.37614345615,0.0029719072973670045,0.20550710009410977,0.1044471999630332,0.008878699969500303,0.010929300216957927,467,"[[0, 6], [11, 0]]"
468,109.0520124998875,116660.63809654235,117008.37614345615,0.0029719072973670045,0.21577590005472302,0.1131689001340419,0.009166500065475702,0.011753599857911468,468,"[[0, 6], [2, 7]]"
469,109.44060089997947,116687.52465589382,117008.37614345615,0.0027421240951925334,0.2189012998715043,0.1431931999977678,0.009042999939993024,0.011228300165385008,469,"[[0, 6], [2, 7]]"
470,109.77634390001185,116687.52465589382,117008.37614345615,0.0027421240951925334,0.21776509983465075,0.09428809978999197,0.00890490016900003,0.01098719984292984,470,"[[0, 6], [11, 0]]"
471,110.1671120999381,116690.5096680945,117008.37614345615,0.0027166129967647096,0.22259999997913837,0.14370299992151558,0.009229399962350726,0.011437100125476718,471,"[[2, 7], [11, 0]]"
472,110.51707870000973,116690.5096680945,117008.37614345615,0.0027166129967647096,0.22827029996551573,0.09754629991948605,0.009175499901175499,0.01119329989887774,472,"[[7, 1], [11, 0]]"
473,110.89586539985612,116690.75413974421,117008.37614345615,0.0027145236450638334,0.25909959990531206,0.09605669998563826,0.009456200059503317,0.01064349990338087,473,"[[7, 1], [11, 0]]"
474,111.27149069984443,116690.75413974421,117008.37614345615,0.0027145236450638334,0.22969239996746182,0.12227170006372035,0.009069300023838878,0.010927699971944094,474,"[[7, 1], [11, 0]]"
475,111.65832199994475,116690.75413974421,117008.37614345615,0.0027145236450638334,0.2482231999747455,0.11277419980615377,0.009882900165393949,0.01169590000063181,475,"[[2, 7], [11, 0]]"
476,112.0394476999063,116690.75413974421,117008.37614345615,0.0027145236450638334,0.25939189991913736,0.09676390001550317,0.009315500035881996,0.011881299782544374,476,"[[2, 7], [11, 0]]"
477,112.41538310004398,116697.48643027933,117008.37614345615,0.0026569868194363804,0.25591279985383153,0.09557570004835725,0.009414500091224909,0.011204699985682964,477,"[[2, 7], [11, 0]]"
478,112.79227149998769,116697.48643027933,117008.37614345615,0.0026569868194363804,0.24837739998474717,0.10330580011941493,0.00956059992313385,0.011720399837940931,478,"[[2, 7], [11, 0]]"
479,113.15072539984249,116697.48643027933,117008.37614345615,0.0026569868194363804,0.2486478998325765,0.08582230005413294,0.00928199989721179,0.011090900050476193,479,"[[2, 7], [11, 0]]"
480,113.52930999989621,116697.48643027933,117008.37614345615,0.0026569868194363804,0.2618806001264602,0.09284360008314252,0.009327600011602044,0.010869299992918968,480,"[[0, 6], [11, 0]]"
481,113.89061499992386,116697.48643027933,117008.37614345615,0.0026569868194363804,0.23302739998325706,0.1043811000417918,0.00916230003349483,0.011131800012663007,481,"[[7, 1], [11, 0]]"
482,114.3269769998733,116697.48643027933,117008.37614345615,0.0026569868194363804,0.282858399907127,0.12974530016072094,0.009241099935024977,0.01064110011793673,482,"[[7, 1], [11, 0]]"
483,114.67309519997798,116697.48643027933,117008.37614345615,0.0026569868194363804,0.23399049998261034,0.08809109986759722,0.009089099941775203,0.011364600155502558,483,"[[2, 7], [11, 0]]"
484,115.06975839985535,116697.48643027933,117008.37614345615,0.0026569868194363804,0.24307409999892116,0.12649419996887445,0.011873999843373895,0.01125119999051094,484,"[[2, 7], [11, 0]]"
485,115.51211060001515,116697.48643027933,117008.37614345615,0.0026569868194363804,0.2536189001984894,0.1615975999739021,0.010200500022619963,0.012074199970811605,485,"[[2, 7], [11, 0]]"
486,115.93277339986525,116697.48643027933,117008.37614345615,0.0026569868194363804,0.2649404997937381,0.13182930019684136,0.009172199992462993,0.011112000094726682,486,"[[2, 7], [11, 0]]"
487,116.30534820002504,116697.77027842896,117008.37614345615,0.002654560940546469,0.2561826999299228,0.09216460003517568,0.009191699791699648,0.011386599857360125,487,"[[0, 6], [11, 0]]"
488,116.71846450003795,116715.44599410283,117008.37614345615,0.002503497262402573,0.25746989995241165,0.12886710022576153,0.009435699786990881,0.012956799939274788,488,"[[0, 6], [2, 7]]"
489,117.05968179996125,116716.39048631792,117008.37614345615,0.0024954252572503186,0.22575949993915856,0.09008769993670285,0.009751100093126297,0.011848400114104152,489,"[[2, 7], [11, 0]]"
490,117.47552099986933,116716.47934271194,117008.37614345615,0.0024946658552574613,0.24586870009079576,0.1459359999280423,0.009165000170469284,0.010851899860426784,490,"[[2, 7], [11, 0]]"
491,117.91145469993353,116717.55783861823,117008.37614345615,0.0024854486014006492,0.2739236999768764,0.13804150000214577,0.00919319991953671,0.011093900073319674,491,"[[7, 1], [11, 0]]"
492,118.33267859998159,116718.30150959174,117008.37614345615,0.0024790928942451805,0.24776689987629652,0.14852620009332895,0.009352999972179532,0.011328800115734339,492,"[[2, 7], [11, 0]]"
493,118.73509899992496,116719.6052575761,117008.37614345615,0.00246795054677115,0.26159550016745925,0.11438930011354387,0.00970129994675517,0.011090199928730726,493,"[[7, 1], [11, 0]]"
494,119.1361277999822,116719.61530981053,117008.37614345615,0.002467864636387975,0.2699124999344349,0.10790850012563169,0.009080300107598305,0.01050139986909926,494,"[[7, 1], [11, 0]]"
495,119.50557839986868,116720.65333881522,117008.37614345615,0.002458993228725535,0.25350760016590357,0.09151699999347329,0.009071099804714322,0.011614799965173006,495,"[[2, 7], [11, 0]]"
496,119.86990329995751,116720.92919976966,117008.37614345615,0.00245663561157425,0.2514172999653965,0.08909689984284341,0.00943060009740293,0.01074449997395277,496,"[[7, 1], [11, 0]]"
497,120.26546929986216,116721.56820419195,117008.37614345615,0.002451174426286881,0.2623644999694079,0.10905750002712011,0.009376700036227703,0.01114480011165142,497,"[[0, 6], [11, 0]]"
498,120.62813169998117,116722.4487106275,117008.37614345615,0.0024436492689898074,0.24398309993557632,0.09499650006182492,0.009185600094497204,0.010835000080987811,498,"[[2, 7], [11, 0]]"
499,121.01234330004081,116722.45064318198,117008.37614345615,0.002443632752612651,0.256445299834013,0.10180890001356602,0.009452200029045343,0.010896400082856417,499,"[[2, 7], [11, 0]]"
500,121.44677979988046,116722.76154684272,117008.37614345615,0.002440975646591727,0.2641827999614179,0.14547870005480945,0.009515800047665834,0.011195299914106727,500,"[[7, 1], [11, 0]]"
501,121.84458339982666,116723.13619694998,117008.37614345615,0.0024377737381505674,0.26228059991262853,0.11181250005029142,0.009041199926286936,0.01092799985781312,501,"[[2, 7], [11, 0]]"
502,122.21361119998619,116724.50001488003,117008.37614345615,0.002426118009090839,0.2495460999198258,0.0953583000227809,0.009309699991717935,0.011193400016054511,502,"[[0, 6], [11, 0]]"
503,122.61260710004717,116724.6785951251,117008.37614345615,0.0024245917914733723,0.2749379000160843,0.09944469993934035,0.009796999860554934,0.01105269999243319,503,"[[2, 7], [11, 0]]"
504,123.0135716998484,116724.90948479393,117008.37614345615,0.002422618516769084,0.27076840004883707,0.10424879984930158,0.009371000109240413,0.011350399814546108,504,"[[7, 1], [11, 0]]"
505,123.4469488998875,116725.29035360069,116971.13012872223,0.0021017132590836793,0.3030037998687476,0.1046689001377672,0.009312700014561415,0.012195900082588196,505,"[[2, 7], [11, 0]]"
506,123.82728870003484,116725.97734364963,116971.13012872223,0.002095840100055601,0.244088500039652,0.11202230001799762,0.009419500129297376,0.010862699942663312,506,"[[0, 6], [11, 0]]"
507,124.24899329990149,116726.983522778,116971.13012872223,0.0020872381559069995,0.2483831997960806,0.1490810001268983,0.009382199961692095,0.011045200051739812,507,"[[7, 1], [11, 0]]"
508,124.6487040000502,116727.57381396941,116971.13012872223,0.0020821916868272636,0.2634119999129325,0.10822060005739331,0.00943820015527308,0.010970399947836995,508,"[[7, 1], [11, 0]]"
509,125.02717319992371,116728.23561858034,116971.13012872223,0.0020765338410819656,0.25851909979246557,0.09555790014564991,0.009311800124123693,0.011294799856841564,509,"[[7, 1], [11, 0]]"
510,125.45189739996567,116728.68858200715,116971.13012872223,0.002072661403273486,0.30027309991419315,0.09960420010611415,0.009545200038701296,0.011311300098896027,510,"[[0, 6], [11, 0]]"
511,125.88531649997458,116728.8985753958,116971.13012872223,0.0020708661450040463,0.3109325000550598,0.0987259999383241,0.009248799877241254,0.01098780008032918,511,"[[7, 1], [11, 0]]"
512,126.33755549998023,116729.54245360015,116971.13012872223,0.0020653615542247095,0.28767400002107024,0.13988919998519123,0.009338400093838573,0.011411799816414714,512,"[[7, 1], [11, 0]]"
513,126.78636209992692,116729.62378667838,116970.11366538261,0.0020559942293653264,0.2997318999841809,0.12273940001614392,0.009367400081828237,0.010875999927520752,513,"[[7, 1], [11, 0]]"
514,127.21217880002223,116730.7519162533,116970.11366538261,0.0020463496326425384,0.28496189997531474,0.1160627999342978,0.009577900171279907,0.01152679999358952,514,"[[7, 1], [11, 0]]"
515,127.63749230001122,116731.20169832083,116958.3692105265,0.0019422937728959988,0.3010159998666495,0.09828389994800091,0.009730199817568064,0.012122899992391467,515,"[[2, 7], [11, 0]]"
516,128.0798912998289,116731.54951075769,116958.3692105265,0.0019393199588867622,0.305049299960956,0.1131543000228703,0.009265500120818615,0.011232099961489439,516,"[[7, 1], [11, 0]]"
517,128.4574772999622,116732.52447932058,116958.3692105265,0.0019309839281309192,0.24273120006546378,0.11114830011501908,0.009062300203368068,0.011104699922725558,517,"[[0, 6], [11, 0]]"
518,128.87409219983965,116733.20359602109,116958.3692105265,0.0019251774458321487,0.2881060999352485,0.10267370007932186,0.009820699924603105,0.0113665999379009,518,"[[2, 7], [11, 0]]"
519,129.29502099985257,116733.54256641906,116958.3692105265,0.0019222792317047555,0.2784447001758963,0.11822770000435412,0.009372599888592958,0.011073500150814652,519,"[[0, 6], [11, 0]]"
520,129.70427650003694,116734.2844211171,116958.3692105265,0.0019159363363390324,0.29448190005496144,0.09082829998806119,0.009275199845433235,0.01124489982612431,520,"[[2, 7], [11, 0]]"
521,130.08075709990226,116735.36802514724,116958.3692105265,0.0019066714668179296,0.2586709000170231,0.09407430002465844,0.009359200019389391,0.010874399915337563,521,"[[2, 7], [11, 0]]"
522,130.47534869983792,116735.70963024191,116958.3692105265,0.0019037507258998169,0.25057510007172823,0.12013309984467924,0.009462299989536405,0.010741899954155087,522,"[[7, 1], [11, 0]]"
523,130.84766589989886,116736.79030795442,116958.3692105265,0.0018945108765431149,0.2505799001082778,0.09770280006341636,0.009293900104239583,0.011107899947091937,523,"[[7, 1], [11, 0]]"
524,131.2454517998267,116738.65296021482,116958.3692105265,0.0018785851050658305,0.26077249995432794,0.1130768998991698,0.009148499928414822,0.011053700000047684,524,"[[0, 6], [11, 0]]"
525,131.67884209984913,116738.87861294043,116958.3692105265,0.0018766557627952981,0.2752104001119733,0.1338112000375986,0.009257500059902668,0.011081899981945753,525,"[[0, 6], [11, 0]]"
526,132.0627647000365,116739.40299501986,116958.3692105265,0.0018721722693696699,0.25048750010319054,0.11020890017971396,0.009068000130355358,0.01047490001656115,526,"[[0, 6], [11, 0]]"
527,132.44687310000882,116740.041847401,116958.3692105265,0.0018667100490476426,0.2506248999852687,0.10975629999302328,0.009384599979966879,0.010507599916309118,527,"[[0, 6], [11, 0]]"
528,132.87804899993353,116740.05555200452,116958.3692105265,0.0018665928739911174,0.28826409997418523,0.11604200000874698,0.009489000076428056,0.010966799920424819,528,"[[0, 6], [11, 0]]"
529,133.3418596999254,116740.69749731357,116958.3692105265,0.0018611042089782372,0.28477409994229674,0.15545059996657073,0.009266199776902795,0.010711299953982234,529,"[[0, 6], [11, 0]]"
530,133.73623319994658,116740.94704275893,116958.3692105265,0.001858970582739734,0.27447509998455644,0.09625429986044765,0.009100300027057528,0.010847399942576885,530,"[[2, 7], [11, 0]]"
531,134.16441640001722,116741.11493482543,116958.3692105265,0.0018575350970397092,0.28282890003174543,0.12108190008439124,0.009309699991717935,0.01092659984715283,531,"[[0, 6], [11, 0]]"
532,134.58072369988076,116741.2733831914,116958.3692105265,0.0018561803554591144,0.28147009992972016,0.11088920012116432,0.00911780004389584,0.010773400077596307,532,"[[0, 6], [11, 0]]"
533,135.02221610001288,116741.43996839099,116958.3692105265,0.0018547560435375515,0.3057975999545306,0.10889660008251667,0.009794600075110793,0.011012700153514743,533,"[[0, 6], [11, 0]]"
534,135.45378049998544,116741.88234596571,116958.3692105265,0.0018509736927941772,0.2968451001215726,0.10846919985488057,0.009695800021290779,0.012061099987477064,534,"[[2, 7], [11, 0]]"
535,135.84031559992582,116742.92651009728,116958.3692105265,0.0018420460364099586,0.2714978998992592,0.09150600014254451,0.009130899794399738,0.010745899984613061,535,"[[0, 6], [11, 0]]"
536,136.24536079983227,116743.42670191574,116958.3692105265,0.0018377693709448585,0.27551850001327693,0.10546780005097389,0.008917500032112002,0.011558100115507841,536,"[[0, 6], [2, 7]]"
537,136.6605829000473,116743.42670191574,116958.3692105265,0.0018377693709448585,0.2650832000654191,0.1260055999737233,0.009148899931460619,0.011066799983382225,537,"[[0, 6], [2, 7]]"
538,137.08322279993445,116743.42670191574,116958.3692105265,0.0018377693709448585,0.2656721998937428,0.13013010006397963,0.009694299893453717,0.011126599973067641,538,"[[0, 6], [2, 7]]"
539,137.48340409994125,116743.51334684002,116958.3692105265,0.0018370285524394387,0.2523431999143213,0.12465450004674494,0.009085400030016899,0.010115600191056728,539,"[[0, 6], [2, 7]]"
540,137.85446830000728,116743.9094944467,116958.3692105265,0.0018336414702719574,0.26156669994816184,0.08594990009441972,0.009071700042113662,0.011011799797415733,540,"[[2, 7], [11, 0]]"
541,138.33303059986793,116744.07211494939,116958.3692105265,0.0018322510567104326,0.3299376000650227,0.1243537999689579,0.009282599901780486,0.011055200127884746,541,"[[0, 6], [11, 0]]"
542,138.76432359986939,116744.6833088419,116958.3692105265,0.0018270253178716653,0.2930898000486195,0.11322350008413196,0.009720599977299571,0.01140870014205575,542,"[[0, 6], [11, 0]]"
543,139.1770005999133,116744.8382668533,116958.3692105265,0.0018257004189999228,0.28646029997617006,0.09981329995207489,0.011509999865666032,0.011155999964103103,543,"[[0, 6], [11, 0]]"
544,139.63808549987152,116745.68904651355,116958.3692105265,0.0018184262096723421,0.3004028999712318,0.13549470016732812,0.009582600090652704,0.011663999874144793,544,"[[2, 7], [11, 0]]"
545,140.03732839995064,116745.89724309999,116958.3692105265,0.001816646118278799,0.2725655999965966,0.10238680010661483,0.009493699995800853,0.010888300137594342,545,"[[2, 7], [11, 0]]"
546,140.45751259988174,116746.6416969895,116958.3692105265,0.0018102809996938989,0.29016109998337924,0.10555119998753071,0.009289399953559041,0.011334999930113554,546,"[[2, 7], [11, 0]]"
547,140.8472819000017,116746.8301966348,116958.3692105265,0.0018086693181480742,0.26299229986034334,0.1021066999528557,0.009393900167196989,0.011242299806326628,547,"[[2, 7], [11, 0]]"
548,141.26831929991022,116747.00902413714,116958.3692105265,0.0018071403339159082,0.2719940000679344,0.12293549999594688,0.009452099911868572,0.010755900060757995,548,"[[7, 1], [11, 0]]"
549,141.68469209992327,116747.44098100222,116958.3692105265,0.001803447080769525,0.28920489992015064,0.10307629988528788,0.00958589999936521,0.010861699935048819,549,"[[2, 7], [11, 0]]"
550,142.11362179997377,116747.45229133942,116958.3692105265,0.0018033503768117407,0.3024416998960078,0.09941790020093322,0.010158400051295757,0.012356800027191639,550,"[[2, 7], [11, 0]]"
551,142.51464740000665,116747.52823087166,116940.3739055833,0.0016490940491377716,0.26573650003410876,0.11094669997692108,0.00928100012242794,0.011013800045475364,551,"[[2, 7], [11, 0]]"
552,142.94096419983543,116747.68189146352,116940.3739055833,0.001647780041094746,0.2776730000041425,0.1243722999934107,0.009539500111714005,0.010734800016507506,552,"[[2, 7], [11, 0]]"
553,143.37077449983917,116748.00677721229,116940.3739055833,0.0016450018239750912,0.30883180000819266,0.09659989993087947,0.009607699932530522,0.011098300106823444,553,"[[7, 1], [11, 0]]"
554,143.8064353999216,116748.40618218682,116940.3739055833,0.0016415863656419377,0.2847786999773234,0.12659649993292987,0.009263799991458654,0.011033999966457486,554,"[[2, 7], [11, 0]]"
555,144.21884300000966,116748.63067806058,116927.40433141071,0.0015289286063635422,0.2783886999823153,0.10955199995078146,0.009331299923360348,0.01147090015001595,555,"[[0, 6], [11, 0]]"
556,144.62360219983384,116748.82065615439,116926.03277282979,0.001515591630648159,0.27912730001844466,0.09989539999514818,0.010804499965161085,0.011163099901750684,556,"[[2, 7], [11, 0]]"
557,145.07208409998566,116749.14968922599,116926.03277282979,0.001512777603148941,0.2990524999331683,0.12364770006388426,0.00946590001694858,0.011082699988037348,557,"[[2, 7], [11, 0]]"
558,145.50217340001836,116749.28713723007,116926.03277282979,0.001511602090726056,0.28414619993418455,0.12192289996892214,0.009184000082314014,0.010994199896231294,558,"[[2, 7], [11, 0]]"
559,145.9094428999815,116749.33377341891,116926.03277282979,0.0015112032386677642,0.29134929995052516,0.09254239988513291,0.009352199966087937,0.0104825000744313,559,"[[0, 6], [11, 0]]"
560,146.33860239991918,116749.42202793862,116926.03277282979,0.0015104484493568106,0.29037519986741245,0.1136643998324871,0.009440700057893991,0.011413299944251776,560,"[[2, 7], [11, 0]]"
561,146.77599569992162,116749.66157614184,116926.03277282979,0.0015083997336214478,0.28057039994746447,0.1322620001155883,0.009432299993932247,0.011304100044071674,561,"[[7, 1], [11, 0]]"
562,147.20881909993477,116750.17029101597,116926.03277282979,0.0015040489927122965,0.2740241000428796,0.13211230002343655,0.009338399861007929,0.011236600112169981,562,"[[0, 6], [11, 0]]"
563,147.6316600998398,116750.23818056329,116926.03277282979,0.001503468373104201,0.3163276999257505,0.08170380000956357,0.009494000114500523,0.011274100048467517,563,"[[2, 7], [11, 0]]"
564,148.0486236999277,116750.37023838796,116926.03277282979,0.0015023389597346101,0.27983029978349805,0.11319219996221364,0.009238400030881166,0.010891800047829747,564,"[[7, 1], [11, 0]]"
565,148.49884949997067,116750.51286479531,116926.03277282979,0.0015011191594560048,0.31244829995557666,0.11391149996779859,0.009199499851092696,0.01076049986295402,565,"[[0, 6], [11, 0]]"
566,148.93850449984893,116750.67419620852,116926.03277282979,0.0014997393861977662,0.3007573001086712,0.11455359985120595,0.009548900183290243,0.0110124999191612,566,"[[7, 1], [11, 0]]"
567,149.3710525999777,116750.93081497758,116926.03277282979,0.0014975446758927293,0.2888054000213742,0.11589269991964102,0.009967399993911386,0.011353100184351206,567,"[[7, 1], [11, 0]]"
568,149.7984438999556,116751.03854955091,116926.03277282979,0.0014966232850717055,0.29438159987330437,0.1094404999166727,0.009284199913963675,0.010489200009033084,568,"[[7, 1], [11, 0]]"
569,150.2145660999231,116751.25090230562,116926.03277282979,0.001494807156108185,0.28775020013563335,0.10265169991180301,0.009741799905896187,0.011851999908685684,569,"[[7, 1], [11, 0]]"
570,150.62356229987927,116751.48493020442,116926.03277282979,0.001492805652309178,0.29170190007425845,0.09400080004706979,0.009202899876981974,0.010544199962168932,570,"[[0, 6], [11, 0]]"
571,151.09074729983695,116751.49510800102,116926.03277282979,0.0014927186075650494,0.32061040005646646,0.1229574999306351,0.009137899847701192,0.01062610000371933,571,"[[0, 6], [11, 0]]"
572,151.51119680004194,116751.70065267067,116926.03277282979,0.0014909607041728586,0.2973526001442224,0.09748220001347363,0.009329500142484903,0.011338100070133805,572,"[[0, 6], [11, 0]]"
573,151.93441269989125,116752.11869653733,116926.03277282979,0.0014873854193816738,0.2882983998861164,0.11094669997692108,0.009230599971488118,0.011064300080761313,573,"[[0, 6], [11, 0]]"
574,152.35156239988282,116752.27534677117,116926.03277282979,0.0014860456815138587,0.28776409989222884,0.10593959991820157,0.009162900038063526,0.010762799996882677,574,"[[0, 6], [11, 0]]"
575,152.80493179988116,116752.94107278432,116926.03277282979,0.001480352116125898,0.31456350022926927,0.11434599990025163,0.00924970000050962,0.011126900091767311,575,"[[7, 1], [11, 0]]"
576,153.20238039991818,116753.69176258607,116926.03277282979,0.0014739319051263172,0.2924299000296742,0.08097890019416809,0.009296000003814697,0.011046099942177534,576,"[[2, 7], [11, 0]]"
577,153.6038903000299,116754.54998952636,116926.03277282979,0.0014665919918499884,0.2871204998809844,0.09005709993653,0.00948179978877306,0.01087339990772307,577,"[[7, 1], [11, 0]]"
578,154.02673409995623,116754.92023180382,116926.03277282979,0.0014634255261051815,0.2986050001345575,0.09939650003798306,0.00972540001384914,0.01103309984318912,578,"[[7, 1], [11, 0]]"
579,154.50056570000015,116754.99611624899,116917.93869177303,0.0013936490614464001,0.3346611000597477,0.11556939990259707,0.009448499884456396,0.010426899883896112,579,"[[7, 1], [11, 0]]"
580,154.92116079991683,116755.06157467366,116917.93869177303,0.0013930891950529427,0.29672509990632534,0.10123870009556413,0.009226399939507246,0.009958700044080615,580,"[[7, 1], [11, 0]]"
581,155.32880809996277,116755.47812248857,116917.93869177303,0.0013895264584911384,0.2900522998534143,0.0937467000912875,0.009333099937066436,0.010840900009498,581,"[[7, 1], [11, 0]]"
582,155.81218989985064,116755.4836543973,116917.93869177303,0.0013894791440344997,0.3366304999217391,0.11812489992007613,0.009445799980312586,0.010413900017738342,582,"[[7, 1], [11, 0]]"
583,156.27361999987625,116755.9655085761,116917.93869177303,0.001385357841656192,0.31936309998854995,0.1184648999478668,0.009160500019788742,0.010678499937057495,583,"[[2, 7], [11, 0]]"
584,156.72996219992638,116756.36187693133,116917.93869177303,0.0013819677001632492,0.3109971000812948,0.1215751999989152,0.009242000058293343,0.010785700054839253,584,"[[2, 7], [11, 0]]"
585,157.1772833999712,116756.36837564615,116917.93869177303,0.0013819121166070015,0.30448650009930134,0.11941880010999739,0.009238200029358268,0.01037120004184544,585,"[[2, 7], [11, 0]]"
586,157.61311249993742,116756.47022033419,116909.24629121734,0.0013067920265484208,0.2983890001196414,0.11390280001796782,0.009361400036141276,0.010341000044718385,586,"[[2, 7], [11, 0]]"
587,158.06522889994085,116756.78095812676,116899.0821998054,0.0012172999051901347,0.31438510003499687,0.11209960002452135,0.009636200033128262,0.01057020016014576,587,"[[7, 1], [11, 0]]"
588,158.4987828999292,116756.78211694583,116898.96615705501,0.0012162985249856706,0.3023463999852538,0.10629200004041195,0.009551000082865357,0.011346600018441677,588,"[[7, 1], [11, 0]]"
589,158.93514729989693,116756.97165164453,116897.35124598458,0.0012008791717157865,0.3153568999841809,0.09703419986180961,0.009746199939399958,0.01045719999819994,589,"[[2, 7], [11, 0]]"
590,159.37890250002965,116757.46070635659,116897.35124598458,0.001196695546450999,0.30346779990941286,0.11642189999110997,0.009295700117945671,0.010835299966856837,590,"[[7, 1], [11, 0]]"
591,159.81067839986645,116757.62702108873,116897.35124598458,0.0011952728047860673,0.3157176000531763,0.09252379997633398,0.009311300003901124,0.010589599842205644,591,"[[7, 1], [11, 0]]"
592,160.24185490002856,116758.03830091613,116897.35124598458,0.0011917545058424534,0.30318800010718405,0.09747769986279309,0.009559800149872899,0.011388599872589111,592,"[[0, 6], [11, 0]]"
593,160.6838032999076,116758.09395553503,116897.35124598458,0.0011912784076391115,0.3219179001171142,0.09604880004189909,0.009684100048616529,0.010580899892374873,593,"[[0, 6], [11, 0]]"
594,161.14665189990774,116758.2793107722,116897.35124598458,0.0011896927837119172,0.31728870002552867,0.1191444001160562,0.01050309999845922,0.01141569996252656,594,"[[0, 6], [11, 0]]"
595,161.65622209990397,116758.28149863763,116897.35124598458,0.0011896740675869264,0.3448803999926895,0.14176449994556606,0.009199700085446239,0.010279799811542034,595,"[[0, 6], [11, 0]]"
596,162.13311759987846,116758.48657788613,116897.35124598458,0.0011879197143333303,0.33406440005637705,0.11736740008927882,0.009733400074765086,0.010888800024986267,596,"[[7, 1], [11, 0]]"
597,162.6008319000248,116759.03079618458,116897.35124598458,0.001183264191409547,0.3108280999585986,0.13281160010956228,0.009414499858394265,0.01083189994096756,597,"[[2, 7], [11, 0]]"
598,163.058489699848,116759.08154604628,116895.09851272978,0.0011635814368100893,0.3337811999954283,0.10046400013379753,0.009269399801269174,0.010553099913522601,598,"[[2, 7], [11, 0]]"
599,163.51264219987206,116759.08154604628,116895.09851272978,0.0011635814368100893,0.3289425000548363,0.10028359992429614,0.009862000122666359,0.011152799939736724,599,"[[0, 6], [11, 0]]"
600,163.97366999997757,116759.08154604628,116895.09851272978,0.0011635814368100893,0.34267379995435476,0.0945974001660943,0.00955899991095066,0.01060379995033145,600,"[[0, 6], [11, 0]]"
601,164.44088579993695,116759.08154604628,116895.09851272978,0.0011635814368100893,0.31332760001532733,0.12691759993322194,0.009628500090911984,0.011226100148633122,601,"[[7, 1], [11, 0]]"
602,164.92034449987113,116759.08154604628,116895.09851272978,0.0011635814368100893,0.3433564000297338,0.11174730001948774,0.009444799972698092,0.011134800035506487,602,"[[0, 6], [11, 0]]"
603,165.33884639991447,116759.08154604628,116895.09851272978,0.0011635814368100893,0.29001110000535846,0.10400879988446832,0.00983820017427206,0.010749500012025237,603,"[[0, 6], [11, 0]]"
604,165.8623362998478,116759.08154604628,116895.09851272978,0.0011635814368100893,0.3367823001462966,0.1631961998064071,0.009386799996718764,0.010327700059860945,604,"[[0, 6], [11, 0]]"
605,166.31235959986225,116759.08154604628,116895.09851272978,0.0011635814368100893,0.3255102001130581,0.09919520001858473,0.009434400126338005,0.010950200026854873,605,"[[7, 1], [11, 0]]"
606,166.77278999984264,116759.08154604628,116895.09851272978,0.0011635814368100893,0.3111258998978883,0.12387460004538298,0.00970749999396503,0.011493799975141883,606,"[[0, 6], [11, 0]]"
607,167.22682649991475,116759.08154604628,116895.09851272978,0.0011635814368100893,0.31969620008021593,0.10881730006076396,0.00994749995879829,0.011280700098723173,607,"[[2, 7], [11, 0]]"
608,167.6725540999323,116759.08154604628,116895.09851272978,0.0011635814368100893,0.3157128000166267,0.10647220001555979,0.00958859990350902,0.010302599985152483,608,"[[7, 1], [11, 0]]"
609,168.14384709997103,116759.08154604628,116895.09851272978,0.0011635814368100893,0.3289234999101609,0.11851339996792376,0.009480400010943413,0.010606899857521057,609,"[[0, 6], [11, 0]]"
610,168.63772209989838,116759.08154604628,116895.09851272978,0.0011635814368100893,0.3597583998925984,0.10804109997116029,0.009676599875092506,0.010478800162672997,610,"[[2, 7], [11, 0]]"
611,169.11650000000373,116759.08154604628,116895.09851272978,0.0011635814368100893,0.31801940011791885,0.13653299980796874,0.009553100215271115,0.01060410006903112,611,"[[7, 1], [11, 0]]"
612,169.55774439987727,116759.08154604628,116895.09851272978,0.0011635814368100893,0.31791920005343854,0.09954990004189312,0.009356499882414937,0.010848699836060405,612,"[[2, 7], [11, 0]]"
613,170.01754099992104,116759.08154604628,116895.09851272978,0.0011635814368100893,0.33958639996126294,0.09687749994918704,0.009463499998673797,0.010388500057160854,613,"[[2, 7], [11, 0]]"
614,170.49713489995338,116759.08154604628,116895.09851272978,0.0011635814368100893,0.33944710018113256,0.11536989989690483,0.009568900102749467,0.011349100153893232,614,"[[7, 1], [11, 0]]"
615,170.94440070004202,116759.08154604628,116895.09851272978,0.0011635814368100893,0.3188259999733418,0.1049456000328064,0.00938310008496046,0.010526900179684162,615,"[[7, 1], [11, 0]]"
616,171.42168619995937,116759.08154604628,116895.09851272978,0.0011635814368100893,0.3468164000660181,0.10654930002056062,0.009566100081428885,0.010473700007423759,616,"[[2, 7], [11, 0]]"
617,171.91454029991291,116759.08154604628,116895.09851272978,0.0011635814368100893,0.3359540000092238,0.1332896000239998,0.009631199995055795,0.010180599987506866,617,"[[2, 7], [11, 0]]"
618,172.37791140004992,116759.08154604628,116895.09851272978,0.0011635814368100893,0.33183240005746484,0.10806200001388788,0.009300800040364265,0.010506000136956573,618,"[[7, 1], [11, 0]]"
619,172.8550354000181,116759.08154604628,116895.09851272978,0.0011635814368100893,0.34297070000320673,0.10797720006667078,0.009519699960947037,0.01074510021135211,619,"[[2, 7], [11, 0]]"
620,173.3364970998373,116759.08154604628,116895.09851272978,0.0011635814368100893,0.3374151000753045,0.12050909991376102,0.009270599810406566,0.010570799931883812,620,"[[0, 6], [11, 0]]"
621,173.80946889985353,116759.08154604628,116895.09851272978,0.0011635814368100893,0.31957839988172054,0.1293258999940008,0.009627400198951364,0.010756400180980563,621,"[[2, 7], [11, 0]]"
622,174.27773219998926,116759.08154604628,116895.09851272978,0.0011635814368100893,0.325064699864015,0.11883899988606572,0.009258299833163619,0.011032900074496865,622,"[[0, 6], [11, 0]]"
623,174.7462595999241,116759.08154604628,116895.09851272978,0.0011635814368100893,0.35382650000974536,0.09134249994531274,0.009210999822244048,0.010601199930533767,623,"[[7, 1], [11, 0]]"
624,175.262554399902,116759.08154604628,116895.09851272978,0.0011635814368100893,0.33146009990014136,0.160848299972713,0.009406300028786063,0.010779900010675192,624,"[[2, 7], [11, 0]]"
625,175.73162740003318,116759.08154604628,116895.09851272978,0.0011635814368100893,0.3375663999468088,0.1071170000359416,0.00958119984716177,0.011020200094208121,625,"[[2, 7], [11, 0]]"
626,176.23342920001596,116759.08154604628,116895.09851272978,0.0011635814368100893,0.32761180005036294,0.15003190003335476,0.009560100035741925,0.010936500038951635,626,"[[2, 7], [11, 0]]"
627,176.69279500003904,116759.08154604628,116895.09851272978,0.0011635814368100893,0.33307730010710657,0.10246510012075305,0.009407700039446354,0.010785200167447329,627,"[[2, 7], [11, 0]]"
628,177.19983069994487,116759.08154604628,116895.09851272978,0.0011635814368100893,0.3761599001009017,0.104027200024575,0.010028599994257092,0.010760999983176589,628,"[[0, 6], [11, 0]]"
629,177.75348389986902,116759.08154604628,116895.09851272978,0.0011635814368100893,0.42945119994692504,0.10055510001257062,0.009532899828627706,0.010415999917313457,629,"[[0, 6], [11, 0]]"
630,178.2699324998539,116759.08154604628,116895.09851272978,0.0011635814368100893,0.3665664999280125,0.12592580006457865,0.009554200107231736,0.010576300090178847,630,"[[0, 6], [11, 0]]"
631,178.74306000000797,116759.08154604628,116895.09851272978,0.0011635814368100893,0.34688900015316904,0.10201169992797077,0.009484700160101056,0.0109653000254184,631,"[[0, 6], [11, 0]]"
632,179.22569529991597,116759.08154604628,116895.09851272978,0.0011635814368100893,0.3537800000049174,0.0988257999997586,0.009492099983617663,0.011286800028756261,632,"[[2, 7], [11, 0]]"
633,179.73159669991583,116760.78248354123,116895.09851272978,0.0011490304631884666,0.3637468998786062,0.11663620010949671,0.009225999936461449,0.012315499829128385,633,"[[0, 6], [2, 7]]"
634,180.19796249992214,116760.78248354128,116895.09851272978,0.001149030463188093,0.3183349999599159,0.12447809986770153,0.009114400018006563,0.010787100065499544,634,"[[0, 6], [2, 7]]"
635,180.65719739999622,116760.81440558934,116895.09851272978,0.0011487573803260589,0.3167012999765575,0.11880569998174906,0.009095299988985062,0.010801700176671147,635,"[[0, 6], [2, 7]]"
636,181.13250029995106,116760.9251657824,116895.09851272978,0.0011478098624704775,0.33669510018080473,0.11537959985435009,0.009300299920141697,0.010233100038021803,636,"[[0, 6], [2, 7]]"
637,181.59268500003964,116761.35526348342,116895.09851272978,0.0011441305148632158,0.3361498999875039,0.09968920005485415,0.009244400076568127,0.010499899974092841,637,"[[0, 6], [2, 7]]"
638,182.05909679993056,116770.24414383518,116895.09851272978,0.0010680890001645129,0.3451749000232667,0.09736560005694628,0.009280999889597297,0.011001399951055646,638,"[[0, 6], [11, 0]]"
639,182.5978993999306,116770.73406248013,116895.09851272978,0.0010638979036071657,0.41470909980125725,0.09975349996238947,0.009347999934107065,0.011100600007921457,639,"[[7, 1], [11, 0]]"
640,183.1114636999555,116771.11907217896,116895.09851272978,0.001060604269368175,0.3891857999842614,0.09941460005939007,0.009570099879056215,0.011708500096574426,640,"[[2, 7], [11, 0]]"
641,183.6167579998728,116771.27760190357,116895.09851272978,0.001059248098522497,0.37091040005907416,0.10828919988125563,0.009724600007757545,0.012104500085115433,641,"[[2, 7], [11, 0]]"
642,184.1010783999227,116771.48989857562,116895.09851272978,0.0010574319687210764,0.3539830001536757,0.10414510010741651,0.009815199999138713,0.010936500038951635,642,"[[2, 7], [11, 0]]"
643,184.60139029985294,116772.04106453188,116895.09851272978,0.0010527169210991125,0.37357459985651076,0.10214810003526509,0.009468399919569492,0.01137010008096695,643,"[[7, 1], [11, 0]]"
644,185.16219439986162,116772.042516708,116895.09851272978,0.0010527044981991185,0.40827069990336895,0.1283672999124974,0.009527600137516856,0.010912700090557337,644,"[[7, 1], [11, 0]]"
645,185.67122829984874,116772.34029334957,116895.09851272978,0.0010501571147300064,0.37116290000267327,0.11312319990247488,0.009586900006979704,0.011351800058037043,645,"[[7, 1], [11, 0]]"
646,186.20861819991842,116772.91359911306,116895.09851272978,0.001045252668172472,0.39391639991663396,0.11780870007351041,0.0102184999268502,0.01132120005786419,646,"[[7, 1], [11, 0]]"
647,186.7105590000283,116773.23963187645,116895.09851272978,0.0010424635626621569,0.3677095000166446,0.10744310007430613,0.01018620003014803,0.011311500100418925,647,"[[7, 1], [11, 0]]"
648,187.23803159990348,116773.77677629748,116895.09851272978,0.001037868464767836,0.3843219999689609,0.11843009991571307,0.009394800057634711,0.011422700015828013,648,"[[2, 7], [11, 0]]"
649,187.76740360003896,116774.03084411439,116895.09851272978,0.0010356949962466143,0.38858729996718466,0.11657320009544492,0.009513200027868152,0.010926000075414777,649,"[[7, 1], [11, 0]]"
650,188.27738759992644,116774.19821152929,116895.09851272978,0.0010342632218006754,0.36502739996649325,0.1209279999602586,0.009516699938103557,0.010719900019466877,650,"[[0, 6], [11, 0]]"
651,188.78458360000513,116774.52305775823,116895.09851272978,0.0010314842667113093,0.3678940001409501,0.11308600008487701,0.00976100005209446,0.01133829983882606,651,"[[7, 1], [11, 0]]"
652,189.28316490002908,116774.90200043781,116895.09851272978,0.0010282425338721565,0.37121269991621375,0.10302029992453754,0.009510200005024672,0.011155399959534407,652,"[[0, 6], [11, 0]]"
653,189.77699659997597,116775.18990773293,116895.09851272978,0.0010257795794901398,0.36990640009753406,0.09990989998914301,0.009194399928674102,0.011050800094380975,653,"[[2, 7], [11, 0]]"
654,190.32852079998702,116775.4240690986,116895.09851272978,0.0010237764042616258,0.39459630008786917,0.13305639987811446,0.00928230001591146,0.01079469989053905,654,"[[2, 7], [11, 0]]"
655,190.88784889993258,116775.81686360697,116895.09851272978,0.0010204161734789143,0.42869480000808835,0.10626240004785359,0.009675099980086088,0.010890400037169456,655,"[[7, 1], [11, 0]]"
656,191.4156980998814,116776.00068819665,116895.09851272978,0.0010188436131917976,0.3947907001711428,0.10706409998238087,0.009808699833229184,0.01174480002373457,656,"[[7, 1], [11, 0]]"
657,192.03038719994947,116776.29766517253,116895.09851272978,0.0010163030706056941,0.4619731998536736,0.1284119999036193,0.009299700148403645,0.010900399880483747,657,"[[7, 1], [11, 0]]"
658,192.56076769996434,116776.4574468071,116895.09851272978,0.0010149361900726938,0.3915889000054449,0.114642099943012,0.009371200110763311,0.011037099873647094,658,"[[2, 7], [11, 0]]"
659,193.0942034998443,116776.61477749127,116895.09851272978,0.0010135902766325547,0.4097443998325616,0.09993429994210601,0.009372799890115857,0.010723200161010027,659,"[[0, 6], [11, 0]]"
660,193.64850370003842,116776.88149253605,116895.09851272978,0.0010113086151413981,0.4171490999870002,0.11320380005054176,0.009571899892762303,0.010889400029554963,660,"[[2, 7], [11, 0]]"
661,194.17346909991466,116777.22188031513,116895.09851272978,0.001008396707085243,0.38862870004959404,0.11122920014895499,0.009613299975171685,0.011495700106024742,661,"[[0, 6], [11, 0]]"
662,194.71389819984324,116777.23195824162,116895.09851272978,0.0010083104936629648,0.40673100017011166,0.10812320001423359,0.009413799969479442,0.012313199928030372,662,"[[0, 6], [11, 0]]"
663,195.21890929993242,116777.76144484166,116895.09851272978,0.001003780905966219,0.3883812001440674,0.09222819982096553,0.009410099824890494,0.010999100049957633,663,"[[7, 1], [11, 0]]"
664,195.77992010000162,116778.00294673347,116895.09851272978,0.001001714934895716,0.4300625000614673,0.1073660000693053,0.009517200058326125,0.010681299958378077,664,"[[2, 7], [11, 0]]"
665,196.29421720001847,116778.53997160177,116895.09851272978,0.0009971208597365723,0.392901899991557,0.09709169995039701,0.009595099836587906,0.010975099867209792,665,"[[7, 1], [11, 0]]"
666,196.8357529998757,116778.78661353677,116895.09851272978,0.0009950109172485392,0.4098008000291884,0.10487039992585778,0.009905300103127956,0.012803100049495697,666,"[[2, 7], [11, 0]]"
667,197.39146670000628,116779.1010845731,116895.09851272978,0.000992320718597421,0.41466229991056025,0.11670010001398623,0.00963640003465116,0.010920200031250715,667,"[[2, 7], [11, 0]]"
668,197.9410129999742,116779.55785066125,116895.09851272978,0.000988413231508951,0.41402050014585257,0.108871900010854,0.009924100013449788,0.012511200038716197,668,"[[2, 7], [11, 0]]"
669,198.49072079989128,116779.69589396834,116895.09851272978,0.0009872323153812053,0.4210972001310438,0.10472800000570714,0.009428299963474274,0.010689300019294024,669,"[[0, 6], [11, 0]]"
670,199.07542859995738,116779.69589396834,116895.09851272978,0.0009872323153812053,0.4358276000712067,0.12134459987282753,0.009672800078988075,0.01169000007212162,670,"[[7, 1], [11, 0]]"
671,199.6192868000362,116779.69589396834,116895.09851272978,0.0009872323153812053,0.4132896999362856,0.10549220000393689,0.009669299935922027,0.011418800102546811,671,"[[7, 1], [11, 0]]"
672,200.20114499982446,116779.69589396834,116895.09851272978,0.0009872323153812053,0.43330839998088777,0.12378720007836819,0.009732000064104795,0.010993900010362267,672,"[[7, 1], [11, 0]]"
673,200.75350410002284,116779.69589396834,116895.09851272978,0.0009872323153812053,0.40868519991636276,0.11723539978265762,0.010243199998512864,0.011598899960517883,673,"[[7, 1], [11, 0]]"
674,201.33778679999523,116779.69589396834,116883.3565712405,0.0008868728646492606,0.44391400017775595,0.11581640015356243,0.00988400005735457,0.010854599997401237,674,"[[2, 7], [11, 0]]"
675,201.93715319992043,116779.69589396834,116883.3565712405,0.0008868728646492606,0.44403019989840686,0.13033850002102554,0.009977300185710192,0.01097020017914474,675,"[[7, 1], [11, 0]]"
676,202.48387210001238,116779.69589396834,116883.3565712405,0.0008868728646492606,0.43193609989248216,0.09124139999039471,0.009329799795523286,0.010557800065726042,676,"[[0, 6], [11, 0]]"
677,203.04027040000074,116779.69589396834,116883.3565712405,0.0008868728646492606,0.4341295000631362,0.09890559990890324,0.00959619996137917,0.010190800065174699,677,"[[0, 6], [11, 0]]"
678,203.66354079986922,116779.69589396834,116883.3565712405,0.0008868728646492606,0.47327299998141825,0.12598640006035566,0.009656199952587485,0.01058050012215972,678,"[[2, 7], [11, 0]]"
679,204.20513599994592,116779.69589396834,116878.89067938758,0.0008486971842618118,0.4029174998868257,0.11490919999778271,0.009509800001978874,0.01046719984151423,679,"[[2, 7], [11, 0]]"
680,204.78179419995286,116779.69589396834,116878.89067938758,0.0008486971842618118,0.4525513998232782,0.10099790012463927,0.009329400025308132,0.010151199996471405,680,"[[2, 7], [11, 0]]"
681,205.38736639986746,116779.69589396834,116878.89067938758,0.0008486971842618118,0.45634399983100593,0.12494080001488328,0.009380799951031804,0.010838299989700317,681,"[[0, 6], [11, 0]]"
682,205.96990489983,116779.69589396834,116872.44945741129,0.0007936306963152263,0.45004999986849725,0.10843309992924333,0.009567299857735634,0.01068339985795319,682,"[[0, 6], [11, 0]]"
683,206.52631929982454,116779.69589396834,116872.44945741129,0.0007936306963152263,0.43577919993549585,0.09666480007581413,0.009412300074473023,0.010683000087738037,683,"[[0, 6], [11, 0]]"
684,207.1230708998628,116779.69589396834,116872.44945741129,0.0007936306963152263,0.4393642998766154,0.127464700024575,0.010859499918296933,0.011980999959632754,684,"[[0, 6], [11, 0]]"
685,207.71878069988452,116779.69589396834,116872.44945741129,0.0007936306963152263,0.4343499999959022,0.13711149990558624,0.009870199952274561,0.010568100027740002,685,"[[0, 6], [11, 0]]"
686,208.28968539997004,116779.69589396834,116868.16475444919,0.0007569970887001462,0.44629279989749193,0.10047890013083816,0.009702999843284488,0.010537900030612946,686,"[[2, 7], [11, 0]]"
687,208.89001909992658,116779.69589396834,116868.16475444919,0.0007569970887001462,0.4746618000790477,0.10176069987937808,0.00922439992427826,0.01092369994148612,687,"[[7, 1], [11, 0]]"
688,209.51101249991916,116779.69589396834,116868.16475444919,0.0007569970887001462,0.4612086999695748,0.13233920000493526,0.010551200015470386,0.011087500024586916,688,"[[2, 7], [11, 0]]"
689,210.09668519999832,116779.69589396834,116868.16475444919,0.0007569970887001462,0.4491558000445366,0.11253340006805956,0.009597199968993664,0.010675400029867887,689,"[[0, 6], [11, 0]]"
690,210.67047120002098,116779.69589396834,116868.16475444919,0.0007569970887001462,0.4544414998963475,0.0951749999076128,0.009345500031486154,0.010808999883010983,690,"[[7, 1], [11, 0]]"
691,211.18767829984426,116779.69589396834,116868.16475444919,0.0007569970887001462,0.37998769991099834,0.11189260007813573,0.008673000149428844,0.012766400119289756,691,"[[0, 6], [2, 7]]"
692,211.6206022000406,116779.69589396834,116868.16475444919,0.0007569970887001462,0.30711920000612736,0.10111530008725822,0.008829500060528517,0.011857999954372644,692,"[[0, 6], [2, 7]]"
693,212.1495463999454,116784.93219841002,116868.16475444919,0.000712191863490294,0.3668331999797374,0.1340398001484573,0.009574899915605783,0.012540299911051989,693,"[[2, 7], [11, 0]]"
694,212.66492439992726,116785.11725912154,116868.16475444919,0.0007106083637244839,0.3709519000258297,0.11818660004064441,0.009985100012272596,0.012368299998342991,694,"[[0, 6], [11, 0]]"
695,213.19086089986376,116785.33292729678,116868.16475444919,0.0007087629665995126,0.40279399999417365,0.09861829993315041,0.00934310001321137,0.011587899876758456,695,"[[7, 1], [11, 0]]"
696,213.71258069993928,116785.41304579854,116868.16475444919,0.0007080774206090287,0.4020734999794513,0.09512610011734068,0.009381500072777271,0.011471400037407875,696,"[[2, 7], [11, 0]]"
697,214.25737340003252,116785.45289339955,116868.16475444919,0.0007077364586277645,0.39396470016799867,0.11959040001966059,0.009582000086084008,0.011662499979138374,697,"[[7, 1], [11, 0]]"
698,214.808252699906,116785.58770338236,116868.16475444919,0.0007065829367674646,0.41277460008859634,0.11274749995209277,0.009829499991610646,0.01171830017119646,698,"[[7, 1], [11, 0]]"
699,215.39188169990666,116785.76453465332,116868.16475444919,0.0007050698534454794,0.44924000022001565,0.1100494998972863,0.009665200021117926,0.01109389984048903,699,"[[0, 6], [11, 0]]"
700,216.0088118999265,116785.93294372747,116868.16475444919,0.0007036288359151606,0.4735605001915246,0.1194843000266701,0.00939329992979765,0.01081689982675016,700,"[[2, 7], [11, 0]]"
701,216.57488989992999,116786.12960035409,116868.16475444919,0.0007019461139606122,0.4374180000741035,0.10396370012313128,0.009402399882674217,0.01155469985678792,701,"[[0, 6], [11, 0]]"
702,217.11584069998935,116786.20098578386,116868.16475444919,0.0007013352938119889,0.40450809989124537,0.10969840013422072,0.009577600052580237,0.011400500079616904,702,"[[7, 1], [11, 0]]"
703,217.6001060998533,116786.42879882272,116868.16475444919,0.000699385977337847,0.35615079989656806,0.10344870015978813,0.009518699953332543,0.011247900081798434,703,"[[2, 7], [11, 0]]"
704,218.11897489987314,116786.59479565563,116868.16475444919,0.0006979656005118107,0.389831000007689,0.10447570006363094,0.009473100071772933,0.011416200082749128,704,"[[7, 1], [11, 0]]"
705,218.64323879987933,116786.82596416557,116868.16475444919,0.0006959875724455114,0.3786325000692159,0.12154680001549423,0.009517100173979998,0.010752900037914515,705,"[[0, 6], [11, 0]]"
706,219.17359049990773,116787.15535761908,116868.16475444919,0.0006931690679007088,0.3941036001779139,0.10988060012459755,0.010579800000414252,0.011596899945288897,706,"[[2, 7], [11, 0]]"
707,219.68892929982394,116787.22375678655,116868.16475444919,0.000692583800153775,0.39010890014469624,0.0992240000050515,0.009676099987700582,0.010840799892321229,707,"[[2, 7], [11, 0]]"
708,220.22701329994015,116787.32897777727,116868.16475444919,0.0006916834609472665,0.38548990013077855,0.1284682999830693,0.0094202000182122,0.010614900151267648,708,"[[0, 6], [11, 0]]"
709,220.76799289998598,116787.43316711858,116868.16475444919,0.0006907919492038873,0.4093949000816792,0.10604700003750622,0.00997740007005632,0.011639400152489543,709,"[[2, 7], [11, 0]]"
710,221.2927115999628,116787.48186964673,116868.16475444919,0.0006903752187088925,0.39913829998113215,0.10159280011430383,0.0093730001244694,0.010932600125670433,710,"[[2, 7], [11, 0]]"
711,221.83298809989356,116787.48305054253,116868.16475444919,0.0006903651141965953,0.4150231000967324,0.1006099998485297,0.009898199932649732,0.010735600022599101,711,"[[2, 7], [11, 0]]"
712,222.3654670000542,116787.48626985465,116868.16475444919,0.0006903375676690882,0.39700570004060864,0.1087728999555111,0.009813799988478422,0.010786500060930848,712,"[[7, 1], [11, 0]]"
713,222.9148680998478,116787.93640510066,116868.16475444919,0.0006864859178468092,0.3967822000849992,0.12766669993288815,0.009738099994137883,0.011222600005567074,713,"[[0, 6], [11, 0]]"
714,223.4746747999452,116788.09857994571,116868.16475444919,0.0006850982444338067,0.403360600117594,0.131537799956277,0.0095059999730438,0.011490300064906478,714,"[[0, 6], [11, 0]]"
715,224.044697499834,116788.09857994571,116868.16475444919,0.0006850982444338067,0.44740890013054013,0.0977319001685828,0.00998480012640357,0.011180700035765767,715,"[[0, 6], [11, 0]]"
716,224.5542156000156,116788.09857994571,116868.16475444919,0.0006850982444338067,0.3783452999778092,0.10494910017587245,0.009407399920746684,0.01123649999499321,716,"[[7, 1], [11, 0]]"
717,225.0582097999286,116788.09857994571,116868.16475444919,0.0006850982444338067,0.37942079990170896,0.10095219989307225,0.009489299962297082,0.010505100013688207,717,"[[7, 1], [11, 0]]"
718,225.58507529995404,116788.09857994571,116868.16475444919,0.0006850982444338067,0.3828922000247985,0.11999999987892807,0.009270800044760108,0.010860400041565299,718,"[[7, 1], [11, 0]]"
719,226.0868807998486,116788.09857994571,116868.16475444919,0.0006850982444338067,0.37989700003527105,0.09836109983734787,0.00934879994019866,0.010569200152531266,719,"[[7, 1], [11, 0]]"
720,226.61470729997382,116788.09857994571,116868.16475444919,0.0006850982444338067,0.4029920999892056,0.10081330011598766,0.009759399807080626,0.010618000058457255,720,"[[0, 6], [11, 0]]"
721,227.16496279998682,116788.09857994571,116868.16475444919,0.0006850982444338067,0.39605950005352497,0.12730700010433793,0.009824999840930104,0.01117870002053678,721,"[[0, 6], [11, 0]]"
722,227.68539460003376,116788.09857994571,116868.16475444919,0.0006850982444338067,0.38701100018806756,0.10926309996284544,0.00948939984664321,0.010982699925079942,722,"[[0, 6], [11, 0]]"
723,228.20915549993515,116788.09857994571,116868.16475444919,0.0006850982444338067,0.4045127001591027,0.09512889990583062,0.009536799974739552,0.010879899840801954,723,"[[7, 1], [11, 0]]"
724,228.73510259995237,116788.09857994571,116868.16475444919,0.0006850982444338067,0.3938326998613775,0.10820859996601939,0.009390000021085143,0.010932799894362688,724,"[[2, 7], [11, 0]]"
725,229.24379019998014,116788.09857994571,116868.16475444919,0.0006850982444338067,0.3720811998937279,0.11031909985467792,0.009616200113669038,0.010874599916860461,725,"[[7, 1], [11, 0]]"
726,229.82248199987225,116788.09857994571,116868.16475444919,0.0006850982444338067,0.42718160012736917,0.12549169990234077,0.009924500016495585,0.01207230007275939,726,"[[0, 6], [11, 0]]"
727,230.34871459985152,116788.09857994571,116868.16475444919,0.0006850982444338067,0.39563809987157583,0.10588859999552369,0.009759600041434169,0.011142400093376637,727,"[[0, 6], [11, 0]]"
728,230.85049350000918,116788.09857994571,116868.16475444919,0.0006850982444338067,0.3795626999344677,0.09797660005278885,0.009504900081083179,0.011041800025850534,728,"[[7, 1], [11, 0]]"
729,231.41494199982844,116788.09857994571,116868.16475444919,0.0006850982444338067,0.439734400017187,0.09852209989912808,0.011046600062400103,0.01125119999051094,729,"[[7, 1], [11, 0]]"
730,231.9668627998326,116788.09857994571,116868.16475444919,0.0006850982444338067,0.4209157000295818,0.10597349982708693,0.009649799903854728,0.011446800082921982,730,"[[7, 1], [11, 0]]"
731,232.50769959995523,116788.09857994571,116865.36257922984,0.000661136863642954,0.4133772999048233,0.10353210009634495,0.009523499989882112,0.010734800016507506,731,"[[7, 1], [11, 0]]"
732,233.05754319997504,116788.09857994571,116865.36257922984,0.000661136863642954,0.4042267999611795,0.12077439995482564,0.009751399978995323,0.011084000114351511,732,"[[7, 1], [11, 0]]"
733,233.5866985998582,116788.09857994571,116865.36257922984,0.000661136863642954,0.4012577999383211,0.1031232001259923,0.009719399968162179,0.010877299821004272,733,"[[7, 1], [11, 0]]"
734,234.15444840001874,116788.09857994571,116865.36257922984,0.000661136863642954,0.40709730004891753,0.12796530011110008,0.010198399890214205,0.011953100096434355,734,"[[7, 1], [11, 0]]"
735,234.7374040998984,116788.09857994571,116860.79670003348,0.0006220916007818275,0.4202876999042928,0.13785000005736947,0.009709700010716915,0.010745099978521466,735,"[[7, 1], [11, 0]]"
736,235.27226329990663,116788.09857994571,116860.79670003348,0.0006220916007818275,0.4001891000661999,0.11044059996493161,0.009721499867737293,0.010730199981480837,736,"[[0, 6], [11, 0]]"
737,235.8765604000073,116788.09857994571,116860.79670003348,0.0006220916007818275,0.42336850007995963,0.1548191998153925,0.009965700097382069,0.010764899896457791,737,"[[2, 7], [11, 0]]"
738,236.42305099987425,116788.09857994571,116860.79670003348,0.0006220916007818275,0.40566119994036853,0.1156369000673294,0.009702400071546435,0.011274500051513314,738,"[[0, 6], [11, 0]]"
739,236.9759553000331,116788.09857994571,116860.79670003348,0.0006220916007818275,0.4211139001417905,0.10699379979632795,0.00943019986152649,0.011171799851581454,739,"[[7, 1], [11, 0]]"
740,237.52696629986167,116788.09857994571,116860.79670003348,0.0006220916007818275,0.409056399948895,0.11789310001768172,0.009608299937099218,0.01068669999949634,740,"[[2, 7], [11, 0]]"
741,238.07771189999767,116788.09857994571,116860.79670003348,0.0006220916007818275,0.4271550001576543,0.09995269984938204,0.009563199942931533,0.010438800090923905,741,"[[0, 6], [11, 0]]"
742,238.76553400000557,116788.09857994571,116860.79670003348,0.0006220916007818275,0.5448563999962062,0.1139954999089241,0.010417700046673417,0.014086900046095252,742,"[[0, 6], [2, 7]]"
743,239.28350310004316,116788.09857994571,116860.79670003348,0.0006220916007818275,0.3832062999717891,0.10894820000976324,0.009567499859258533,0.011866899905726314,743,"[[0, 6], [2, 7]]"
744,239.83770859986544,116789.6511930508,116860.79670003348,0.0006088055959886902,0.3874937000218779,0.14064009999856353,0.00959190004505217,0.012647900031879544,744,"[[2, 7], [11, 0]]"
745,240.40650489996187,116789.6511930508,116860.79670003348,0.0006088055959886902,0.4311157001648098,0.11037250002846122,0.009689600206911564,0.013306199805811048,745,"[[2, 7], [11, 0]]"
746,240.99544549989514,116789.6511930508,116860.79670003348,0.0006088055959886902,0.45133609999902546,0.10610869992524385,0.010066400049254298,0.01251779985614121,746,"[[0, 6], [11, 0]]"
747,241.51857950002886,116789.65119305084,116860.79670003348,0.0006088055959883166,0.39570820005610585,0.10232449998147786,0.009770700009539723,0.011508400086313486,747,"[[0, 6], [11, 0]]"
748,242.06747959996574,116789.65119305084,116860.79670003348,0.0006088055959883166,0.39925620006397367,0.12476189993321896,0.00997409992851317,0.01100980001501739,748,"[[0, 6], [11, 0]]"
749,242.6373441000469,116789.65119305084,116860.79670003348,0.0006088055959883166,0.42606540000997484,0.11858469992876053,0.009524900000542402,0.011614799965173006,749,"[[7, 1], [11, 0]]"
750,243.20775339985266,116789.65119305084,116860.79670003348,0.0006088055959883166,0.4252007999457419,0.11851669987663627,0.00948949996381998,0.011567900190129876,750,"[[2, 7], [11, 0]]"
751,243.77559869992547,116789.65119305124,116860.79670003348,0.0006088055959849544,0.4345933001022786,0.10864929994568229,0.009678399888798594,0.0111606998834759,751,"[[7, 1], [11, 0]]"
752,244.35993729997426,116789.65119305124,116860.79670003348,0.0006088055959849544,0.453470999840647,0.10495990002527833,0.010148900095373392,0.011483700014650822,752,"[[7, 1], [11, 0]]"
753,244.9257990999613,116789.65119305124,116860.79670003348,0.0006088055959849544,0.43339719995856285,0.10825469996780157,0.009872700087726116,0.010724599938839674,753,"[[0, 6], [11, 0]]"
754,245.54726439993829,116789.65119305124,116860.79670003348,0.0006088055959849544,0.4321364997886121,0.15977649996057153,0.00997109990566969,0.012039599940180779,754,"[[2, 7], [11, 0]]"
755,246.10329869994894,116789.65119305124,116860.79670003348,0.0006088055959849544,0.42267600004561245,0.10911369998939335,0.009380900068208575,0.011122399941086769,755,"[[2, 7], [11, 0]]"
756,246.6672998999711,116789.65119305124,116860.79670003348,0.0006088055959849544,0.426828800002113,0.11227280017919838,0.009398200083523989,0.011536599835380912,756,"[[7, 1], [11, 0]]"
757,247.2250196998939,116789.65119305124,116860.79670003348,0.0006088055959849544,0.4273473999928683,0.10548730008304119,0.009931099833920598,0.011104100150987506,757,"[[2, 7], [11, 0]]"
758,247.8286426998675,116789.65119305124,116860.79670003348,0.0006088055959849544,0.453337199985981,0.12497060000896454,0.009588000131770968,0.010529899969696999,758,"[[0, 6], [11, 0]]"
759,248.39205479994416,116789.65119305124,116860.79670003348,0.0006088055959849544,0.437851499998942,0.10183579986914992,0.009415700100362301,0.010691799921914935,759,"[[7, 1], [11, 0]]"
760,248.95443729986437,116789.65119305124,116860.79670003348,0.0006088055959849544,0.42334640002809465,0.11389750009402633,0.009076999966055155,0.01238909992389381,760,"[[0, 6], [2, 7]]"
761,249.55476500000805,116790.8240104823,116860.79670003348,0.0005987695748025846,0.46846819994971156,0.105686399852857,0.009231900097802281,0.012911899946630001,761,"[[0, 6], [2, 7]]"
762,250.06166929984465,116792.54534844964,116860.79670003348,0.0005840397593645433,0.3846734999679029,0.09545389981940389,0.009468399919569492,0.013410599902272224,762,"[[0, 6], [11, 0]]"
763,250.61526379990391,116794.6505761504,116860.79670003348,0.0005660249266729726,0.4121624999679625,0.11504100007005036,0.009221100015565753,0.012715099845081568,763,"[[0, 6], [2, 7]]"
764,251.20267669996247,116795.07555842036,116860.79670003348,0.0005623882727910483,0.43932879995554686,0.12272530002519488,0.009760000044479966,0.011957099894061685,764,"[[2, 7], [11, 0]]"
765,251.73486869991757,116795.36419069048,116860.79670003348,0.000559918391716523,0.4017515000887215,0.10566759994253516,0.009659300092607737,0.011357499985024333,765,"[[2, 7], [11, 0]]"
766,252.26871189987287,116795.56769753339,116860.79670003348,0.0005581769450666872,0.3915106998756528,0.11802900000475347,0.009318799944594502,0.01112280017696321,766,"[[7, 1], [11, 0]]"
767,252.79838950000703,116795.71876811654,116860.79670003348,0.0005568842054361861,0.3972127998713404,0.10775849991478026,0.009670499945059419,0.011386600090190768,767,"[[7, 1], [11, 0]]"
768,253.32667679991573,116795.79570712922,116860.79670003348,0.0005562258237132018,0.39305770001374185,0.10821909992955625,0.00977699994109571,0.011641799937933683,768,"[[0, 6], [11, 0]]"
769,253.8818308999762,116795.92919021496,116860.79670003348,0.0005550835836334914,0.4130114000290632,0.11704179993830621,0.010025100084021688,0.011318800039589405,769,"[[2, 7], [11, 0]]"
770,254.44528370001353,116796.00597226438,116860.79670003348,0.0005544265450748794,0.417708600172773,0.12083939998410642,0.009623799938708544,0.01124090002849698,770,"[[2, 7], [11, 0]]"
771,255.0230364999734,116796.22413116436,116860.79670003348,0.0005525597179939291,0.4496599999256432,0.10124540003016591,0.010235199937596917,0.012522100005298853,771,"[[7, 1], [11, 0]]"
772,255.53990729991347,116796.33121639656,116860.79670003348,0.0005516433693532828,0.37994090002030134,0.11058750003576279,0.010289500001817942,0.010974799981340766,772,"[[2, 7], [11, 0]]"
773,256.1517751000356,116796.47307321278,116860.79670003348,0.000550429473673767,0.4783617998473346,0.10907140001654625,0.009624200174584985,0.011159299872815609,773,"[[0, 6], [11, 0]]"
774,256.7064234998543,116796.63240488301,116860.79670003348,0.0005490660423543344,0.41546780010685325,0.11493970011360943,0.009591500042006373,0.010941699845716357,774,"[[2, 7], [11, 0]]"
775,257.293916599825,116796.67968121363,116860.79670003348,0.0005486614898272934,0.4533514999784529,0.10922319977544248,0.0098129000980407,0.011225800029933453,775,"[[7, 1], [11, 0]]"
776,257.8254555000458,116796.73033027863,116860.79670003348,0.0005482280761724945,0.41485660010948777,0.09259479981847107,0.009593300055712461,0.010910599958151579,776,"[[0, 6], [11, 0]]"
777,258.47868669987656,116796.78374317991,116860.79670003348,0.0005477710118464796,0.5100032000336796,0.11885139998048544,0.009478399995714426,0.010935799917206168,777,"[[2, 7], [11, 0]]"
778,259.022294400027,116796.9143110902,116860.79670003348,0.0005466537174760175,0.3867165001574904,0.1320128000807017,0.00961880013346672,0.011428900063037872,778,"[[7, 1], [11, 0]]"
779,259.5751163000241,116797.05275570373,116860.79670003348,0.0005454690206619974,0.42240549996495247,0.10574700008146465,0.009650900028645992,0.011379200033843517,779,"[[7, 1], [11, 0]]"
780,260.13948030001484,116797.13902989594,116860.79670003348,0.0005447307560373018,0.43818619986996055,0.10014410014264286,0.009810500079765916,0.012104700086638331,780,"[[0, 6], [11, 0]]"
781,260.71306900004856,116797.24305990634,116859.3075547706,0.0005311044208880798,0.4274526999797672,0.11873870017006993,0.009955799905583262,0.011360100004822016,781,"[[0, 6], [11, 0]]"
782,261.2563809999265,116797.32719905746,116859.3075547706,0.0005303844170400262,0.41422989987768233,0.10478509985841811,0.009460199857130647,0.010859400033950806,782,"[[0, 6], [11, 0]]"
783,261.77714030002244,116797.45883204683,116859.3075547706,0.0005292579942318759,0.3984187999740243,0.09843760007061064,0.009520099963992834,0.010834100190550089,783,"[[2, 7], [11, 0]]"
784,262.30802470003255,116797.58593448275,116859.3075547706,0.0005281703407229232,0.40349060017615557,0.10341500001959503,0.009460799861699343,0.010693799937143922,784,"[[7, 1], [11, 0]]"
785,262.84796709986404,116797.5891125988,116859.3075547706,0.0005281431446345923,0.4109343998134136,0.10362519999034703,0.010018300032243133,0.011283400002866983,785,"[[7, 1], [11, 0]]"
786,263.4235000000335,116797.75745801651,116859.3075547706,0.0005267025626113584,0.417098400183022,0.1303809001110494,0.010233799926936626,0.010931200115010142,786,"[[7, 1], [11, 0]]"
787,263.972141899867,116797.90747795964,116859.3075547706,0.000525418797147818,0.41285740002058446,0.1112307000439614,0.009444700088351965,0.011192100122570992,787,"[[0, 6], [11, 0]]"
788,264.5257111999672,116798.01224879295,116859.3075547706,0.0005245222418327256,0.42988619999960065,0.0997061999514699,0.009582199854776263,0.010811800137162209,788,"[[2, 7], [11, 0]]"
789,265.0655560998712,116798.10459843156,116859.3075547706,0.0005237319783907985,0.4184073000214994,0.09770609997212887,0.009211400058120489,0.01077979989349842,789,"[[2, 7], [11, 0]]"
790,265.6461449000053,116798.17108767145,116859.3075547706,0.0005231630101050544,0.4434863000642508,0.11079680011607707,0.009721399983391166,0.011007599998265505,790,"[[7, 1], [11, 0]]"
791,266.2025146000087,116798.290246947,116859.3075547706,0.0005221433285919355,0.41629009996540844,0.11554170004092157,0.009633500128984451,0.011037299875169992,791,"[[7, 1], [11, 0]]"
792,266.7826058999635,116798.86813053735,116859.3075547706,0.0005171982060985763,0.4228440001606941,0.13108920003287494,0.010638399980962276,0.011442800052464008,792,"[[7, 1], [11, 0]]"
793,267.3455858998932,116799.14743309314,116856.39594769644,0.0004899048455073295,0.4215037999674678,0.11666309996508062,0.009739000117406249,0.01116369990631938,793,"[[2, 7], [11, 0]]"
794,267.9341048998758,116799.21158099844,116855.00787742215,0.00047748314288966896,0.4602691000327468,0.12450909987092018,0.0,0.0,794,"[[2, 7], [11, 0]]"
795,268.51915699988604,116799.21162028766,116855.00787742215,0.0004774828066676623,0.43917979998514056,0.14333989983424544,0.0,0.0,795,"[[2, 7], [11, 0]]"
796,269.06899489997886,116799.2116678463,116854.98817708711,0.0004773138922942848,0.4457588999066502,0.10181359993293881,0.0,0.0,796,"[[2, 7], [11, 0]]"
797,269.6170860999264,116799.21167559558,116854.98817708711,0.0004773138259789881,0.43751599988900125,0.10816730000078678,0.0,0.0,797,"[[2, 7], [11, 0]]"
798,270.19074009987526,116799.21169138583,116854.98817708711,0.00047731369085207264,0.43180819996632636,0.13673319993540645,0.0,0.0,798,"[[2, 7], [11, 0]]"
799,270.7524244999513,116799.21221359726,116854.98817708711,0.00047730922196773134,0.43249940010719,0.12632709997706115,0.0,0.0,799,"[[2, 7], [11, 0]]"
800,271.4776983000338,116799.2122533348,116854.98817708711,0.0004773088819091573,0.5626584999263287,0.16011109994724393,0.0,0.0,800,"[[2, 7], [11, 0]]"
801,272.02370659983717,116799.21230025105,116854.98817708711,0.00047730848041797116,0.4268390000797808,0.1169805999379605,0.0,0.0,801,"[[2, 7], [11, 0]]"
802,272.6224473998882,116799.21230823369,116854.98817708711,0.00047730841210559186,0.4732456000056118,0.12124880007468164,0.0,0.0,802,"[[2, 7], [11, 0]]"
803,273.16508969990537,116799.2123241313,116854.98817708711,0.0004773082760600209,0.42616240005008876,0.11425159987993538,0.0,0.0,803,"[[2, 7], [11, 0]]"
804,273.7301564000081,116799.21403843936,116854.8827261788,0.0004763916272962657,0.44438160001300275,0.11838770005851984,0.0,0.0,804,"[[2, 7], [11, 0]]"
805,274.25357929989696,116799.21407931994,116854.8827261788,0.00047639127745569357,0.4131713998503983,0.10794450016692281,0.0,0.0,805,"[[2, 7], [11, 0]]"
806,274.8647706999909,116799.21412421693,116854.8616613459,0.00047621071419554143,0.48886099993251264,0.11824310012161732,0.0,0.0,806,"[[2, 7], [11, 0]]"
807,275.45896820002235,116799.21413284639,116854.8616613459,0.0004762106403478621,0.48420659988187253,0.10778410010971129,0.0,0.0,807,"[[2, 7], [11, 0]]"
808,276.00934659992345,116799.214148989,116854.8616613459,0.0004762105022054352,0.43882340006530285,0.10905209998600185,0.0,0.0,808,"[[2, 7], [11, 0]]"
809,276.55364179983735,116799.21467046061,116854.8616613459,0.0004762060396473517,0.43715090001933277,0.10535029997117817,0.0,0.0,809,"[[2, 7], [11, 0]]"
810,277.1133220999036,116799.21471174629,116854.8616613459,0.00047620568634005526,0.42797019984573126,0.12827550014480948,0.0,0.0,810,"[[2, 7], [11, 0]]"
811,277.69639489986,116799.21475602992,116854.8616613459,0.00047620530737737377,0.47644819994457066,0.10430849995464087,0.0,0.0,811,"[[2, 7], [11, 0]]"
812,278.2618281999603,116799.2147649233,116854.8616613459,0.0004762052312712215,0.459893099963665,0.10312089999206364,0.0,0.0,812,"[[2, 7], [11, 0]]"
813,278.83526109997183,116799.21478113628,116854.8616613459,0.0004762050925265684,0.46093860012479126,0.11004319996573031,0.0,0.0,813,"[[2, 7], [11, 0]]"
814,279.41090280003846,116799.21572278801,116854.8616613459,0.0004761970342248907,0.4645993998274207,0.10861400002613664,0.0,0.0,814,"[[2, 7], [11, 0]]"
815,279.9746512998827,116799.21576476059,116854.8616613459,0.0004761966750392885,0.44379759998992085,0.11510850000195205,0.0,0.0,815,"[[2, 7], [11, 0]]"
816,280.53004290000536,116799.21580831619,116854.8616613459,0.00047619630230683404,0.4423205000348389,0.1107381999026984,0.0,0.0,816,"[[2, 7], [11, 0]]"
817,281.10887779993936,116799.21581781394,116854.8616613459,0.0004761962210287092,0.46846830006688833,0.1080441998783499,0.0,0.0,817,"[[2, 7], [11, 0]]"
818,281.7100499998778,116799.21583406474,116854.8616613459,0.00047619608196040306,0.4604955001268536,0.1381806000135839,0.0,0.0,818,"[[2, 7], [11, 0]]"
819,282.2705161999911,116799.2163589972,116854.8616613459,0.0004761915897856409,0.44225189997814596,0.11406930000521243,0.0,0.0,819,"[[2, 7], [11, 0]]"
820,282.8635276998393,116799.21640133244,116854.8616613459,0.00047619122749663096,0.47932959999889135,0.11129939998500049,0.0,0.0,820,"[[2, 7], [11, 0]]"
821,283.46048199990764,116799.21640226606,116854.8616613459,0.0004761912195070466,0.4627978000789881,0.13117700000293553,0.0,0.0,821,"[[2, 7], [11, 0]]"
822,284.07079799985513,116799.21642313195,116854.8616613459,0.00047619104094460523,0.4708864998538047,0.13694619992747903,0.0,0.0,822,"[[2, 7], [11, 0]]"
823,284.7424159999937,116799.21644453623,116854.8616613459,0.0004761908577748095,0.5303320998791605,0.13682400016114116,0.0,0.0,823,"[[2, 7], [11, 0]]"
824,285.33755289996043,116799.21648650078,116854.8616613459,0.0004761904986579477,0.4548465001862496,0.13825950003229082,0.0,0.0,824,"[[2, 7], [11, 0]]"
825,285.9737658998929,116799.21653901835,116854.8616613459,0.00047619004923230745,0.4817369000520557,0.15206320001743734,0.0,0.0,825,"[[2, 7], [11, 0]]"
826,286.55386379989795,116799.2165814468,116854.8616613459,0.00047618968614555944,0.4654741999693215,0.11227439995855093,0.0,0.0,826,"[[2, 7], [11, 0]]"
827,287.1549263000488,116799.21658182229,116854.8616613459,0.00047618968293231646,0.47618339979089797,0.12071650009602308,0.0,0.0,827,"[[2, 7], [11, 0]]"
828,287.8200431999285,116799.21662424238,116854.8616613459,0.00047618931991704854,0.544909399934113,0.11775290011428297,0.0,0.0,828,"[[2, 7], [11, 0]]"
829,288.431223699823,116799.21712935332,116854.8616613459,0.00047618499736747143,0.5000591999851167,0.10875410004518926,0.0,0.0,829,"[[2, 7], [11, 0]]"
830,289.0541363998782,116799.21717279204,116854.8616613459,0.0004761846256352405,0.504847299773246,0.1156607000157237,0.0,0.0,830,"[[2, 7], [11, 0]]"
831,289.6541845998727,116799.21717279204,116854.8616613459,0.0004761846256352405,0.48023129999637604,0.11096550012007356,0.0,0.0,831,"[[0, 6], [11, 0]]"
832,290.2562885999214,116799.21722281675,116854.8616613459,0.0004761841975425551,0.4815936000086367,0.1179471998475492,0.0,0.0,832,"[[2, 7], [11, 0]]"
833,290.8448550000321,116799.219024272,116854.83914169748,0.0004759761584031398,0.4746964001096785,0.1113760001026094,0.0,0.0,833,"[[2, 7], [11, 0]]"
834,291.4289343999699,116799.21906816657,116854.83914169748,0.0004759757827698153,0.47318760002963245,0.10841550002805889,0.0,0.0,834,"[[0, 6], [11, 0]]"
835,292.05786609998904,116799.21914936238,116854.79883500279,0.0004756303223702658,0.4560987998265773,0.16854969994165003,0.0,0.0,835,"[[2, 7], [11, 0]]"
836,292.65396869997494,116799.2191933381,116854.79883500279,0.00047562994604243296,0.4857086001429707,0.1078111999668181,0.0,0.0,836,"[[2, 7], [11, 0]]"
837,293.24304839991964,116799.21965710199,116854.79883500279,0.0004756259773231608,0.43960159993730485,0.14689610013738275,0.0,0.0,837,"[[2, 7], [11, 0]]"
838,293.80219809990376,116799.21970160975,116854.79883500279,0.00047562559644226616,0.44072320009581745,0.11605589999817312,0.0,0.0,838,"[[2, 7], [11, 0]]"
839,294.4234189998824,116799.21974106538,116854.79883500279,0.0004756252587956587,0.4971831999719143,0.12012850004248321,0.0,0.0,839,"[[2, 7], [11, 0]]"
840,295.0093262998853,116799.22142323286,116854.79883500279,0.00047561086343067023,0.45779110002331436,0.12562500010244548,0.0,0.0,840,"[[2, 7], [11, 0]]"
841,295.57502119988203,116799.22146886852,116854.79883500279,0.00047561047289758834,0.44572369987145066,0.11780070001259446,0.0,0.0,841,"[[2, 7], [11, 0]]"
842,296.14471659995615,116799.22150663954,116854.79883500279,0.0004756101496671836,0.4518098998814821,0.11559020006097853,0.0,0.0,842,"[[2, 7], [11, 0]]"
843,296.72532199998386,116799.22154734991,116854.79883500279,0.00047560980128298635,0.44977819989435375,0.12585339997895062,0.0,0.0,843,"[[2, 7], [11, 0]]"
844,297.3175579998642,116799.22360482198,116854.79883500279,0.000475592194200609,0.4245694999117404,0.16460369993001223,0.0,0.0,844,"[[2, 7], [11, 0]]"
845,297.8761835000478,116799.22370023072,116854.79883500279,0.00047559137772798244,0.4411720000207424,0.11527590011246502,0.0,0.0,845,"[[2, 7], [11, 0]]"
846,298.46212559984997,116799.22423643761,116854.79883500279,0.0004755867890684087,0.45676700002513826,0.12507029995322227,0.0,0.0,846,"[[2, 7], [11, 0]]"
847,299.09398559993133,116799.22428454565,116854.79883500279,0.00047558637737769855,0.5188955999910831,0.11062190006487072,0.0,0.0,847,"[[2, 7], [11, 0]]"
848,299.7390137000475,116799.22431936263,116854.79883500279,0.0004755860794268614,0.504329500021413,0.13800500007346272,0.0,0.0,848,"[[2, 7], [11, 0]]"
849,300.3430759999901,116799.2243287455,116854.79883500279,0.0004755859991317319,0.47024040017277,0.13128000008873641,0.0,0.0,849,"[[2, 7], [11, 0]]"
850,300.9505037998315,116799.224376211,116854.79883500279,0.000475585592939639,0.4746076997835189,0.12883440009318292,0.0,0.0,850,"[[2, 7], [11, 0]]"
851,301.5678101000376,116799.22441141582,116854.79883500279,0.00047558529166983124,0.4866597999352962,0.1282237998675555,0.0,0.0,851,"[[2, 7], [11, 0]]"
852,302.18959870003164,116799.22445944296,116854.79883500279,0.00047558488067138275,0.4916406001430005,0.127632400020957,0.0,0.0,852,"[[2, 7], [11, 0]]"
853,302.7662953999825,116799.22517359,116854.79883500279,0.0004755787692660442,0.46376470010727644,0.11073370021767914,0.0,0.0,853,"[[2, 7], [11, 0]]"
854,303.35027359984815,116799.22527750039,116854.79883500279,0.0004755778800395692,0.4628932001069188,0.11631090007722378,0.0,0.0,854,"[[2, 7], [11, 0]]"
855,303.89382909983397,116799.22554226585,116854.79883500279,0.00047557561427500884,0.43423669994808733,0.1070407999213785,0.0,0.0,855,"[[2, 7], [11, 0]]"
856,304.4373247998301,116799.2262035833,116854.79883500279,0.0004755699549657221,0.432766699930653,0.10847189999185503,0.0,0.0,856,"[[2, 7], [11, 0]]"
857,305.0543508999981,116799.22671685816,116854.79883500279,0.00047556556254993757,0.504628699971363,0.11000750004313886,0.0,0.0,857,"[[2, 7], [11, 0]]"
858,305.6936692998279,116799.22747524665,116854.79883500279,0.0004755590725427259,0.4713405000511557,0.16208719997666776,0.0,0.0,858,"[[2, 7], [11, 0]]"
859,306.30971539998427,116799.25241423189,116854.61762911404,0.0004737956959294561,0.4654083999339491,0.14829899999313056,0.0,0.0,859,"[[2, 7], [11, 0]]"
860,306.88192179985344,116799.25251339425,116854.61762911404,0.00047379484733340216,0.46464410005137324,0.1051324000582099,0.0,0.0,860,"[[2, 7], [11, 0]]"
861,307.43768509989604,116799.25304543562,116854.61762911404,0.00047379029431382264,0.4407379000913352,0.11264370009303093,0.0,0.0,861,"[[2, 7], [11, 0]]"
862,308.044979600003,116799.25310855024,116854.61762911404,0.0004737897542014487,0.4544530001003295,0.1474394998513162,0.0,0.0,862,"[[2, 7], [11, 0]]"
863,308.6294572998304,116799.25312139753,116854.61324073657,0.0004737521078862805,0.46107190009206533,0.12087760004214942,0.0,0.0,863,"[[2, 7], [11, 0]]"
864,309.1816084999591,116799.2531447844,116854.61324073657,0.00047375190774986715,0.4448132000397891,0.10489309998229146,0.0,0.0,864,"[[2, 7], [11, 0]]"
865,309.763473500032,116799.25316465036,116854.61324073657,0.00047375173774400663,0.46986600011587143,0.10941449995152652,0.0,0.0,865,"[[2, 7], [11, 0]]"
866,310.3354261999484,116799.25492279502,116854.61324073657,0.00047373669217061975,0.45342839998193085,0.11408130009658635,0.0,0.0,866,"[[2, 7], [11, 0]]"
867,310.92745329998434,116799.25502277046,116854.61324073657,0.0004737358366165398,0.4763197998981923,0.11326169990934432,0.0,0.0,867,"[[2, 7], [11, 0]]"
868,311.6226613998879,116799.25555596963,116854.61324073657,0.00047373127368867743,0.5791124000679702,0.11351189995184541,0.0,0.0,868,"[[2, 7], [11, 0]]"
869,312.1710115999449,116799.2556198765,116854.61324073657,0.00047373072679661617,0.44295030017383397,0.10299859987571836,0.0,0.0,869,"[[2, 7], [11, 0]]"
870,312.78882799996063,116799.25563111715,116854.61324073657,0.0004737306306031009,0.45948299998417497,0.15590129978954792,0.0,0.0,870,"[[2, 7], [11, 0]]"
871,313.3721868998837,116799.2556561324,116854.61324073657,0.0004737304165315217,0.4741774001158774,0.10696909995749593,0.0,0.0,871,"[[2, 7], [11, 0]]"
872,313.9675822998397,116799.25567558008,116854.61324073657,0.00047373025010527856,0.4799418000038713,0.11296529998071492,0.0,0.0,872,"[[2, 7], [11, 0]]"
873,314.6039395998232,116799.25718941203,116854.61324073657,0.0004737172952726389,0.5034272999037057,0.1302062999457121,0.0,0.0,873,"[[2, 7], [11, 0]]"
874,315.1930237999186,116799.25729040767,116854.61324073657,0.00047371643098812806,0.46844700002111495,0.11592369992285967,0.0,0.0,874,"[[0, 6], [11, 0]]"
875,315.8027392998338,116799.25769463705,116854.61324073657,0.0004737129717375565,0.49075230001471937,0.11657740012742579,0.0,0.0,875,"[[2, 7], [11, 0]]"
876,316.3870578999631,116799.25831531128,116854.41699678791,0.00047202906740059666,0.45746010006405413,0.12456870009191334,0.0,0.0,876,"[[2, 7], [11, 0]]"
877,316.9459235998802,116799.25837967184,116854.41699678791,0.0004720285166250113,0.45222820015624166,0.1043368000537157,0.0,0.0,877,"[[2, 7], [11, 0]]"
878,317.5335972998291,116799.2584150756,116854.41699678791,0.00047202821365176543,0.46541760000400245,0.11767400009557605,0.0,0.0,878,"[[2, 7], [11, 0]]"
879,318.1577878999524,116799.25848805657,116854.40138567184,0.00047189405757401624,0.494179799919948,0.12735919980332255,0.0,0.0,879,"[[2, 7], [11, 0]]"
880,318.7507730999496,116799.2585525327,116854.40138567184,0.0004718935058093376,0.47469200007617474,0.1159308000933379,0.0,0.0,880,"[[2, 7], [11, 0]]"
881,319.33324710000306,116799.25967562405,116854.40138567184,0.00047188389477767636,0.4771974999457598,0.10298520000651479,0.0,0.0,881,"[[2, 7], [11, 0]]"
882,319.9180807999801,116799.25977664627,116854.40138567184,0.00047188303026408175,0.4682114999741316,0.11226550000719726,0.0,0.0,882,"[[2, 7], [11, 0]]"
883,320.552051599836,116799.26348870897,116854.40138567184,0.0004718512637011555,0.5208064001053572,0.11096560000441968,0.0,0.0,883,"[[0, 6], [11, 0]]"
884,321.14840089995414,116799.26353157363,116854.40138567184,0.00047185089688005666,0.4821053999476135,0.11178610008209944,0.0,0.0,884,"[[2, 7], [11, 0]]"
885,321.79046699986793,116799.26357505808,116854.40138567184,0.00047185052475496274,0.5197155999485403,0.1199912999290973,0.0,0.0,885,"[[2, 7], [11, 0]]"
886,322.38838989986107,116799.26360427933,116854.40138567184,0.0004718502746895008,0.4725337000563741,0.12107710004784167,0.0,0.0,886,"[[2, 7], [11, 0]]"
887,322.9946426998358,116799.2636636558,116854.40138567184,0.00047184976656597236,0.4900164999999106,0.11399739980697632,0.0,0.0,887,"[[2, 7], [11, 0]]"
888,323.59083250002004,116799.26373054538,116854.40138567184,0.00047184919414781673,0.48514950019307435,0.10857299994677305,0.0,0.0,888,"[[2, 7], [11, 0]]"
889,324.1965687999036,116799.26412878928,116854.40138567184,0.0004718457861127821,0.49723439989611506,0.10624160012230277,0.0,0.0,889,"[[2, 7], [11, 0]]"
890,324.81760479998775,116799.26419590745,116854.40138567184,0.0004718452117383798,0.49405260011553764,0.12254919996485114,0.0,0.0,890,"[[2, 7], [11, 0]]"
891,325.4167813998647,116799.26420141912,116854.40138567184,0.0004718451645714028,0.4754646001383662,0.1214272000361234,0.0,0.0,891,"[[2, 7], [11, 0]]"
892,325.9988332998473,116799.26421454648,116854.40138567184,0.0004718450522319844,0.4722601999528706,0.10731650004163384,0.0,0.0,892,"[[2, 7], [11, 0]]"
893,326.6253889000509,116799.26426853327,116854.40138567184,0.00047184459023149537,0.49814490019343793,0.12606120016425848,0.0,0.0,893,"[[2, 7], [11, 0]]"
894,327.2408956999425,116799.26428715825,116854.40138567184,0.00047184443084527175,0.48935479996725917,0.12186380010098219,0.0,0.0,894,"[[2, 7], [11, 0]]"
895,327.85282290005125,116799.29382293575,116849.61032293503,0.0004306090526122806,0.47471300000324845,0.1346592998597771,0.0,0.0,895,"[[0, 6], [11, 0]]"
896,328.45649560005404,116799.29385046777,116849.61032293503,0.00043060881699301065,0.49180259997956455,0.10946760000661016,0.0,0.0,896,"[[0, 6], [11, 0]]"
897,329.0236335999798,116799.29390311104,116849.60440934187,0.0004305577796787916,0.46010190015658736,0.10443970002233982,0.0,0.0,897,"[[0, 6], [11, 0]]"
898,329.63295649993233,116799.2939363643,116849.60129229544,0.0004305308308695289,0.4716686001047492,0.13220309978350997,0.0,0.0,898,"[[0, 6], [11, 0]]"
899,330.25701259984635,116799.29408525219,116849.60129229544,0.00043052955668553596,0.5068395000416785,0.11473120003938675,0.0,0.0,899,"[[2, 7], [11, 0]]"
900,330.92660359991714,116799.29465872394,116849.60129229544,0.0004305246489087894,0.5358406999148428,0.1311812000349164,0.0,0.0,900,"[[2, 7], [11, 0]]"
901,331.6027680998668,116799.29587959276,116849.60129229544,0.0004305142007018669,0.5651249999646097,0.1088810998480767,0.0,0.0,901,"[[0, 6], [11, 0]]"
902,332.3258787000086,116799.30036536948,116849.60129229544,0.000430475811381997,0.6020880998112261,0.11646009981632233,0.0,0.0,902,"[[0, 6], [11, 0]]"
903,332.9260937999934,116799.30041563958,116849.60129229544,0.00043047538116999866,0.4934923001565039,0.1044242000207305,0.0,0.0,903,"[[0, 6], [11, 0]]"
904,333.5026147000026,116799.30044029324,116849.60129229544,0.0004304751701836938,0.4632822999265045,0.11088990001007915,0.0,0.0,904,"[[0, 6], [11, 0]]"
905,334.2421925000381,116799.30048965069,116849.60129229544,0.00043047474778218396,0.595489599974826,0.14126740000210702,0.0,0.0,905,"[[0, 6], [11, 0]]"
906,334.9268598998897,116799.30049746245,116849.60129229544,0.000430474680929075,0.5664203001651913,0.10892680007964373,0.0,0.0,906,"[[0, 6], [11, 0]]"
907,335.595463699894,116799.3005479014,116849.60129229544,0.0004304742492720921,0.5504658999852836,0.1157627000939101,0.0,0.0,907,"[[0, 6], [11, 0]]"
908,336.25624060002156,116799.30057229,116849.60129229544,0.0004304740405542,0.5465862001292408,0.11188450013287365,0.0,0.0,908,"[[0, 6], [11, 0]]"
909,336.865714199841,116799.30062179435,116849.60129229544,0.00043047361689550507,0.478716199984774,0.12832819996401668,0.0,0.0,909,"[[0, 6], [11, 0]]"
910,337.5038999998942,116799.30503831286,116849.60129229544,0.0004304358202880616,0.4776246000546962,0.15583159984089434,0.0,0.0,910,"[[2, 7], [11, 0]]"
911,338.0920096000191,116799.30509014553,116849.60129229544,0.00043043537670357345,0.4777373999822885,0.10779279982671142,0.0,0.0,911,"[[0, 6], [11, 0]]"
912,338.7794369000476,116799.30510754432,116849.60129229544,0.0004304352278045312,0.5797803997993469,0.10533950012177229,0.0,0.0,912,"[[2, 7], [11, 0]]"
913,339.47553229983896,116799.30514302064,116849.60129229544,0.0004304349241978653,0.5836271999869496,0.11006850004196167,0.0,0.0,913,"[[2, 7], [11, 0]]"
914,340.20924660004675,116799.3051948082,116849.60129229544,0.000430434480999437,0.6015113000757992,0.13014709996059537,0.0,0.0,914,"[[2, 7], [11, 0]]"
915,340.83925580000505,116799.30834025284,116849.60129229544,0.00043040756225424094,0.5170789000112563,0.11046799994073808,0.0,0.0,915,"[[2, 7], [11, 0]]"
916,341.46044439985417,116799.30841283806,116849.60129229544,0.0004304069410692793,0.5067729998845607,0.1119679999537766,0.0,0.0,916,"[[2, 7], [11, 0]]"
917,342.20285789994523,116799.3084734821,116849.60129229544,0.00043040642207696993,0.6293260999955237,0.11059279995970428,0.0,0.0,917,"[[2, 7], [11, 0]]"
918,342.90182839985937,116799.30892806605,116849.60129229544,0.0004304025317432212,0.5487347999587655,0.1447100001387298,0.0,0.0,918,"[[2, 7], [11, 0]]"
919,343.57935149990954,116799.3090006364,116849.60129229544,0.0004304019106855348,0.5384172000922263,0.13663340010680258,0.0,0.0,919,"[[0, 6], [11, 0]]"
920,344.2547913000453,116799.30904061548,116849.60129229544,0.00043040156854412016,0.5425964999012649,0.13021239987574518,0.0,0.0,920,"[[2, 7], [11, 0]]"
921,345.00230579986237,116799.31062252444,116849.60129229544,0.00043038803055218125,0.6197822999674827,0.12428410002030432,0.0,0.0,921,"[[2, 7], [11, 0]]"
922,345.7910082000308,116799.31069420709,116849.60129229544,0.0004303874170914051,0.668006399879232,0.11815760005265474,0.0,0.0,922,"[[2, 7], [11, 0]]"
923,346.47936720005237,116799.31075388665,116849.60129229544,0.0004303869063531794,0.5688059001695365,0.11710019991733134,0.0,0.0,923,"[[2, 7], [11, 0]]"
924,347.22117489995435,116799.31120039654,116849.60129229544,0.0004303830851172908,0.6187047001440078,0.12068439996801317,0.0,0.0,924,"[[0, 6], [11, 0]]"
925,347.93140690005384,116799.31127867682,116849.60129229544,0.0004303824151938946,0.59599220007658,0.11054199980571866,0.0,0.0,925,"[[0, 6], [11, 0]]"
926,348.6478095999919,116799.31131761498,116849.60129229544,0.0004303820819607483,0.5689034999813884,0.14552659983746707,0.0,0.0,926,"[[0, 6], [11, 0]]"
927,349.2539599998854,116799.31139579741,116849.60129229544,0.0004303814128747283,0.49478879990056157,0.10892989998683333,0.0,0.0,927,"[[0, 6], [11, 0]]"
928,349.8847974999808,116799.31269120499,116849.60129229544,0.0004303703267643365,0.5096505000256002,0.11888849991373718,0.0,0.0,928,"[[0, 6], [11, 0]]"
929,350.605782300001,116799.31276781815,116849.60129229544,0.00043036967110821723,0.56403569993563,0.15091739990748465,0.0,0.0,929,"[[2, 7], [11, 0]]"
930,351.26330169988796,116799.31278772833,116849.60129229544,0.0004303695007167261,0.5417320998385549,0.11345679988153279,0.0,0.0,930,"[[2, 7], [11, 0]]"
931,351.9084340999834,116799.31284954192,116849.60129229544,0.0004303689717153798,0.5338144998531789,0.10901609994471073,0.0,0.0,931,"[[0, 6], [11, 0]]"
932,352.5330151999369,116799.31499357561,116849.60129229544,0.0004303506230546895,0.5109608999919146,0.11135639995336533,0.0,0.0,932,"[[0, 6], [11, 0]]"
933,353.19988969992846,116799.3150714778,116849.60129229544,0.0004303499563669728,0.5341945998370647,0.12902519991621375,0.0,0.0,933,"[[2, 7], [11, 0]]"
934,353.8921729999129,116799.31706767781,116849.60129229544,0.00043033287286830635,0.5770467999391258,0.11298050009645522,0.0,0.0,934,"[[0, 6], [11, 0]]"
935,354.54901189985685,116799.31718867355,116849.60129229544,0.0004303318373856044,0.5461108000017703,0.10836720000952482,0.0,0.0,935,"[[0, 6], [11, 0]]"
936,355.2256980999373,116799.31722911651,116849.60129229544,0.0004303314912743739,0.5554744000546634,0.11897479998879135,0.0,0.0,936,"[[0, 6], [11, 0]]"
937,355.8999713000376,116799.31746907145,116849.60129229544,0.0004303294377377032,0.5558821000158787,0.11457109986804426,0.0,0.0,937,"[[0, 6], [11, 0]]"
938,356.5602303999476,116799.31758983605,116849.60129229544,0.00043032840423312197,0.5479948001448065,0.10985100013203919,0.0,0.0,938,"[[0, 6], [11, 0]]"
939,357.26340890000574,116799.31763055458,116849.60129229544,0.000430328055763564,0.5944678999949247,0.1061329001095146,0.0,0.0,939,"[[0, 6], [11, 0]]"
940,357.9666879000142,116799.32170091338,116849.60129229544,0.00043029322159419617,0.5835619999561459,0.11738359997980297,0.0,0.0,940,"[[0, 6], [11, 0]]"
941,358.6233269998338,116799.32877714894,116849.60129229544,0.00043023266310291715,0.5492318000178784,0.10497560002841055,0.0,0.0,941,"[[0, 6], [11, 0]]"
942,359.31992150004953,116799.32969602506,116849.60129229544,0.00043022479935235546,0.5543325999751687,0.13795040012337267,0.0,0.0,942,"[[0, 6], [11, 0]]"
943,359.9925702000037,116799.33954341734,116849.60129229544,0.00043014052527546074,0.5573349001351744,0.11301299999468029,0.0,0.0,943,"[[0, 6], [11, 0]]"
944,360.6496894999873,116799.33959199853,116849.60129229544,0.00043014010951716885,0.546081299893558,0.10870159999467432,0.0,0.0,944,"[[0, 6], [11, 0]]"
945,361.3017845998984,116799.33966692365,116849.60129229544,0.00043013946830728386,0.5433060999494046,0.10648890002630651,0.0,0.0,945,"[[0, 6], [11, 0]]"
946,361.96629759995267,116799.33971555147,116849.60129229544,0.00043013905214998047,0.5514763998799026,0.10972180007956922,0.0,0.0,946,"[[0, 6], [11, 0]]"
947,362.63466999982484,116799.33994394417,116849.60129229544,0.00043013709756305944,0.5416858000680804,0.12483409978449345,0.0,0.0,947,"[[0, 6], [11, 0]]"
948,363.2983659999445,116799.33999273255,116849.60129229544,0.0004301366800316321,0.5479289998766035,0.1133028999902308,0.0,0.0,948,"[[0, 6], [11, 0]]"
949,363.9587917998433,116799.34006734724,116849.60129229544,0.0004301360414784614,0.5410134000703692,0.11677209986373782,0.0,0.0,949,"[[0, 6], [11, 0]]"
950,364.63224499998614,116799.34011618211,116849.60129229544,0.0004301356235491434,0.5394037000369281,0.12916110013611615,0.0,0.0,950,"[[0, 6], [11, 0]]"
951,365.33212170004845,116799.34354555706,116849.60129229544,0.0004301062749256934,0.5839647999964654,0.11336790001951158,0.0,0.0,951,"[[0, 6], [11, 0]]"
952,366.00053539988585,116799.34359834601,116849.60129229544,0.00043010582315735957,0.5522500998340547,0.11381210014224052,0.0,0.0,952,"[[0, 6], [11, 0]]"
953,366.6566788998898,116799.3436683075,116849.60129229544,0.00043010522442626036,0.5455772001296282,0.10832930007018149,0.0,0.0,953,"[[0, 6], [11, 0]]"
954,367.32524959999137,116799.34372112667,116849.60129229544,0.0004301047723992664,0.5410078999120742,0.12323829997330904,0.0,0.0,954,"[[0, 6], [11, 0]]"
955,368.01795829995535,116799.34395175506,116849.60129229544,0.00043010279867934474,0.5734111000783741,0.11675409995950758,0.0,0.0,955,"[[0, 6], [11, 0]]"
956,368.8064981000498,116799.34400469462,116849.60129229544,0.0004301023456220692,0.6510270000435412,0.13478749990463257,0.0,0.0,956,"[[0, 6], [11, 0]]"
957,369.51607139990665,116799.34407437901,116849.60129229544,0.0004301017492623736,0.5858054000418633,0.12138829985633492,0.0,0.0,957,"[[0, 6], [11, 0]]"
958,370.1871050999034,116799.34412703273,116849.60129229544,0.0004301012986513475,0.5492765998933464,0.11715030018240213,0.0,0.0,958,"[[0, 6], [11, 0]]"
959,370.907272499986,116799.34905840253,116849.60129229544,0.0004300590959416946,0.5714651998132467,0.14647600008174777,0.0,0.0,959,"[[0, 6], [11, 0]]"
960,371.5362509000115,116799.34910781833,116849.60129229544,0.0004300586730407977,0.5085871999617666,0.11802779999561608,0.0,0.0,960,"[[0, 6], [11, 0]]"
961,372.1718379999511,116799.34916843916,116849.60129229544,0.0004300581542471223,0.5269720000214875,0.10619540000334382,0.0,0.0,961,"[[0, 6], [11, 0]]"
962,372.81938009988517,116799.3492178516,116849.60129229544,0.00043005773137499314,0.5171537999995053,0.1252913000062108,0.0,0.0,962,"[[0, 6], [11, 0]]"
963,373.4704837000463,116799.34945630273,116849.60129229544,0.00043005569070793826,0.539434399921447,0.10928150010295212,0.0,0.0,963,"[[0, 6], [11, 0]]"
964,374.1197042998392,116799.3634670032,116849.60129229544,0.0004299357869999666,0.5473215999081731,0.09939939994364977,0.0,0.0,964,"[[2, 7], [11, 0]]"
965,374.73719049990177,116799.36351437072,116849.60129229544,0.0004299353816283031,0.49541600001975894,0.11963430000469089,0.0,0.0,965,"[[2, 7], [11, 0]]"
966,375.3800454000011,116799.36353433301,116849.60129229544,0.00042993521079085064,0.5070901000872254,0.13067149999551475,0.0,0.0,966,"[[2, 7], [11, 0]]"
967,376.0649885998573,116799.36356379782,116849.60129229544,0.00042993495863076676,0.5611516998615116,0.12127989996224642,0.0,0.0,967,"[[2, 7], [11, 0]]"
968,376.7295672998298,116799.36357275407,116849.60129229544,0.0004299348819830708,0.5537830998655409,0.10900890012271702,0.0,0.0,968,"[[2, 7], [11, 0]]"
969,377.4224409000017,116799.36548122829,116849.60129229544,0.0004299185492425022,0.581522700143978,0.10913879983127117,0.0,0.0,969,"[[2, 7], [11, 0]]"
970,378.1040466998238,116799.36548346144,116849.60129229544,0.0004299185301311707,0.5741312000900507,0.10469649988226593,0.0,0.0,970,"[[2, 7], [11, 0]]"
971,378.786126999883,116799.36552817124,116849.60129229544,0.00042991814750428434,0.574795400025323,0.10489690001122653,0.0,0.0,971,"[[2, 7], [11, 0]]"
972,379.4659549999051,116799.36553042437,116849.60129229544,0.0004299181282219657,0.564587399829179,0.1127373999916017,0.0,0.0,972,"[[2, 7], [11, 0]]"
973,380.121903100051,116799.3721316747,116849.60129229544,0.0004298616346588727,0.5421154000796378,0.11132699996232986,0.0,0.0,973,"[[2, 7], [11, 0]]"
974,380.77333160000853,116799.37218073863,116849.60129229544,0.0004298612147692425,0.5262228001374751,0.12262969999574125,0.0,0.0,974,"[[2, 7], [11, 0]]"
975,381.4547478999011,116799.3722841024,116849.60129229544,0.00042986033018113846,0.5365440000314265,0.1394557999446988,0.0,0.0,975,"[[2, 7], [11, 0]]"
976,382.1220388999209,116799.37230652204,116849.60129229544,0.00042986013831363714,0.5400968999601901,0.1246564001776278,0.0,0.0,976,"[[2, 7], [11, 0]]"
977,382.8182902999688,116799.37235595204,116849.60129229544,0.00042985971529119367,0.5684895999729633,0.12509440002031624,0.0,0.0,977,"[[2, 7], [11, 0]]"
978,383.48930149991065,116799.37252290035,116849.60129229544,0.00042985828654603064,0.5584158999845386,0.11026440002024174,0.0,0.0,978,"[[2, 7], [11, 0]]"
979,384.1831086999737,116799.37256734449,116849.60129229544,0.00042985790619266313,0.5536835000384599,0.13536960002966225,0.0,0.0,979,"[[0, 6], [11, 0]]"
980,384.82061609998345,116799.37828943806,116849.60129229544,0.00042980893646142544,0.5109190999064595,0.12408259999938309,0.0,0.0,980,"[[2, 7], [11, 0]]"
981,385.5337441000156,116799.38260353789,116849.60129229544,0.0004297720163540081,0.5781475000549108,0.1324307001195848,0.0,0.0,981,"[[2, 7], [11, 0]]"
982,386.24315989995375,116799.38923624274,116849.60129229544,0.00042971525360272834,0.5883078998886049,0.11700660013593733,0.0,0.0,982,"[[2, 7], [11, 0]]"
983,387.0153141999617,116799.38928969871,116849.60129229544,0.000429714796126064,0.6549734999425709,0.11470909998752177,0.0,0.0,983,"[[2, 7], [11, 0]]"
984,387.70922139985487,116799.38932115989,116849.60129229544,0.00042971452688096457,0.5759137000422925,0.1153964998666197,0.0,0.0,984,"[[2, 7], [11, 0]]"
985,388.48156919982284,116799.38934135923,116849.60129229544,0.00042971435401482997,0.6119992998428643,0.15757669997401536,0.0,0.0,985,"[[2, 7], [11, 0]]"
986,389.2204706999473,116799.38935797225,116849.60129229544,0.00042971421184045185,0.5745614999905229,0.15882030013017356,0.0,0.0,986,"[[2, 7], [11, 0]]"
987,389.92252969997935,116799.39131497541,116849.60129229544,0.0004296974637887981,0.5745594000909477,0.12504540011286736,0.0,0.0,987,"[[2, 7], [11, 0]]"
988,390.6711981999688,116799.39139912427,116849.60129229544,0.00042969674364200683,0.638048900058493,0.10833980003371835,0.0,0.0,988,"[[2, 7], [11, 0]]"
989,391.3527782999445,116799.39140007799,116849.60129229544,0.0004296967354800794,0.5318726999685168,0.14421289996244013,0.0,0.0,989,"[[2, 7], [11, 0]]"
990,392.03695510001853,116799.39148411484,116849.60129229544,0.0004296960162919619,0.5681070000864565,0.11362820002250373,0.0,0.0,990,"[[2, 7], [11, 0]]"
991,392.7298474998679,116799.39714409287,116849.60129229544,0.00042964757814605616,0.5514942000154406,0.13883539987728,0.0,0.0,991,"[[2, 7], [11, 0]]"
992,393.4154683998786,116799.39723156998,116849.60129229544,0.0004296468295161443,0.5584738000761718,0.12477919994853437,0.0,0.0,992,"[[2, 7], [11, 0]]"
993,394.0778667998966,116799.39731486028,116849.60129229544,0.0004296461167169434,0.5397123000584543,0.11825709999538958,0.0,0.0,993,"[[2, 7], [11, 0]]"
994,394.755946499994,116799.39952133983,116849.60129229544,0.0004296272336439669,0.5676761001814157,0.10856329998932779,0.0,0.0,994,"[[2, 7], [11, 0]]"
995,395.4196697999723,116799.42803028013,116849.60129229544,0.00042938325386150406,0.5488464999943972,0.11259329994209111,0.0,0.0,995,"[[2, 7], [11, 0]]"
996,396.0737137000542,116799.42807675069,116849.60129229544,0.0004293828561660799,0.537510700058192,0.11425510002300143,0.0,0.0,996,"[[2, 7], [11, 0]]"
997,396.80013270000927,116799.42811364873,116849.60129229544,0.00042938254039230254,0.6009288001805544,0.12028110004030168,0.0,0.0,997,"[[2, 7], [11, 0]]"
998,397.4870082999114,116799.42812425797,116849.60129229544,0.0004293824495982536,0.5566038000397384,0.12788789998739958,0.0,0.0,998,"[[2, 7], [11, 0]]"
999,398.18255089991726,116799.42814219027,116849.60129229544,0.0004293822961334935,0.5781509999651462,0.1150583999697119,0.0,0.0,999,"[[2, 7], [11, 0]]"
1000,398.88533229986206,116799.4286472713,116849.60129229544,0.0004293779736452428,0.5765434000641108,0.12356769992038608,0.0,0.0,1000,"[[2, 7], [11, 0]]"
1001,399.558290499961,116799.42869370853,116849.60129229544,0.0004293775762350048,0.5399690000340343,0.128345699980855,0.0,0.0,1001,"[[2, 7], [11, 0]]"
1002,400.2478765998967,116799.42873078406,116849.60129229544,0.0004293772589422688,0.5687531000003219,0.11829070001840591,0.0,0.0,1002,"[[2, 7], [11, 0]]"
1003,400.9269276999403,116799.42874158805,116849.60129229544,0.00042937716648156225,0.5546436000149697,0.12190810008905828,0.0,0.0,1003,"[[2, 7], [11, 0]]"
1004,401.5801917000208,116799.42875940615,116849.60129229544,0.00042937701399415614,0.5374517999589443,0.11334430007264018,0.0,0.0,1004,"[[2, 7], [11, 0]]"
1005,402.2516006999649,116799.43032265341,116849.60129229544,0.0004293636357091912,0.5450924998149276,0.12350590014830232,0.0,0.0,1005,"[[0, 6], [11, 0]]"
1006,402.9454423999414,116799.4303854316,116849.60129229544,0.00042936309845288944,0.5824146000668406,0.10901469993405044,0.0,0.0,1006,"[[0, 6], [11, 0]]"
1007,403.61935709998943,116799.43039284504,116849.60129229544,0.0004293630350085642,0.5558337999973446,0.11556990002281964,0.0,0.0,1007,"[[0, 6], [11, 0]]"
1008,404.3508429999929,116799.43044968927,116849.60129229544,0.00042936254853507053,0.5613105001393706,0.165489099919796,0.0,0.0,1008,"[[0, 6], [11, 0]]"
1009,405.0545053000096,116799.43045266467,116849.60129229544,0.00042936252307156043,0.5749427000992,0.12619209988042712,0.0,0.0,1009,"[[0, 6], [11, 0]]"
1010,405.7812881998252,116799.43073549881,116849.60129229544,0.00042936010257431134,0.598441099980846,0.12590490002185106,0.0,0.0,1010,"[[0, 6], [11, 0]]"
1011,406.4806303998921,116799.4307984553,116849.60129229544,0.0004293595637920769,0.5592438001185656,0.13736049993894994,0.0,0.0,1011,"[[0, 6], [11, 0]]"
1012,407.16726100002415,116799.43080567458,116849.60129229544,0.00042935950200942793,0.5455108999740332,0.1361726000905037,0.0,0.0,1012,"[[0, 6], [11, 0]]"
1013,407.89287630002946,116799.43086263798,116849.60129229544,0.00042935901451611366,0.5966078999917954,0.12647449993528426,0.0,0.0,1013,"[[0, 6], [11, 0]]"
1014,408.6025488998275,116799.43086564279,116849.60129229544,0.00042935898880091747,0.5821531000547111,0.12483370001427829,0.0,0.0,1014,"[[0, 6], [11, 0]]"
1015,409.30676899990067,116799.43166781492,116849.60129229544,0.0004293521238041973,0.5765003999695182,0.12531980010680854,0.0,0.0,1015,"[[2, 7], [11, 0]]"
1016,410.0159368000459,116799.43171764066,116849.60129229544,0.00042935169739501285,0.5785882000345737,0.12547129997983575,0.0,0.0,1016,"[[2, 7], [11, 0]]"
1017,410.6768738999963,116799.43174216857,116849.60129229544,0.00042935148748494316,0.5474412001203746,0.11112869996577501,0.0,0.0,1017,"[[2, 7], [11, 0]]"
1018,411.38501750002615,116799.43224100769,116849.60129229544,0.000429347218415044,0.5809585000388324,0.1247751999180764,0.0,0.0,1018,"[[0, 6], [11, 0]]"
1019,412.0810312998947,116799.43230357615,116849.60129229544,0.0004293466829535468,0.5692210998386145,0.12435689987614751,0.0,0.0,1019,"[[0, 6], [11, 0]]"
1020,412.79149249987677,116799.4323097587,116849.60129229544,0.00042934663004317534,0.5907253997866064,0.11738190008327365,0.0,0.0,1020,"[[0, 6], [11, 0]]"
1021,413.5339789998252,116799.4323617536,116849.60129229544,0.0004293461850703662,0.615274699870497,0.12461520009674132,0.0,0.0,1021,"[[0, 6], [11, 0]]"
1022,414.22697529988363,116799.43237206725,116849.60129229544,0.0004293460968060054,0.5781179999466985,0.11236250004731119,0.0,0.0,1022,"[[0, 6], [11, 0]]"
1023,414.9557574999053,116799.43243359326,116849.60129229544,0.0004293455702658528,0.6102802001405507,0.10879390011541545,0.0,0.0,1023,"[[0, 6], [11, 0]]"
1024,415.60291579994373,116799.4324961199,116849.60129229544,0.0004293450351622704,0.5244992000516504,0.12014210014604032,0.0,0.0,1024,"[[0, 6], [11, 0]]"
1025,416.3190263998695,116799.43375196756,116849.60129229544,0.0004293342876060502,0.5884052000474185,0.12509890017099679,0.0,0.0,1025,"[[2, 7], [11, 0]]"
1026,417.0495076999068,116799.4373669736,116849.60129229544,0.0004293033503500114,0.613524500047788,0.11435829987749457,0.0,0.0,1026,"[[2, 7], [11, 0]]"
1027,417.72243019985035,116799.43745910756,116849.60129229544,0.0004293025618666451,0.5457919999025762,0.12270670011639595,0.0,0.0,1027,"[[0, 6], [11, 0]]"
1028,418.4926320000086,116799.44075028124,116849.60129229544,0.0004292743959709843,0.6465929998084903,0.12125409999862313,0.0,0.0,1028,"[[0, 6], [11, 0]]"
1029,419.1954124998301,116799.44890344897,116849.60129229544,0.0004292046210839697,0.5850654998794198,0.11512030009180307,0.0,0.0,1029,"[[0, 6], [11, 0]]"
1030,419.89854549989104,116799.44930936221,116849.60129229544,0.00042920114727453034,0.5624758000485599,0.13794609997421503,0.0,0.0,1030,"[[0, 6], [11, 0]]"
1031,420.59963049995713,116799.45091104918,116849.60129229544,0.0004291874400222556,0.5852099000476301,0.11201270017772913,0.0,0.0,1031,"[[0, 6], [11, 0]]"
1032,421.2728323000483,116799.45132000142,116849.60129229544,0.0004291839402050863,0.5597616999875754,0.11092549981549382,0.0,0.0,1032,"[[0, 6], [11, 0]]"
1033,422.0031695999205,116799.47439926473,116849.60129229544,0.000428986427650032,0.6019059999380261,0.12597210006788373,0.0,0.0,1033,"[[2, 7], [11, 0]]"
1034,422.71864399989136,116799.47619846504,116849.60129229544,0.0004289710300766356,0.5973965998273343,0.11547730001620948,0.0,0.0,1034,"[[2, 7], [11, 0]]"
1035,423.4385885000229,116799.49547273191,116849.60129229544,0.00042880608071728746,0.5925340000540018,0.12236230005510151,0.0,0.0,1035,"[[2, 7], [11, 0]]"
1036,424.1498598998878,116799.49663361459,116849.60129229544,0.00042879614587230307,0.5883925000671297,0.12036709999665618,0.0,0.0,1036,"[[2, 7], [11, 0]]"
1037,424.8630560999736,116799.49935429933,116849.60129229544,0.00042877286222636567,0.5966946000698954,0.11424559983424842,0.0,0.0,1037,"[[2, 7], [11, 0]]"
1038,425.6370148998685,116799.50005215382,116849.60129229544,0.00042876688998104694,0.6572445000056177,0.11429430008865893,0.0,0.0,1038,"[[7, 1], [11, 0]]"
1039,426.3350579999387,116799.50117072312,116849.60129229544,0.00042875731725432995,0.5866604999173433,0.1090599000453949,0.0,0.0,1039,"[[7, 1], [11, 0]]"
1040,427.1344077999238,116799.50224198514,116849.60129229544,0.00042874814938369975,0.6527072999160737,0.14410379994660616,0.0,0.0,1040,"[[7, 1], [11, 0]]"
1041,427.84803019999526,116799.50276802214,116849.60129229544,0.0004287436475540949,0.581779999891296,0.12912710011005402,0.0,0.0,1041,"[[2, 7], [11, 0]]"
1042,428.573234600015,116799.5053156627,116849.60129229544,0.00042872184482195893,0.5963738998398185,0.12621730007231236,0.0,0.0,1042,"[[7, 1], [11, 0]]"
1043,429.285514799878,116799.52559052722,116849.60129229544,0.0004285483323383901,0.5818544998764992,0.12791229994036257,0.0,0.0,1043,"[[0, 6], [11, 0]]"
1044,430.0126071998384,116799.52782646226,116849.60129229544,0.0004285291971850324,0.618539699818939,0.10612890007905662,0.0,0.0,1044,"[[0, 6], [11, 0]]"
1045,430.7497930000536,116799.52782861506,116849.60129229544,0.00042852917876138555,0.6117717998567969,0.12284039985388517,0.0,0.0,1045,"[[0, 6], [11, 0]]"
1046,431.54837239999324,116799.54931595825,116849.60129229544,0.00042834528987378844,0.6567287999205291,0.13926759990863502,0.0,0.0,1046,"[[2, 7], [11, 0]]"
1047,432.3336119998712,116799.55470095148,116849.60129229544,0.0004282992050504724,0.6317946999333799,0.15082610002718866,0.0,0.0,1047,"[[2, 7], [11, 0]]"
1048,433.08002549991943,116799.55636686306,116849.60129229544,0.0004282849481633233,0.6312538001220673,0.11262480006553233,0.0,0.0,1048,"[[2, 7], [11, 0]]"
1049,433.80980129982345,116799.56054644479,116849.60129229544,0.00042824917926315533,0.5966046000830829,0.12810599990189075,0.0,0.0,1049,"[[0, 6], [11, 0]]"
1050,434.614042500034,116799.5812833807,116849.60129229544,0.00042807171236824987,0.6876630999613553,0.11406459985300899,0.0,0.0,1050,"[[7, 1], [11, 0]]"
1051,435.3175536999479,116799.58223578507,116849.60129229544,0.0004280635616825802,0.5859042000956833,0.11514650005847216,0.0,0.0,1051,"[[7, 1], [11, 0]]"
1052,436.0650275000371,116799.60064572486,116849.60129229544,0.0004279060092426506,0.629169300198555,0.11589920008555055,0.0,0.0,1052,"[[2, 7], [11, 0]]"
1053,436.80621770001017,116799.60066699554,116849.60129229544,0.00042790582720796864,0.6072972000110894,0.12847130000591278,0.0,0.0,1053,"[[2, 7], [11, 0]]"
1054,437.50756790000014,116799.602912278,116849.60129229544,0.0004278866120592781,0.576561100082472,0.12225939985364676,0.0,0.0,1054,"[[2, 7], [11, 0]]"
1055,438.29351119999774,116799.60293367895,116849.60129229544,0.000427886428909755,0.6735815000720322,0.10982960020191967,0.0,0.0,1055,"[[2, 7], [11, 0]]"
1056,438.9864298000466,116799.60617454807,116849.60129229544,0.00042785869352099235,0.5862129000015557,0.10443609999492764,0.0,0.0,1056,"[[2, 7], [11, 0]]"
1057,439.7895495998673,116799.60617508335,116849.60129229544,0.0004278586889400811,0.6770238999743015,0.12096889992244542,0.0,0.0,1057,"[[2, 7], [11, 0]]"
1058,440.577707399847,116799.60619578738,116849.60129229544,0.00042785851175480876,0.6566419000737369,0.12916440004482865,0.0,0.0,1058,"[[2, 7], [11, 0]]"
1059,441.27424329984933,116799.6061963251,116849.60129229544,0.00042785850715297563,0.5775709999725223,0.11644600005820394,0.0,0.0,1059,"[[2, 7], [11, 0]]"
1060,442.015514299972,116799.60788890337,116849.60129229544,0.0004278440220520376,0.6276503999251872,0.11108630010858178,0.0,0.0,1060,"[[7, 1], [11, 0]]"
1061,442.74632179993205,116799.60790906122,116849.60129229544,0.0004278438495409535,0.5981844000052661,0.1282735001295805,0.0,0.0,1061,"[[7, 1], [11, 0]]"
1062,443.4491419000551,116799.60849350746,116849.60129229544,0.00042783884784444324,0.5804419000633061,0.11986440001055598,0.0,0.0,1062,"[[2, 7], [11, 0]]"
1063,444.20433899993077,116799.60851460052,116849.60129229544,0.0004278386673298407,0.6374170000199229,0.11529190000146627,0.0,0.0,1063,"[[2, 7], [11, 0]]"
1064,444.94940279982984,116799.61381158978,116849.60129229544,0.00042779333564536625,0.5881652999669313,0.15209090011194348,0.0,0.0,1064,"[[2, 7], [11, 0]]"
1065,445.68256019987166,116799.61383426853,116849.60129229544,0.0004277931415603871,0.6120808001141995,0.11853370000608265,0.0,0.0,1065,"[[7, 1], [11, 0]]"
1066,446.5133521000389,116799.61553335702,116849.60129229544,0.0004277786007449134,0.7129418000113219,0.1154755000025034,0.0,0.0,1066,"[[2, 7], [11, 0]]"
1067,447.2151823998429,116799.65231820963,116849.60129229544,0.0004274637956261907,0.5902652000077069,0.10920870001427829,0.0,0.0,1067,"[[2, 7], [11, 0]]"
1068,447.9855996000115,116799.65231820963,116849.60129229544,0.0004274637956261907,0.6463462000247091,0.12166200019419193,0.0,0.0,1068,"[[2, 7], [11, 0]]"
1069,448.7460398999974,116799.65233248752,116849.60129229544,0.0004274636734358883,0.6169769999105483,0.14062310010194778,0.0,0.0,1069,"[[2, 7], [11, 0]]"
1070,449.4984142999165,116799.65240616704,116849.60129229544,0.00042746304288586245,0.5936356999445707,0.15671940008178353,0.0,0.0,1070,"[[2, 7], [11, 0]]"
1071,450.3151376999449,116799.652422284,116849.60129229544,0.00042746290495677253,0.7005145000293851,0.11189249996095896,0.0,0.0,1071,"[[2, 7], [11, 0]]"
1072,451.1170373999048,116799.65258037104,116849.60129229544,0.0004274615520463382,0.6875508001539856,0.11190470005385578,0.0,0.0,1072,"[[2, 7], [11, 0]]"
1073,451.8659633998759,116799.65258375547,116849.60129229544,0.00042746152308238624,0.6347870999015868,0.11156089999713004,0.0,0.0,1073,"[[2, 7], [11, 0]]"
1074,452.60133649990894,116799.65259476879,116849.60129229544,0.0004274614288302375,0.5904351000208408,0.14252369990572333,0.0,0.0,1074,"[[2, 7], [11, 0]]"
1075,453.3149731999729,116799.65259815042,116849.60129229544,0.0004274613998901964,0.5722018999513239,0.13192429998889565,0.0,0.0,1075,"[[2, 7], [11, 0]]"
1076,454.0441703000106,116799.6526699812,116849.60129229544,0.0004274607851617741,0.6181091999169439,0.10874939989298582,0.0,0.0,1076,"[[2, 7], [11, 0]]"
1077,454.7361598999705,116799.65267332253,116849.60129229544,0.00042746075656657155,0.5821899999864399,0.1076048999093473,0.0,0.0,1077,"[[2, 7], [11, 0]]"
1078,455.4680945998989,116799.65268449375,116849.60129229544,0.00042746066096321336,0.6138830001000315,0.11565600009635091,0.0,0.0,1078,"[[2, 7], [11, 0]]"
1079,456.20157949998975,116799.65268783222,116849.60129229544,0.0004274606323925443,0.5912419001106173,0.13816859992220998,0.0,0.0,1079,"[[2, 7], [11, 0]]"
1080,456.95372230000794,116799.65502420283,116849.60129229544,0.0004274406377105997,0.6333210000302643,0.11649609985761344,0.0,0.0,1080,"[[2, 7], [11, 0]]"
1081,457.7044690998737,116799.65502559475,116849.60129229544,0.00042744062579853687,0.6366245998069644,0.1114022999536246,0.0,0.0,1081,"[[2, 7], [11, 0]]"
1082,458.5150959000457,116799.65503741056,116849.60129229544,0.0004274405246787573,0.6894417000003159,0.11880269995890558,0.0,0.0,1082,"[[2, 7], [11, 0]]"
1083,459.2351595000364,116799.65503880393,116849.60129229544,0.00042744051275424094,0.5972336002159864,0.11832619993947446,0.0,0.0,1083,"[[2, 7], [11, 0]]"
1084,459.9778915999923,116799.65510120713,116849.60129229544,0.00042743997870709264,0.6216166000813246,0.11854310007765889,0.0,0.0,1084,"[[2, 7], [11, 0]]"
1085,460.7224977000151,116799.65510260826,116849.60129229544,0.00042743996671619884,0.6286304001696408,0.11347410012967885,0.0,0.0,1085,"[[2, 7], [11, 0]]"
1086,461.4360489998944,116799.6551144169,116849.60129229544,0.00042743986565769076,0.5756528999190778,0.1352087000850588,0.0,0.0,1086,"[[2, 7], [11, 0]]"
1087,462.252822099952,116799.6559347377,116849.60129229544,0.0004274328453444932,0.6853513999376446,0.12737439991906285,0.0,0.0,1087,"[[2, 7], [11, 0]]"
1088,462.9892951999791,116799.65593749114,116849.60129229544,0.000427432821780522,0.6183061001356691,0.1158670000731945,0.0,0.0,1088,"[[7, 1], [11, 0]]"
1089,463.7184241998475,116799.6559482354,116849.60129229544,0.0004274327298310333,0.6128038000315428,0.11412849999032915,0.0,0.0,1089,"[[2, 7], [11, 0]]"
1090,464.4426827998832,116799.65601128657,116849.60129229544,0.0004274321902385714,0.6109762000851333,0.11083110002800822,0.0,0.0,1090,"[[2, 7], [11, 0]]"
1091,465.30228199996054,116799.65601404582,116849.60129229544,0.00042743216662491053,0.7190863001160324,0.1358783000614494,0.0,0.0,1091,"[[2, 7], [11, 0]]"
1092,466.10406120005064,116799.65602533959,116849.60129229544,0.000427432069972715,0.6827110000886023,0.1165853999555111,0.0,0.0,1092,"[[2, 7], [11, 0]]"
1093,466.84108209982514,116799.65602810011,116849.60129229544,0.00042743204634809506,0.6200079000554979,0.114599599968642,0.0,0.0,1093,"[[2, 7], [11, 0]]"
1094,467.60354469995946,116799.65617699426,116849.60129229544,0.00042743077211055184,0.6083195998799056,0.15048780012875795,0.0,0.0,1094,"[[2, 7], [11, 0]]"
1095,468.45709739997983,116799.65617956888,116849.60129229544,0.0004274307500769965,0.734371299855411,0.11679859994910657,0.0,0.0,1095,"[[2, 7], [11, 0]]"
1096,469.20378069998696,116799.65847724592,116849.60129229544,0.00042741108653500674,0.6305246001575142,0.113656000001356,0.0,0.0,1096,"[[2, 7], [11, 0]]"
1097,469.97594549995847,116799.65848083697,116849.60129229544,0.00042741105580277624,0.654174700146541,0.11614820011891425,0.0,0.0,1097,"[[2, 7], [11, 0]]"
1098,470.7453454998322,116799.66014421603,116849.60129229544,0.0004273968205889015,0.6495374999940395,0.11621130001731217,0.0,0.0,1098,"[[2, 7], [11, 0]]"
1099,471.5739969999995,116799.66014756302,116849.60129229544,0.0004273967919453792,0.7053035998251289,0.12082209996879101,0.0,0.0,1099,"[[2, 7], [11, 0]]"
1100,472.3650350999087,116799.66015846664,116849.60129229544,0.0004273966986321031,0.67880820017308,0.10960990004241467,0.0,0.0,1100,"[[2, 7], [11, 0]]"
1101,473.1937686998863,116799.66016181532,116849.60129229544,0.00042739666997401016,0.6805511000566185,0.14535559993237257,0.0,0.0,1101,"[[2, 7], [11, 0]]"
1102,473.9855453998316,116799.6602216315,116849.60129229544,0.00042739615806664584,0.6631481999065727,0.12350340001285076,0.0,0.0,1102,"[[2, 7], [11, 0]]"
1103,474.74540799995884,116799.66023589135,116849.60129229544,0.0004273960360306429,0.6413529999554157,0.11619570013135672,0.0,0.0,1103,"[[2, 7], [11, 0]]"
1104,475.46895579993725,116799.66023924606,116849.60129229544,0.0004273960073209923,0.5977379998657852,0.12360429996624589,0.0,0.0,1104,"[[2, 7], [11, 0]]"
1105,476.20492429984733,116799.66247501003,116849.60129229544,0.00042737687363167306,0.617991799954325,0.11557719996199012,0.0,0.0,1105,"[[2, 7], [11, 0]]"
1106,476.9634338999167,116799.66247892185,116849.60129229544,0.00042737684015430814,0.6332268000114709,0.12074220017530024,0.0,0.0,1106,"[[2, 7], [11, 0]]"
1107,477.7450703999493,116799.66255135777,116849.60129229544,0.0004273762202469555,0.6284620000515133,0.15048870001919568,0.0,0.0,1107,"[[2, 7], [11, 0]]"
1108,478.4878708999604,116799.66255531166,116849.60129229544,0.00042737618640955856,0.627351599978283,0.1130301000084728,0.0,0.0,1108,"[[2, 7], [11, 0]]"
1109,479.2135042999871,116799.66261606653,116849.60129229544,0.0004273756664687874,0.6153052998706698,0.10769720003008842,0.0,0.0,1109,"[[2, 7], [11, 0]]"
1110,479.95855810004286,116799.66262010156,116849.60129229544,0.00042737563193698095,0.6122311998624355,0.12748080003075302,0.0,0.0,1110,"[[2, 7], [11, 0]]"
1111,480.70561039983295,116799.6626933514,116849.60129229544,0.00042737500506411267,0.6212514000944793,0.12338570016436279,0.0,0.0,1111,"[[2, 7], [11, 0]]"
1112,481.4419243999291,116799.66285676051,116849.60129229544,0.00042737360660746043,0.6257145998533815,0.10818929993547499,0.0,0.0,1112,"[[2, 7], [11, 0]]"
1113,482.1478174999356,116799.66286010251,116849.60129229544,0.00042737357800652924,0.6003135999199003,0.10300450003705919,0.0,0.0,1113,"[[2, 7], [11, 0]]"
1114,482.8702140999958,116799.6628681703,116849.60129229544,0.0004273735089623439,0.5990574001334608,0.11960639990866184,0.0,0.0,1114,"[[2, 7], [11, 0]]"
1115,483.6349626998417,116799.66287151046,116849.60129229544,0.0004273734803772287,0.6289940997958183,0.1332851001061499,0.0,0.0,1115,"[[2, 7], [11, 0]]"
1116,484.39221499999985,116799.66293404676,116849.60129229544,0.00042737294519095483,0.6267223998438567,0.12835379992611706,0.0,0.0,1116,"[[2, 7], [11, 0]]"
1117,485.10117349983193,116799.66293738395,116849.60129229544,0.0004273729166312449,0.6013571000657976,0.10536020016297698,0.0,0.0,1117,"[[2, 7], [11, 0]]"
1118,485.83748109987937,116799.66294543268,116849.60129229544,0.00042737284775020096,0.6158689998555928,0.11580229992978275,0.0,0.0,1118,"[[2, 7], [11, 0]]"
1119,486.57552439998835,116799.66294876816,116849.60129229544,0.00042737281920506167,0.6266161999665201,0.109082099981606,0.0,0.0,1119,"[[2, 7], [11, 0]]"
1120,487.3707254000474,116799.66301229325,116849.60129229544,0.0004273722755567299,0.6881051999516785,0.10466240020468831,0.0,0.0,1120,"[[7, 1], [11, 0]]"
1121,488.1155617998447,116799.66301505796,116849.60129229544,0.00042737225189636827,0.6290892998222262,0.11329080001451075,0.0,0.0,1121,"[[2, 7], [11, 0]]"
1122,488.8662014999427,116799.66302229885,116849.60129229544,0.00042737218992878415,0.6278502999339253,0.11824269988574088,0.0,0.0,1122,"[[2, 7], [11, 0]]"
1123,489.60382389998995,116799.6630252243,116849.60129229544,0.00042737216489267967,0.6202761998865753,0.1144693000242114,0.0,0.0,1123,"[[7, 1], [11, 0]]"
1124,490.3751186998561,116799.66308639277,116849.60129229544,0.00042737164141236247,0.6220402999315411,0.14686369989067316,0.0,0.0,1124,"[[2, 7], [11, 0]]"
1125,491.12398409983143,116799.66950632764,116848.20056144221,0.00041533421038048116,0.6300012001302093,0.11620889999903738,0.0,0.0,1125,"[[7, 1], [11, 0]]"
1126,491.9750123999547,116799.66951989927,116848.11194847268,0.00041457604890334085,0.7208440999966115,0.12482000002637506,0.0,0.0,1126,"[[7, 1], [11, 0]]"
1127,492.7311668000184,116799.66952729096,116848.11194847268,0.00041457598564438976,0.6360627999529243,0.11770509998314083,0.0,0.0,1127,"[[7, 1], [11, 0]]"
1128,493.63655969989486,116799.66953982116,116848.11194847268,0.00041457587840942564,0.7877208001445979,0.115456199971959,0.0,0.0,1128,"[[7, 1], [11, 0]]"
1129,494.4812123000156,116799.66957371871,116848.11194847268,0.0004145755883101599,0.7265045000240207,0.11490609985776246,0.0,0.0,1129,"[[7, 1], [11, 0]]"
1130,495.22438569995575,116799.6695858929,116848.1036262715,0.0004145042912593311,0.6242470999713987,0.11642829980701208,0.0,0.0,1130,"[[7, 1], [11, 0]]"
1131,496.0110346998554,116799.66959471966,116848.1036262715,0.00041450421571890774,0.6589670998509973,0.12530740001238883,0.0,0.0,1131,"[[7, 1], [11, 0]]"
1132,496.8055836998392,116799.66960664812,116848.1036262715,0.0004145041136336665,0.6758979998994619,0.1160347000695765,0.0,0.0,1132,"[[7, 1], [11, 0]]"
1133,497.58811170002446,116799.72313384296,116846.40141590458,0.00039948412185561086,0.6543632000684738,0.1257807998917997,0.0,0.0,1133,"[[2, 7], [11, 0]]"
1134,498.39670389983803,116799.72314866143,116846.40141590458,0.00039948399503546896,0.6705176001414657,0.13490129983983934,0.0,0.0,1134,"[[2, 7], [11, 0]]"
1135,499.12218019994907,116799.72315606913,116846.38507851181,0.0003993441680829912,0.6122393000405282,0.11068340018391609,0.0,0.0,1135,"[[2, 7], [11, 0]]"
1136,499.9109843999613,116799.723170894,116846.38507851181,0.000399344041208159,0.6731505000498146,0.11307880003005266,0.0,0.0,1136,"[[2, 7], [11, 0]]"
1137,500.6631982999388,116799.72319513733,116846.38507851181,0.0003993438337277933,0.6384572999086231,0.10960329999215901,0.0,0.0,1137,"[[2, 7], [11, 0]]"
1138,501.42623519990593,116799.72320999013,116846.38507851181,0.0003993437066138465,0.6414601001888514,0.11901400005444884,0.0,0.0,1138,"[[2, 7], [11, 0]]"
1139,502.1868543999735,116799.72321734534,116846.38507851181,0.00039934364366617947,0.6139926000032574,0.1440264000557363,0.0,0.0,1139,"[[2, 7], [11, 0]]"
1140,503.0213349000551,116799.72323220453,116846.38507851181,0.0003993435164975601,0.7140079999808222,0.11825569998472929,0.0,0.0,1140,"[[2, 7], [11, 0]]"
1141,503.8429661998525,116799.72329894292,116846.38507851181,0.0003993429453340921,0.6945075001567602,0.12189560011029243,0.0,0.0,1141,"[[2, 7], [11, 0]]"
1142,504.6984090998303,116799.7233223293,116846.38507851181,0.0003993427451876952,0.71120970021002,0.1416927999816835,0.0,0.0,1142,"[[2, 7], [11, 0]]"
1143,505.483986799838,116799.72332828393,116846.38507851181,0.0003993426942265195,0.6676413998939097,0.1151827999856323,0.0,0.0,1143,"[[2, 7], [11, 0]]"
1144,506.3046348998323,116799.72334386302,116846.38507851181,0.0003993425608968383,0.6992061999626458,0.1122747000772506,0.0,0.0,1144,"[[2, 7], [11, 0]]"
1145,507.1136861999985,116799.72336812867,116846.38507851181,0.0003993423532254301,0.6762586999684572,0.13020110013894737,0.0,0.0,1145,"[[2, 7], [11, 0]]"
1146,507.88705989997834,116799.7233837134,116846.38507851181,0.0003993422198475524,0.6549488001037389,0.11613869993016124,0.0,0.0,1146,"[[2, 7], [11, 0]]"
1147,508.6512321999762,116799.7233837134,116846.38507851181,0.0003993422198475524,0.6535608000122011,0.10824619978666306,0.0,0.0,1147,"[[2, 7], [11, 0]]"
1148,509.45255279983394,116799.72339892344,116846.38507851181,0.0003993420896763012,0.6748643999453634,0.12295479979366064,0.0,0.0,1148,"[[2, 7], [11, 0]]"
1149,510.2403263999149,116799.72965439127,116841.07964675433,0.0003538994374929801,0.6716748999897391,0.11367730004712939,0.0,0.0,1149,"[[2, 7], [11, 0]]"
1150,511.0191867998801,116799.72965493129,116841.07814663611,0.00035388659845235655,0.666722800116986,0.10977209988050163,0.0,0.0,1150,"[[2, 7], [11, 0]]"
1151,511.85092889983207,116799.72966515465,116841.05793693187,0.0003537136046776606,0.7248593000695109,0.10469730012118816,0.0,0.0,1151,"[[2, 7], [11, 0]]"
1152,512.6699633998796,116799.72966569487,116841.05643838861,0.00035370077910520947,0.7068751999177039,0.10959640005603433,0.0,0.0,1152,"[[2, 7], [11, 0]]"
1153,513.5185581999831,116799.72967273834,116841.05643838861,0.00035370071882278925,0.7301455000415444,0.11422970006242394,0.0,0.0,1153,"[[0, 6], [11, 0]]"
1154,514.3722313998733,116799.7296730747,116841.05643838861,0.0003537007159439423,0.7344080000184476,0.11700410000048578,0.0,0.0,1154,"[[2, 7], [11, 0]]"
1155,515.248906499939,116799.72968359184,116841.05643838861,0.00035370062593162026,0.740009400062263,0.13417800003662705,0.0,0.0,1155,"[[2, 7], [11, 0]]"
1156,516.0616711999755,116799.72970027357,116841.05643838861,0.0003537004831587453,0.6990125000011176,0.11147470003925264,0.0,0.0,1156,"[[2, 7], [11, 0]]"
1157,516.8761358000338,116799.72970841863,116841.05643838861,0.0003537004134481791,0.6838094999548048,0.1282140000257641,0.0,0.0,1157,"[[2, 7], [11, 0]]"
1158,517.6901291999966,116799.72970895702,116841.05643838861,0.00035370040884028035,0.70046649989672,0.11107230000197887,0.0,0.0,1158,"[[2, 7], [11, 0]]"
1159,518.5925632999279,116799.72970966628,116841.05643838861,0.0003537004027699796,0.7579667000100017,0.1417535999789834,0.0,0.0,1159,"[[2, 7], [11, 0]]"
1160,519.4019251000136,116799.72971020447,116841.05643838861,0.0003537003981638245,0.6929301999043673,0.11397179984487593,0.0,0.0,1160,"[[2, 7], [11, 0]]"
1161,520.2081579000223,116799.72971862205,116841.05643838861,0.0003537003261207882,0.6905197000596672,0.11312370002269745,0.0,0.0,1161,"[[2, 7], [11, 0]]"
1162,520.9956630999222,116799.72972557458,116841.05643838861,0.00035370026661664676,0.6687739000190049,0.11649149982258677,0.0,0.0,1162,"[[2, 7], [11, 0]]"
1163,521.8307004000526,116799.72972625858,116841.05643838861,0.00035370026076255535,0.718512199819088,0.11444539995864034,0.0,0.0,1163,"[[2, 7], [11, 0]]"
1164,522.6623602998443,116799.72972676024,116841.05643838861,0.00035370025646900703,0.6996726000215858,0.12862430000677705,0.0,0.0,1164,"[[2, 7], [11, 0]]"
1165,523.4887750998605,116799.72972744326,116841.05643838861,0.00035370025062326013,0.7054574999492615,0.1185799001250416,0.0,0.0,1165,"[[2, 7], [11, 0]]"
1166,524.3048982999753,116799.72983353518,116840.83229935262,0.00035178169316815624,0.6993460999801755,0.11432970012538135,0.0,0.0,1166,"[[2, 7], [11, 0]]"
1167,525.1005398998968,116799.72983410768,116840.83229935262,0.00035178168826831567,0.6773723999504,0.11567429988645017,0.0,0.0,1167,"[[2, 7], [11, 0]]"
1168,525.9750133999623,116799.7298440633,116840.81291981282,0.0003516157986482712,0.7483846000395715,0.12188449990935624,0.0,0.0,1168,"[[2, 7], [11, 0]]"
1169,526.796329200035,116799.72988779139,116840.81291981282,0.0003516154243947705,0.7136307000182569,0.10530900000594556,0.0,0.0,1169,"[[2, 7], [11, 0]]"
1170,527.6448241998442,116799.72990604938,116840.81291981282,0.0003516152681309057,0.7265659000258893,0.11953689996153116,0.0,0.0,1170,"[[2, 7], [11, 0]]"
1171,528.461187900044,116799.72990774941,116840.81291981282,0.0003516152535809599,0.6961161000654101,0.11783720017410815,0.0,0.0,1171,"[[2, 7], [11, 0]]"
1172,529.2881398999598,116799.72993266935,116840.81291981282,0.00035161504029986463,0.698834199924022,0.1235410999506712,0.0,0.0,1172,"[[2, 7], [11, 0]]"
1173,530.1378361999523,116799.72993327733,116840.81291981282,0.00035161503509638305,0.7173504000529647,0.1299995998851955,0.0,0.0,1173,"[[2, 7], [11, 0]]"
1174,530.9529440999031,116799.7299431054,116840.81291981282,0.00035161495098131863,0.6971298002172261,0.11560190003365278,0.0,0.0,1174,"[[0, 6], [11, 0]]"
1175,531.7613289998844,116799.72994348501,116840.80223247137,0.00035152351063658837,0.6887197000905871,0.11729580000974238,0.0,0.0,1175,"[[2, 7], [11, 0]]"
1176,532.5797645000275,116799.72997751489,116840.80223247137,0.00035152321938668776,0.690647599985823,0.12315170001238585,0.0,0.0,1176,"[[2, 7], [11, 0]]"
1177,533.3861807999201,116799.72999342313,116840.80223247137,0.0003515230832335569,0.6908101998269558,0.11318990006111562,0.0,0.0,1177,"[[2, 7], [11, 0]]"
1178,534.2259437998291,116799.73000085236,116840.80223247137,0.00035152301964932266,0.7268644999712706,0.11038430011831224,0.0,0.0,1178,"[[2, 7], [11, 0]]"
1179,535.0263495000545,116799.73001673035,116840.80223247137,0.0003515228837551204,0.6862514000386,0.1117583999875933,0.0,0.0,1179,"[[2, 7], [11, 0]]"
1180,535.8477060999721,116799.7300299056,116840.80223247137,0.00035152277099274984,0.7041480999905616,0.10920080007053912,0.0,0.0,1180,"[[2, 7], [11, 0]]"
1181,536.6644029000308,116799.73004576072,116840.80223247137,0.0003515226352942075,0.7043233001604676,0.11022019991651177,0.0,0.0,1181,"[[2, 7], [11, 0]]"
1182,537.5405726998579,116799.73005323307,116840.80223247137,0.000351522571340947,0.7616904999595135,0.11213989998213947,0.0,0.0,1182,"[[2, 7], [11, 0]]"
1183,538.3968368999194,116799.73126756429,116840.80223247137,0.0003515121783001901,0.7381359001155943,0.11577389994636178,0.0,0.0,1183,"[[2, 7], [11, 0]]"
1184,539.2695247998927,116799.7312686099,116840.80223247137,0.0003515121693511475,0.7517291998956352,0.11853639991022646,0.0,0.0,1184,"[[2, 7], [11, 0]]"
1185,540.1077796998434,116799.7312777926,116840.80223247137,0.00035151209075963755,0.727239300031215,0.10877500008791685,0.0,0.0,1185,"[[2, 7], [11, 0]]"
1186,540.9965256999712,116799.73143966992,116840.80223247137,0.00035151070530763025,0.7683184999041259,0.11776890000328422,0.0,0.0,1186,"[[2, 7], [11, 0]]"
1187,541.8627750000451,116799.73144072533,116840.80223247137,0.000351510696274769,0.7137951999902725,0.14980700006708503,0.0,0.0,1187,"[[2, 7], [11, 0]]"
1188,542.7171656000428,116799.7314580951,116840.80223247137,0.0003515105476128558,0.704230299917981,0.14487529988400638,0.0,0.0,1188,"[[2, 7], [11, 0]]"
1189,543.5867704998236,116799.7314670941,116840.80223247137,0.00035151047059359954,0.7241544998250902,0.1428362000733614,0.0,0.0,1189,"[[2, 7], [11, 0]]"
1190,544.5573094999418,116799.73146815623,116840.80223247137,0.0003515104615031986,0.8372361001092941,0.13092929986305535,0.0,0.0,1190,"[[2, 7], [11, 0]]"
1191,545.3457430000417,116799.73148528866,116840.80223247137,0.00035151031487261125,0.6774746000301093,0.10853729979135096,0.0,0.0,1191,"[[2, 7], [11, 0]]"
1192,546.3100688999984,116799.73149345048,116840.80223247137,0.00035151024501841775,0.8406454999931157,0.11900449986569583,0.0,0.0,1192,"[[0, 6], [11, 0]]"
1193,547.3084672999103,116799.73149410707,116840.80223247137,0.00035151023939895604,0.8885186000261456,0.1076189000159502,0.0,0.0,1193,"[[2, 7], [11, 0]]"
1194,548.118332099868,116799.73150352715,116840.80223247137,0.0003515101587757467,0.6775670000351965,0.12965289992280304,0.0,0.0,1194,"[[2, 7], [11, 0]]"
1195,548.9771511999425,116799.73150459984,116840.80223247137,0.0003515101495949262,0.7137058000080287,0.14262029994279146,0.0,0.0,1195,"[[2, 7], [11, 0]]"
1196,549.8868610998616,116799.73151188398,116840.80223247137,0.00035151008725252826,0.7920756998937577,0.1151976000983268,0.0,0.0,1196,"[[2, 7], [11, 0]]"
1197,550.7604443000164,116799.73151295904,116840.80223247137,0.00035151007805140695,0.75555370002985,0.11567780002951622,0.0,0.0,1197,"[[2, 7], [11, 0]]"
1198,551.6163554999512,116799.73151325775,116840.80223247137,0.0003515100754948757,0.7448625999968499,0.10860220016911626,0.0,0.0,1198,"[[2, 7], [11, 0]]"
1199,552.422028800007,116799.73504981224,116840.80223247137,0.0003514798073486253,0.7035155000630766,0.10038070008158684,0.0,0.0,1199,"[[2, 7], [11, 0]]"
1200,553.285730500007,116799.73505599206,116840.80223247137,0.0003514797544576837,0.740696799941361,0.11799479997716844,0.0,0.0,1200,"[[2, 7], [11, 0]]"
1201,554.1752377999946,116799.73506867824,116840.80223247137,0.00035147964588101504,0.7687311000190675,0.11843469995073974,0.0,0.0,1201,"[[2, 7], [11, 0]]"
1202,555.1552927000448,116799.7350748457,116840.80223247137,0.0003514795930959365,0.8610547001007944,0.11668709991499782,0.0,0.0,1202,"[[2, 7], [11, 0]]"
1203,556.0559646999463,116799.73509592442,116840.80223247137,0.00035147941269041643,0.7645027998369187,0.1336435000412166,0.0,0.0,1203,"[[2, 7], [11, 0]]"
1204,556.9532474000007,116799.73510206532,116840.80223247137,0.0003514793601326322,0.7719518998637795,0.12299889978021383,0.0,0.0,1204,"[[2, 7], [11, 0]]"
1205,557.8568461998366,116799.7351049296,116840.80223247137,0.0003514793356182286,0.7911980000790209,0.1100246999412775,0.0,0.0,1205,"[[2, 7], [11, 0]]"
1206,558.7796153998934,116799.7351098646,116840.80223247137,0.0003514792933812235,0.7994989999569952,0.12093390012159944,0.0,0.0,1206,"[[2, 7], [11, 0]]"
1207,559.657910999842,116799.73511106509,116840.80223247137,0.0003514792831066505,0.7439745001029223,0.1318685000296682,0.0,0.0,1207,"[[2, 7], [11, 0]]"
1208,560.5194269998465,116799.73511599711,116840.80223247137,0.00035147924089517704,0.7383506000041962,0.12066229991614819,0.0,0.0,1208,"[[2, 7], [11, 0]]"
1209,561.4550216998905,116799.73536319027,116840.80223247137,0.00035147712525452387,0.8189838998951018,0.11414030008018017,0.0,0.0,1209,"[[2, 7], [11, 0]]"
1210,562.325464699883,116799.73536319027,116840.80223247137,0.00035147712525452387,0.7574177999049425,0.110736999893561,0.0,0.0,1210,"[[2, 7], [11, 0]]"
1211,563.2192480999511,116799.73538330523,116840.80223247137,0.00035147695309748183,0.7290411000140011,0.15934510016813874,0.0,0.0,1211,"[[2, 7], [11, 0]]"
1212,564.2095639000181,116799.73538330523,116840.80223247137,0.00035147695309748183,0.8708418998867273,0.11706400010734797,0.0,0.0,1212,"[[2, 7], [11, 0]]"
1213,565.1273564000148,116799.73540674371,116840.80223247137,0.0003514767524956512,0.8055211999453604,0.10981930000707507,0.0,0.0,1213,"[[2, 7], [11, 0]]"
1214,566.0240417998284,116799.73540674371,116840.80223247137,0.0003514767524956512,0.7822723998688161,0.11196510004810989,0.0,0.0,1214,"[[2, 7], [11, 0]]"
1215,566.9054614999332,116799.73541515705,116840.80223247137,0.00035147668048882526,0.7585589999798685,0.11951579991728067,0.0,0.0,1215,"[[2, 7], [11, 0]]"
1216,567.751796099823,116799.73541515705,116840.80223247137,0.00035147668048882526,0.728101400192827,0.11563889984972775,0.0,0.0,1216,"[[2, 7], [11, 0]]"
1217,568.6383309999947,116799.73541981546,116840.80223247137,0.0003514766406190433,0.7696760001126677,0.11446819989942014,0.0,0.0,1217,"[[2, 7], [11, 0]]"
1218,569.5766729998868,116799.73542687809,116840.80223247137,0.0003514765801724664,0.8197834000457078,0.11600739997811615,0.0,0.0,1218,"[[0, 6], [11, 0]]"
1219,570.4300199998543,116799.74272421037,116840.80223247137,0.0003514141248303021,0.739769299980253,0.11094129993580282,0.0,0.0,1219,"[[2, 7], [11, 0]]"
1220,571.3391994999256,116799.74272707637,116840.80223247137,0.0003514141003012023,0.7913158000446856,0.11548779997974634,0.0,0.0,1220,"[[2, 7], [11, 0]]"
1221,572.2450112998486,116799.74418186833,116840.69027821024,0.00035044380724227506,0.7743093001190573,0.1289187998045236,0.0,0.0,1221,"[[0, 6], [11, 0]]"
1222,573.115809599869,116799.7441872664,116840.66551645267,0.0003502319077471071,0.7431745999492705,0.12522649997845292,0.0,0.0,1222,"[[0, 6], [11, 0]]"
1223,573.9691488998942,116799.76101022036,116840.66551645267,0.0003500879257363791,0.7288490999490023,0.12217639992013574,0.0,0.0,1223,"[[2, 7], [11, 0]]"
1224,574.8189890999347,116799.761018995,116840.66551645267,0.0003500878506371423,0.6939378001261503,0.1535563999786973,0.0,0.0,1224,"[[2, 7], [11, 0]]"
1225,575.7312793999445,116799.76110115834,116840.66551645267,0.00035008714742881163,0.8019561001565307,0.10803420003503561,0.0,0.0,1225,"[[2, 7], [11, 0]]"
1226,576.5447668998968,116799.76110997795,116840.66551645267,0.0003500870719447309,0.6951905998867005,0.11571120005100965,0.0,0.0,1226,"[[0, 6], [11, 0]]"
1227,577.3954387998674,116799.76204438152,116840.66551645267,0.0003500790746984405,0.7254054001532495,0.11698839999735355,0.0,0.0,1227,"[[7, 1], [11, 0]]"
1228,578.2864220000338,116799.77089429006,116840.66551645267,0.00035000333130464484,0.7696324000135064,0.11882179998792708,0.0,0.0,1228,"[[2, 7], [11, 0]]"
1229,579.245502699865,116799.77199667215,116840.66551645267,0.0003499938963867634,0.8455308000557125,0.1109398000407964,0.0,0.0,1229,"[[2, 7], [11, 0]]"
1230,580.1563410998788,116799.77199779074,116840.66551645267,0.0003499938868131174,0.7856942999642342,0.1225753000471741,0.0,0.0,1230,"[[2, 7], [11, 0]]"
1231,581.1040810998529,116799.77210675072,116840.66551645267,0.00034999295426123343,0.8187937000766397,0.1236411000136286,0.0,0.0,1231,"[[2, 7], [11, 0]]"
1232,582.0224517998286,116799.77210781956,116840.66551645267,0.0003499929451134066,0.8005590001121163,0.11532179987989366,0.0,0.0,1232,"[[2, 7], [11, 0]]"
1233,582.9039868998807,116799.82570926078,116840.66551645267,0.0003495341883870217,0.7666871000546962,0.11219129990786314,0.0,0.0,1233,"[[2, 7], [11, 0]]"
1234,583.720843099989,116799.82571615436,116840.66551645267,0.0003495341293872128,0.7089434999506921,0.1055491000879556,0.0,0.0,1234,"[[2, 7], [11, 0]]"
1235,584.5906135998666,116799.82573973881,116840.66551645267,0.000349533927535837,0.7537801000289619,0.11349550005979836,0.0,0.0,1235,"[[2, 7], [11, 0]]"
1236,585.4473291998729,116799.825746626,116840.66551645267,0.00034953386859070334,0.7323990999720991,0.12178260018117726,0.0,0.0,1236,"[[2, 7], [11, 0]]"
1237,586.2793930999469,116799.82574829157,116840.66551645267,0.00034953385433566164,0.7157133999280632,0.11386410007253289,0.0,0.0,1237,"[[2, 7], [11, 0]]"
1238,587.1608072998933,116799.82575517544,116840.66551645267,0.0003495337954189242,0.7678227999713272,0.11107799992896616,0.0,0.0,1238,"[[2, 7], [11, 0]]"
1239,588.0585646999534,116799.82577877202,116840.66551645267,0.00034953359346367796,0.7611430000979453,0.13126070005819201,0.0,0.0,1239,"[[2, 7], [11, 0]]"
1240,589.022300099954,116799.82578564953,116840.66551645267,0.00034953353460136666,0.8445936001371592,0.11671079997904599,0.0,0.0,1240,"[[2, 7], [11, 0]]"
1241,590.0008916999213,116799.82753219019,116840.66551645267,0.00034951858654669245,0.862530600046739,0.1124507999047637,0.0,0.0,1241,"[[2, 7], [11, 0]]"
1242,590.9701208998449,116799.82753864664,116840.66551645267,0.00034951853128808937,0.8568511002231389,0.10982140013948083,0.0,0.0,1242,"[[2, 7], [11, 0]]"
1243,591.8623537998646,116799.82756283654,116840.66551645267,0.00034951832425489626,0.7653316999785602,0.12179030012339354,0.0,0.0,1243,"[[2, 7], [11, 0]]"
1244,592.7516616999637,116799.8275692869,116840.66551645267,0.00034951826904835304,0.7672508999239653,0.11943419999442995,0.0,0.0,1244,"[[2, 7], [11, 0]]"
1245,593.6690719998442,116799.82757105645,116840.66551645267,0.0003495182539034376,0.805807099910453,0.1093284001108259,0.0,0.0,1245,"[[2, 7], [11, 0]]"
1246,594.5613438000437,116799.82757750392,116840.66551645267,0.0003495181987216788,0.7774350999388844,0.11242459993809462,0.0,0.0,1246,"[[2, 7], [11, 0]]"
1247,595.4585259999149,116799.82760170588,116840.66551645267,0.0003495179915852379,0.7684800999704748,0.12441370007582009,0.0,0.0,1247,"[[2, 7], [11, 0]]"
1248,596.404307999881,116799.8276081468,116840.66551645267,0.0003495179364595243,0.8341839998029172,0.1091887999791652,0.0,0.0,1248,"[[2, 7], [11, 0]]"
1249,597.3367600999773,116799.82963604218,116840.66551645267,0.00034950058038434815,0.7888247000519186,0.14114850014448166,0.0,0.0,1249,"[[2, 7], [11, 0]]"
1250,598.2062353999354,116799.82964089653,116840.66551645267,0.00034950053883764625,0.7465093999635428,0.12049670005217195,0.0,0.0,1250,"[[2, 7], [11, 0]]"
1251,599.0868241998833,116799.82966791575,116840.66551645267,0.0003495003075891779,0.7548960000276566,0.12139849993400276,0.0,0.0,1251,"[[2, 7], [11, 0]]"
1252,599.990364599973,116799.82967195864,116840.66551645267,0.00034950027298747625,0.7810182999819517,0.12004869990050793,0.0,0.0,1252,"[[2, 7], [11, 0]]"
