iteration,elapsed_time,lower_bound,upper_bound,gap,master_time,subproblem_time,core_point_stage1_runtime,core_point_stage2_runtime,cuts_added_total,adversarial_pattern
1,0.040016100043430924,0.0,1127941.8335714287,1.0,0.00036880001425743103,0.02940300013870001,0.0,0.0,1,"[[0, 6], [2, 7]]"
2,0.09676820016466081,31207.757764582693,993072.1250916738,0.9685745305138821,0.00469970004633069,0.02176639996469021,0.0103731001727283,0.015640500001609325,2,"[[0, 6], [2, 7]]"
3,0.14105410012416542,33156.997135846424,993072.1250916738,0.9666116928488093,0.005456800106912851,0.018460699822753668,0.008306400151923299,0.008299099979922175,3,"[[0, 6], [2, 7]]"
4,0.21521000005304813,56738.2372285672,696483.4039638,0.9185361246145124,0.010392000200226903,0.03517009993083775,0.015298900194466114,0.008960300125181675,4,"[[2, 7], [4, 6]]"
5,0.2720475001260638,56738.2372285672,693461.9071039963,0.9181811767202688,0.0036720000207424164,0.032567399786785245,0.008660099934786558,0.00901099992915988,5,"[[2, 7], [4, 6]]"
6,0.32614230015315115,56894.91451917697,683992.3361229376,0.9168193684132875,0.006908799987286329,0.022124300012364984,0.009581699967384338,0.011739599984139204,6,"[[2, 7], [4, 6]]"
7,0.3752793001476675,57792.41116121287,646130.3806060803,0.9105561154592319,0.006634899880737066,0.02147149993106723,0.008546199882403016,0.009384799981489778,7,"[[2, 7], [4, 6]]"
8,0.42848260002210736,69910.54213347896,367558.9877597187,0.8097977618243387,0.005111499922350049,0.023882400011643767,0.008519699797034264,0.011340499855577946,8,"[[2, 7], [4, 6]]"
9,0.49008590006269515,73121.87808994722,243473.04357211565,0.6996715652084546,0.008327200077474117,0.029784500133246183,0.009235000004991889,0.010315399849787354,9,"[[0, 6], [4, 6]]"
10,0.5505057000555098,73121.87808994722,243473.04357211565,0.6996715652084546,0.004723500227555633,0.03356879996135831,0.00878589996136725,0.010159800061956048,10,"[[4, 5], [11, 5]]"
11,0.6085777999833226,73121.87808994722,241753.17620378197,0.6975349849041474,0.005015000002458692,0.031192699912935495,0.008581399917602539,0.010000500129535794,11,"[[0, 6], [10, 6]]"
12,0.6721974001266062,73121.87808994722,237031.74431377935,0.6915101886389129,0.005234199808910489,0.032105700112879276,0.01409569988027215,0.009181699948385358,12,"[[7, 5], [11, 5]]"
13,0.7451024001929909,73981.12495878765,224281.13684570353,0.6701411184227959,0.01413050014525652,0.036635100143030286,0.008413000032305717,0.010214600013568997,13,"[[10, 6], [11, 5]]"
14,0.8013232999946922,75646.90853732965,224281.13684570353,0.6627139062997898,0.005647700047120452,0.029332299949601293,0.008454499999061227,0.009686600184068084,14,"[[0, 6], [4, 6]]"
15,0.849216700065881,77032.93532507893,224281.13684570353,0.6565340429049344,0.00827330001629889,0.018971400102600455,0.008103699889034033,0.010104699991643429,15,"[[0, 6], [4, 6]]"
16,0.907603400060907,77032.93532507893,224281.13684570353,0.6565340429049344,0.006545900134369731,0.022494100034236908,0.01067640003748238,0.014729700051248074,16,"[[0, 6], [4, 6]]"
17,0.9706429000943899,77561.46861958489,224281.13684570353,0.654177476936261,0.014311300124973059,0.024791300063952804,0.009122300194576383,0.01151650003157556,17,"[[2, 7], [11, 7]]"
18,1.0420164000242949,78042.22874404315,171044.52488615003,0.5437315003447827,0.010241399984806776,0.03407260007224977,0.009226599941030145,0.01383179984986782,18,"[[0, 6], [2, 6]]"
19,1.1203620000742376,78042.22874404315,171044.52488615003,0.5437315003447827,0.008127799956128001,0.04676919989287853,0.008512099971994758,0.01106790010817349,19,"[[2, 7], [11, 7]]"
20,1.1834763002116233,79772.02596246274,171044.52488615003,0.5336183603914813,0.007719299988821149,0.02783360006287694,0.010349999880418181,0.014168399851769209,20,"[[4, 6], [10, 6]]"
21,1.2662733001634479,80906.4655061238,164764.31559394093,0.5089563828522402,0.007118399953469634,0.052762300008907914,0.008248599944636226,0.010798600036650896,21,"[[0, 6], [11, 6]]"
22,1.3287621000781655,81726.17881194336,164764.31559394093,0.5039813170871522,0.008569899946451187,0.03193719987757504,0.008332000114023685,0.01091800001449883,22,"[[7, 1], [7, 5]]"
23,1.38964070007205,84475.46132662533,164764.31559394093,0.4872951644771567,0.012669199844822288,0.02572080004028976,0.008020500186830759,0.01141470018774271,23,"[[6, 5], [11, 5]]"
24,1.4494936000555754,84586.2160937895,164764.31559394093,0.4866229632983704,0.009093400090932846,0.02700240002013743,0.008708699839189649,0.011699900031089783,24,"[[11, 0]]"
25,1.51148710004054,87887.52913349854,141380.44594385044,0.37836149442898726,0.015667299972847104,0.0235854999627918,0.008338900050148368,0.011346300132572651,25,"[[0, 6], [11, 6]]"
26,1.573148800060153,95178.09654272694,141380.44594385044,0.32679448061348504,0.00931330001913011,0.02593479980714619,0.008488000137731433,0.012668200070038438,26,"[[4, 5], [11, 5]]"
27,1.649840900208801,97318.28025401669,141380.44594385044,0.31165671741715356,0.018441899912431836,0.03554960014298558,0.008176000090315938,0.011439200025051832,27,"[[2, 7], [11, 7]]"
28,1.7120206002146006,97318.28025401669,141380.44594385044,0.31165671741715356,0.007960299961268902,0.03104669996537268,0.008195700123906136,0.012247900012880564,28,"[[0, 6], [2, 7]]"
29,1.7734655002132058,97519.70808863337,141380.44594385044,0.3102319953965661,0.00828169984742999,0.029475700110197067,0.008159999968484044,0.012675800127908587,29,"[[0, 6], [2, 7]]"
30,1.8306942000053823,98370.71124193432,141380.44594385044,0.3042127531483211,0.013221799861639738,0.020540099823847413,0.008059400133788586,0.012470799963921309,30,"[[2, 7], [11, 7]]"
31,1.905221600085497,100595.70420762469,139609.45574863127,0.27944920587077837,0.01702499995008111,0.03281300002709031,0.008209200110286474,0.013354300055652857,31,"[[0, 6], [10, 6]]"
32,1.9672591001726687,101828.07962896336,138256.49025982182,0.26348427160561866,0.006740200100466609,0.03184859990142286,0.008452699985355139,0.011995499953627586,32,"[[2, 7], [11, 7]]"
33,2.0415474001783878,102591.35096791048,138256.49025982182,0.25796358076851783,0.006301400018855929,0.044688900001347065,0.008256400004029274,0.01208100002259016,33,"[[0, 6], [7, 1]]"
34,2.121717300033197,104422.01804873253,137514.26722722902,0.2406459332966139,0.006420799996703863,0.043232599971815944,0.008139800047501922,0.01914570014923811,34,"[[0, 6], [11, 0]]"
35,2.225628700107336,106421.42679533582,136027.71682768728,0.21764895216064786,0.007095900131389499,0.07092639990150928,0.008466700091958046,0.01339250011369586,35,"[[2, 7], [11, 0]]"
36,2.284767000004649,106421.42679533582,136027.71682768728,0.21764895216064786,0.007203799905255437,0.028199000051245093,0.008242199895903468,0.01268270006403327,36,"[[6, 5], [11, 5]]"
37,2.3439995001535863,106954.3754143041,136027.71682768728,0.2137310107925413,0.006500900024548173,0.029299800051376224,0.008118199883028865,0.012039599940180779,37,"[[2, 7], [11, 7]]"
38,2.409399600001052,107336.0343785578,135241.50426660836,0.2063380619683075,0.009171399986371398,0.03214160003699362,0.00858709984458983,0.012374100042507052,38,"[[7, 1], [11, 6]]"
39,2.496413200162351,107700.73423253704,135131.3398703899,0.20299218274726422,0.006699600024148822,0.05679890001192689,0.008078600047156215,0.01233729999512434,39,"[[0, 6], [7, 1]]"
40,2.596117699984461,108056.29371454174,130408.69870612441,0.1714027147986021,0.00664459983818233,0.06960189994424582,0.008246199926361442,0.012168699875473976,40,"[[0, 6], [10, 6]]"
41,2.6578428000211716,108283.58048169783,130408.69870612441,0.16965983438179583,0.006995099829509854,0.02985280007123947,0.008208299987018108,0.013674200046807528,41,"[[7, 1], [11, 7]]"
42,2.7958235000260174,108283.58048169783,128760.85877934376,0.1590334088462212,0.0077267000451684,0.10419939993880689,0.00841420004144311,0.012443299870938063,42,"[[11, 0], [11, 5]]"
43,2.895638700108975,108480.21751471506,128760.85877934376,0.1575062597196827,0.00828629988245666,0.06736479979008436,0.008335600141435862,0.012589299818500876,43,"[[2, 7], [11, 7]]"
44,2.9542374000884593,108480.21751471506,128760.85877934376,0.1575062597196827,0.006731900153681636,0.02889740001410246,0.0081623001024127,0.011900699930265546,44,"[[0, 6], [4, 6]]"
45,3.0501590000931174,108564.72625073827,126145.8029812274,0.13937107945720154,0.00792080000974238,0.0653377000708133,0.00821550004184246,0.010963199893012643,45,"[[0, 6], [4, 6]]"
46,3.163179600145668,108771.8369626493,126145.8029812274,0.13772924352595103,0.007610499858856201,0.08062939997762442,0.008916700026020408,0.012396099977195263,46,"[[2, 7], [11, 0]]"
47,3.2514758000615984,108846.1440719414,126145.8029812274,0.13714018620072907,0.011316699907183647,0.05320369987748563,0.008157399948686361,0.012399000115692616,47,"[[0, 6], [4, 6]]"
48,3.3406720000784844,108846.1440719414,125889.60848430419,0.13538420380811464,0.007455900078639388,0.05877779982984066,0.00883520022034645,0.01098350016400218,48,"[[0, 6], [11, 6]]"
49,3.434590700082481,108846.1440719414,125219.19688949015,0.13075513359184443,0.007592699956148863,0.058129899902269244,0.014703499851748347,0.010437200078740716,49,"[[0, 6], [10, 6]]"
50,3.541512600146234,108846.1440719414,125219.19688949015,0.13075513359184443,0.008094899822026491,0.07338770013302565,0.00823340006172657,0.014136699959635735,50,"[[2, 7], [11, 5]]"
51,3.611522000050172,108846.1440719414,125219.19688949015,0.13075513359184443,0.00828660000115633,0.03817790001630783,0.00857850001193583,0.011972700012847781,51,"[[0, 6], [10, 6]]"
52,3.6768112999852747,108846.1440719414,125219.19688949015,0.13075513359184443,0.008062399923801422,0.032269000075757504,0.008401100058108568,0.013416699832305312,52,"[[2, 7], [10, 6]]"
53,3.7514997001271695,108846.1440719414,125219.19688949015,0.13075513359184443,0.008028100011870265,0.04183670016936958,0.008794400142505765,0.013172399951145053,53,"[[0, 6], [4, 6]]"
54,3.8131129001267254,108846.1440719414,125219.19688949015,0.13075513359184443,0.007832699920982122,0.03000959986820817,0.008486600127071142,0.012517599854618311,54,"[[0, 6], [10, 6]]"
55,3.879654200049117,108885.9061829187,125219.19688949015,0.13043759353436912,0.00819620001129806,0.03539659990929067,0.00849539996124804,0.01155670010484755,55,"[[0, 6], [10, 6]]"
56,3.9462646001484245,108885.9061829187,125219.19688949015,0.13043759353436912,0.008975000120699406,0.0330445000436157,0.008623800007626414,0.011488200165331364,56,"[[0, 6], [10, 6]]"
57,4.04221920017153,108992.57591880027,125118.14838710721,0.12888276142335078,0.009438799927011132,0.0633803999517113,0.008289800025522709,0.011762300040572882,57,"[[2, 7], [7, 1]]"
58,4.127274100203067,109197.67331250725,123861.34714510402,0.11838781161824621,0.012080500135198236,0.04909280012361705,0.00838460004888475,0.01252819993533194,58,"[[10, 6], [11, 6]]"
59,4.238203200045973,109722.46303964546,123861.34714510402,0.11415089881829567,0.009143600007519126,0.07572149997577071,0.00843790010549128,0.01340109994634986,59,"[[0, 6], [4, 6]]"
60,4.364477700088173,109728.66165877189,123861.34714510402,0.11410085399584458,0.009218699997290969,0.09352410002611578,0.008389599854126573,0.011867200024425983,60,"[[0, 6], [4, 6]]"
61,4.4995441001374274,109921.4225638085,123861.34714510402,0.11254459040369427,0.009495999896898866,0.10010919999331236,0.008995600044727325,0.013117300113663077,61,"[[11, 0], [11, 5]]"
62,4.600924000144005,109954.41936736318,123861.34714510402,0.11227818926794672,0.00979599985294044,0.06832429999485612,0.008171399822458625,0.011948400177061558,62,"[[4, 5], [11, 5]]"
63,4.675967000192031,110060.25654300053,123861.34714510402,0.11142370820442847,0.012036500032991171,0.03955890005454421,0.008832900086417794,0.011583400191739202,63,"[[0, 6], [4, 6]]"
64,4.78972480003722,110188.55030432157,123861.34714510402,0.11038792291484381,0.010682699969038367,0.07772449986077845,0.008832799969241023,0.013195799896493554,64,"[[0, 6], [4, 6]]"
65,4.902029799995944,110385.21442875668,123861.34714510402,0.10880014651027498,0.010416500037536025,0.07604230009019375,0.00822279998101294,0.014123199973255396,65,"[[0, 6], [2, 7]]"
66,5.030800300184637,110408.26381165953,123861.34714510402,0.10861405630994918,0.013130499981343746,0.08816069993190467,0.008308300049975514,0.015907200053334236,66,"[[0, 6], [2, 7]]"
67,5.164772900054231,110517.49354086036,123861.34714510402,0.10773218531695192,0.012664600042626262,0.09837020002305508,0.008368800161406398,0.01137740002013743,67,"[[2, 7], [11, 7]]"
68,5.278727000113577,110568.5450637597,123295.9947576675,0.10322678947457307,0.010408800095319748,0.08050089981406927,0.008550100028514862,0.011480699991807342,68,"[[2, 7], [11, 0]]"
69,5.3919695999938995,110590.30876622116,123295.9947576675,0.10305027358284242,0.01183500001206994,0.07834140001796186,0.008473800029605627,0.011469400022178888,69,"[[0, 6], [2, 7]]"
70,5.524102300172672,110735.16550595102,123142.91816183312,0.1007589623592967,0.014126500114798546,0.09235820011235774,0.009640000062063336,0.012268199818208814,70,"[[0, 6], [2, 7]]"
71,5.624635600019246,110879.89294320285,123142.91816183312,0.0995836821287143,0.01163049996830523,0.06433520000427961,0.00870310002937913,0.012516599847003818,71,"[[0, 6], [11, 0]]"
72,5.745305200107396,111430.41617768962,123142.91816183312,0.09511307803142242,0.011012700153514743,0.08425440010614693,0.008549599908292294,0.01301859994418919,72,"[[2, 7], [11, 0]]"
73,5.858944600215182,111430.41617768962,123142.91816183312,0.09511307803142242,0.011124900076538324,0.07963990001007915,0.008319600019603968,0.011314099887385964,73,"[[2, 7], [11, 0]]"
74,5.974770600209013,111449.4891156472,123142.91816183312,0.09495819346118255,0.010511199943721294,0.08166659995913506,0.008489100029692054,0.012101300060749054,74,"[[2, 7], [7, 1]]"
75,6.091855300124735,111572.01623617709,123142.91816183312,0.09396319413553016,0.010857699904590845,0.08177999989129603,0.008571800077334046,0.012568100122734904,75,"[[0, 6], [4, 6]]"
76,6.216126000043005,111670.28588334372,122714.179258847,0.08999688090002912,0.011382499942556024,0.0877088000997901,0.00851459987461567,0.012031200109049678,76,"[[0, 6], [2, 7]]"
77,6.364994600182399,111782.58660314178,122714.179258847,0.08908174036389613,0.012467400170862675,0.11135689984075725,0.008867299882695079,0.012718399986624718,77,"[[2, 7], [11, 5]]"
78,6.450097199995071,112126.89511825892,122714.179258847,0.08627596423275424,0.011873299954459071,0.04961779993027449,0.008332700002938509,0.01210630009882152,78,"[[0, 6], [10, 6]]"
79,6.555616900091991,112126.89511825892,121248.85076668765,0.07523333698215084,0.01494939997792244,0.06720530008897185,0.008385299937799573,0.011676900088787079,79,"[[0, 6], [2, 7]]"
80,6.656924500130117,112126.89511825892,121248.85076668765,0.07523333698215084,0.011809600051492453,0.06598499999381602,0.008699400117620826,0.01138449995778501,80,"[[0, 6], [2, 7]]"
81,6.763002200052142,112126.89511825892,121248.85076668765,0.07523333698215084,0.011963800061494112,0.06722320010885596,0.013825899921357632,0.010018200147897005,81,"[[0, 6], [2, 7]]"
82,6.850613499991596,112126.89511825892,121248.85076668765,0.07523333698215084,0.012113600037992,0.053138199960812926,0.0086300999391824,0.010358299827203155,82,"[[0, 6], [2, 7]]"
83,6.958329200046137,112126.89511825892,121248.85076668765,0.07523333698215084,0.013141699833795428,0.06990190013311803,0.00844250014051795,0.01268539996817708,83,"[[0, 6], [7, 1]]"
84,7.0845929000061005,112211.52108653284,121248.85076668765,0.07453538423671197,0.012896900065243244,0.08786189998500049,0.009143899893388152,0.01279240008443594,84,"[[0, 6], [2, 7]]"
85,7.206434100167826,112574.11275397433,121248.85076668765,0.07154490915056698,0.0128606001380831,0.08639449998736382,0.008372300071641803,0.010944399982690811,85,"[[0, 6], [2, 7]]"
86,7.355396300088614,112623.5455701062,121248.85076668765,0.07113721195740355,0.012678799917921424,0.11037829983979464,0.008747699903324246,0.012153999879956245,86,"[[0, 6], [11, 0]]"
87,7.479900100035593,112623.5455701062,121248.85076668765,0.07113721195740355,0.013978600036352873,0.08661630004644394,0.008492100052535534,0.012204700149595737,87,"[[2, 7], [7, 1]]"
88,7.564261700026691,112797.67211922836,121248.85076668765,0.06970110309516601,0.01412829989567399,0.040473700035363436,0.008361899992451072,0.018349700141698122,88,"[[0, 6], [2, 7]]"
89,7.689326700055972,112797.67211922836,121236.24836096722,0.06960439930980011,0.014396999962627888,0.08724209992215037,0.008748299907892942,0.011418899986892939,89,"[[2, 7], [11, 0]]"
90,7.819264200050384,112797.67211922836,120673.27009971961,0.06526381504357318,0.013850199989974499,0.09326349990442395,0.008594300132244825,0.010985099943354726,90,"[[0, 6], [11, 0]]"
91,7.958292300114408,112797.67211922836,120673.27009971961,0.06526381504357318,0.013709900202229619,0.10194450011476874,0.00847309990786016,0.01145130000077188,91,"[[0, 6], [2, 7]]"
92,8.07238810020499,112840.47124963319,120673.27009971961,0.06490914552670779,0.014172299997881055,0.07550559984520078,0.008936200058087707,0.011861700098961592,92,"[[0, 6], [7, 1]]"
93,8.16895670001395,112917.12366884857,120673.27009971961,0.06427393924488554,0.014453199924901128,0.058420399902388453,0.008781899930909276,0.011433899868279696,93,"[[0, 6], [2, 7]]"
94,8.28921340010129,112935.01869626078,120673.27009971961,0.06412564602802459,0.015660500153899193,0.08060039998963475,0.008406399982050061,0.01222599996253848,94,"[[0, 6], [2, 7]]"
95,8.43392450013198,113079.87756135334,120673.27009971961,0.06292522388836727,0.015421600081026554,0.10475319996476173,0.008662099950015545,0.01243479992263019,95,"[[0, 6], [11, 0]]"
96,8.564385500038043,113079.87756135334,119957.58479331246,0.05733449238586663,0.014940799912437797,0.09118289989419281,0.008825399912893772,0.01107459980994463,96,"[[0, 6], [2, 7]]"
97,8.740286400076002,113241.46271704871,119957.58479331246,0.0559874733042989,0.01762199983932078,0.13418000005185604,0.00877229985781014,0.011748300166800618,97,"[[0, 6], [11, 0]]"
98,8.87292980006896,113268.0034235152,119957.58479331246,0.05576622254710651,0.015177299967035651,0.093620500061661,0.008537899935618043,0.012034300016239285,98,"[[0, 6], [2, 7]]"
99,9.000368700129911,113334.97690220804,119957.58479331246,0.05520791288450167,0.016440500039607286,0.08783979993313551,0.008524100063368678,0.01121750008314848,99,"[[0, 6], [2, 7]]"
100,9.122375100152567,113375.63385081297,119957.58479331246,0.054868985182056025,0.016480999998748302,0.08152360003441572,0.008384000044316053,0.012131400173529983,100,"[[0, 6], [10, 6]]"
101,9.248852699995041,113521.7502596193,119957.58479331246,0.0536509179038753,0.01998789981007576,0.08241540007293224,0.008463399950414896,0.01226019999012351,101,"[[0, 6], [2, 7]]"
102,9.390155700035393,113580.91474706537,119754.17537448398,0.05154943957581581,0.016062899958342314,0.10048920009285212,0.00910310004837811,0.011921599972993135,102,"[[0, 6], [10, 6]]"
103,9.527416700031608,113610.55560788822,119474.139461482,0.049078268150943044,0.016746100038290024,0.09052659990265965,0.014656899962574244,0.011357200099155307,103,"[[2, 7], [11, 0]]"
104,9.637097100028768,113739.0894090035,119474.139461482,0.04800243867274273,0.017881100066006184,0.06733480002731085,0.008418899960815907,0.012542800046503544,104,"[[0, 6], [7, 1]]"
105,9.773064900189638,113821.80914339646,119474.139461482,0.047310073490069646,0.03179319994524121,0.0786433001048863,0.008678999962285161,0.011263699969276786,105,"[[0, 6], [7, 1]]"
106,9.95311430003494,114001.12961393046,119474.139461482,0.045809158971310424,0.04655619990080595,0.10866050003096461,0.00836479989811778,0.012974199838936329,106,"[[0, 6], [11, 0]]"
107,10.074950900161639,114001.12961393046,119474.139461482,0.045809158971310424,0.015754900174215436,0.08207580004818738,0.008808499900624156,0.011735999956727028,107,"[[11, 0], [11, 5]]"
108,10.19790710019879,114001.12961393046,119474.139461482,0.045809158971310424,0.01586359995417297,0.08406549994833767,0.008341599954292178,0.011456399923190475,108,"[[0, 6], [11, 0]]"
109,10.320217800093815,114001.12961393046,119474.139461482,0.045809158971310424,0.016561100026592612,0.08302600006572902,0.00836499989964068,0.01111810002475977,109,"[[7, 1], [11, 0]]"
110,10.491291100159287,114001.12961393046,119474.139461482,0.045809158971310424,0.015529799973592162,0.13165319990366697,0.008666900219395757,0.01187759987078607,110,"[[2, 7], [11, 0]]"
111,10.633723200066015,114001.12961393046,119474.139461482,0.045809158971310424,0.015995800029486418,0.10218890011310577,0.008356100181117654,0.012489299988374114,111,"[[0, 6], [11, 0]]"
112,10.749520900193602,114001.12961393046,119474.139461482,0.045809158971310424,0.016640299931168556,0.07512730010785162,0.008322699926793575,0.012542099924758077,112,"[[0, 6], [11, 0]]"
113,10.850717500085011,114001.12961393046,119474.139461482,0.045809158971310424,0.01698529999703169,0.06049759988673031,0.008638700004667044,0.011788500007241964,113,"[[2, 7], [11, 7]]"
114,10.990529300179332,114001.12961393046,119474.139461482,0.045809158971310424,0.018314399989321828,0.09485019999556243,0.008928899886086583,0.012679000152274966,114,"[[0, 6], [10, 6]]"
115,11.140207500196993,114578.8898358106,119474.139461482,0.040973298889084,0.04495209991000593,0.0782347999047488,0.009239499922841787,0.01339360000565648,115,"[[0, 6], [4, 6]]"
116,11.276986700017005,114578.8898358106,119474.139461482,0.040973298889084,0.017658299999311566,0.09439269988797605,0.008406699867919087,0.012998400023207068,116,"[[2, 7], [11, 0]]"
117,11.412999300053343,114578.8898358106,119474.139461482,0.040973298889084,0.01829640008509159,0.09285799995996058,0.008536799810826778,0.012857800116762519,117,"[[2, 7], [11, 0]]"
118,11.56734440010041,114578.8898358106,119474.139461482,0.040973298889084,0.017946999985724688,0.11159350001253188,0.00899180001579225,0.012569800019264221,118,"[[7, 1], [11, 0]]"
119,11.721759100211784,114578.8898358106,119474.139461482,0.040973298889084,0.018692899961024523,0.11087400000542402,0.00865720002911985,0.012903699884191155,119,"[[11, 0], [11, 5]]"
120,11.875777800101787,114578.8898358106,119474.139461482,0.040973298889084,0.0205101000610739,0.10892030014656484,0.008375100092962384,0.012838599970564246,120,"[[0, 6], [11, 0]]"
121,12.031446499982849,114700.53262860377,119474.139461482,0.03995514723432864,0.045558599987998605,0.08543119998648763,0.008346900111064315,0.012765699997544289,121,"[[7, 1], [11, 0]]"
122,12.218512100167572,114715.89689108708,119474.139461482,0.0398265481705266,0.04909129999577999,0.11025619995780289,0.009057100163772702,0.012609299970790744,122,"[[11, 0], [11, 5]]"
123,12.403406199999154,114715.89689108708,119474.139461482,0.0398265481705266,0.05629289988428354,0.10468150000087917,0.008608500007539988,0.011843600077554584,123,"[[0, 6], [7, 1]]"
124,12.568531800061464,114749.5049514761,119474.139461482,0.03954524829642402,0.05631790007464588,0.0833601001650095,0.00839169998653233,0.012942900182679296,124,"[[0, 6], [11, 0]]"
125,12.736937400186434,114749.5049514761,119474.139461482,0.03954524829642402,0.04780189995653927,0.09044730011373758,0.008539099944755435,0.01816900004632771,125,"[[0, 6], [11, 0]]"
126,12.883027400122955,114961.56990836954,119474.139461482,0.03777026202869032,0.051994499983265996,0.06937159993685782,0.008872400037944317,0.012400600127875805,126,"[[2, 7], [7, 1]]"
127,13.022922800155357,114961.56990836954,119474.139461482,0.03777026202869032,0.020023399963974953,0.09537810017354786,0.008448899956420064,0.012692200019955635,127,"[[0, 6], [4, 6]]"
128,13.153417100198567,114961.56990836954,119474.139461482,0.03777026202869032,0.019690999994054437,0.08749669999815524,0.008482999866828322,0.01157730002887547,128,"[[0, 6], [11, 0]]"
129,13.3315162002109,114961.56990836954,119474.139461482,0.03777026202869032,0.038627699948847294,0.11553229996934533,0.008422299986705184,0.012053899932652712,129,"[[0, 6], [7, 1]]"
130,13.483887300128117,114961.56990836954,119437.6881239627,0.0374765979306922,0.03906690003350377,0.0874976001214236,0.009057699935510755,0.011182900052517653,130,"[[0, 6], [10, 6]]"
131,13.654754600021988,114961.56990836954,119437.6881239627,0.0374765979306922,0.0532043999992311,0.09270410006865859,0.00854289997369051,0.012510200031101704,131,"[[7, 1], [11, 0]]"
132,13.838293200125918,114961.56990836954,119191.09230215708,0.035485222193160464,0.04966479982249439,0.11008180002681911,0.008368399925529957,0.012019800022244453,132,"[[0, 6], [7, 1]]"
133,13.994406100129709,114961.56990836954,119087.5143431019,0.03464632255943423,0.04874520003795624,0.08391990000382066,0.008510899962857366,0.011509299976751208,133,"[[2, 7], [11, 0]]"
134,14.158597300061956,114961.56990836954,118681.08975830351,0.03134045918780198,0.048110200092196465,0.0928499000146985,0.008398399921134114,0.011486999923363328,134,"[[0, 6], [11, 0]]"
135,14.326415800023824,114961.56990836954,118681.08975830351,0.03134045918780198,0.05015040002763271,0.09214900014922023,0.009550800081342459,0.012156799901276827,135,"[[0, 6], [11, 0]]"
136,14.513046500040218,114961.56990836954,118681.08975830351,0.03134045918780198,0.04941480001434684,0.11279289983212948,0.008585399948060513,0.012185600120574236,136,"[[7, 1], [11, 0]]"
137,14.699398800032213,114961.56990836954,118681.08975830351,0.03134045918780198,0.05502420011907816,0.10752070019952953,0.008825800148770213,0.011359700001776218,137,"[[0, 6], [11, 0]]"
138,14.881624100031331,114961.56990836954,118681.08975830351,0.03134045918780198,0.04959559999406338,0.10759040014818311,0.008906699949875474,0.010756999952718616,138,"[[0, 6], [7, 1]]"
139,15.081704300129786,114961.56990836954,118681.08975830351,0.03134045918780198,0.05864090006798506,0.11585459997877479,0.009632499888539314,0.011526299873366952,139,"[[0, 6], [11, 0]]"
140,15.255435100058094,114961.56990836954,118681.08975830351,0.03134045918780198,0.0529171999078244,0.0901806999463588,0.01431969995610416,0.012801999924704432,140,"[[0, 6], [2, 7]]"
141,15.43115680012852,115041.05216715518,118681.08975830351,0.030670746271047388,0.05707719991914928,0.09365920000709593,0.008651500102132559,0.01292369980365038,141,"[[0, 6], [2, 7]]"
142,15.610902900109068,115041.05216715518,118681.08975830351,0.030670746271047388,0.05221369978971779,0.10233730007894337,0.008533099899068475,0.012982199899852276,142,"[[0, 6], [11, 0]]"
143,15.791450900025666,115045.6244911188,118681.08975830351,0.030632220133708025,0.051080700010061264,0.10555700003169477,0.008315300103276968,0.012217900017276406,143,"[[0, 6], [2, 7]]"
144,15.968241800088435,115063.40064903274,118681.08975830351,0.030482439254966947,0.053768600104376674,0.09800060000270605,0.008511500200256705,0.01167499995790422,144,"[[0, 6], [2, 7]]"
145,16.144193300046027,115063.40064903274,118681.08975830351,0.030482439254966947,0.05520049994811416,0.09631639998406172,0.008408399997279048,0.012498199939727783,145,"[[0, 6], [11, 0]]"
146,16.349266200093552,115063.40064903274,118681.08975830351,0.030482439254966947,0.057086999993771315,0.12265010015107691,0.008543000090867281,0.013204999966546893,146,"[[2, 7], [11, 0]]"
147,16.539516900200397,115065.25717313185,118681.08975830351,0.030466796290254693,0.05733960005454719,0.10919290012679994,0.008292400045320392,0.011992299929261208,147,"[[2, 7], [11, 0]]"
148,16.749041500035673,115153.51049802522,118681.08975830351,0.029723178877631453,0.05440889997407794,0.13082940015010536,0.008391600102186203,0.012505999999120831,148,"[[7, 1], [11, 0]]"
149,16.964031400159,115153.6168484541,118681.08975830351,0.029722282775067072,0.05996240000240505,0.12995420000515878,0.008423799881711602,0.01306609995663166,149,"[[11, 0], [11, 5]]"
150,17.141567600192502,115321.19963642466,118681.08975830351,0.028310239893493884,0.06051129987463355,0.0922156001906842,0.008419399848207831,0.012962499866262078,150,"[[0, 6], [2, 7]]"
151,17.331425999989733,115364.36328320025,118681.08975830351,0.027946545501544056,0.05602829996496439,0.10723610012792051,0.008769899839535356,0.011979499831795692,151,"[[2, 7], [11, 0]]"
152,17.486978500150144,115364.36328320025,118681.08975830351,0.027946545501544056,0.046807900071144104,0.083526800153777,0.008581999922171235,0.012407399946823716,152,"[[0, 6], [11, 0]]"
153,17.676402000011876,115444.72799606601,118681.08975830351,0.027269397077735128,0.05838799988850951,0.10691160010173917,0.008523399941623211,0.012004700023680925,153,"[[0, 6], [2, 7]]"
154,17.82675140001811,115444.72799606601,118681.08975830351,0.027269397077735128,0.02505229995585978,0.10034910007379949,0.008681799983605742,0.012792299967259169,154,"[[0, 6], [2, 7]]"
155,17.982105100061744,115444.72799606601,118681.08975830351,0.027269397077735128,0.02498750016093254,0.10653810016810894,0.008836699882522225,0.01157399988733232,155,"[[2, 7], [11, 0]]"
156,18.12901430018246,115444.72799606601,118681.08975830351,0.027269397077735128,0.02543459995649755,0.09735019993968308,0.008554199943318963,0.01214620005339384,156,"[[0, 6], [11, 0]]"
157,18.282047600019723,115444.72799606601,118681.08975830351,0.027269397077735128,0.023770099971443415,0.09911659988574684,0.008387800073251128,0.018437899881973863,157,"[[2, 7], [7, 1]]"
158,18.428402800112963,115444.72799606601,118681.08975830351,0.027269397077735128,0.02832349995151162,0.0935286998283118,0.008788500213995576,0.01239209994673729,158,"[[0, 6], [11, 0]]"
159,18.584813100052997,115444.72799606601,118681.08975830351,0.027269397077735128,0.025161400204524398,0.10415599984116852,0.009072999935597181,0.012576400069519877,159,"[[0, 6], [4, 6]]"
160,18.734054000116885,115444.72799606601,118681.08975830351,0.027269397077735128,0.027071299962699413,0.0981982999946922,0.008553599938750267,0.01205470017157495,160,"[[0, 6], [2, 7]]"
161,18.87060030014254,115444.72799606601,118681.08975830351,0.027269397077735128,0.0330599001608789,0.07887600013054907,0.009217499988153577,0.011976399924606085,161,"[[2, 7], [11, 0]]"
162,19.026424300158396,115444.72799606601,118681.08975830351,0.027269397077735128,0.03050770005211234,0.10070919990539551,0.008748999796807766,0.012082400033250451,162,"[[0, 6], [2, 7]]"
163,19.170765800168738,115444.72799606601,118681.08975830351,0.027269397077735128,0.028671700041741133,0.09140590019524097,0.008556999964639544,0.012182499980553985,163,"[[0, 6], [4, 6]]"
164,19.321393000194803,115444.72799606601,118681.08975830351,0.027269397077735128,0.026576000032946467,0.10000439989380538,0.008454299997538328,0.012171600013971329,164,"[[0, 6], [11, 0]]"
165,19.493246600031853,115444.72799606601,118586.85034812469,0.026496380862082388,0.028101899893954396,0.11970039992593229,0.008699300000444055,0.011832899879664183,165,"[[2, 7], [11, 0]]"
166,19.642744300188497,115444.72799606601,118586.85034812469,0.026496380862082388,0.027544300071895123,0.09719460015185177,0.009187699994072318,0.011966199846938252,166,"[[0, 6], [7, 1]]"
167,19.787262700032443,115444.72799606601,118586.85034812469,0.026496380862082388,0.03140860004350543,0.08979779994115233,0.008411099901422858,0.011461699847131968,167,"[[0, 6], [2, 7]]"
168,19.93502780003473,115444.72799606601,118586.85034812469,0.026496380862082388,0.048272799933329225,0.0730963998939842,0.008908600080758333,0.012131400173529983,168,"[[0, 6], [7, 1]]"
169,20.12825940013863,115691.57200367928,118432.6463934016,0.02314458448067784,0.0596394999884069,0.10940720001235604,0.008598000044003129,0.012207400053739548,169,"[[0, 6], [11, 0]]"
170,20.311705000000075,115691.57200367928,118163.52812887557,0.020919789416749966,0.030175100080668926,0.12688350002281368,0.009594100061804056,0.012772399932146072,170,"[[2, 7], [11, 0]]"
171,20.454472300130874,115691.57200367928,118163.52812887557,0.020919789416749966,0.030477299820631742,0.08748470013961196,0.008871300145983696,0.012315999949350953,171,"[[7, 1], [11, 0]]"
172,20.6532338000834,115691.57200367928,118163.52812887557,0.020919789416749966,0.05592880002222955,0.11278630001470447,0.01469310000538826,0.011782399844378233,172,"[[0, 6], [11, 0]]"
173,20.845817600144073,115691.57200367928,118163.52812887557,0.020919789416749966,0.06709330016747117,0.10188180021941662,0.008782800054177642,0.01118930010125041,173,"[[2, 7], [11, 0]]"
174,21.02222799998708,115691.57200367928,118163.52812887557,0.020919789416749966,0.06798220006749034,0.08443709998391569,0.008697499986737967,0.01177549990825355,174,"[[0, 6], [7, 1]]"
175,21.193460799986497,115691.57200367928,118026.89038008315,0.019786324700103688,0.05744629981927574,0.08950220001861453,0.008752200054004788,0.012157900026068091,175,"[[0, 6], [11, 0]]"
176,21.371866200119257,115691.57200367928,118026.89038008315,0.019786324700103688,0.06635860004462302,0.08849600004032254,0.008622599998489022,0.01136819995008409,176,"[[7, 1], [11, 0]]"
177,21.565660700201988,115691.57200367928,118026.89038008315,0.019786324700103688,0.07486149994656444,0.09499260014854372,0.0086729999165982,0.011759400134906173,177,"[[0, 6], [11, 0]]"
178,21.775566400028765,115691.57200367928,118026.89038008315,0.019786324700103688,0.06459729978814721,0.11984500009566545,0.008838700130581856,0.012606200063601136,178,"[[7, 1], [11, 0]]"
179,22.00372890010476,115691.57200367928,117872.39983872263,0.01850159866115599,0.07384850014932454,0.12422320013865829,0.008593100123107433,0.017744200071319938,179,"[[2, 7], [11, 0]]"
180,22.23119410010986,115691.57200367928,117872.39983872263,0.01850159866115599,0.07366469991393387,0.12942890007980168,0.008600099943578243,0.012048600008711219,180,"[[0, 6], [11, 0]]"
181,22.402650400064886,115691.57200367928,117768.25098196261,0.01763360634948549,0.06570269982330501,0.08307239995338023,0.008478599833324552,0.010893500177189708,181,"[[0, 6], [11, 0]]"
182,22.62007820000872,115691.57200367928,117768.25098196261,0.01763360634948549,0.06844169995747507,0.12589699984528124,0.008598000044003129,0.010710400063544512,182,"[[7, 1], [11, 0]]"
183,22.817473100032657,115691.57200367928,117768.25098196261,0.01763360634948549,0.07563970005139709,0.09784239996224642,0.008890300057828426,0.011379699921235442,183,"[[0, 6], [11, 0]]"
184,23.017842000117525,115691.57200367928,117768.25098196261,0.01763360634948549,0.07994620013050735,0.09594059991650283,0.008713900111615658,0.011776299914345145,184,"[[0, 6], [10, 6]]"
185,23.208247700007632,115691.57200367928,117768.25098196261,0.01763360634948549,0.07441190001554787,0.09182869992218912,0.008766200160607696,0.011531899916008115,185,"[[2, 7], [11, 0]]"
186,23.400330800097436,115691.57200367928,117768.25098196261,0.01763360634948549,0.06970670004375279,0.0994419998023659,0.008610300021246076,0.010781100019812584,186,"[[0, 6], [4, 6]]"
187,23.58835510001518,115691.57200367928,117768.25098196261,0.01763360634948549,0.06979330000467598,0.09610689990222454,0.008428199915215373,0.01022449997253716,187,"[[7, 1], [11, 0]]"
188,23.778261500177905,115691.57200367928,117768.25098196261,0.01763360634948549,0.07213200000114739,0.09462930005975068,0.008718299912288785,0.010857499903067946,188,"[[0, 6], [11, 0]]"
189,23.97120080003515,115691.57200367928,117768.25098196261,0.01763360634948549,0.07349149999208748,0.09587969980202615,0.008683399995788932,0.011263499967753887,189,"[[2, 7], [11, 0]]"
190,24.16428210004233,115691.57200367928,117768.25098196261,0.01763360634948549,0.08325859997421503,0.08651289995759726,0.008825100027024746,0.010909899836406112,190,"[[7, 1], [11, 0]]"
191,24.364320100052282,115691.57200367928,117768.25098196261,0.01763360634948549,0.07159289997071028,0.10222660005092621,0.008929800009354949,0.011012600036337972,191,"[[7, 1], [11, 0]]"
192,24.550791000016034,115691.57200367928,117768.25098196261,0.01763360634948549,0.0688444001134485,0.09346209978684783,0.008668000111356378,0.011549799935892224,192,"[[2, 7], [11, 0]]"
193,24.76001500012353,115691.57200367928,117768.25098196261,0.01763360634948549,0.07965410011820495,0.10633249999955297,0.008513499982655048,0.011251499876379967,193,"[[0, 6], [11, 0]]"
194,24.95475420006551,115691.57200367928,117768.25098196261,0.01763360634948549,0.07136699999682605,0.09420850011520088,0.014627000084146857,0.011081699980422854,194,"[[7, 1], [11, 0]]"
195,25.149582999991253,115691.57200367928,117768.25098196261,0.01763360634948549,0.08060289989225566,0.09117699996568263,0.008779999800026417,0.01057590008713305,195,"[[2, 7], [11, 0]]"
196,25.32454920001328,115691.57200367928,117768.25098196261,0.01763360634948549,0.07054759981110692,0.08183969999663532,0.008736200165003538,0.010377999860793352,196,"[[2, 7], [11, 0]]"
197,25.50379200000316,115691.57200367928,117768.25098196261,0.01763360634948549,0.06640920019708574,0.09046439989469945,0.008790499996393919,0.009991199942305684,197,"[[2, 7], [11, 0]]"
198,25.73894750000909,115691.57200367928,117768.25098196261,0.01763360634948549,0.0842096998821944,0.12783100013621151,0.00856250012293458,0.010792999994009733,198,"[[0, 6], [11, 0]]"
199,25.942949200049043,115691.57200367928,117687.56170862929,0.01696007357083056,0.08232410019263625,0.09691449999809265,0.008857900043949485,0.010490200016647577,199,"[[7, 1], [11, 0]]"
200,26.14019180019386,115691.57200367928,117687.56170862929,0.01696007357083056,0.07879759999923408,0.09474879992194474,0.00873140012845397,0.011413700180128217,200,"[[2, 7], [11, 0]]"
201,26.342381000053138,115691.57200367928,117652.27316666467,0.01666522125082863,0.08996129990555346,0.08816340006887913,0.008847300196066499,0.01151670003309846,201,"[[2, 7], [11, 0]]"
202,26.58221110003069,115691.57200367928,117652.27316666467,0.01666522125082863,0.07850300008431077,0.1379012002144009,0.008900200016796589,0.010914799990132451,202,"[[0, 6], [11, 0]]"
203,26.820357900112867,115691.57200367928,117652.27316666467,0.01666522125082863,0.0886648001614958,0.12529139989055693,0.008583799935877323,0.011871900176629424,203,"[[0, 6], [11, 0]]"
204,27.026999300112948,115691.57200367928,117652.27316666467,0.01666522125082863,0.08152300002984703,0.09984369995072484,0.00909850001335144,0.012025299947708845,204,"[[2, 7], [11, 0]]"
205,27.206841700011864,115691.57200367928,117652.27316666467,0.01666522125082863,0.07543909992091358,0.08055639988742769,0.00863599986769259,0.011520500062033534,205,"[[2, 7], [11, 0]]"
206,27.432791100116447,115691.57200367928,117652.27316666467,0.01666522125082863,0.08167609991505742,0.11836279998533428,0.010189400054514408,0.011673999950289726,206,"[[0, 6], [11, 0]]"
207,27.643367600161582,115691.57200367928,117652.27316666467,0.01666522125082863,0.08323139999993145,0.10448030009865761,0.008761500008404255,0.010549699887633324,207,"[[0, 6], [11, 0]]"
208,27.85614510020241,115691.57200367928,117647.45267622938,0.01662493006060037,0.08779069990850985,0.1014384999871254,0.00889730011112988,0.010986000066623092,208,"[[0, 6], [11, 0]]"
209,28.100947300205007,115930.44982195651,117647.45267622938,0.014594475402694276,0.1293246999848634,0.09049459989182651,0.009650799911469221,0.011511099990457296,209,"[[7, 1], [11, 0]]"
210,28.34396480000578,115930.44982195651,117647.45267622938,0.014594475402694276,0.08339480007998645,0.13631839980371296,0.008647900074720383,0.010919499909505248,210,"[[7, 1], [11, 0]]"
211,28.529029300203547,115930.44982195651,117647.45267622938,0.014594475402694276,0.0801721999887377,0.08174269995652139,0.008547100005671382,0.01112539996393025,211,"[[7, 1], [11, 0]]"
212,28.715649400139228,115930.44982195651,117647.45267622938,0.014594475402694276,0.0796164998319,0.08305589994415641,0.00875009992159903,0.011484100017696619,212,"[[7, 1], [11, 0]]"
213,28.928449100116268,115930.44982195651,117647.45267622938,0.014594475402694276,0.08127679978497326,0.10511510004289448,0.008771899854764342,0.011844000080600381,213,"[[7, 1], [11, 0]]"
214,29.1552705001086,115948.0094437937,117647.45267622938,0.014445219116750679,0.11634359997697175,0.08522579981945455,0.009254500037059188,0.01226320001296699,214,"[[0, 6], [4, 6]]"
215,29.425510100089014,115948.0094437937,117647.45267622938,0.014445219116750679,0.11009779991582036,0.13672310020774603,0.008704999927431345,0.010818799957633018,215,"[[7, 1], [11, 0]]"
216,29.644605200039223,115948.0094437937,117647.45267622938,0.014445219116750679,0.11293389997445047,0.07490699994377792,0.008990999776870012,0.01851580012589693,216,"[[0, 6], [4, 6]]"
217,29.921399200102314,115948.0094437937,117647.45267622938,0.014445219116750679,0.12892820010893047,0.12305910000577569,0.008645800175145268,0.012100799940526485,217,"[[7, 1], [11, 0]]"
218,30.142456700094044,115948.0094437937,117647.45267622938,0.014445219116750679,0.10870429989881814,0.0877316000405699,0.009363299934193492,0.011441800044849515,218,"[[0, 6], [11, 0]]"
219,30.37733060005121,115948.0094437937,117620.76256515607,0.014221580313558595,0.12696289992891252,0.08501859987154603,0.008688400033861399,0.01062449999153614,219,"[[2, 7], [11, 0]]"
220,30.62015700014308,115948.0094437937,117521.20092090292,0.013386448273006127,0.11544820014387369,0.10194620001129806,0.009379399940371513,0.010284200077876449,220,"[[0, 6], [11, 0]]"
221,30.869026200147346,115948.0094437937,117521.20092090292,0.013386448273006127,0.12183799990452826,0.10496630007401109,0.008725500199943781,0.009788900148123503,221,"[[0, 6], [11, 0]]"
222,31.10027480009012,115948.0094437937,117521.20092090292,0.013386448273006127,0.11723050009459257,0.09152829996310174,0.008730700006708503,0.0100040000397712,222,"[[0, 6], [11, 0]]"
223,31.338880800176412,115952.38242764957,117495.95102789308,0.013137206744061106,0.11956820008344948,0.09622310008853674,0.008950400166213512,0.00998739991337061,223,"[[0, 6], [11, 0]]"
224,31.59864250011742,115952.38242764957,117495.95102789308,0.013137206744061106,0.12140950001776218,0.11464649997651577,0.008927700109779835,0.010940100066363811,224,"[[0, 6], [11, 0]]"
225,31.8478163999971,115955.73751325169,117495.95102789308,0.013108651840060022,0.11674569989554584,0.10961539996787906,0.008782099932432175,0.010316200088709593,225,"[[2, 7], [11, 0]]"
226,32.10858290013857,115955.73751325169,117495.95102789308,0.013108651840060022,0.13674590014852583,0.09682179987430573,0.009032400092110038,0.011372999986633658,226,"[[0, 6], [11, 0]]"
227,32.383632600074634,115961.47752891098,117495.95102789308,0.013059798959521786,0.13065339997410774,0.12008579983375967,0.009110699873417616,0.011419699992984533,227,"[[0, 6], [11, 0]]"
228,32.63947390019894,115961.47752891098,117495.95102789308,0.013059798959521786,0.12514970009215176,0.10743939992971718,0.008740799967199564,0.010718100005760789,228,"[[0, 6], [11, 0]]"
229,32.91429360001348,115961.47752891098,117495.95102789308,0.013059798959521786,0.13835410005412996,0.11287369998171926,0.009025000035762787,0.01072819996625185,229,"[[0, 6], [11, 0]]"
230,33.16943210014142,115961.47752891098,117495.95102789308,0.013059798959521786,0.12901929998770356,0.10278189997188747,0.008871600031852722,0.010866399854421616,230,"[[2, 7], [11, 0]]"
231,33.42392490012571,115963.85654634544,117495.95102789308,0.013039551304911998,0.11794350016862154,0.10725430003367364,0.013892299961298704,0.011698199901729822,231,"[[7, 1], [11, 0]]"
232,33.68914700020105,115987.43158691449,117495.95102789308,0.012838905747658268,0.12186000007204711,0.11674949992448092,0.00914569990709424,0.011543199885636568,232,"[[0, 6], [11, 0]]"
233,33.9424994001165,115997.01569843986,117495.95102789308,0.012757336030220973,0.12319840001873672,0.10639089997857809,0.008683899883180857,0.011573499999940395,233,"[[2, 7], [11, 0]]"
234,34.178330700146034,115997.01569843986,117495.95102789308,0.012757336030220973,0.11488060001283884,0.0974327998701483,0.008831000188365579,0.010774600086733699,234,"[[2, 7], [11, 0]]"
235,34.431321900105104,115998.56648838408,117495.95102789308,0.01274413736311245,0.13744059996679425,0.09171449998393655,0.008933600038290024,0.011256600031629205,235,"[[0, 6], [11, 0]]"
236,34.675788700114936,115998.56648838408,117495.95102789308,0.01274413736311245,0.12728910008445382,0.0932570998556912,0.008488399907946587,0.011722000082954764,236,"[[0, 6], [7, 1]]"
237,34.91299029998481,115998.56648838408,117495.95102789308,0.01274413736311245,0.1249526001047343,0.08903000014834106,0.008604899980127811,0.01103909988887608,237,"[[11, 0], [11, 5]]"
238,35.14281630003825,115998.56648838408,117495.95102789308,0.01274413736311245,0.11810559988953173,0.08816629997454584,0.008862299844622612,0.010874999919906259,238,"[[11, 0], [11, 5]]"
239,35.380384100135416,115998.56648838408,117495.95102789308,0.01274413736311245,0.12706899992190301,0.08730799984186888,0.008866899879649282,0.010753599926829338,239,"[[0, 6], [11, 0]]"
240,35.6304861002136,116007.19116830568,117495.95102789308,0.0126707333024095,0.13628909992985427,0.09048210014589131,0.008705400163307786,0.01114750001579523,240,"[[2, 7], [11, 0]]"
241,35.88077560020611,116007.19116830568,117484.4189811557,0.012573818942637519,0.12052019988186657,0.10590530000627041,0.008815299952402711,0.011191900121048093,241,"[[0, 6], [7, 1]]"
242,36.12186750001274,116011.33912440026,117484.4189811557,0.012538512506851859,0.12698319996707141,0.09033749997615814,0.008624300127848983,0.011518800165504217,242,"[[0, 6], [11, 0]]"
243,36.36660210019909,116011.33912440026,117484.4189811557,0.012538512506851859,0.1209714999422431,0.09975659986957908,0.008791500004008412,0.011515600141137838,243,"[[2, 7], [11, 0]]"
244,36.63360280008055,116011.33912440026,117484.4189811557,0.012538512506851859,0.13035550015047193,0.11137899989262223,0.009013399947434664,0.012555199908092618,244,"[[7, 1], [11, 0]]"
245,36.91173240006901,116012.28608845494,117484.4189811557,0.01253045216946499,0.13407450006343424,0.1191720999777317,0.008581799920648336,0.01121559995226562,245,"[[2, 7], [11, 0]]"
246,37.165804699994624,116013.25464976067,117484.4189811557,0.012522208001309567,0.1383458999916911,0.08988109999336302,0.00875800009816885,0.0132039999589324,246,"[[0, 6], [11, 0]]"
247,37.38483920018189,116013.25464976067,117484.4189811557,0.012522208001309567,0.10949769988656044,0.08579770009964705,0.008546399883925915,0.011789300013333559,247,"[[0, 6], [11, 0]]"
248,37.62428109999746,116013.25464976067,117484.4189811557,0.012522208001309567,0.12131449999287724,0.0909949999768287,0.009103999938815832,0.013930700020864606,248,"[[2, 7], [7, 1]]"
249,37.893103800015524,116147.01313159143,117484.4189811557,0.01138368697025931,0.12253219983540475,0.1161629999987781,0.01463769981637597,0.011557599995285273,249,"[[0, 6], [11, 0]]"
250,38.150229800026864,116150.72915254427,117484.4189811557,0.01135205706575739,0.14819109998643398,0.0848741999361664,0.008906600065529346,0.011715600034222007,250,"[[0, 6], [11, 0]]"
251,38.38939210004173,116150.72915254427,117484.4189811557,0.01135205706575739,0.10517759993672371,0.10963630001060665,0.008756999857723713,0.011811000062152743,251,"[[7, 1], [11, 0]]"
252,38.65253130020574,116157.61089480124,117484.4189811557,0.011293481279141176,0.12981870002113283,0.10621430003084242,0.009402400115504861,0.012278399895876646,252,"[[2, 7], [11, 0]]"
253,38.92004490015097,116157.61089480124,117484.4189811557,0.011293481279141176,0.1371812999714166,0.10532479989342391,0.009164599934592843,0.012046100106090307,253,"[[0, 6], [11, 0]]"
254,39.164725800044835,116157.61089480124,117484.4189811557,0.011293481279141176,0.1082065999507904,0.11095110001042485,0.008987499866634607,0.012476000003516674,254,"[[0, 6], [11, 0]]"
255,39.409373600035906,116157.61089480124,117484.4189811557,0.011293481279141176,0.1054674000479281,0.11471239989623427,0.008608399890363216,0.01198619999922812,255,"[[0, 6], [11, 0]]"
256,39.6641369999852,116157.96602311329,117484.4189811557,0.011290458509695435,0.12809500005096197,0.09654819988645613,0.008670200128108263,0.017497700173407793,256,"[[7, 1], [11, 0]]"
257,39.925222099991515,116157.96602311329,117484.4189811557,0.011290458509695435,0.1144904000684619,0.12313279998488724,0.008688600035384297,0.01122159999795258,257,"[[2, 7], [11, 0]]"
258,40.17880450002849,116157.96602311335,117484.4189811557,0.011290458509694939,0.1302046999335289,0.0974829001352191,0.00964840012602508,0.01211329991929233,258,"[[7, 1], [11, 0]]"
259,40.4456168001052,116157.96602311335,117484.4189811557,0.011290458509694939,0.12266680016182363,0.11813939991407096,0.009016199968755245,0.011386899976059794,259,"[[0, 6], [11, 0]]"
260,40.73426530021243,116157.96602311335,117484.4189811557,0.011290458509694939,0.1342860998120159,0.12925050011835992,0.008917399914935231,0.011852100025862455,260,"[[2, 7], [11, 0]]"
261,41.00759120006114,116157.96602311335,117456.23152302313,0.011053185370205817,0.14220139989629388,0.10531609994359314,0.009550799848511815,0.011802500113844872,261,"[[7, 1], [11, 0]]"
262,41.243043000111356,116157.96602311335,117415.26510854272,0.010708139902142061,0.12372920010238886,0.08802939997985959,0.008893499849364161,0.011220299871638417,262,"[[7, 1], [11, 0]]"
263,41.51881060004234,116157.96602311335,117415.26510854272,0.010708139902142061,0.13938770000822842,0.11261649988591671,0.008885699789971113,0.01099810004234314,263,"[[7, 1], [11, 0]]"
264,41.78192179999314,116157.96602311335,117415.26510854272,0.010708139902142061,0.1333131999708712,0.10602679988369346,0.008799100061878562,0.011271400144323707,264,"[[2, 7], [7, 1]]"
265,42.04299780004658,116157.96602311335,117415.26510854272,0.010708139902142061,0.1342323999851942,0.10312430001795292,0.008898499887436628,0.011260000057518482,265,"[[7, 1], [11, 0]]"
266,42.288874100195244,116157.96602311335,117415.26510854272,0.010708139902142061,0.13733369996771216,0.08479989995248616,0.008920899825170636,0.011374399997293949,266,"[[0, 6], [11, 0]]"
267,42.536114800022915,116157.96602311335,117415.26510854272,0.010708139902142061,0.1307022999972105,0.09301899978891015,0.009130700025707483,0.010951400035992265,267,"[[2, 7], [7, 1]]"
268,42.774149200180545,116157.96602311335,117383.02202567554,0.010436398564472434,0.1285953999031335,0.0859368999954313,0.009067900013178587,0.010484700091183186,268,"[[2, 7], [11, 0]]"
269,43.045430100057274,116158.51615094491,117357.43718738627,0.010215978340827478,0.1430618001613766,0.10544149996712804,0.009035199880599976,0.010025700088590384,269,"[[2, 7], [11, 0]]"
270,43.31885640020482,116158.51615094491,117357.43718738627,0.010215978340827478,0.14349689986556768,0.10608190018683672,0.008976600132882595,0.01114149997010827,270,"[[0, 6], [11, 0]]"
271,43.59265730017796,116158.51615094491,117357.43718738627,0.010215978340827478,0.1414287998341024,0.10243960004299879,0.01491959998384118,0.011194400023669004,271,"[[0, 6], [11, 0]]"
272,43.85942620015703,116158.51615094491,117357.43718738627,0.010215978340827478,0.1391185000538826,0.10201600007712841,0.008896599989384413,0.010882799979299307,272,"[[7, 1], [11, 0]]"
273,44.153293300187215,116158.51615094491,117357.43718738627,0.010215978340827478,0.1446537000592798,0.12437680014409125,0.00917400000616908,0.011461199959740043,273,"[[7, 1], [11, 0]]"
274,44.396724299993366,116158.51615094491,117357.43718738627,0.010215978340827478,0.13898879988119006,0.08018229994922876,0.008662699954584241,0.011950099840760231,274,"[[0, 6], [2, 7]]"
275,44.65723930019885,116226.13701278799,117357.43718738627,0.009639782545625239,0.14774379995651543,0.08845650008879602,0.008555000182241201,0.012215499999001622,275,"[[0, 6], [2, 7]]"
276,44.91047290014103,116236.83660502662,117357.43718738627,0.009548611568352256,0.13606479996815324,0.09311210014857352,0.00892420019954443,0.011245200177654624,276,"[[0, 6], [2, 7]]"
277,45.16766680008732,116246.71992277865,117357.43718738627,0.009464396047044923,0.1414809999987483,0.09112760005518794,0.008760999888181686,0.012025700183585286,277,"[[0, 6], [2, 7]]"
278,45.42848360002972,116269.21308387462,117357.43718738627,0.009272732343107179,0.1459778998978436,0.09046839992515743,0.008853300008922815,0.011066500097513199,278,"[[0, 6], [2, 7]]"
279,45.682916400022805,116269.21308387462,117357.43718738627,0.009272732343107179,0.13513720012269914,0.09589709993451834,0.008599800057709217,0.011073800036683679,279,"[[0, 6], [2, 7]]"
280,45.931198900099844,116269.21308387462,117357.43718738627,0.009272732343107179,0.14305630000308156,0.08194599999114871,0.008718600030988455,0.011131600011140108,280,"[[2, 7], [11, 0]]"
281,46.22257890016772,116269.21308387462,117357.43718738627,0.009272732343107179,0.1447791000828147,0.12192529998719692,0.009023800026625395,0.01173620019108057,281,"[[0, 6], [11, 0]]"
282,46.50711310002953,116269.21308387462,117357.43718738627,0.009272732343107179,0.13837899989448488,0.12263130000792444,0.008741999976336956,0.01127510005608201,282,"[[2, 7], [11, 0]]"
283,46.8015890000388,116269.21308387462,117357.43718738627,0.009272732343107179,0.1459288999903947,0.12517770007252693,0.008808000013232231,0.010959200095385313,283,"[[2, 7], [11, 0]]"
284,47.058575900038704,116269.21308387462,117357.43718738627,0.009272732343107179,0.1433627000078559,0.08601460000500083,0.009297099895775318,0.011413800064474344,284,"[[2, 7], [11, 0]]"
285,47.370959400199354,116269.21308387462,117357.43718738627,0.009272732343107179,0.14554550009779632,0.14365170011296868,0.008883999893441796,0.010694500058889389,285,"[[0, 6], [11, 0]]"
286,47.643234700197354,116269.21308387462,117357.43718738627,0.009272732343107179,0.16607929999008775,0.08226589998230338,0.008330899989232421,0.012270399834960699,286,"[[4, 5], [11, 5]]"
287,47.86418960010633,116269.21308387462,117357.43718738627,0.009272732343107179,0.1229755999520421,0.0745318999979645,0.00847749994136393,0.011266299989074469,287,"[[4, 5], [11, 5]]"
288,48.13783090002835,116269.21308387462,117357.43718738627,0.009272732343107179,0.12847770005464554,0.11843629996292293,0.009113499894738197,0.013474300038069487,288,"[[2, 7], [11, 0]]"
289,48.39967000018805,116288.93302989546,117357.43718738627,0.009104699140496008,0.14284870005212724,0.09465430001728237,0.008833899861201644,0.011898999800905585,289,"[[0, 6], [11, 0]]"
290,48.660572400083765,116288.93302989546,117357.43718738627,0.009104699140496008,0.13877830002456903,0.09741610009223223,0.0091669000685215,0.01200580014847219,290,"[[0, 6], [2, 7]]"
291,48.916159600019455,116288.93302989546,117357.43718738627,0.009104699140496008,0.12368549988605082,0.1073745999019593,0.009198199957609177,0.01146950013935566,291,"[[2, 7], [11, 0]]"
292,49.157573100179434,116288.93302989546,117357.43718738627,0.009104699140496008,0.11718629999086261,0.09629709995351732,0.00875769997946918,0.01232890016399324,292,"[[0, 6], [11, 0]]"
293,49.43864990002476,116323.12436816319,117357.43718738627,0.008813355540233703,0.15050129988230765,0.10050730011425912,0.008757099974900484,0.017565200105309486,293,"[[0, 6], [2, 7]]"
294,49.69345250003971,116324.81224608718,117357.43718738627,0.008798973171596109,0.14170459983870387,0.0896167999599129,0.008697299985215068,0.01122320001013577,294,"[[0, 6], [11, 0]]"
295,49.969481700100005,116324.81224608718,117357.43718738627,0.008798973171596109,0.15691169979982078,0.09511590003967285,0.008817199850454926,0.011534799821674824,295,"[[0, 6], [2, 7]]"
296,50.216893000062555,116324.81224608718,117357.43718738627,0.008798973171596109,0.12250509997829795,0.1010223999619484,0.00879930006340146,0.011343900114297867,296,"[[0, 6], [7, 1]]"
297,50.46528310002759,116324.81224608718,117357.43718738627,0.008798973171596109,0.14031170005910099,0.08438759995624423,0.008525000186637044,0.011694000102579594,297,"[[0, 6], [11, 0]]"
298,50.752263200003654,116324.81224608718,117357.43718738627,0.008798973171596109,0.17794859991408885,0.08406589995138347,0.008595699910074472,0.012645999900996685,298,"[[2, 7], [11, 0]]"
299,51.08484030002728,116325.6751290887,117357.43718738627,0.008791620565555944,0.22709030006080866,0.08182079996913671,0.008540299953892827,0.011433199979364872,299,"[[2, 7], [11, 0]]"
300,51.436116700060666,116327.35564387483,117357.43718738627,0.008777300938045272,0.21544939978048205,0.11303450004197657,0.008786899968981743,0.010618999833241105,300,"[[2, 7], [11, 0]]"
301,51.72867770004086,116327.35564387483,117301.15227336378,0.008301679997307868,0.16931280004791915,0.09850369999185205,0.00873000011779368,0.012586400145664811,301,"[[2, 7], [11, 0]]"
302,52.07277810014784,116327.35564387483,117224.41335551874,0.007652481987035484,0.17440059990622103,0.14444219996221364,0.009014000184834003,0.01216679997742176,302,"[[2, 7], [11, 0]]"
303,52.36614640010521,116327.35564387483,117224.41335551874,0.007652481987035484,0.1685532999690622,0.09984789998270571,0.00919650006107986,0.011953499866649508,303,"[[0, 6], [11, 0]]"
304,52.690922000212595,116331.73264981921,117224.41335551874,0.007615143297771985,0.20091230003163218,0.09756549983285367,0.008969699963927269,0.012098400155082345,304,"[[0, 6], [11, 0]]"
305,52.98108020005748,116331.73264981921,117224.41335551874,0.007615143297771985,0.16896170005202293,0.09693280002102256,0.008899600012227893,0.011654600035399199,305,"[[7, 1], [11, 0]]"
306,53.269843300106004,116383.57144648227,117224.41335551874,0.007172924862386538,0.1528064999729395,0.11141879996284842,0.008930800016969442,0.011900899931788445,306,"[[0, 6], [11, 0]]"
307,53.5360140001867,116383.57144648227,117224.41335551874,0.007172924862386538,0.15613989997655153,0.08512900001369417,0.009170399978756905,0.011921900091692805,307,"[[0, 6], [11, 0]]"
308,53.83162650000304,116383.57144648227,117224.41335551874,0.007172924862386538,0.17715259990654886,0.08702670014463365,0.014906700002029538,0.012562300078570843,308,"[[0, 6], [11, 0]]"
309,54.11626230017282,116383.57144648227,117224.41335551874,0.007172924862386538,0.1384588999208063,0.1219667000696063,0.008889300050213933,0.0116586999502033,309,"[[0, 6], [11, 0]]"
310,54.38645990006626,116383.57144648227,117224.41335551874,0.007172924862386538,0.15780120017006993,0.08769559999927878,0.008931499905884266,0.011220799991860986,310,"[[0, 6], [11, 0]]"
311,54.68190800002776,116383.57144648227,117224.41335551874,0.007172924862386538,0.1735262000001967,0.09675680007785559,0.009415100095793605,0.011762900045141578,311,"[[0, 6], [11, 0]]"
312,54.98421170003712,116405.00931917598,117224.41335551874,0.00699004595448621,0.16374209988862276,0.11339890002273023,0.009031000081449747,0.012442199978977442,312,"[[2, 7], [7, 1]]"
313,55.290807500015944,116417.23130951732,117224.41335551874,0.006885784478642707,0.1756577999331057,0.10677700000815094,0.008806800004094839,0.011515300022438169,313,"[[2, 7], [11, 0]]"
314,55.556198300095275,116417.23130951732,117224.41335551874,0.006885784478642707,0.15463149989955127,0.08720289985649288,0.008649199968203902,0.011457700049504638,314,"[[0, 6], [11, 0]]"
315,55.840012800181285,116417.23130951732,117224.41335551874,0.006885784478642707,0.1530102000106126,0.10662640002556145,0.009170499863103032,0.011215600185096264,315,"[[7, 1], [11, 0]]"
316,56.1167645000387,116417.23130951732,117224.41335551874,0.006885784478642707,0.15536600002087653,0.09284639987163246,0.009095099987462163,0.012337099993601441,316,"[[11, 0], [11, 5]]"
317,56.43087580008432,116417.23130951732,117224.41335551874,0.006885784478642707,0.16599599993787706,0.12449369998648763,0.008781699929386377,0.01129460008814931,317,"[[0, 6], [11, 0]]"
318,56.73031900008209,116417.23130951732,117224.41335551874,0.006885784478642707,0.15656740008853376,0.11900270008482039,0.008683399995788932,0.011589299887418747,318,"[[2, 7], [11, 0]]"
319,57.011552200187,116417.23130951732,117224.41335551874,0.006885784478642707,0.15500760008580983,0.10215279995463789,0.008785499958321452,0.011550900060683489,319,"[[0, 6], [11, 0]]"
320,57.32500800001435,116431.27109904766,117224.41335551874,0.006766016000998321,0.20083750016056,0.0871103999670595,0.009130100021138787,0.012398499995470047,320,"[[0, 6], [11, 0]]"
321,57.6138699001167,116446.3972100666,117224.41335551874,0.006636980499041382,0.1371058002114296,0.12641960009932518,0.009381200186908245,0.01222619996406138,321,"[[2, 7], [11, 0]]"
322,57.905572400195524,116446.3972100666,117224.41335551874,0.006636980499041382,0.1496929000131786,0.11467820010147989,0.009519000072032213,0.011954300105571747,322,"[[2, 7], [11, 0]]"
323,58.202613400062546,116446.3972100666,117224.41335551874,0.006636980499041382,0.1441949000582099,0.12871859990991652,0.008794799912720919,0.01138309994712472,323,"[[0, 6], [11, 0]]"
324,58.49667920009233,116522.41591941038,117224.41335551874,0.005988491782674464,0.16297960001975298,0.10676150000654161,0.008715099887922406,0.011851700022816658,324,"[[0, 6], [2, 7]]"
325,58.729377900017425,116522.41591941038,117224.41335551874,0.005988491782674464,0.12585379998199642,0.08235130016691983,0.008778300136327744,0.012259199982509017,325,"[[0, 6], [11, 0]]"
326,59.04273280012421,116528.09741992246,117224.41335551874,0.005940024911743385,0.14924719999544322,0.13295470015145838,0.01573330000974238,0.011719099944457412,326,"[[7, 1], [11, 0]]"
327,59.28542150021531,116528.09741992246,117224.41335551874,0.005940024911743385,0.13217630004510283,0.08684849995188415,0.008673899807035923,0.011609999928623438,327,"[[2, 7], [11, 0]]"
328,59.55072320019826,116528.09741992246,117224.41335551874,0.005940024911743385,0.14454709994606674,0.09650800004601479,0.008906800067052245,0.011290800059214234,328,"[[2, 7], [11, 0]]"
329,59.80349220009521,116528.09741992246,117198.81460357706,0.005722900747104765,0.13441299996338785,0.09509660000912845,0.00899780006147921,0.010735299903899431,329,"[[0, 6], [11, 0]]"
330,60.10546110011637,116534.88338587005,117198.81460357706,0.0056649994281319765,0.17235849983990192,0.10518479999154806,0.009020099882036448,0.01175820012576878,330,"[[2, 7], [11, 0]]"
331,60.36502640019171,116534.88338587005,117198.81460357706,0.0056649994281319765,0.13358389982022345,0.10177169996313751,0.008844499941915274,0.01168840005993843,331,"[[2, 7], [11, 0]]"
332,60.65860530012287,116534.88338587005,117198.81460357706,0.0056649994281319765,0.16151740006171167,0.10803489992395043,0.008987599983811378,0.011417800094932318,332,"[[2, 7], [11, 0]]"
333,60.98124530003406,116534.88338587005,117198.81460357706,0.0056649994281319765,0.18092250009067357,0.11092679994180799,0.00919319991953671,0.01800439995713532,333,"[[0, 6], [11, 0]]"
334,61.27899750019424,116534.88338587005,117198.81460357706,0.0056649994281319765,0.1573985000140965,0.1138568997848779,0.009385799989104271,0.01139970007352531,334,"[[2, 7], [11, 0]]"
335,61.560188400093466,116534.88338587005,117198.81460357706,0.0056649994281319765,0.17709030001424253,0.08006659988313913,0.00892499997280538,0.011395099805667996,335,"[[2, 7], [11, 0]]"
336,61.850279100006446,116544.45335417967,117198.81460357706,0.005583343582533303,0.17600219999440014,0.08962480002082884,0.009289199952036142,0.011446000076830387,336,"[[2, 7], [11, 0]]"
337,62.19492040015757,116544.45335417967,117198.81460357706,0.005583343582533303,0.18239720002748072,0.13866309984587133,0.008772100089117885,0.011007499881088734,337,"[[7, 1], [11, 0]]"
338,62.47209660010412,116544.45335417967,117196.9034111152,0.005567127099312505,0.1508526001125574,0.10309119988232851,0.008944700006395578,0.010777399875223637,338,"[[7, 1], [11, 0]]"
339,62.81576870009303,116544.45335417967,117196.9034111152,0.005567127099312505,0.18246819986961782,0.1357695998158306,0.009070999920368195,0.010933700017631054,339,"[[7, 1], [11, 0]]"
340,63.15707050007768,116544.45335417967,117196.9034111152,0.005567127099312505,0.19102249993011355,0.12692230008542538,0.00893959985114634,0.010757599957287312,340,"[[7, 1], [11, 0]]"
341,63.52330520004034,116544.45335417967,117196.9034111152,0.005567127099312505,0.18598540010862052,0.15661419997923076,0.009150200057774782,0.010595300002023578,341,"[[2, 7], [11, 0]]"
342,63.84642590000294,116544.45335417967,117172.64205748597,0.005361223339131508,0.16058060014620423,0.138770799851045,0.009027800057083368,0.010916100116446614,342,"[[7, 1], [11, 0]]"
343,64.15133460005745,116544.45335417967,117172.64205748597,0.005361223339131508,0.16514810011722147,0.11416730005294085,0.009312000125646591,0.01233559986576438,343,"[[2, 7], [11, 0]]"
344,64.4703759001568,116544.45335417967,117172.64205748597,0.005361223339131508,0.17719170008786023,0.1173320000525564,0.009041500044986606,0.011595099931582808,344,"[[2, 7], [11, 0]]"
345,64.8259525001049,116544.45335417967,117172.64205748597,0.005361223339131508,0.19107430009171367,0.140855300007388,0.008859200170263648,0.010866000084206462,345,"[[2, 7], [11, 0]]"
346,65.14105700002983,116544.45335417967,117172.64205748597,0.005361223339131508,0.154543099924922,0.13597379997372627,0.009250100003555417,0.011576399905607104,346,"[[2, 7], [11, 0]]"
347,65.4334357001353,116544.45335417967,117172.64205748597,0.005361223339131508,0.15802970016375184,0.10971789993345737,0.009082699893042445,0.011634099995717406,347,"[[0, 6], [11, 0]]"
348,65.71127200010233,116544.45335417967,117172.64205748597,0.005361223339131508,0.15996439987793565,0.08734099986031651,0.015592500101774931,0.011405300116166472,348,"[[7, 1], [11, 0]]"
349,66.02404050016776,116544.45335417967,117172.64205748597,0.005361223339131508,0.1599683000240475,0.12889429996721447,0.00903200008906424,0.010939100058749318,349,"[[7, 1], [11, 0]]"
350,66.3452954001259,116544.45335417967,117172.64205748597,0.005361223339131508,0.1620126001071185,0.1354443000163883,0.0090616000816226,0.010850299848243594,350,"[[2, 7], [11, 0]]"
351,66.64782290020958,116544.45335417967,117172.64205748597,0.005361223339131508,0.17391150002367795,0.10385900014080107,0.009342100005596876,0.011592299910262227,351,"[[7, 1], [11, 0]]"
352,66.97084650001489,116544.45335417967,117162.09818887083,0.0052717119635011245,0.17332990001887083,0.12574449996463954,0.009003800107166171,0.010989000089466572,352,"[[0, 6], [11, 0]]"
353,67.27574350009672,116544.45335417967,117162.09818887083,0.0052717119635011245,0.18626759992912412,0.09390800003893673,0.009096900001168251,0.011054400121793151,353,"[[2, 7], [11, 0]]"
354,67.57023220020346,116544.45335417967,117126.409113369,0.004968612660412374,0.17175700003281236,0.09893799992278218,0.009006800130009651,0.01097259996458888,354,"[[2, 7], [11, 0]]"
355,67.88865750003606,116544.45335417967,117126.409113369,0.004968612660412374,0.17154880007728934,0.12217579991556704,0.009388200007379055,0.010971499839797616,355,"[[2, 7], [11, 0]]"
356,68.19063680013642,116544.45335417967,117126.409113369,0.004968612660412374,0.16392139997333288,0.1147504998371005,0.009022900136187673,0.010521600022912025,356,"[[0, 6], [11, 0]]"
357,68.50837230007164,116544.45335417967,117126.409113369,0.004968612660412374,0.1828832000028342,0.1108103001024574,0.0090380001347512,0.011269999900832772,357,"[[2, 7], [11, 0]]"
358,68.8411824000068,116544.45335417967,117126.409113369,0.004968612660412374,0.17078900011256337,0.13688339991495013,0.009338099975138903,0.011188900098204613,358,"[[2, 7], [11, 0]]"
359,69.14428900019266,116544.45335417967,117126.409113369,0.004968612660412374,0.17263559997081757,0.10675829998217523,0.008894299855455756,0.011160099878907204,359,"[[0, 6], [11, 0]]"
360,69.45765840006061,116544.45335417967,117126.409113369,0.004968612660412374,0.16239519999362528,0.12721840012818575,0.008868400007486343,0.011431700084358454,360,"[[2, 7], [11, 0]]"
361,69.75636940007098,116544.45335417967,117126.409113369,0.004968612660412374,0.16814920003525913,0.10675500007346272,0.008900800021365285,0.011312699876725674,361,"[[0, 6], [11, 0]]"
362,70.12705010012724,116544.45335417967,117126.409113369,0.004968612660412374,0.19053620006889105,0.15485590021125972,0.009986800141632557,0.011711500119417906,362,"[[0, 6], [2, 7]]"
363,70.42414390016347,116544.45335417967,117126.409113369,0.004968612660412374,0.14988979999907315,0.12195740011520684,0.009135300060734153,0.010841500014066696,363,"[[0, 6], [7, 1]]"
364,70.73164540017024,116544.45335417967,117126.409113369,0.004968612660412374,0.18454529996961355,0.09780540014617145,0.00916499993763864,0.011947899824008346,364,"[[11, 0], [11, 5]]"
365,71.03463060013019,116544.45335417967,117126.409113369,0.004968612660412374,0.19238970009610057,0.08654809999279678,0.00898739998228848,0.011537699960172176,365,"[[7, 1], [11, 0]]"
366,71.35896450001746,116544.45335417967,117126.409113369,0.004968612660412374,0.1905531999655068,0.10958169982768595,0.009014099836349487,0.011090100044384599,366,"[[7, 1], [11, 0]]"
367,71.69443640019745,116544.45335417967,117126.409113369,0.004968612660412374,0.19441489991731942,0.11819210019893944,0.008772099856287241,0.010500799864530563,367,"[[7, 1], [11, 0]]"
368,71.98369420017116,116544.45335417967,117126.409113369,0.004968612660412374,0.17100579990074039,0.09396070009097457,0.009192399913445115,0.011179199907928705,368,"[[2, 7], [11, 0]]"
369,72.30635960004292,116544.45335417967,117126.409113369,0.004968612660412374,0.18564280006103218,0.11256260005757213,0.009170299861580133,0.01145719992928207,369,"[[2, 7], [11, 0]]"
370,72.61154579999857,116544.45335417967,117126.409113369,0.004968612660412374,0.17564689996652305,0.09761560009792447,0.009011199930682778,0.019091099966317415,370,"[[7, 1], [11, 0]]"
371,72.92377440002747,116544.45335417967,117126.409113369,0.004968612660412374,0.1945601999759674,0.09196089999750257,0.009367600083351135,0.012464300030842423,371,"[[0, 6], [2, 7]]"
372,73.2674700000789,116574.03754602147,117126.409113369,0.004716029216031647,0.1900834001135081,0.1289270999841392,0.00913209980353713,0.011743600014597178,372,"[[0, 6], [11, 0]]"
373,73.54886440001428,116594.8560973384,117126.409113369,0.004538284918443053,0.16828550002537668,0.08801129995845258,0.0092291000764817,0.01197730004787445,373,"[[7, 1], [11, 0]]"
374,73.88185510016046,116594.8560973384,117126.409113369,0.004538284918443053,0.19601220008917153,0.11006499989889562,0.009388900129124522,0.011424500029534101,374,"[[0, 6], [11, 0]]"
375,74.22653000010177,116594.8560973384,117126.409113369,0.004538284918443053,0.1786650000140071,0.14144550007767975,0.008788200095295906,0.011981000192463398,375,"[[0, 6], [11, 0]]"
376,74.5508090001531,116594.8560973384,117126.409113369,0.004538284918443053,0.1890800001565367,0.11042160005308688,0.0089691998437047,0.011844699969515204,376,"[[0, 6], [11, 0]]"
377,74.8748360001482,116594.8560973384,117126.409113369,0.004538284918443053,0.17576010012999177,0.12325070006772876,0.009162200149148703,0.011920600198209286,377,"[[0, 6], [11, 0]]"
378,75.2172003001906,116594.8560973384,117126.409113369,0.004538284918443053,0.19524469994939864,0.12276249984279275,0.008729600114747882,0.01162020000629127,378,"[[0, 6], [11, 0]]"
379,75.57988169998862,116594.8560973384,117126.409113369,0.004538284918443053,0.1966228000819683,0.14230090007185936,0.008930600015446544,0.011331399902701378,379,"[[2, 7], [11, 0]]"
380,75.9384827001486,116594.8560973384,117126.409113369,0.004538284918443053,0.2104158999864012,0.12311999988742173,0.009320300072431564,0.011660199845209718,380,"[[0, 6], [11, 0]]"
381,76.28336050012149,116594.8560973384,117126.409113369,0.004538284918443053,0.19399910001084208,0.12695399997755885,0.009037300013005733,0.011242700042203069,381,"[[0, 6], [11, 0]]"
382,76.57447710004635,116594.8560973384,117126.409113369,0.004538284918443053,0.18477969989180565,0.08293410018086433,0.009004899999126792,0.010706600034609437,382,"[[2, 7], [11, 0]]"
383,76.9122949000448,116594.8560973384,117126.409113369,0.004538284918443053,0.17411560006439686,0.1382852999959141,0.009214299963787198,0.010786800179630518,383,"[[2, 7], [11, 0]]"
384,77.26371410000138,116594.8560973384,117079.95698397953,0.004143329901526241,0.1917399000376463,0.13616920006461442,0.008899400010704994,0.010869499994441867,384,"[[0, 6], [11, 0]]"
385,77.64963810006157,116594.8560973384,117079.95698397953,0.004143329901526241,0.1997715998440981,0.15571269998326898,0.015566500136628747,0.011113200103864074,385,"[[7, 1], [11, 0]]"
386,77.979593800148,116594.8560973384,117079.95698397953,0.004143329901526241,0.17709679994732141,0.12893530004657805,0.008787499973550439,0.011506000068038702,386,"[[2, 7], [11, 0]]"
387,78.32816380006261,116594.8560973384,117079.95698397953,0.004143329901526241,0.194001599913463,0.13062969991005957,0.008789199870079756,0.011571099981665611,387,"[[2, 7], [11, 0]]"
388,78.71225740015507,116594.8560973384,117079.95698397953,0.004143329901526241,0.20517820003442466,0.1508430999238044,0.009780500084161758,0.011711600003764033,388,"[[7, 1], [11, 0]]"
389,79.09979820018634,116622.62609374945,117079.95698397953,0.003906141597683163,0.20378009998239577,0.15936609986238182,0.00918920012190938,0.011446299962699413,389,"[[2, 7], [11, 0]]"
390,79.457149800146,116622.62609374945,117079.95698397953,0.003906141597683163,0.18904679990373552,0.14411069988273084,0.009144000010564923,0.01119899982586503,390,"[[0, 6], [11, 0]]"
391,79.80227800016291,116622.62609374945,117079.95698397953,0.003906141597683163,0.1949390999507159,0.1253185998648405,0.009030699962750077,0.01165109989233315,391,"[[2, 7], [11, 0]]"
392,80.155148900114,116622.62609374945,117079.95698397953,0.003906141597683163,0.17825959995388985,0.14889459987170994,0.009168499847874045,0.010683499975129962,392,"[[2, 7], [11, 0]]"
393,80.50407130015083,116622.62609374945,117079.95698397953,0.003906141597683163,0.18366620014421642,0.14192839991301298,0.009055700153112411,0.010509399930015206,393,"[[2, 7], [11, 0]]"
394,80.89790190011263,116622.62609374945,117079.95698397953,0.003906141597683163,0.21462780004367232,0.15457429992966354,0.009012500056996942,0.011789700016379356,394,"[[7, 1], [11, 0]]"
395,81.249761500163,116622.62609374945,117079.95698397953,0.003906141597683163,0.20335339987650514,0.12459239992313087,0.009009200148284435,0.011239399900659919,395,"[[0, 6], [11, 0]]"
396,81.59389270003885,116622.62609374945,117079.95698397953,0.003906141597683163,0.2158679999411106,0.10219639982096851,0.009230499854311347,0.011180100031197071,396,"[[7, 1], [11, 0]]"
397,81.91897710016929,116622.62609374945,117079.95698397953,0.003906141597683163,0.2060293999966234,0.09476040001027286,0.00921219983138144,0.011360899778082967,397,"[[0, 6], [11, 0]]"
398,82.29475700017065,116622.62609374945,117079.95698397953,0.003906141597683163,0.20737439999356866,0.14421040005981922,0.008915300015360117,0.011603099992498755,398,"[[2, 7], [11, 0]]"
399,82.63879790017381,116622.62609374945,117079.95698397953,0.003906141597683163,0.21527380007319152,0.10428510000929236,0.009146400028839707,0.011446200078353286,399,"[[0, 6], [11, 0]]"
400,82.97727110004053,116622.62609374945,117079.95698397953,0.003906141597683163,0.21686669997870922,0.09752730000764132,0.008962699910625815,0.011298500001430511,400,"[[0, 6], [11, 0]]"
401,83.35436300002038,116622.62609374945,117079.95698397953,0.003906141597683163,0.21659369999542832,0.13415649998933077,0.009369200095534325,0.011006099870428443,401,"[[2, 7], [11, 0]]"
402,83.70591770019382,116634.55490460641,117079.95698397953,0.0038042555775286446,0.2064782998058945,0.12153240013867617,0.009134399937465787,0.010829699924215674,402,"[[7, 1], [11, 0]]"
403,84.0595420000609,116634.55490460641,117079.95698397953,0.0038042555775286446,0.21635839994996786,0.11097519984468818,0.009960999945178628,0.012236400041729212,403,"[[7, 1], [11, 0]]"
404,84.39139330014586,116635.10641824044,117079.95698397953,0.003799545004957278,0.19400410004891455,0.1145847998559475,0.009129300015047193,0.010374999837949872,404,"[[7, 1], [11, 0]]"
405,84.72475400008261,116635.10641824044,117036.08844780985,0.0034261400469498674,0.20801390009000897,0.10189389996230602,0.009098700014874339,0.01082460000179708,405,"[[0, 6], [11, 0]]"
406,85.07693800004199,116635.10641824044,117036.08844780985,0.0034261400469498674,0.20652869995683432,0.11925039999186993,0.009420400019735098,0.010362700093537569,406,"[[0, 6], [11, 0]]"
407,85.45199920004234,116635.10641824044,117036.08844780985,0.0034261400469498674,0.22761639999225736,0.12245879997499287,0.00908380001783371,0.011620899895206094,407,"[[7, 1], [11, 0]]"
408,85.81343280011788,116635.10641824044,117036.08844780985,0.0034261400469498674,0.22647199989296496,0.11154549987986684,0.009332299930974841,0.010369400028139353,408,"[[0, 6], [11, 0]]"
409,86.17451840010472,116635.10641824044,117036.08844780985,0.0034261400469498674,0.2200859000440687,0.11743709980510175,0.009111999999731779,0.010748900007456541,409,"[[0, 6], [11, 0]]"
410,86.56319810007699,116635.10641824044,117036.08844780985,0.0034261400469498674,0.21574770007282495,0.1470226999372244,0.00936240004375577,0.011021900223568082,410,"[[7, 1], [11, 0]]"
411,86.89490620000288,116635.10641824044,117012.49085137437,0.003225163658923192,0.20470099989324808,0.10231620003469288,0.009353899862617254,0.011024100007489324,411,"[[0, 6], [11, 0]]"
412,87.31578669999726,116635.10641824044,117012.49085137437,0.003225163658923192,0.23554780008271337,0.16172289988026023,0.009036500006914139,0.011035699862986803,412,"[[2, 7], [11, 0]]"
413,87.72447150014341,116635.10641824044,117012.49085137437,0.003225163658923192,0.23669149982742965,0.14848249987699091,0.009295800002291799,0.010461099911481142,413,"[[2, 7], [11, 0]]"
414,88.08945320011117,116635.10641824044,117012.49085137437,0.003225163658923192,0.24190620006993413,0.09943710011430085,0.00917259999550879,0.010930399876087904,414,"[[2, 7], [11, 0]]"
415,88.49225330003537,116635.10641824044,117012.49085137437,0.003225163658923192,0.2447841998655349,0.13430190016515553,0.009303499944508076,0.010743699967861176,415,"[[0, 6], [11, 0]]"
416,88.81380370003171,116635.10641824044,117012.49085137437,0.003225163658923192,0.19960490008816123,0.09762709983624518,0.009129900019615889,0.01149389985948801,416,"[[0, 6], [11, 0]]"
417,89.1872827000916,116635.10641824044,117012.49085137437,0.003225163658923192,0.1980663000140339,0.1506272000260651,0.009026099927723408,0.011619500117376447,417,"[[7, 1], [11, 0]]"
418,89.5728853000328,116635.10641824044,117012.49085137437,0.003225163658923192,0.21719090011902153,0.1441918001510203,0.009197200182825327,0.011040400015190244,418,"[[2, 7], [11, 0]]"
419,89.97494380013086,116635.10641824044,117012.49085137437,0.003225163658923192,0.23007169994525611,0.14794679987244308,0.008979599922895432,0.011240200139582157,419,"[[7, 1], [11, 0]]"
420,90.3318918000441,116635.10641824044,117012.49085137437,0.003225163658923192,0.22453979984857142,0.10867889993824065,0.009189700009301305,0.010782500030472875,420,"[[0, 6], [11, 0]]"
421,90.6844812000636,116635.10641824044,117012.49085137437,0.003225163658923192,0.2309741999488324,0.09854160016402602,0.008994299918413162,0.010474300011992455,421,"[[2, 7], [11, 0]]"
422,91.037767900154,116635.10641824044,117012.49085137437,0.003225163658923192,0.2252434000838548,0.10457369987852871,0.009178000036627054,0.010740699945017695,422,"[[7, 1], [11, 0]]"
423,91.37939580017701,116635.10641824044,117012.49085137437,0.003225163658923192,0.20807790011167526,0.10766420001164079,0.009266899898648262,0.011067300103604794,423,"[[7, 1], [11, 0]]"
424,91.73678800021298,116635.10641824044,117012.49085137437,0.003225163658923192,0.21133910003118217,0.12017420004121959,0.00977999996393919,0.011744099901989102,424,"[[2, 7], [11, 0]]"
425,92.09208780014887,116635.10641824044,117012.49085137437,0.003225163658923192,0.23281270009465516,0.0991364000365138,0.00906480010598898,0.010556099936366081,425,"[[2, 7], [11, 0]]"
426,92.43858409998938,116635.10641824044,117012.49085137437,0.003225163658923192,0.2307438999414444,0.09084529988467693,0.009367699967697263,0.01154139987193048,426,"[[0, 6], [11, 0]]"
427,92.78594970004633,116635.10641824044,117012.49085137437,0.003225163658923192,0.21133279986679554,0.11193419992923737,0.009201599983498454,0.010982099920511246,427,"[[7, 1], [11, 0]]"
428,93.11644800007343,116635.10641824044,117012.49085137437,0.003225163658923192,0.21503670001402497,0.0912421999964863,0.009135900065302849,0.011165899923071265,428,"[[0, 6], [11, 0]]"
429,93.47572079999372,116649.02546129256,117012.49085137437,0.0031062101783942953,0.2405739000532776,0.09305100003257394,0.009033799869939685,0.010913300095126033,429,"[[2, 7], [11, 0]]"
430,93.83118430012837,116649.02546129256,117012.49085137437,0.0031062101783942953,0.24087400012649596,0.09157080017030239,0.00910739996470511,0.010276300134137273,430,"[[7, 1], [11, 0]]"
431,94.21553600020707,116649.02546129256,117012.49085137437,0.0031062101783942953,0.24232889991253614,0.11704739998094738,0.009360500145703554,0.01115970010869205,431,"[[2, 7], [11, 0]]"
432,94.62563310004771,116649.02546129256,117012.49085137437,0.0031062101783942953,0.2687050998210907,0.11707669985480607,0.009133500047028065,0.011357099981978536,432,"[[0, 6], [11, 0]]"
433,94.98396930005401,116649.02546129256,117012.49085137437,0.0031062101783942953,0.24574479996226728,0.08914429997093976,0.009044300066307187,0.01082600001245737,433,"[[0, 6], [11, 0]]"
434,95.36051830020733,116649.02546129256,117012.49085137437,0.0031062101783942953,0.24036910012364388,0.1107761999592185,0.009413500083610415,0.01044659991748631,434,"[[0, 6], [11, 0]]"
435,95.72661500005051,116649.02546129256,117012.49085137437,0.0031062101783942953,0.2359432999510318,0.10440519987605512,0.009574400028213859,0.012156600132584572,435,"[[0, 6], [11, 0]]"
436,96.12026530015282,116649.02546129256,117012.49085137437,0.0031062101783942953,0.24589399993419647,0.12406830000691116,0.009233499877154827,0.010666900081560016,436,"[[0, 6], [11, 0]]"
437,96.49483280000277,116649.02546129256,117012.49085137437,0.0031062101783942953,0.23234230000525713,0.11763680004514754,0.009255900047719479,0.011492199962958694,437,"[[0, 6], [11, 0]]"
438,96.86725780018605,116649.02546129256,117012.49085137437,0.0031062101783942953,0.2386712001170963,0.10819639987312257,0.009490199852734804,0.011115600122138858,438,"[[0, 6], [11, 0]]"
439,97.25640190020204,116649.02546129256,117012.49085137437,0.0031062101783942953,0.23536789999343455,0.1262529999949038,0.009839599952101707,0.011066399980336428,439,"[[2, 7], [11, 0]]"
440,97.60459330002777,116649.02546129256,117012.49085137437,0.0031062101783942953,0.23206489998847246,0.09133889991790056,0.00936949998140335,0.011028400156646967,440,"[[7, 1], [11, 0]]"
441,97.97627590014599,116649.02546129256,117012.49085137437,0.0031062101783942953,0.22691819979809225,0.1216569000389427,0.009045700076967478,0.010470099980011582,441,"[[0, 6], [11, 0]]"
442,98.35928290011361,116649.02546129256,117012.49085137437,0.0031062101783942953,0.2486077998764813,0.11016750009730458,0.00921280006878078,0.010805499972775578,442,"[[7, 1], [11, 0]]"
443,98.70976730016991,116649.02546129256,117012.49085137437,0.0031062101783942953,0.2279266999103129,0.09886469994671643,0.00933549995534122,0.010767700150609016,443,"[[0, 6], [11, 0]]"
444,99.11926130019128,116649.02546129256,117012.49085137437,0.0031062101783942953,0.24480600003153086,0.13732039998285472,0.009266400011256337,0.01092829997651279,444,"[[2, 7], [11, 0]]"
445,99.48384530004114,116649.02546129256,117012.49085137437,0.0031062101783942953,0.23749569989740849,0.10358009999617934,0.009258899837732315,0.010560200084000826,445,"[[2, 7], [11, 0]]"
446,99.84594240016304,116649.02546129256,117012.49085137437,0.0031062101783942953,0.23229530011303723,0.10566620016470551,0.009281700011342764,0.0107634998857975,446,"[[0, 6], [11, 0]]"
447,100.20815790002234,116649.02546129256,117012.49085137437,0.0031062101783942953,0.21966629987582564,0.11857250006869435,0.00932250008918345,0.010835899971425533,447,"[[0, 6], [11, 0]]"
448,100.58875730005093,116649.02546129256,117012.49085137437,0.0031062101783942953,0.26129949977621436,0.09414559998549521,0.009836899815127254,0.011360399890691042,448,"[[2, 7], [11, 0]]"
449,100.95821880013682,116649.02546129256,117012.49085137437,0.0031062101783942953,0.24073600000701845,0.10211950005032122,0.009339200099930167,0.01113740005530417,449,"[[0, 6], [11, 0]]"
450,101.32917190017179,116649.02546129256,117009.97415813961,0.0030847686228801362,0.23910530004650354,0.10783190000802279,0.00917069986462593,0.010985200060531497,450,"[[0, 6], [11, 0]]"
451,101.69902020017616,116649.02546129256,117009.97415813961,0.0030847686228801362,0.2505663998890668,0.0958400999661535,0.009075399953871965,0.010852899868041277,451,"[[7, 1], [11, 0]]"
452,102.04685030016117,116649.02546129256,117009.97415813961,0.0030847686228801362,0.2534892000257969,0.07101520011201501,0.00900970003567636,0.010763700120151043,452,"[[7, 1], [11, 0]]"
453,102.39502870012075,116649.02546129256,117008.37614345615,0.0030711534849693677,0.23741739988327026,0.0872998998966068,0.00886770011857152,0.010973999975249171,453,"[[2, 7], [11, 0]]"
454,102.73335450002924,116649.02546129256,117008.37614345615,0.0030711534849693677,0.2182875000871718,0.0970987998880446,0.008957099867984653,0.010381900006905198,454,"[[2, 7], [11, 0]]"
455,103.17333320016041,116649.02546129256,117008.37614345615,0.0030711534849693677,0.2736452000681311,0.14003279991447926,0.009361499920487404,0.01081259991042316,455,"[[7, 1], [11, 0]]"
456,103.58549570012838,116649.02546129256,117008.37614345615,0.0030711534849693677,0.24821559991687536,0.14010900002904236,0.009299999801442027,0.010747799882665277,456,"[[7, 1], [11, 0]]"
457,103.97790420008823,116649.02546129256,117008.37614345615,0.0030711534849693677,0.2382325001526624,0.13062980002723634,0.009017299860715866,0.010668299859389663,457,"[[11, 0], [11, 5]]"
458,104.39108700002544,116649.02546129256,117008.37614345615,0.0030711534849693677,0.25645880005322397,0.13344550016336143,0.008993200026452541,0.010505500016734004,458,"[[2, 7], [11, 0]]"
459,104.77652380010113,116649.02546129256,117008.37614345615,0.0030711534849693677,0.21852390002459288,0.14073000010102987,0.009587300010025501,0.010920000029727817,459,"[[0, 6], [11, 0]]"
460,105.1520253000781,116649.02546129256,117008.37614345615,0.0030711534849693677,0.2321495998185128,0.11949099996127188,0.00890869996510446,0.011216600192710757,460,"[[2, 7], [11, 0]]"
461,105.50547930016182,116649.02546129256,117008.37614345615,0.0030711534849693677,0.21729040006175637,0.112660399870947,0.00918160006403923,0.010472099995240569,461,"[[2, 7], [11, 0]]"
462,105.86779780010693,116649.02546129256,117008.37614345615,0.0030711534849693677,0.2166397999972105,0.12252999981865287,0.00895019993185997,0.010340199805796146,462,"[[2, 7], [11, 0]]"
463,106.25787070021033,116649.02546129256,117008.37614345615,0.0030711534849693677,0.23698399984277785,0.1291990999598056,0.009236900135874748,0.010778599884361029,463,"[[2, 7], [11, 0]]"
464,106.6484492002055,116649.02546129256,117008.37614345615,0.0030711534849693677,0.24526640004478395,0.11985979997552931,0.009328000014647841,0.010147700086236,464,"[[7, 1], [11, 0]]"
465,107.07963460008614,116649.02546129256,117008.37614345615,0.0030711534849693677,0.25843749986961484,0.15000899997539818,0.009139599977061152,0.009870199952274561,465,"[[2, 7], [11, 0]]"
466,107.44916300009936,116660.63809654235,117008.37614345615,0.0029719072973670045,0.24301959993317723,0.10088260006159544,0.009424099931493402,0.012345700059086084,466,"[[0, 6], [11, 0]]"
467,107.78280660021119,116660.63809654235,117008.37614345615,0.0029719072973670045,0.21023440011776984,0.09935060003772378,0.009009100031107664,0.011237200116738677,467,"[[0, 6], [11, 0]]"
468,108.13398570008576,116660.63809654235,117008.37614345615,0.0029719072973670045,0.21784789999946952,0.10940949991345406,0.009168900083750486,0.011109000071883202,468,"[[0, 6], [2, 7]]"
469,108.50946269999258,116687.52465589382,117008.37614345615,0.0027421240951925334,0.21458809985779226,0.13546169991604984,0.008918700041249394,0.010832799831405282,469,"[[0, 6], [2, 7]]"
470,108.84300029999577,116687.52465589382,117008.37614345615,0.0027421240951925334,0.21132569992914796,0.09735170006752014,0.009223800152540207,0.011519599938765168,470,"[[0, 6], [11, 0]]"
471,109.21375029999763,116690.5096680945,117008.37614345615,0.0027166129967647096,0.20360139990225434,0.14206489990465343,0.009201500099152327,0.011383599834516644,471,"[[2, 7], [11, 0]]"
472,109.56299840006977,116690.5096680945,117008.37614345615,0.0027166129967647096,0.23017179989255965,0.09510379983112216,0.0090811001136899,0.01108260010369122,472,"[[7, 1], [11, 0]]"
473,109.95084649999626,116690.75413974421,117008.37614345615,0.0027145236450638334,0.2692947001196444,0.0923132998868823,0.010469800094142556,0.011665600119158626,473,"[[7, 1], [11, 0]]"
474,110.33518270007335,116690.75413974421,117008.37614345615,0.0027145236450638334,0.22872749995440245,0.12907800008542836,0.009279199875891209,0.011221799999475479,474,"[[7, 1], [11, 0]]"
475,110.71479970007204,116690.75413974421,117008.37614345615,0.0027145236450638334,0.24626380018889904,0.10908910003490746,0.009416900109499693,0.011342599987983704,475,"[[2, 7], [11, 0]]"
476,111.10825600009412,116690.75413974421,117008.37614345615,0.0027145236450638334,0.2719574000220746,0.09741940000094473,0.009319699835032225,0.010917599778622389,476,"[[2, 7], [11, 0]]"
477,111.48466520011425,116697.48643027933,117008.37614345615,0.0026569868194363804,0.25322240008972585,0.09907720005139709,0.009382199961692095,0.010893699945881963,477,"[[2, 7], [11, 0]]"
478,111.85377990012057,116697.48643027933,117008.37614345615,0.0026569868194363804,0.24297460005618632,0.10229670000262558,0.009058899944648147,0.011121199931949377,478,"[[2, 7], [11, 0]]"
479,112.20574250002392,116697.48643027933,117008.37614345615,0.0026569868194363804,0.23488450003787875,0.09031630004756153,0.009485800052061677,0.011500000022351742,479,"[[2, 7], [11, 0]]"
480,112.57390670012683,116697.48643027933,117008.37614345615,0.0026569868194363804,0.25464659999124706,0.08937530010007322,0.00937399989925325,0.010853199986740947,480,"[[0, 6], [11, 0]]"
481,112.94208840001374,116697.48643027933,117008.37614345615,0.0026569868194363804,0.23932399996556342,0.10420390008948743,0.009320999961346388,0.01139510003849864,481,"[[7, 1], [11, 0]]"
482,113.38376029999927,116697.48643027933,117008.37614345615,0.0026569868194363804,0.2907511000521481,0.12712119985371828,0.009309099987149239,0.010504200123250484,482,"[[7, 1], [11, 0]]"
483,113.74639130011201,116697.48643027933,117008.37614345615,0.0026569868194363804,0.24802529998123646,0.09087610011920333,0.009064699988812208,0.011125300079584122,483,"[[2, 7], [11, 0]]"
484,114.14979070005938,116697.48643027933,117008.37614345615,0.0026569868194363804,0.24677450000308454,0.12930610007606447,0.009248699992895126,0.011529700132086873,484,"[[2, 7], [11, 0]]"
485,114.57841960014775,116697.48643027933,117008.37614345615,0.0026569868194363804,0.2595580001361668,0.14585920004174113,0.008873799815773964,0.010878299828618765,485,"[[2, 7], [11, 0]]"
486,114.99659009999596,116697.48643027933,117008.37614345615,0.0026569868194363804,0.25824009999632835,0.13346210005693138,0.009771199896931648,0.012162199942395091,486,"[[2, 7], [11, 0]]"
487,115.36793690011837,116697.77027842896,117008.37614345615,0.002654560940546469,0.25320110004395247,0.09351729997433722,0.009201799985021353,0.011360399890691042,487,"[[0, 6], [11, 0]]"
488,115.78040889999829,116715.44599410283,117008.37614345615,0.002503497262402573,0.25924589997157454,0.128240599995479,0.009242200059816241,0.01196829997934401,488,"[[0, 6], [2, 7]]"
489,116.11482980009168,116716.39048631792,117008.37614345615,0.0024954252572503186,0.21682460000738502,0.09124420001171529,0.009496100014075637,0.011352299945428967,489,"[[2, 7], [11, 0]]"
490,116.53051010007039,116716.47934271194,117008.37614345615,0.0024946658552574613,0.2477466999553144,0.14329269994050264,0.008913900004699826,0.011541099986061454,490,"[[2, 7], [11, 0]]"
491,116.95144210010767,116717.55783861823,117008.37614345615,0.0024854486014006492,0.2593779999297112,0.13746330002322793,0.009109399979934096,0.01109130005352199,491,"[[7, 1], [11, 0]]"
492,117.34916480001993,116718.30150959174,117008.37614345615,0.0024790928942451805,0.23599780001677573,0.13707239995710552,0.00923019996844232,0.01131090009585023,492,"[[2, 7], [11, 0]]"
493,117.74446080019698,116719.6052575761,117008.37614345615,0.00246795054677115,0.2530904000159353,0.11841959995217621,0.00907790008932352,0.01092400006018579,493,"[[7, 1], [11, 0]]"
494,118.14217980019748,116719.61530981053,117008.37614345615,0.002467864636387975,0.2760996001306921,0.09828689997084439,0.009138199966400862,0.010559499962255359,494,"[[7, 1], [11, 0]]"
495,118.50710570020601,116720.65333881522,117008.37614345615,0.002458993228725535,0.24584710015915334,0.09488729992881417,0.009510300122201443,0.011153199942782521,495,"[[2, 7], [11, 0]]"
496,118.86665340000764,116720.92919976966,117008.37614345615,0.00245663561157425,0.24762000003829598,0.08776909997686744,0.00911340001039207,0.011169199831783772,496,"[[7, 1], [11, 0]]"
497,119.27743330015801,116721.56820419195,117008.37614345615,0.002451174426286881,0.2692990000359714,0.11717480001971126,0.009255999932065606,0.011260499944910407,497,"[[0, 6], [11, 0]]"
498,119.63695499999449,116722.4487106275,117008.37614345615,0.0024436492689898074,0.2440094999037683,0.09202650003135204,0.009062400087714195,0.01081620017066598,498,"[[2, 7], [11, 0]]"
499,120.00814600009471,116722.45064318198,117008.37614345615,0.002443632752612651,0.24113720003515482,0.10444319993257523,0.009557100012898445,0.01078330003656447,499,"[[2, 7], [11, 0]]"
500,120.42950860015117,116722.76154684272,117008.37614345615,0.002440975646591727,0.25356189999729395,0.14340550010092556,0.0093232998624444,0.011220699874684215,500,"[[7, 1], [11, 0]]"
501,120.84778680000454,116723.13619694998,117008.37614345615,0.0024377737381505674,0.28178140008822083,0.11225489992648363,0.009149399818852544,0.01101549994200468,501,"[[2, 7], [11, 0]]"
502,121.21864120010287,116724.50001488003,117008.37614345615,0.002426118009090839,0.25306109990924597,0.09404919994994998,0.009237500140443444,0.01100809988565743,502,"[[0, 6], [11, 0]]"
503,121.60985780018382,116724.6785951251,117008.37614345615,0.0024245917914733723,0.274215399986133,0.09335780004039407,0.009308299981057644,0.010868699988350272,503,"[[2, 7], [11, 0]]"
504,122.00520160002634,116724.90948479393,117008.37614345615,0.002422618516769084,0.26221459987573326,0.1069976999424398,0.009215400088578463,0.011408900143578649,504,"[[7, 1], [11, 0]]"
505,122.4372545001097,116725.29035360069,116971.13012872223,0.0021017132590836793,0.30779850017279387,0.09930160013027489,0.009756100131198764,0.011371799977496266,505,"[[2, 7], [11, 0]]"
506,122.81940510007553,116725.97734364963,116971.13012872223,0.002095840100055601,0.24873870005831122,0.10949589987285435,0.009237599791958928,0.010793500114232302,506,"[[0, 6], [11, 0]]"
507,123.26629800000228,116726.983522778,116971.13012872223,0.0020872381559069995,0.2611043998040259,0.1608527998905629,0.009242299944162369,0.011521599953994155,507,"[[7, 1], [11, 0]]"
508,123.64723530015908,116727.57381396941,116971.13012872223,0.0020821916868272636,0.25903619988821447,0.09831060003489256,0.00915469997562468,0.010770099936053157,508,"[[7, 1], [11, 0]]"
509,124.02727279998362,116728.23561858034,116971.13012872223,0.0020765338410819656,0.26102129998616874,0.09393100021407008,0.009504199959337711,0.01158599997870624,509,"[[7, 1], [11, 0]]"
510,124.45072420011275,116728.68858200715,116971.13012872223,0.002072661403273486,0.29843709990382195,0.10030739987269044,0.00943029997870326,0.01140840002335608,510,"[[0, 6], [11, 0]]"
511,124.87768450006843,116728.8985753958,116971.13012872223,0.0020708661450040463,0.3052434001583606,0.09813720011152327,0.009129900019615889,0.010780000127851963,511,"[[7, 1], [11, 0]]"
512,125.3108980001416,116729.54245360015,116971.13012872223,0.0020653615542247095,0.26880880002863705,0.1398704000748694,0.009092500200495124,0.011496299877762794,512,"[[7, 1], [11, 0]]"
513,125.75420970004052,116729.62378667838,116970.11366538261,0.0020559942293653264,0.30591170000843704,0.11319619999267161,0.009207800030708313,0.011227300157770514,513,"[[7, 1], [11, 0]]"
514,126.19492090004496,116730.7519162533,116970.11366538261,0.0020463496326425384,0.29531620000489056,0.1212973000947386,0.009146900149062276,0.011160700116306543,514,"[[7, 1], [11, 0]]"
515,126.60748890019022,116731.20169832083,116958.3692105265,0.0019422937728959988,0.292941200081259,0.095754100009799,0.009305799845606089,0.011055200127884746,515,"[[2, 7], [11, 0]]"
516,127.06568590016104,116731.54951075769,116958.3692105265,0.0019393199588867622,0.31718720006756485,0.11628539999946952,0.009504400193691254,0.011185100069269538,516,"[[7, 1], [11, 0]]"
517,127.46368090016767,116732.52447932058,116958.3692105265,0.0019309839281309192,0.2615167999174446,0.11262949998490512,0.009045699844136834,0.01083329995162785,517,"[[0, 6], [11, 0]]"
518,127.84192929998972,116733.20359602109,116958.3692105265,0.0019251774458321487,0.26078919996507466,0.09362610010430217,0.00918749999254942,0.011087100021541119,518,"[[2, 7], [11, 0]]"
519,128.2701908000745,116733.54256641906,116958.3692105265,0.0019222792317047555,0.2844960999209434,0.11879820004105568,0.009733499959111214,0.011130800005048513,519,"[[0, 6], [11, 0]]"
520,128.68111320002936,116734.2844211171,116958.3692105265,0.0019159363363390324,0.2954176999628544,0.089951999951154,0.009152099955826998,0.012324200011789799,520,"[[2, 7], [11, 0]]"
521,129.05113620008342,116735.36802514724,116958.3692105265,0.0019066714668179296,0.2529147998429835,0.09355730004608631,0.009321999968960881,0.010741099948063493,521,"[[2, 7], [11, 0]]"
522,129.43222670000978,116735.70963024191,116958.3692105265,0.0019037507258998169,0.2427194998599589,0.11427680007182062,0.009494399884715676,0.010788599960505962,522,"[[7, 1], [11, 0]]"
523,129.79356860020198,116736.79030795442,116958.3692105265,0.0018945108765431149,0.23748909984715283,0.09875610005110502,0.009450400015339255,0.011587100103497505,523,"[[7, 1], [11, 0]]"
524,130.1870488000568,116738.65296021482,116958.3692105265,0.0018785851050658305,0.2550202999264002,0.10963210021145642,0.009354300098493695,0.010921099921688437,524,"[[0, 6], [11, 0]]"
525,130.6029670999851,116738.87861294043,116958.3692105265,0.0018766557627952981,0.2536571000237018,0.138247299939394,0.009471300058066845,0.010738100158050656,525,"[[0, 6], [11, 0]]"
526,130.99681110004894,116739.40299501986,116958.3692105265,0.0018721722693696699,0.2537575999740511,0.11554090003482997,0.009217799874022603,0.011050499975681305,526,"[[0, 6], [11, 0]]"
527,131.37648860015906,116740.041847401,116958.3692105265,0.0018667100490476426,0.25451970007270575,0.10122549999505281,0.009560799924656749,0.010539300041273236,527,"[[0, 6], [11, 0]]"
528,131.81725320010446,116740.05555200452,116958.3692105265,0.0018665928739911174,0.2983317000325769,0.116713099880144,0.009451699908822775,0.010263300035148859,528,"[[0, 6], [11, 0]]"
529,132.29005330009386,116740.69749731357,116958.3692105265,0.0018611042089782372,0.2931073000654578,0.15505319996736944,0.009452400030568242,0.011083099991083145,529,"[[0, 6], [11, 0]]"
530,132.68692190013826,116740.94704275893,116958.3692105265,0.001858970582739734,0.2769136999268085,0.09646040014922619,0.00923019996844232,0.010672200005501509,530,"[[2, 7], [11, 0]]"
531,133.1056985000614,116741.11493482543,116958.3692105265,0.0018575350970397092,0.2876393999904394,0.1073544998653233,0.009182200068607926,0.010708200046792626,531,"[[0, 6], [11, 0]]"
532,133.51947619998828,116741.2733831914,116958.3692105265,0.0018561803554591144,0.2827686998061836,0.1067041999194771,0.009147000033408403,0.011151599930599332,532,"[[0, 6], [11, 0]]"
533,133.9485714000184,116741.43996839099,116958.3692105265,0.0018547560435375515,0.28959689987823367,0.11281060008332133,0.009451899910345674,0.010751700028777122,533,"[[0, 6], [11, 0]]"
534,134.3702110000886,116741.88234596571,116958.3692105265,0.0018509736927941772,0.2971085999161005,0.10132059990428388,0.008964900160208344,0.010483599966391921,534,"[[2, 7], [11, 0]]"
535,134.7561350001488,116742.92651009728,116958.3692105265,0.0018420460364099586,0.2698238000739366,0.09281680011190474,0.008974599884822965,0.010770499939098954,535,"[[0, 6], [11, 0]]"
536,135.15590060013346,116743.42670191574,116958.3692105265,0.0018377693709448585,0.27164450008422136,0.10355730005539954,0.008899600012227893,0.011964699951931834,536,"[[0, 6], [2, 7]]"
537,135.56618580012582,116743.42670191574,116958.3692105265,0.0018377693709448585,0.2578906000126153,0.12852289993315935,0.009091899963095784,0.010871900012716651,537,"[[0, 6], [2, 7]]"
538,135.97917330008931,116743.42670191574,116958.3692105265,0.0018377693709448585,0.2529674998950213,0.1341994998510927,0.00957089988514781,0.01037140004336834,538,"[[0, 6], [2, 7]]"
539,136.40399180003442,116743.51334684002,116958.3692105265,0.0018370285524394387,0.2735822999384254,0.12720349989831448,0.009172500111162663,0.010614700149744749,539,"[[0, 6], [2, 7]]"
540,136.78462729998864,116743.9094944467,116958.3692105265,0.0018336414702719574,0.2680317999329418,0.08832820015959442,0.009441800182685256,0.010988000081852078,540,"[[2, 7], [11, 0]]"
541,137.2763190001715,116744.07211494939,116958.3692105265,0.0018322510567104326,0.3404977999161929,0.12672679987736046,0.009541699895635247,0.010953499935567379,541,"[[0, 6], [11, 0]]"
542,137.69127520010807,116744.6833088419,116958.3692105265,0.0018270253178716653,0.2790147999767214,0.1121302000246942,0.009152099955826998,0.010949899908155203,542,"[[0, 6], [11, 0]]"
543,138.10472180019133,116744.8382668533,116958.3692105265,0.0018257004189999228,0.284839800093323,0.10222929995507002,0.009768800111487508,0.010973399970680475,543,"[[0, 6], [11, 0]]"
544,138.5584766000975,116745.68904651355,116958.3692105265,0.0018184262096723421,0.3033401998691261,0.12632889999076724,0.009248799877241254,0.011058400152251124,544,"[[2, 7], [11, 0]]"
545,138.98229510011151,116745.89724309999,116958.3692105265,0.001816646118278799,0.2880632998421788,0.1122208999004215,0.009243999840691686,0.010503299999982119,545,"[[2, 7], [11, 0]]"
546,139.40513970004395,116746.6416969895,116958.3692105265,0.0018102809996938989,0.2946454999037087,0.10388819989748299,0.009342700010165572,0.011316499905660748,546,"[[2, 7], [11, 0]]"
547,139.8177346000448,116746.8301966348,116958.3692105265,0.0018086693181480742,0.2837256998755038,0.10494269989430904,0.009467700030654669,0.010826699901372194,547,"[[2, 7], [11, 0]]"
548,140.2459295000881,116747.00902413714,116958.3692105265,0.0018071403339159082,0.27838069992139935,0.12313700001686811,0.009460499975830317,0.010766600025817752,548,"[[7, 1], [11, 0]]"
549,140.66608720016666,116747.44098100222,116958.3692105265,0.001803447080769525,0.2876363000832498,0.10866379993967712,0.009195300051942468,0.011000700062140822,549,"[[2, 7], [11, 0]]"
550,141.0946530001238,116747.45229133942,116958.3692105265,0.0018033503768117407,0.2980891999322921,0.10672320006415248,0.009403100004419684,0.010699199978262186,550,"[[2, 7], [11, 0]]"
551,141.4950814000331,116747.52823087166,116940.3739055833,0.0016490940491377716,0.26365719991736114,0.11313860001973808,0.009326700121164322,0.010470999870449305,551,"[[2, 7], [11, 0]]"
552,141.93517790012993,116747.68189146352,116940.3739055833,0.001647780041094746,0.27854260010644794,0.13568710000254214,0.00928670004941523,0.010760900098830462,552,"[[2, 7], [11, 0]]"
553,142.35846060002223,116748.00677721229,116940.3739055833,0.0016450018239750912,0.30227350001223385,0.09706729999743402,0.009198300074785948,0.011005999986082315,553,"[[7, 1], [11, 0]]"
554,142.80354660004377,116748.40618218682,116940.3739055833,0.0016415863656419377,0.28940619993954897,0.1315214999485761,0.009250599890947342,0.011174699990078807,554,"[[2, 7], [11, 0]]"
555,143.20745590003207,116748.63067806058,116927.40433141071,0.0015289286063635422,0.27946579991839826,0.10053239995613694,0.009257199941202998,0.010931700002402067,555,"[[0, 6], [11, 0]]"
556,143.6138306001667,116748.82065615439,116926.03277282979,0.001515591630648159,0.284955499926582,0.0973276998847723,0.009143100120127201,0.011092500062659383,556,"[[2, 7], [11, 0]]"
557,144.0400920000393,116749.14968922599,116926.03277282979,0.001512777603148941,0.27365080011077225,0.12654800014570355,0.009397200075909495,0.011028600158169866,557,"[[2, 7], [11, 0]]"
558,144.49195180018432,116749.28713723007,116926.03277282979,0.001511602090726056,0.292016499908641,0.13593579991720617,0.009058399824425578,0.011093599954620004,558,"[[2, 7], [11, 0]]"
559,144.89812050014734,116749.33377341891,116926.03277282979,0.0015112032386677642,0.2889661001972854,0.09255290008150041,0.010011699981987476,0.010796699905768037,559,"[[0, 6], [11, 0]]"
560,145.30943480017595,116749.42202793862,116926.03277282979,0.0015104484493568106,0.2743398000020534,0.11320400005206466,0.009152500191703439,0.010643099900335073,560,"[[2, 7], [11, 0]]"
561,145.75289060012437,116749.66157614184,116926.03277282979,0.0015083997336214478,0.2830843001138419,0.13562859990634024,0.009593300055712461,0.011494799982756376,561,"[[7, 1], [11, 0]]"
562,146.2140376002062,116750.17029101597,116926.03277282979,0.0015040489927122965,0.307442800141871,0.12939460016787052,0.009089500177651644,0.011151900049299002,562,"[[0, 6], [11, 0]]"
563,146.63416650006548,116750.23818056329,116926.03277282979,0.001503468373104201,0.3140714999753982,0.08275790000334382,0.009192900033667684,0.010621099965646863,563,"[[2, 7], [11, 0]]"
564,147.0373337001074,116750.37023838796,116926.03277282979,0.0015023389597346101,0.27519970014691353,0.10409239982254803,0.009091899963095784,0.010995800141245127,564,"[[7, 1], [11, 0]]"
565,147.50006460002623,116750.51286479531,116926.03277282979,0.0015011191594560048,0.32285379990935326,0.11642330000177026,0.009214900201186538,0.010630300035700202,565,"[[0, 6], [11, 0]]"
566,147.93549529998563,116750.67419620852,116926.03277282979,0.0014997393861977662,0.2984072999097407,0.11301380000077188,0.00933359982445836,0.010883599985390902,566,"[[7, 1], [11, 0]]"
567,148.3925396001432,116750.93081497758,116926.03277282979,0.0014975446758927293,0.31171529996208847,0.11939390003681183,0.009693299885839224,0.011664200108498335,567,"[[7, 1], [11, 0]]"
568,148.80683590006083,116751.03854955091,116926.03277282979,0.0014966232850717055,0.28832449996843934,0.10251400014385581,0.009085600031539798,0.010523899924010038,568,"[[7, 1], [11, 0]]"
569,149.21842950000428,116751.25090230562,116926.03277282979,0.001494807156108185,0.28903639991767704,0.0987863999325782,0.009281500009819865,0.010774000082165003,569,"[[7, 1], [11, 0]]"
570,149.6353737001773,116751.48493020442,116926.03277282979,0.001492805652309178,0.2966830001678318,0.09683219995349646,0.00913430005311966,0.010653600096702576,570,"[[0, 6], [11, 0]]"
571,150.06105160014704,116751.49510800102,116926.03277282979,0.0014927186075650494,0.2875554000493139,0.11456120014190674,0.00918399984948337,0.0104908999055624,571,"[[0, 6], [11, 0]]"
572,150.45957570010796,116751.70065267067,116926.03277282979,0.0014909607041728586,0.28646089998073876,0.08720780001021922,0.009151199832558632,0.011583799961954355,572,"[[0, 6], [11, 0]]"
573,150.89162560016848,116752.11869653733,116926.03277282979,0.0014873854193816738,0.29317509988322854,0.11245560017414391,0.009586000116541982,0.012140699895098805,573,"[[0, 6], [11, 0]]"
574,151.30701570003293,116752.27534677117,116926.03277282979,0.0014860456815138587,0.28945939987897873,0.10221710009500384,0.009118299931287766,0.011022899998351932,574,"[[0, 6], [11, 0]]"
575,151.74760900018737,116752.94107278432,116926.03277282979,0.001480352116125898,0.30219929991289973,0.11525269993580878,0.009179400047287345,0.010675299912691116,575,"[[7, 1], [11, 0]]"
576,152.1489101999905,116753.69176258607,116926.03277282979,0.0014739319051263172,0.2954287000466138,0.08140369993634522,0.009315300034359097,0.0113775001373142,576,"[[2, 7], [11, 0]]"
577,152.5533212001901,116754.54998952636,116926.03277282979,0.0014665919918499884,0.27768549998290837,0.10067440010607243,0.009539499878883362,0.011161800008267164,577,"[[7, 1], [11, 0]]"
578,152.96873820014298,116754.92023180382,116926.03277282979,0.0014634255261051815,0.28830569982528687,0.10267599998041987,0.010103599866852164,0.010474300011992455,578,"[[7, 1], [11, 0]]"
579,153.4366959000472,116754.99611624899,116917.93869177303,0.0013936490614464001,0.32560739992186427,0.11864649993367493,0.009505500085651875,0.010250299936160445,579,"[[7, 1], [11, 0]]"
580,153.8524756000843,116755.06157467366,116917.93869177303,0.0013930891950529427,0.2915404001250863,0.1010612000245601,0.009392900159582496,0.010023900074884295,580,"[[7, 1], [11, 0]]"
581,154.29570320015773,116755.47812248857,116917.93869177303,0.0013895264584911384,0.3201921998988837,0.09930379991419613,0.00934320013038814,0.010694000171497464,581,"[[7, 1], [11, 0]]"
582,154.77569460007362,116755.4836543973,116917.93869177303,0.0013894791440344997,0.33235909999348223,0.12152789998799562,0.009656100068241358,0.010665100067853928,582,"[[7, 1], [11, 0]]"
583,155.22757210000418,116755.9655085761,116917.93869177303,0.001385357841656192,0.31021020002663136,0.11771059990860522,0.009198399959132075,0.010686800116673112,583,"[[2, 7], [11, 0]]"
584,155.6711428000126,116756.36187693133,116917.93869177303,0.0013819677001632492,0.30017850012518466,0.1199246000032872,0.009109899867326021,0.010619899956509471,584,"[[2, 7], [11, 0]]"
585,156.12834860011935,116756.36837564615,116917.93869177303,0.0013819121166070015,0.31603269977495074,0.11630630004219711,0.009499400155618787,0.010974399978294969,585,"[[2, 7], [11, 0]]"
586,156.57379720010795,116756.47022033419,116909.24629121734,0.0013067920265484208,0.3141761999577284,0.10806180001236498,0.009145800024271011,0.010324599919840693,586,"[[2, 7], [11, 0]]"
587,157.01537480019033,116756.78095812676,116899.0821998054,0.0012172999051901347,0.3142402998637408,0.10421780007891357,0.009250199887901545,0.010376299964264035,587,"[[7, 1], [11, 0]]"
588,157.45754570001736,116756.78211694583,116898.96615705501,0.0012162985249856706,0.30868480005301535,0.10915939998812973,0.009841399965807796,0.010585200041532516,588,"[[7, 1], [11, 0]]"
589,157.8934625000693,116756.97165164453,116897.35124598458,0.0012008791717157865,0.3189430001657456,0.09189030015841126,0.009675499983131886,0.01124110003001988,589,"[[2, 7], [11, 0]]"
590,158.36123879998922,116757.46070635659,116897.35124598458,0.001196695546450999,0.32893369998782873,0.11526460014283657,0.009046500083059072,0.01066010002978146,590,"[[7, 1], [11, 0]]"
591,158.81490950006992,116757.62702108873,116897.35124598458,0.0011952728047860673,0.3347274998668581,0.09465930005535483,0.009161899797618389,0.011189499869942665,591,"[[7, 1], [11, 0]]"
592,159.24708720017225,116758.03830091613,116897.35124598458,0.0011917545058424534,0.3116623000241816,0.0966692001093179,0.009210999822244048,0.01094869989901781,592,"[[0, 6], [11, 0]]"
593,159.69910060008988,116758.09395553503,116897.35124598458,0.0011912784076391115,0.3299883999861777,0.09872379992157221,0.009112400002777576,0.010584300151094794,593,"[[0, 6], [11, 0]]"
594,160.13062590011396,116758.2793107722,116897.35124598458,0.0011896927837119172,0.3000733000226319,0.1068301999475807,0.009606099920347333,0.011157299857586622,594,"[[0, 6], [11, 0]]"
595,160.60117970011197,116758.28149863763,116897.35124598458,0.0011896740675869264,0.3188757000025362,0.1273765000514686,0.00937539990991354,0.010687399888411164,595,"[[0, 6], [11, 0]]"
596,161.0587987001054,116758.48657788613,116897.35124598458,0.0011879197143333303,0.3133405998814851,0.11684280005283654,0.009818000020459294,0.010898099979385734,596,"[[7, 1], [11, 0]]"
597,161.52539020008408,116759.03079618458,116897.35124598458,0.001183264191409547,0.30947780003771186,0.13277239981107414,0.00934610003605485,0.011240999912843108,597,"[[2, 7], [11, 0]]"
598,161.96653100010008,116759.08154604628,116895.09851272978,0.0011635814368100893,0.31814480014145374,0.09908070019446313,0.008984900079667568,0.011102200020104647,598,"[[2, 7], [11, 0]]"
599,162.42377030011266,116759.08154604628,116895.09851272978,0.0011635814368100893,0.33316819998435676,0.09993510018102825,0.009315700037404895,0.010956799844279885,599,"[[0, 6], [11, 0]]"
600,162.88520510005765,116759.08154604628,116895.09851272978,0.0011635814368100893,0.34168259985744953,0.09547329996712506,0.009368499973788857,0.010978700127452612,600,"[[0, 6], [11, 0]]"
601,163.35254900017753,116759.08154604628,116895.09851272978,0.0011635814368100893,0.32684289989992976,0.11676999996416271,0.0094242999330163,0.010482499841600657,601,"[[7, 1], [11, 0]]"
602,163.80403260001913,116759.08154604628,116895.09851272978,0.0011635814368100893,0.32063520001247525,0.10750039992853999,0.009147800039499998,0.01083820010535419,602,"[[0, 6], [11, 0]]"
603,164.25406810012646,116759.08154604628,116895.09851272978,0.0011635814368100893,0.31494960002601147,0.11076950002461672,0.009355999995023012,0.010883299866691232,603,"[[0, 6], [11, 0]]"
604,164.7593002000358,116759.08154604628,116895.09851272978,0.0011635814368100893,0.3266046999488026,0.1553946000058204,0.00916090002283454,0.010169799905270338,604,"[[0, 6], [11, 0]]"
605,165.20699680014513,116759.08154604628,116895.09851272978,0.0011635814368100893,0.32255779998376966,0.09943900001235306,0.009229799965396523,0.010836899979040027,605,"[[7, 1], [11, 0]]"
606,165.65266660018824,116759.08154604628,116895.09851272978,0.0011635814368100893,0.3046269998885691,0.11737230001017451,0.008993300143629313,0.01066759997047484,606,"[[0, 6], [11, 0]]"
607,166.09170420002192,116759.08154604628,116895.09851272978,0.0011635814368100893,0.3079830000642687,0.10751630016602576,0.009449899895116687,0.010446399915963411,607,"[[2, 7], [11, 0]]"
608,166.53467100020498,116759.08154604628,116895.09851272978,0.0011635814368100893,0.315065799979493,0.10307599999941885,0.010057500097900629,0.010793199995532632,608,"[[7, 1], [11, 0]]"
609,167.0328249000013,116759.08154604628,116895.09851272978,0.0011635814368100893,0.34602350019849837,0.12348559987731278,0.009489299962297082,0.010666399961337447,609,"[[0, 6], [11, 0]]"
610,167.53230090020224,116759.08154604628,116895.09851272978,0.0011635814368100893,0.37824860005639493,0.09856419987045228,0.009101100033149123,0.01026170002296567,610,"[[2, 7], [11, 0]]"
611,168.0552950000856,116759.08154604628,116895.09851272978,0.0011635814368100893,0.3614055998623371,0.13573149987496436,0.009766800096258521,0.011550699826329947,611,"[[7, 1], [11, 0]]"
612,168.50941230007447,116759.08154604628,116895.09851272978,0.0011635814368100893,0.3329761999193579,0.09635120001621544,0.009526200126856565,0.010730799986049533,612,"[[2, 7], [11, 0]]"
613,168.95576060004532,116759.08154604628,116895.09851272978,0.0011635814368100893,0.3258534998167306,0.09724880009889603,0.009295099880546331,0.010102699976414442,613,"[[2, 7], [11, 0]]"
614,169.4382718000561,116759.08154604628,116895.09851272978,0.0011635814368100893,0.33390429988503456,0.12314110016450286,0.009613499976694584,0.01088680000975728,614,"[[7, 1], [11, 0]]"
615,169.91901520011015,116759.08154604628,116895.09851272978,0.0011635814368100893,0.35243309987708926,0.10508739994838834,0.009347999934107065,0.010212899884209037,615,"[[7, 1], [11, 0]]"
616,170.38383920001797,116759.08154604628,116895.09851272978,0.0011635814368100893,0.3391649001277983,0.10190689982846379,0.009474100079387426,0.010494000045582652,616,"[[2, 7], [11, 0]]"
617,170.87484370009042,116759.08154604628,116895.09851272978,0.0011635814368100893,0.33496150001883507,0.1330174000468105,0.009294999996200204,0.010030200006440282,617,"[[2, 7], [11, 0]]"
618,171.3408994001802,116759.08154604628,116895.09851272978,0.0011635814368100893,0.33801770000718534,0.10420820000581443,0.009363899938762188,0.01048049982637167,618,"[[7, 1], [11, 0]]"
619,171.79576490004547,116759.08154604628,116895.09851272978,0.0011635814368100893,0.3234089999459684,0.1054716999642551,0.009324499871581793,0.010702700121328235,619,"[[2, 7], [11, 0]]"
620,172.2752740001306,116759.08154604628,116895.09851272978,0.0011635814368100893,0.3416444999165833,0.11470789997838438,0.009110199986025691,0.010560299968346953,620,"[[0, 6], [11, 0]]"
621,172.7501579001546,116759.08154604628,116895.09851272978,0.0011635814368100893,0.3217484999913722,0.12927549984306097,0.009322400204837322,0.01083060004748404,621,"[[2, 7], [11, 0]]"
622,173.2409459000919,116759.08154604628,116895.09851272978,0.0011635814368100893,0.33967409981414676,0.12549889995716512,0.010084900073707104,0.011389799881726503,622,"[[0, 6], [11, 0]]"
623,173.7157460001763,116759.08154604628,116895.09851272978,0.0011635814368100893,0.3522170998621732,0.09334070002660155,0.009480900131165981,0.010622099973261356,623,"[[7, 1], [11, 0]]"
624,174.2497990000993,116759.08154604628,116895.09851272978,0.0011635814368100893,0.3306436000857502,0.17937249992974102,0.009471699828281999,0.010783999925479293,624,"[[2, 7], [11, 0]]"
625,174.74219150003046,116759.08154604628,116895.09851272978,0.0011635814368100893,0.3606086999643594,0.10657320008613169,0.010264800162985921,0.01096390001475811,625,"[[2, 7], [11, 0]]"
626,175.23662830004469,116759.08154604628,116895.09851272978,0.0011635814368100893,0.3211406001355499,0.1491304999217391,0.00914440001361072,0.011193800019100308,626,"[[2, 7], [11, 0]]"
627,175.68454040004872,116759.08154604628,116895.09851272978,0.0011635814368100893,0.3172283999156207,0.10471930005587637,0.009315999923273921,0.010999900056049228,627,"[[2, 7], [11, 0]]"
628,176.15185290016234,116759.08154604628,116895.09851272978,0.0011635814368100893,0.3479194000829011,0.09501460008323193,0.00946590001694858,0.011078299954533577,628,"[[0, 6], [11, 0]]"
629,176.69903110014275,116759.08154604628,116895.09851272978,0.0011635814368100893,0.4258530999068171,0.09815380000509322,0.009381799958646297,0.010254800086840987,629,"[[0, 6], [11, 0]]"
630,177.19858070020564,116759.08154604628,116895.09851272978,0.0011635814368100893,0.3474071999080479,0.1277106001507491,0.009811599971726537,0.010572100058197975,630,"[[0, 6], [11, 0]]"
631,177.66825850005262,116759.08154604628,116895.09851272978,0.0011635814368100893,0.3476195000112057,0.09792810003273189,0.009663500124588609,0.010946800000965595,631,"[[0, 6], [11, 0]]"
632,178.15601800009608,116759.08154604628,116895.09851272978,0.0011635814368100893,0.35498419986106455,0.10619379999116063,0.009706899989396334,0.01128239999525249,632,"[[2, 7], [11, 0]]"
633,178.6762343000155,116760.78248354123,116895.09851272978,0.0011490304631884666,0.38109890022315085,0.11461659986525774,0.009072300046682358,0.011791299795731902,633,"[[0, 6], [2, 7]]"
634,179.14031670009717,116760.78248354128,116895.09851272978,0.001149030463188093,0.31913560000248253,0.12010319996625185,0.010027100099250674,0.011065900092944503,634,"[[0, 6], [2, 7]]"
635,179.60755580011755,116760.81440558934,116895.09851272978,0.0011487573803260589,0.32862289994955063,0.11542239994741976,0.009010800160467625,0.010200199903920293,635,"[[0, 6], [2, 7]]"
636,180.0812186000403,116760.9251657824,116895.09851272978,0.0011478098624704775,0.33017249987460673,0.11941609997302294,0.009489100193604827,0.010519699892029166,636,"[[0, 6], [2, 7]]"
637,180.53206340014003,116761.35526348342,116895.09851272978,0.0011441305148632158,0.32578159985132515,0.0996435999404639,0.009232299868017435,0.010232399916276336,637,"[[0, 6], [2, 7]]"
638,181.01480480004102,116770.24414383518,116895.09851272978,0.0010680890001645129,0.3630108998622745,0.09567840001545846,0.00912970001809299,0.011144200107082725,638,"[[0, 6], [11, 0]]"
639,181.56804760009982,116770.73406248013,116895.09851272978,0.0010638979036071657,0.4291697998996824,0.1003865001257509,0.009126799879595637,0.010769400047138333,639,"[[7, 1], [11, 0]]"
640,182.10394560010172,116771.11907217896,116895.09851272978,0.001060604269368175,0.4112432999536395,0.1007050999905914,0.009364999830722809,0.011123599950224161,640,"[[2, 7], [11, 0]]"
641,182.62180520012043,116771.27760190357,116895.09851272978,0.001059248098522497,0.3876980999484658,0.10616339999251068,0.009337899973616004,0.011005699867382646,641,"[[2, 7], [11, 0]]"
642,183.12114639999345,116771.48989857562,116895.09851272978,0.0010574319687210764,0.3722182000055909,0.10339289996773005,0.009255400160327554,0.010724399937316775,642,"[[2, 7], [11, 0]]"
643,183.62639060011134,116772.04106453188,116895.09851272978,0.0010527169210991125,0.373584299813956,0.10665039997547865,0.00966630014590919,0.011531499912962317,643,"[[7, 1], [11, 0]]"
644,184.1575019999873,116772.042516708,116895.09851272978,0.0010527044981991185,0.3895847999956459,0.11739760008640587,0.009410500060766935,0.01070650015026331,644,"[[7, 1], [11, 0]]"
645,184.69259270001203,116772.34029334957,116895.09851272978,0.0010501571147300064,0.39447699999436736,0.1159814998973161,0.009551999857649207,0.011143399868160486,645,"[[7, 1], [11, 0]]"
646,185.21790420007892,116772.91359911306,116895.09851272978,0.001045252668172472,0.3803910999558866,0.11836399999447167,0.009608299937099218,0.01101610017940402,646,"[[7, 1], [11, 0]]"
647,185.73339360021055,116773.23963187645,116895.09851272978,0.0010424635626621569,0.3868615000974387,0.10472969990223646,0.009220700012519956,0.010976399993523955,647,"[[7, 1], [11, 0]]"
648,186.26256130007096,116773.77677629748,116895.09851272978,0.001037868464767836,0.3950996999628842,0.10993960010819137,0.009252900024875998,0.010949800023809075,648,"[[2, 7], [11, 0]]"
649,186.77626910014078,116774.03084411439,116895.09851272978,0.0010356949962466143,0.36880529997870326,0.12079259986057878,0.009451300138607621,0.010916500119492412,649,"[[7, 1], [11, 0]]"
650,187.29169570002705,116774.19821152929,116895.09851272978,0.0010342632218006754,0.37001090007834136,0.12117590010166168,0.00956359994597733,0.010901199886575341,650,"[[0, 6], [11, 0]]"
651,187.8017587000504,116774.52305775823,116895.09851272978,0.0010314842667113093,0.3733461999800056,0.11194349988363683,0.009306000079959631,0.011601499980315566,651,"[[7, 1], [11, 0]]"
652,188.31329439999536,116774.90200043781,116895.09851272978,0.0010282425338721565,0.38611139985732734,0.10163550009019673,0.009444199968129396,0.010786999948322773,652,"[[0, 6], [11, 0]]"
653,188.8299314000178,116775.18990773293,116895.09851272978,0.0010257795794901398,0.3916100000496954,0.1000983000267297,0.009703899966552854,0.011237399885430932,653,"[[2, 7], [11, 0]]"
654,189.4060772000812,116775.4240690986,116895.09851272978,0.0010237764042616258,0.3911382998339832,0.15976640000008047,0.00960110011510551,0.011520099826157093,654,"[[2, 7], [11, 0]]"
655,189.98561880015768,116775.81686360697,116895.09851272978,0.0010204161734789143,0.446629700018093,0.1070155999623239,0.009611299959942698,0.0107937001157552,655,"[[7, 1], [11, 0]]"
656,190.51180950016715,116776.00068819665,116895.09851272978,0.0010188436131917976,0.39941199985332787,0.10298179998062551,0.009271499933674932,0.011246999958530068,656,"[[7, 1], [11, 0]]"
657,191.11036720010452,116776.29766517253,116895.09851272978,0.0010163030706056941,0.44703070004470646,0.1271085999906063,0.009724700124934316,0.010936300037428737,657,"[[7, 1], [11, 0]]"
658,191.6478621000424,116776.4574468071,116895.09851272978,0.0010149361900726938,0.39634259999729693,0.11696070013567805,0.009257000172510743,0.010949800023809075,658,"[[2, 7], [11, 0]]"
659,192.161482000025,116776.61477749127,116895.09851272978,0.0010135902766325547,0.39003110001794994,0.09818909992463887,0.009547499939799309,0.011742000002413988,659,"[[0, 6], [11, 0]]"
660,192.6983642000705,116776.88149253605,116895.09851272978,0.0010113086151413981,0.3920628000050783,0.11839469987899065,0.009520599851384759,0.011106799822300673,660,"[[2, 7], [11, 0]]"
661,193.23988970019855,116777.22188031513,116895.09851272978,0.001008396707085243,0.396496299887076,0.11889309994876385,0.009941499913111329,0.011833100114017725,661,"[[0, 6], [11, 0]]"
662,193.76062750001438,116777.23195824162,116895.09851272978,0.0010083104936629648,0.38634940003976226,0.11056750011630356,0.009473700076341629,0.010526200057938695,662,"[[0, 6], [11, 0]]"
663,194.27607950009406,116777.76144484166,116895.09851272978,0.001003780905966219,0.39806139981374145,0.09303180011920631,0.00932660000398755,0.011186900082975626,663,"[[7, 1], [11, 0]]"
664,194.79702900000848,116778.00294673347,116895.09851272978,0.001001714934895716,0.3954276000149548,0.10173629992641509,0.009434100007638335,0.010735899908468127,664,"[[2, 7], [11, 0]]"
665,195.33146150014363,116778.53997160177,116895.09851272978,0.0009971208597365723,0.40317169995978475,0.10511779994703829,0.009394799824804068,0.010912700090557337,665,"[[7, 1], [11, 0]]"
666,195.84596870001405,116778.78661353677,116895.09851272978,0.0009950109172485392,0.38928329991176724,0.10045580007135868,0.009558800142258406,0.011381299933418632,666,"[[2, 7], [11, 0]]"
667,196.382767500123,116779.1010845731,116895.09851272978,0.000992320718597421,0.4046424999833107,0.10765910008922219,0.00966889993287623,0.011062300065532327,667,"[[2, 7], [11, 0]]"
668,196.8980626000557,116779.55785066125,116895.09851272978,0.000988413231508951,0.38935680012218654,0.10110770002938807,0.009584400104358792,0.011259000049903989,668,"[[2, 7], [11, 0]]"
669,197.43129900004715,116779.69589396834,116895.09851272978,0.0009872323153812053,0.4136500000022352,0.09566690004430711,0.009381599957123399,0.010666500078514218,669,"[[0, 6], [11, 0]]"
670,197.9904199000448,116779.69589396834,116895.09851272978,0.0009872323153812053,0.4095540000125766,0.12251899996772408,0.009715700056403875,0.010988399852067232,670,"[[7, 1], [11, 0]]"
671,198.53616830008104,116779.69589396834,116895.09851272978,0.0009872323153812053,0.41684600012376904,0.10334680019877851,0.009707200108096004,0.011374700115993619,671,"[[7, 1], [11, 0]]"
672,199.12434810004197,116779.69589396834,116895.09851272978,0.0009872323153812053,0.43720249994657934,0.12655399995855987,0.009560800157487392,0.010904000140726566,672,"[[7, 1], [11, 0]]"
673,199.69278470007703,116779.69589396834,116895.09851272978,0.0009872323153812053,0.4370995000936091,0.10729230009019375,0.009610700188204646,0.010550100123509765,673,"[[7, 1], [11, 0]]"
674,200.2763769000303,116779.69589396834,116883.3565712405,0.0008868728646492606,0.43779540015384555,0.1147465999238193,0.009551400085911155,0.0112379000056535,674,"[[2, 7], [11, 0]]"
675,200.8578866000753,116779.69589396834,116883.3565712405,0.0008868728646492606,0.43338960013352334,0.12432209984399378,0.009487499948590994,0.010522499913349748,675,"[[7, 1], [11, 0]]"
676,201.39507560012862,116779.69589396834,116883.3565712405,0.0008868728646492606,0.41315450007095933,0.09798029996454716,0.009872999973595142,0.01153280003927648,676,"[[0, 6], [11, 0]]"
677,201.9357076000888,116779.69589396834,116883.3565712405,0.0008868728646492606,0.4188155001029372,0.09806480002589524,0.009259799961000681,0.010663799941539764,677,"[[0, 6], [11, 0]]"
678,202.55970720015466,116779.69589396834,116883.3565712405,0.0008868728646492606,0.46463259984739125,0.13349130004644394,0.009551499970257282,0.010542500065639615,678,"[[2, 7], [11, 0]]"
679,203.11824850016274,116779.69589396834,116878.89067938758,0.0008486971842618118,0.41750870016403496,0.11764249997213483,0.009308200096711516,0.010310699930414557,679,"[[2, 7], [11, 0]]"
680,203.71043730014935,116779.69589396834,116878.89067938758,0.0008486971842618118,0.46968399989418685,0.09896819991990924,0.009185099974274635,0.010665800189599395,680,"[[2, 7], [11, 0]]"
681,204.32558790012263,116779.69589396834,116878.89067938758,0.0008486971842618118,0.47138989996165037,0.11940670013427734,0.009397499961778522,0.010876599932089448,681,"[[0, 6], [11, 0]]"
682,204.9089850001037,116779.69589396834,116872.44945741129,0.0007936306963152263,0.46156169986352324,0.09915760019794106,0.00919019989669323,0.010483699850738049,682,"[[0, 6], [11, 0]]"
683,205.4671143000014,116779.69589396834,116872.44945741129,0.0007936306963152263,0.4296649999450892,0.10167480004020035,0.009557999903336167,0.010863299947232008,683,"[[0, 6], [11, 0]]"
684,206.05343329999596,116779.69589396834,116872.44945741129,0.0007936306963152263,0.4491119000595063,0.1134856001008302,0.009658300084993243,0.010423799976706505,684,"[[0, 6], [11, 0]]"
685,206.66683300002478,116779.69589396834,116872.44945741129,0.0007936306963152263,0.4585063001140952,0.12893270002678037,0.009610299952328205,0.011754999868571758,685,"[[0, 6], [11, 0]]"
686,207.22300600004382,116779.69589396834,116868.16475444919,0.0007569970887001462,0.42952030012384057,0.1034381000790745,0.009416399989277124,0.0102099000941962,686,"[[2, 7], [11, 0]]"
687,207.82839610008523,116779.69589396834,116868.16475444919,0.0007569970887001462,0.4702963000163436,0.10863199993036687,0.009488200070336461,0.010722900042310357,687,"[[7, 1], [11, 0]]"
688,208.451146800071,116779.69589396834,116868.16475444919,0.0007569970887001462,0.4794467999599874,0.11941209994256496,0.009355499874800444,0.01066170004196465,688,"[[2, 7], [11, 0]]"
689,209.02643960015848,116779.69589396834,116868.16475444919,0.0007569970887001462,0.44569840002804995,0.10560170002281666,0.009568300098180771,0.010792199987918139,689,"[[0, 6], [11, 0]]"
690,209.603196100099,116779.69589396834,116868.16475444919,0.0007569970887001462,0.4544808000791818,0.0973577001132071,0.009751300094649196,0.011222699889913201,690,"[[7, 1], [11, 0]]"
691,210.1234803001862,116779.69589396834,116868.16475444919,0.0007569970887001462,0.3884076001122594,0.10649170004762709,0.008976700017228723,0.0126545000821352,691,"[[0, 6], [2, 7]]"
692,210.58018869999796,116779.69589396834,116868.16475444919,0.0007569970887001462,0.3323608001228422,0.09877609997056425,0.008821700001135468,0.01138579985126853,692,"[[0, 6], [2, 7]]"
693,211.10330440010875,116784.93219841002,116868.16475444919,0.000712191863490294,0.36725160013884306,0.13008700008504093,0.009429199853911996,0.012454400071874261,693,"[[2, 7], [11, 0]]"
694,211.61362339998595,116785.11725912154,116868.16475444919,0.0007106083637244839,0.3724968999158591,0.11247100005857646,0.009385599987581372,0.01220069988630712,694,"[[0, 6], [11, 0]]"
695,212.16350400005467,116785.33292729678,116868.16475444919,0.0007087629665995126,0.43111720005981624,0.094414500053972,0.009178200038149953,0.011455500032752752,695,"[[7, 1], [11, 0]]"
696,212.6799488000106,116785.41304579854,116868.16475444919,0.0007080774206090287,0.3988721000496298,0.09279799996875226,0.009331899927929044,0.011607699794694781,696,"[[2, 7], [11, 0]]"
697,213.2224100001622,116785.45289339955,116868.16475444919,0.0007077364586277645,0.39194590016268194,0.12436389992944896,0.009475399972870946,0.010954600060358644,697,"[[7, 1], [11, 0]]"
698,213.7471018000506,116785.58770338236,116868.16475444919,0.0007065829367674646,0.39514539996162057,0.10530239995568991,0.00947920000180602,0.011108399834483862,698,"[[7, 1], [11, 0]]"
699,214.32571520004421,116785.76453465332,116868.16475444919,0.0007050698534454794,0.4564597001299262,0.09703379985876381,0.009454099927097559,0.011549999937415123,699,"[[0, 6], [11, 0]]"
700,214.94436409999616,116785.93294372747,116868.16475444919,0.0007036288359151606,0.4721253998577595,0.12166609987616539,0.009336000075563788,0.011291499948129058,700,"[[2, 7], [11, 0]]"
701,215.4947984002065,116786.12960035409,116868.16475444919,0.0007019461139606122,0.426776000065729,0.09828599984757602,0.00986040011048317,0.011640399927273393,701,"[[0, 6], [11, 0]]"
702,216.03823580010794,116786.20098578386,116868.16475444919,0.0007013352938119889,0.4024282000027597,0.1128388000652194,0.009735699975863099,0.011713400017470121,702,"[[7, 1], [11, 0]]"
703,216.52751320018433,116786.42879882272,116868.16475444919,0.000699385977337847,0.3591442999895662,0.10519110015593469,0.010125000029802322,0.010885199997574091,703,"[[2, 7], [11, 0]]"
704,217.04654470016249,116786.59479565563,116868.16475444919,0.0006979656005118107,0.3832938999403268,0.11190139991231263,0.009245699970051646,0.010994500014930964,704,"[[7, 1], [11, 0]]"
705,217.56461370014586,116786.82596416557,116868.16475444919,0.0006959875724455114,0.3734498000703752,0.12042539985850453,0.009397599846124649,0.010819299845024943,705,"[[0, 6], [11, 0]]"
706,218.0947790001519,116787.15535761908,116868.16475444919,0.0006931690679007088,0.3904206999577582,0.11439380003139377,0.009451699908822775,0.01095489994622767,706,"[[2, 7], [11, 0]]"
707,218.61235680012032,116787.22375678655,116868.16475444919,0.000692583800153775,0.3934611000586301,0.09860999998636544,0.010005200048908591,0.011310100089758635,707,"[[2, 7], [11, 0]]"
708,219.1534074000083,116787.32897777727,116868.16475444919,0.0006916834609472665,0.39544259989634156,0.12156030000187457,0.009301599813625216,0.01073280000127852,708,"[[0, 6], [11, 0]]"
709,219.66966970008798,116787.43316711858,116868.16475444919,0.0006907919492038873,0.39438960002735257,0.09778020018711686,0.009294399991631508,0.01112120016478002,709,"[[2, 7], [11, 0]]"
710,220.1967757001985,116787.48186964673,116868.16475444919,0.0006903752187088925,0.4028291997965425,0.10091149993240833,0.009224100038409233,0.010433899937197566,710,"[[2, 7], [11, 0]]"
711,220.73702290002257,116787.48305054253,116868.16475444919,0.0006903651141965953,0.4117393000051379,0.10396159999072552,0.009633600013330579,0.010291400132700801,711,"[[2, 7], [11, 0]]"
712,221.34148630010895,116787.48626985465,116868.16475444919,0.0006903375676690882,0.4628984001465142,0.11706150020472705,0.009451800025999546,0.011198899941518903,712,"[[7, 1], [11, 0]]"
713,221.85482230014168,116787.93640510066,116868.16475444919,0.0006864859178468092,0.37001949991099536,0.11905000009573996,0.009399499977007508,0.011042200028896332,713,"[[0, 6], [11, 0]]"
714,222.4094329001382,116788.09857994571,116868.16475444919,0.0006850982444338067,0.38270259997807443,0.1459809998050332,0.009774700039997697,0.011836200021207333,714,"[[0, 6], [11, 0]]"
715,222.99574280017987,116788.09857994571,116868.16475444919,0.0006850982444338067,0.45708599989302456,0.10469339997507632,0.009733099956065416,0.0110427001491189,715,"[[0, 6], [11, 0]]"
716,223.50040150014684,116788.09857994571,116868.16475444919,0.0006850982444338067,0.37806569994427264,0.10256819985806942,0.00934879994019866,0.010938300052657723,716,"[[7, 1], [11, 0]]"
717,224.0441690001171,116788.09857994571,116868.16475444919,0.0006850982444338067,0.4115708000026643,0.10745969996787608,0.009716499829664826,0.010760399978607893,717,"[[7, 1], [11, 0]]"
718,224.57670320011675,116788.09857994571,116868.16475444919,0.0006850982444338067,0.3886128000449389,0.12005490018054843,0.009292099857702851,0.01048820000141859,718,"[[7, 1], [11, 0]]"
719,225.086577600101,116788.09857994571,116868.16475444919,0.0006850982444338067,0.38437809981405735,0.10177080007269979,0.009506499860435724,0.010512300068512559,719,"[[7, 1], [11, 0]]"
720,225.6018324000761,116788.09857994571,116868.16475444919,0.0006850982444338067,0.3867021999321878,0.10295560001395643,0.009599600220099092,0.010636500082910061,720,"[[0, 6], [11, 0]]"
721,226.15922190016136,116788.09857994571,116868.16475444919,0.0006850982444338067,0.4040523001458496,0.12935149995610118,0.00948380003683269,0.010721300030127168,721,"[[0, 6], [11, 0]]"
722,226.7135116001591,116788.09857994571,116868.16475444919,0.0006850982444338067,0.4245395001489669,0.10501970001496375,0.01004499988630414,0.010921099921688437,722,"[[0, 6], [11, 0]]"
723,227.23209780012257,116788.09857994571,116868.16475444919,0.0006850982444338067,0.3962864000350237,0.09788019978441298,0.009513000026345253,0.011218300089240074,723,"[[7, 1], [11, 0]]"
724,227.76367490016855,116788.09857994571,116868.16475444919,0.0006850982444338067,0.39212229987606406,0.113848099950701,0.010195299983024597,0.011278900085017085,724,"[[2, 7], [11, 0]]"
725,228.3060580000747,116788.09857994571,116868.16475444919,0.0006850982444338067,0.4117733999155462,0.10620580008253455,0.009430000092834234,0.01097419997677207,725,"[[7, 1], [11, 0]]"
726,228.84918710007332,116788.09857994571,116868.16475444919,0.0006850982444338067,0.39802630012854934,0.12108239997178316,0.009360400028526783,0.010872700018808246,726,"[[0, 6], [11, 0]]"
727,229.37632300006226,116788.09857994571,116868.16475444919,0.0006850982444338067,0.4042648000176996,0.09897079993970692,0.009463900001719594,0.010756999952718616,727,"[[0, 6], [11, 0]]"
728,229.87308680010028,116788.09857994571,116868.16475444919,0.0006850982444338067,0.37540400004945695,0.09722070000134408,0.009709599893540144,0.01095489994622767,728,"[[7, 1], [11, 0]]"
729,230.45085640018806,116788.09857994571,116868.16475444919,0.0006850982444338067,0.44262490002438426,0.10881730006076396,0.009920800104737282,0.010809300001710653,729,"[[7, 1], [11, 0]]"
730,230.9910623000469,116788.09857994571,116868.16475444919,0.0006850982444338067,0.40899730008095503,0.10668740002438426,0.009676099987700582,0.010728799970820546,730,"[[7, 1], [11, 0]]"
731,231.52074710000306,116788.09857994571,116865.36257922984,0.000661136863642954,0.40682459995150566,0.09932020003907382,0.009344400139525533,0.010591099970042706,731,"[[7, 1], [11, 0]]"
732,232.07758869999088,116788.09857994571,116865.36257922984,0.000661136863642954,0.4150640999432653,0.11746060010045767,0.009509600000455976,0.011039300123229623,732,"[[7, 1], [11, 0]]"
733,232.63098870008253,116788.09857994571,116865.36257922984,0.000661136863642954,0.4205599999986589,0.10673020011745393,0.009705299977213144,0.010928799863904715,733,"[[7, 1], [11, 0]]"
734,233.22234680014662,116788.09857994571,116865.36257922984,0.000661136863642954,0.43361750012263656,0.13350249989889562,0.009548000060021877,0.010833200067281723,734,"[[7, 1], [11, 0]]"
735,233.78286200016737,116788.09857994571,116860.79670003348,0.0006220916007818275,0.4018786000087857,0.13487259997054935,0.00952830002643168,0.010332999983802438,735,"[[7, 1], [11, 0]]"
736,234.31315420009196,116788.09857994571,116860.79670003348,0.0006220916007818275,0.3988187999930233,0.10766460001468658,0.009496800135821104,0.010554900160059333,736,"[[0, 6], [11, 0]]"
737,234.9616977002006,116788.09857994571,116860.79670003348,0.0006220916007818275,0.4697873000986874,0.15160150011070073,0.009963399963453412,0.010709899943321943,737,"[[2, 7], [11, 0]]"
738,235.51027450012043,116788.09857994571,116860.79670003348,0.0006220916007818275,0.41568799992091954,0.10900370008312166,0.009406100027263165,0.010636900085955858,738,"[[0, 6], [11, 0]]"
739,236.0429535000585,116788.09857994571,116860.79670003348,0.0006220916007818275,0.40950479987077415,0.09919769992120564,0.009298800025135279,0.010894900187849998,739,"[[7, 1], [11, 0]]"
740,236.60691410000436,116788.09857994571,116860.79670003348,0.0006220916007818275,0.4203647000249475,0.11989199998788536,0.009382599964737892,0.010399999795481563,740,"[[2, 7], [11, 0]]"
741,237.16967319999821,116788.09857994571,116860.79670003348,0.0006220916007818275,0.4197619999758899,0.11645600013434887,0.010043600108474493,0.010392699856311083,741,"[[0, 6], [11, 0]]"
742,237.83119600010104,116788.09857994571,116860.79670003348,0.0006220916007818275,0.5269498000852764,0.10979699995368719,0.008630500175058842,0.012484600069001317,742,"[[0, 6], [2, 7]]"
743,238.33358710003085,116788.09857994571,116860.79670003348,0.0006220916007818275,0.3701953000854701,0.10819309996441007,0.008772799978032708,0.011347700143232942,743,"[[0, 6], [2, 7]]"
744,238.85165830003098,116789.6511930508,116860.79670003348,0.0006088055959886902,0.35657399985939264,0.13572360016405582,0.00951200001873076,0.012469699839130044,744,"[[2, 7], [11, 0]]"
745,239.41514590010047,116789.6511930508,116860.79670003348,0.0006088055959886902,0.43104650010354817,0.10572970006614923,0.00959019991569221,0.012111299904063344,745,"[[2, 7], [11, 0]]"
746,239.99819810013287,116789.6511930508,116860.79670003348,0.0006088055959886902,0.44481090013869107,0.11345270019955933,0.009470700053498149,0.01167609984986484,746,"[[0, 6], [11, 0]]"
747,240.5214523000177,116789.65119305084,116860.79670003348,0.0006088055959883166,0.39349690009839833,0.10524190007708967,0.009464700007811189,0.011401099851354957,747,"[[0, 6], [11, 0]]"
748,241.08230260014534,116789.65119305084,116860.79670003348,0.0006088055959883166,0.41024660016410053,0.12488089990802109,0.009921599877998233,0.011665500001981854,748,"[[0, 6], [11, 0]]"
749,241.6849653001409,116789.65119305084,116860.79670003348,0.0006088055959883166,0.4562660998199135,0.12111139995977283,0.010075999889522791,0.01127210003323853,749,"[[7, 1], [11, 0]]"
750,242.28232510015368,116789.65119305084,116860.79670003348,0.0006088055959883166,0.4594390999991447,0.11326189991086721,0.009650300024077296,0.011296499986201525,750,"[[2, 7], [11, 0]]"
751,242.8780970000662,116789.65119305124,116860.79670003348,0.0006088055959849544,0.465974299935624,0.10544289997778833,0.009530199924483895,0.011074100155383348,751,"[[7, 1], [11, 0]]"
752,243.4598677000031,116789.65119305124,116860.79670003348,0.0006088055959849544,0.46093309996649623,0.09710179991088808,0.009280400117859244,0.010655299993231893,752,"[[7, 1], [11, 0]]"
753,243.98948630015366,116789.65119305124,116860.79670003348,0.0006088055959849544,0.4007757001090795,0.10468029999174178,0.009668500162661076,0.010773499961942434,753,"[[0, 6], [11, 0]]"
754,244.61476060003042,116789.65119305124,116860.79670003348,0.0006088055959849544,0.43741319980472326,0.15987189998850226,0.009687799960374832,0.011640700045973063,754,"[[2, 7], [11, 0]]"
755,245.18315850012004,116789.65119305124,116860.79670003348,0.0006088055959849544,0.43193469988182187,0.11147649982012808,0.009999000001698732,0.011131000006571412,755,"[[2, 7], [11, 0]]"
756,245.75525250006467,116789.65119305124,116860.79670003348,0.0006088055959849544,0.44244239991530776,0.1055767999496311,0.009299200028181076,0.011017399840056896,756,"[[7, 1], [11, 0]]"
757,246.32695480016991,116789.65119305124,116860.79670003348,0.0006088055959849544,0.44772689999081194,0.10036789998412132,0.009342500008642673,0.010462200036272407,757,"[[2, 7], [11, 0]]"
758,246.88728090003133,116789.65119305124,116860.79670003348,0.0006088055959849544,0.40165780019015074,0.13190279994159937,0.009634899906814098,0.010774199850857258,758,"[[0, 6], [11, 0]]"
759,247.45276080002077,116789.65119305124,116860.79670003348,0.0006088055959849544,0.44071149989031255,0.10056369984522462,0.009510699892416596,0.010733500123023987,759,"[[7, 1], [11, 0]]"
760,248.0083729000762,116789.65119305124,116860.79670003348,0.0006088055959849544,0.42033690004609525,0.11063000001013279,0.009066300000995398,0.011777199804782867,760,"[[0, 6], [2, 7]]"
761,248.57848090003245,116790.8240104823,116860.79670003348,0.0005987695748025846,0.4415829998906702,0.10264659998938441,0.008863599970936775,0.013097500195726752,761,"[[0, 6], [2, 7]]"
762,249.09666800010018,116792.54534844964,116860.79670003348,0.0005840397593645433,0.3852595998905599,0.10411800001747906,0.010029500117525458,0.014632800128310919,762,"[[0, 6], [11, 0]]"
763,249.69802390015684,116794.6505761504,116860.79670003348,0.0005660249266729726,0.4580363999120891,0.11822140007279813,0.00902190012857318,0.012336899992078543,763,"[[0, 6], [2, 7]]"
764,250.30081350007094,116795.07555842036,116860.79670003348,0.0005623882727910483,0.4496770000550896,0.12615479994565248,0.010029299883171916,0.01262810011394322,764,"[[2, 7], [11, 0]]"
765,250.84234030009247,116795.36419069048,116860.79670003348,0.000559918391716523,0.4057095998432487,0.11037820018827915,0.010253600077703595,0.011489500058814883,765,"[[2, 7], [11, 0]]"
766,251.38791190017946,116795.56769753339,116860.79670003348,0.0005581769450666872,0.3921894000377506,0.12703089998103678,0.009938000002875924,0.012038799934089184,766,"[[7, 1], [11, 0]]"
767,251.92153230006807,116795.71876811654,116860.79670003348,0.0005568842054361861,0.39508090005256236,0.11177109996788204,0.009437700035050511,0.011609899811446667,767,"[[7, 1], [11, 0]]"
768,252.4677956001833,116795.79570712922,116860.79670003348,0.0005562258237132018,0.4165513999760151,0.1054088999517262,0.009578400058671832,0.011042300146073103,768,"[[0, 6], [11, 0]]"
769,253.0092622002121,116795.92919021496,116860.79670003348,0.0005550835836334914,0.40422369982115924,0.1128434999845922,0.009537199977785349,0.011202800087630749,769,"[[2, 7], [11, 0]]"
770,253.55350010003895,116796.00597226438,116860.79670003348,0.0005544265450748794,0.39620940014719963,0.12434450001455843,0.009260099846869707,0.010611000005155802,770,"[[2, 7], [11, 0]]"
771,254.12971180002205,116796.22413116436,116860.79670003348,0.0005525597179939291,0.44519430003128946,0.10459360014647245,0.009810399962589145,0.011072899913415313,771,"[[7, 1], [11, 0]]"
772,254.6436930000782,116796.33121639656,116860.79670003348,0.0005516433693532828,0.3871019999496639,0.10303940018638968,0.009388599777594209,0.01073740003630519,772,"[[2, 7], [11, 0]]"
773,255.24543160013855,116796.47307321278,116860.79670003348,0.000550429473673767,0.47198339994065464,0.10485120001249015,0.010074099991470575,0.011062300065532327,773,"[[0, 6], [11, 0]]"
774,255.79058340005577,116796.63240488301,116860.79670003348,0.0005490660423543344,0.4034732999280095,0.11755859991535544,0.00939530017785728,0.010974999982863665,774,"[[2, 7], [11, 0]]"
775,256.3862600000575,116796.67968121363,116860.79670003348,0.0005486614898272934,0.4592788000591099,0.11117779999040067,0.009602499892935157,0.011693200096487999,775,"[[7, 1], [11, 0]]"
776,256.9416387001984,116796.73033027863,116860.79670003348,0.0005482280761724945,0.4221390997990966,0.10600539995357394,0.010057799983769655,0.011232899967581034,776,"[[0, 6], [11, 0]]"
777,257.5866270000115,116796.78374317991,116860.79670003348,0.0005477710118464796,0.5080285998992622,0.11178979999385774,0.009709599893540144,0.0114137998316437,777,"[[2, 7], [11, 0]]"
778,258.11988170002587,116796.9143110902,116860.79670003348,0.0005466537174760175,0.37597449985332787,0.1307429000735283,0.009599100099876523,0.012611599871888757,778,"[[7, 1], [11, 0]]"
779,258.65079420013353,116797.05275570373,116860.79670003348,0.0005454690206619974,0.41008109995163977,0.09644489991478622,0.009635299909859896,0.010973599972203374,779,"[[7, 1], [11, 0]]"
780,259.21956230001524,116797.13902989594,116860.79670003348,0.0005447307560373018,0.4333040998317301,0.10721100005321205,0.010600200155749917,0.011604500003159046,780,"[[0, 6], [11, 0]]"
781,259.8164911000058,116797.24305990634,116859.3075547706,0.0005311044208880798,0.45954050007276237,0.11289799981750548,0.00967489997856319,0.010959399864077568,781,"[[0, 6], [11, 0]]"
782,260.3561027001124,116797.32719905746,116859.3075547706,0.0005303844170400262,0.4009700999595225,0.11360499984584749,0.009958500042557716,0.011186900082975626,782,"[[0, 6], [11, 0]]"
783,260.8769687002059,116797.45883204683,116859.3075547706,0.0005292579942318759,0.39846120006404817,0.09787199995480478,0.009704599855467677,0.011039000004529953,783,"[[2, 7], [11, 0]]"
784,261.42361870012246,116797.58593448275,116859.3075547706,0.0005281703407229232,0.4124479000456631,0.10801289998926222,0.009917000075802207,0.011726700002327561,784,"[[7, 1], [11, 0]]"
785,261.95056090014987,116797.5891125988,116859.3075547706,0.0005281431446345923,0.39636219991371036,0.10452149994671345,0.009670899948105216,0.010806799866259098,785,"[[7, 1], [11, 0]]"
786,262.514543000143,116797.75745801651,116859.3075547706,0.0005267025626113584,0.41724650003015995,0.12296900013461709,0.009451000019907951,0.010568900033831596,786,"[[7, 1], [11, 0]]"
787,263.03352789999917,116797.90747795964,116859.3075547706,0.000525418797147818,0.39166389987803996,0.10338689992204309,0.009273000061511993,0.010820599971339107,787,"[[0, 6], [11, 0]]"
788,263.6063984001521,116798.01224879295,116859.3075547706,0.0005245222418327256,0.4495272000785917,0.09894719999283552,0.009603400016203523,0.010889000026509166,788,"[[2, 7], [11, 0]]"
789,264.13437169999816,116798.10459843156,116859.3075547706,0.0005237319783907985,0.40621370007283986,0.09678540006279945,0.009150799829512835,0.011577099794521928,789,"[[2, 7], [11, 0]]"
790,264.7407196999993,116798.17108767145,116859.3075547706,0.0005231630101050544,0.46744669997133315,0.11095719994045794,0.011185900075361133,0.011757500004023314,790,"[[7, 1], [11, 0]]"
791,265.3078608000651,116798.290246947,116859.3075547706,0.0005221433285919355,0.42879660008475184,0.11375329992733896,0.00990760000422597,0.010691699804738164,791,"[[7, 1], [11, 0]]"
792,265.8956295000389,116798.86813053735,116859.3075547706,0.0005171982060985763,0.4307571998797357,0.13195960014127195,0.009458999847993255,0.011663699988275766,792,"[[7, 1], [11, 0]]"
793,266.4496713001281,116799.14743309314,116856.39594769644,0.0004899048455073295,0.4124950000550598,0.11676910007372499,0.009696300141513348,0.011050399858504534,793,"[[2, 7], [11, 0]]"
794,267.0381903999951,116799.21158099844,116855.00787742215,0.00047748314288966896,0.4643484998960048,0.11957970005460083,0.0,0.0,794,"[[2, 7], [11, 0]]"
795,267.6343245001044,116799.21162028766,116855.00787742215,0.0004774828066676623,0.45737419999204576,0.13614149997010827,0.0,0.0,795,"[[2, 7], [11, 0]]"
796,268.1809773000423,116799.2116678463,116854.98817708711,0.0004773138922942848,0.43383859982714057,0.11029820004478097,0.0,0.0,796,"[[2, 7], [11, 0]]"
797,268.7291661000345,116799.21167559558,116854.98817708711,0.0004773138259789881,0.4343457999639213,0.11149120004847646,0.0,0.0,797,"[[2, 7], [11, 0]]"
798,269.33571260003373,116799.21169138583,116854.98817708711,0.00047731369085207264,0.4548883999232203,0.1469954999629408,0.0,0.0,798,"[[2, 7], [11, 0]]"
799,269.876450400101,116799.21221359726,116854.98817708711,0.00047730922196773134,0.43013789993710816,0.10843160003423691,0.0,0.0,799,"[[2, 7], [11, 0]]"
800,270.5256582000293,116799.2122533348,116854.98817708711,0.0004773088819091573,0.5101513999979943,0.13657850003801286,0.0,0.0,800,"[[2, 7], [11, 0]]"
801,271.07917220005766,116799.21230025105,116854.98817708711,0.00047730848041797116,0.42721150000579655,0.12260819994844496,0.0,0.0,801,"[[2, 7], [11, 0]]"
802,271.6557815000415,116799.21230823369,116854.98817708711,0.00047730841210559186,0.46101970016025007,0.11304440000094473,0.0,0.0,802,"[[2, 7], [11, 0]]"
803,272.1747736001853,116799.2123241313,116854.98817708711,0.0004773082760600209,0.40737359994091094,0.10934500000439584,0.0,0.0,803,"[[2, 7], [11, 0]]"
804,272.74636950017884,116799.21403843936,116854.8827261788,0.0004763916272962657,0.44271129998378456,0.1265054999385029,0.0,0.0,804,"[[2, 7], [11, 0]]"
805,273.3216230000835,116799.21407931994,116854.8827261788,0.00047639127745569357,0.4546528998762369,0.11565540009178221,0.0,0.0,805,"[[2, 7], [11, 0]]"
806,273.9204605000559,116799.21412421693,116854.8616613459,0.00047621071419554143,0.48649829998612404,0.10996809997595847,0.0,0.0,806,"[[2, 7], [11, 0]]"
807,274.49177110008895,116799.21413284639,116854.8616613459,0.0004762106403478621,0.4641033001244068,0.10477110021747649,0.0,0.0,807,"[[2, 7], [11, 0]]"
808,275.02950790012255,116799.214148989,116854.8616613459,0.0004762105022054352,0.4314127000980079,0.104065400082618,0.0,0.0,808,"[[2, 7], [11, 0]]"
809,275.5623565001879,116799.21467046061,116854.8616613459,0.0004762060396473517,0.4253447998780757,0.1051076001022011,0.0,0.0,809,"[[2, 7], [11, 0]]"
810,276.1018236000091,116799.21471174629,116854.8616613459,0.00047620568634005526,0.4098187000490725,0.124127599876374,0.0,0.0,810,"[[2, 7], [11, 0]]"
811,276.7251617000438,116799.21475602992,116854.8616613459,0.00047620530737737377,0.5015819000545889,0.1194302998483181,0.0,0.0,811,"[[2, 7], [11, 0]]"
812,277.28708910010755,116799.2147649233,116854.8616613459,0.0004762052312712215,0.4578225000295788,0.1018928000703454,0.0,0.0,812,"[[2, 7], [11, 0]]"
813,277.8433291001711,116799.21478113628,116854.8616613459,0.0004762050925265684,0.4438291999977082,0.1099394999910146,0.0,0.0,813,"[[2, 7], [11, 0]]"
814,278.42938990006223,116799.21572278801,116854.8616613459,0.0004761970342248907,0.4663505998905748,0.11528569995425642,0.0,0.0,814,"[[2, 7], [11, 0]]"
815,278.9654735000804,116799.21576476059,116854.8616613459,0.0004761966750392885,0.4278494999743998,0.10589640005491674,0.0,0.0,815,"[[2, 7], [11, 0]]"
816,279.50664140004665,116799.21580831619,116854.8616613459,0.00047619630230683404,0.4318928001448512,0.10701859998516738,0.0,0.0,816,"[[2, 7], [11, 0]]"
817,280.0497136001941,116799.21581781394,116854.8616613459,0.0004761962210287092,0.425820600008592,0.11457229987718165,0.0,0.0,817,"[[2, 7], [11, 0]]"
818,280.64935590000823,116799.21583406474,116854.8616613459,0.00047619608196040306,0.45739410002715886,0.13387860008515418,0.0,0.0,818,"[[2, 7], [11, 0]]"
819,281.2061100001447,116799.2163589972,116854.8616613459,0.0004761915897856409,0.4431500001810491,0.11133689992129803,0.0,0.0,819,"[[2, 7], [11, 0]]"
820,281.77178680012,116799.21640133244,116854.8616613459,0.00047619122749663096,0.4547414998523891,0.10858240001834929,0.0,0.0,820,"[[2, 7], [11, 0]]"
821,282.3665682000574,116799.21640226606,116854.8616613459,0.0004761912195070466,0.4588939000386745,0.13334909989498556,0.0,0.0,821,"[[2, 7], [11, 0]]"
822,282.9708017001394,116799.21642313195,116854.8616613459,0.00047619104094460523,0.4555681999772787,0.1437186999246478,0.0,0.0,822,"[[2, 7], [11, 0]]"
823,283.58987160003744,116799.21644453623,116854.8616613459,0.0004761908577748095,0.48445629980415106,0.13190650008618832,0.0,0.0,823,"[[2, 7], [11, 0]]"
824,284.1330304001458,116799.21648650078,116854.8616613459,0.0004761904986579477,0.43197889998555183,0.10857959999702871,0.0,0.0,824,"[[2, 7], [11, 0]]"
825,284.693053800147,116799.21653901835,116854.8616613459,0.00047619004923230745,0.45382279995828867,0.10379409999586642,0.0,0.0,825,"[[2, 7], [11, 0]]"
826,285.26653350004926,116799.2165814468,116854.8616613459,0.00047618968614555944,0.46548369992524385,0.10559560009278357,0.0,0.0,826,"[[2, 7], [11, 0]]"
827,285.8863582999911,116799.21658182229,116854.8616613459,0.00047618968293231646,0.4985831999219954,0.11862530000507832,0.0,0.0,827,"[[2, 7], [11, 0]]"
828,286.53846810013056,116799.21662424238,116854.8616613459,0.00047618931991704854,0.5371216000057757,0.11266869981773198,0.0,0.0,828,"[[2, 7], [11, 0]]"
829,287.16294190008193,116799.21712935332,116854.8616613459,0.00047618499736747143,0.5123817001003772,0.10973890009336174,0.0,0.0,829,"[[2, 7], [11, 0]]"
830,287.7688842001371,116799.21717279204,116854.8616613459,0.0004761846256352405,0.4953870000317693,0.10819079983048141,0.0,0.0,830,"[[2, 7], [11, 0]]"
831,288.3601828000974,116799.21717279204,116854.8616613459,0.0004761846256352405,0.458755100145936,0.12781170010566711,0.0,0.0,831,"[[0, 6], [11, 0]]"
832,288.9362579002045,116799.21722281675,116854.8616613459,0.0004761841975425551,0.4561944000888616,0.11758870002813637,0.0,0.0,832,"[[2, 7], [11, 0]]"
833,289.51890940009616,116799.219024272,116854.83914169748,0.0004759761584031398,0.46664920006878674,0.11347410012967885,0.0,0.0,833,"[[2, 7], [11, 0]]"
834,290.0886565002147,116799.21906816657,116854.83914169748,0.0004759757827698153,0.4616435000207275,0.10573720000684261,0.0,0.0,834,"[[0, 6], [11, 0]]"
835,290.6497378000058,116799.21914936238,116854.79883500279,0.0004756303223702658,0.43155470001511276,0.1244944001082331,0.0,0.0,835,"[[2, 7], [11, 0]]"
836,291.2427203999832,116799.2191933381,116854.79883500279,0.00047562994604243296,0.48422059998847544,0.10648000007495284,0.0,0.0,836,"[[2, 7], [11, 0]]"
837,291.81327480007894,116799.21965710199,116854.79883500279,0.0004756259773231608,0.42794739990495145,0.1400820999406278,0.0,0.0,837,"[[2, 7], [11, 0]]"
838,292.38837170018815,116799.21970160975,116854.79883500279,0.00047562559644226616,0.45689859986305237,0.11576649989001453,0.0,0.0,838,"[[2, 7], [11, 0]]"
839,292.98040870018303,116799.21974106538,116854.79883500279,0.0004756252587956587,0.4707969001028687,0.11880600010044873,0.0,0.0,839,"[[2, 7], [11, 0]]"
840,293.5785070999991,116799.22142323286,116854.79883500279,0.00047561086343067023,0.46335209999233484,0.1320963001344353,0.0,0.0,840,"[[2, 7], [11, 0]]"
841,294.12297610007226,116799.22146886852,116854.79883500279,0.00047561047289758834,0.43421330000273883,0.10778070008382201,0.0,0.0,841,"[[2, 7], [11, 0]]"
842,294.71556060016155,116799.22150663954,116854.79883500279,0.0004756101496671836,0.45785310002975166,0.1311269998550415,0.0,0.0,842,"[[2, 7], [11, 0]]"
843,295.2874116001185,116799.22154734991,116854.79883500279,0.00047560980128298635,0.4442922999151051,0.12495889980345964,0.0,0.0,843,"[[2, 7], [11, 0]]"
844,295.8975206001196,116799.22360482198,116854.79883500279,0.000475592194200609,0.44654810009524226,0.160828199936077,0.0,0.0,844,"[[2, 7], [11, 0]]"
845,296.4662479001563,116799.22370023072,116854.79883500279,0.00047559137772798244,0.44471490010619164,0.12169770011678338,0.0,0.0,845,"[[2, 7], [11, 0]]"
846,297.0494173001498,116799.22423643761,116854.79883500279,0.0004755867890684087,0.4530637999996543,0.12559150019660592,0.0,0.0,846,"[[2, 7], [11, 0]]"
847,297.64573860005476,116799.22428454565,116854.79883500279,0.00047558637737769855,0.47406619996763766,0.11951049999333918,0.0,0.0,847,"[[2, 7], [11, 0]]"
848,298.29333810019307,116799.22431936263,116854.79883500279,0.0004755860794268614,0.506790499901399,0.13825289998203516,0.0,0.0,848,"[[2, 7], [11, 0]]"
849,298.89970180019736,116799.2243287455,116854.79883500279,0.0004755859991317319,0.4770464999601245,0.1271148999221623,0.0,0.0,849,"[[2, 7], [11, 0]]"
850,299.5074273000937,116799.224376211,116854.79883500279,0.000475585592939639,0.4823723000008613,0.12289380002766848,0.0,0.0,850,"[[2, 7], [11, 0]]"
851,300.0999307001475,116799.22441141582,116854.79883500279,0.00047558529166983124,0.46518950001336634,0.12485110014677048,0.0,0.0,851,"[[2, 7], [11, 0]]"
