iteration,elapsed_time,lower_bound,upper_bound,gap,master_time,subproblem_time,core_point_stage1_runtime,core_point_stage2_runtime,cuts_added_total,adversarial_pattern
1,0.048039300134405494,0.0,1127941.8335714287,1.0,0.0005901998374611139,0.03565179998986423,0.0,0.0,1,"[[0, 6], [2, 7]]"
2,0.10276710009202361,31207.757764582693,993072.1250916738,0.9685745305138821,0.003934900043532252,0.02202260005287826,0.01458510011434555,0.010355600155889988,2,"[[0, 6], [2, 7]]"
3,0.16664519999176264,33156.997135846424,993072.1250916738,0.9666116928488093,0.006065200082957745,0.03163250000216067,0.008260299917310476,0.013502300018444657,3,"[[0, 6], [2, 7]]"
4,0.21898500015959144,56738.2372285672,696483.4039638,0.9185361246145124,0.007439600070938468,0.024564400082454085,0.00850699981674552,0.008867900120094419,4,"[[2, 7], [4, 6]]"
5,0.28513650014065206,56738.2372285672,693461.9071039963,0.9181811767202688,0.007920500123873353,0.032724699936807156,0.01237579993903637,0.00976809998974204,5,"[[2, 7], [4, 6]]"
6,0.3438053000718355,56894.91451917697,683992.3361229376,0.9168193684132875,0.010043400106951594,0.02714330004528165,0.009181300178170204,0.00925430003553629,6,"[[2, 7], [4, 6]]"
7,0.40264400001615286,57792.41116121287,646130.3806060803,0.9105561154592319,0.010316599858924747,0.026818200014531612,0.008633999852463603,0.009577400051057339,7,"[[2, 7], [4, 6]]"
8,0.4503077999688685,69910.54213347896,367558.9877597187,0.8097977618243387,0.004068800015375018,0.022324400022625923,0.008715499890968204,0.009843300096690655,8,"[[2, 7], [4, 6]]"
9,0.5108783000614494,73121.87808994722,243473.04357211565,0.6996715652084546,0.008308500051498413,0.02940059988759458,0.008932400029152632,0.010731500107795,9,"[[0, 6], [4, 6]]"
10,0.5685563001316041,73121.87808994722,243473.04357211565,0.6996715652084546,0.004548799945041537,0.030783299822360277,0.00919790007174015,0.010011799866333604,10,"[[4, 5], [11, 5]]"
11,0.6305527000222355,73121.87808994722,241753.17620378197,0.6975349849041474,0.004833399783819914,0.03494889987632632,0.009023899910971522,0.009971699910238385,11,"[[0, 6], [10, 6]]"
12,0.6930553000420332,73121.87808994722,237031.74431377935,0.6915101886389129,0.004935199860483408,0.030471400124952197,0.014416899997740984,0.009404500015079975,12,"[[7, 5], [11, 5]]"
13,0.7583467999938875,73981.12495878765,224281.13684570353,0.6701411184227959,0.012901699868962169,0.029979299986734986,0.008905900176614523,0.010105499997735023,13,"[[10, 6], [11, 5]]"
14,0.8167336999904364,75646.90853732965,224281.13684570353,0.6627139062997898,0.005765300011262298,0.031167799839749932,0.008671999908983707,0.00983319990336895,14,"[[0, 6], [4, 6]]"
15,0.8728843999560922,77032.93532507893,224281.13684570353,0.6565340429049344,0.010025800205767155,0.022192899836227298,0.00870610005222261,0.012029600096866488,15,"[[0, 6], [4, 6]]"
16,0.9256573000457138,77032.93532507893,224281.13684570353,0.6565340429049344,0.006144999992102385,0.02284149988554418,0.008976900018751621,0.011410299921408296,16,"[[0, 6], [4, 6]]"
17,0.9920759000815451,77561.46861958489,224281.13684570353,0.654177476936261,0.013502300018444657,0.02845999994315207,0.00940659991465509,0.011490999953821301,17,"[[2, 7], [11, 7]]"
18,1.0618712999857962,78042.22874404315,171044.52488615003,0.5437315003447827,0.009912500157952309,0.03378679999150336,0.009521299973130226,0.01266800006851554,18,"[[0, 6], [2, 6]]"
19,1.1345069999806583,78042.22874404315,171044.52488615003,0.5437315003447827,0.007555399788543582,0.04145259992219508,0.008754600072279572,0.011161699891090393,19,"[[2, 7], [11, 7]]"
20,1.1897173000033945,79772.02596246274,171044.52488615003,0.5336183603914813,0.007600799901410937,0.025216800160706043,0.008356200065463781,0.011490700067952275,20,"[[4, 6], [10, 6]]"
21,1.283771200105548,80906.4655061238,164764.31559394093,0.5089563828522402,0.007131900172680616,0.06223489996045828,0.008588199969381094,0.011663699988275766,21,"[[0, 6], [11, 6]]"
22,1.3470032000914216,81726.17881194336,164764.31559394093,0.5039813170871522,0.008523999946191907,0.031080499989911914,0.008976900018751621,0.01123950001783669,22,"[[7, 1], [7, 5]]"
23,1.4092950001358986,84475.46132662533,164764.31559394093,0.4872951644771567,0.013761400012299418,0.022278399905189872,0.008493700064718723,0.0147409001365304,23,"[[6, 5], [11, 5]]"
24,1.4721137001179159,84586.2160937895,164764.31559394093,0.4866229632983704,0.008370099822059274,0.028698200127109885,0.008528999984264374,0.014427999965846539,24,"[[11, 0]]"
25,1.5418245000764728,87887.52913349854,141380.44594385044,0.37836149442898726,0.017273599980399013,0.029144000029191375,0.0083576999604702,0.011681800009682775,25,"[[0, 6], [11, 6]]"
26,1.6037963000126183,95178.09654272694,141380.44594385044,0.32679448061348504,0.010106499772518873,0.028164900140836835,0.008629699936136603,0.012224699836224318,26,"[[4, 5], [11, 5]]"
27,1.680958200013265,97318.28025401669,141380.44594385044,0.31165671741715356,0.020899000111967325,0.032820799853652716,0.008284700103104115,0.012064900016412139,27,"[[2, 7], [11, 7]]"
28,1.7445978000760078,97318.28025401669,141380.44594385044,0.31165671741715356,0.007854700088500977,0.02983070001937449,0.008960900129750371,0.01362919993698597,28,"[[0, 6], [2, 7]]"
29,1.8204431999474764,97519.70808863337,141380.44594385044,0.3102319953965661,0.01193440007045865,0.03732419991865754,0.009346799924969673,0.014026100048795342,29,"[[0, 6], [2, 7]]"
30,1.8807042001280934,98370.71124193432,141380.44594385044,0.3042127531483211,0.013188699958845973,0.022208500187844038,0.008857300039380789,0.012481799814850092,30,"[[2, 7], [11, 7]]"
31,1.959299199981615,100595.70420762469,139609.45574863127,0.27944920587077837,0.018588999984785914,0.03447429998777807,0.008904000045731664,0.013336099917069077,31,"[[0, 6], [10, 6]]"
32,2.0197875001467764,101828.07962896336,138256.49025982182,0.26348427160561866,0.006810900056734681,0.029503599973395467,0.009088599821552634,0.012288500089198351,32,"[[2, 7], [11, 7]]"
33,2.0991799000184983,102591.35096791048,138256.49025982182,0.25796358076851783,0.006356799975037575,0.04959640000015497,0.008396700024604797,0.012130900053307414,33,"[[0, 6], [7, 1]]"
34,2.1971340000163764,104422.01804873253,137514.26722722902,0.2406459332966139,0.006352199940010905,0.05964579991996288,0.008668099995702505,0.01956889987923205,34,"[[0, 6], [11, 0]]"
35,2.3006436999421567,106421.42679533582,136027.71682768728,0.21764895216064786,0.007409299956634641,0.06875379988923669,0.008673999924212694,0.0137253999710083,35,"[[2, 7], [11, 0]]"
36,2.363568900153041,106421.42679533582,136027.71682768728,0.21764895216064786,0.007223200052976608,0.03075679996982217,0.008668200112879276,0.013014900032430887,36,"[[6, 5], [11, 5]]"
37,2.4255329000297934,106954.3754143041,136027.71682768728,0.2137310107925413,0.009070299798622727,0.027981300139799714,0.008396800141781569,0.013303499901667237,37,"[[2, 7], [11, 7]]"
38,2.4884626001585275,107336.0343785578,135241.50426660836,0.2063380619683075,0.006801099982112646,0.03255260013975203,0.008531900122761726,0.012032300001010299,38,"[[7, 1], [11, 6]]"
39,2.5894681001082063,107700.73423253704,135131.3398703899,0.20299218274726422,0.006824200041592121,0.06730630015954375,0.009438900044187903,0.014032799983397126,39,"[[0, 6], [7, 1]]"
40,2.6893639999907464,108056.29371454174,130408.69870612441,0.1714027147986021,0.006782699842005968,0.06858889991417527,0.008642700035125017,0.012614700011909008,40,"[[0, 6], [10, 6]]"
41,2.750139100011438,108283.58048169783,130408.69870612441,0.16965983438179583,0.007153999991714954,0.030631099827587605,0.0083188998978585,0.011888700071722269,41,"[[7, 1], [11, 7]]"
42,2.8891652999445796,108283.58048169783,128760.85877934376,0.1590334088462212,0.00700360001064837,0.10785070015117526,0.008366600144654512,0.012532599968835711,42,"[[11, 0], [11, 5]]"
43,2.992349199950695,108480.21751471506,128760.85877934376,0.1575062597196827,0.006875399965792894,0.0722934000659734,0.008748400025069714,0.012320399982854724,43,"[[2, 7], [11, 7]]"
44,3.0515179000794888,108480.21751471506,128760.85877934376,0.1575062597196827,0.006636100122705102,0.028865200001746416,0.008206699974834919,0.012575899949297309,44,"[[0, 6], [4, 6]]"
45,3.1475456999614835,108564.72625073827,126145.8029812274,0.13937107945720154,0.007125200005248189,0.06671569985337555,0.00841089989989996,0.010634200181812048,45,"[[0, 6], [4, 6]]"
46,3.2702383999712765,108771.8369626493,126145.8029812274,0.13772924352595103,0.006737499963492155,0.0919709000736475,0.0085207000374794,0.012131700059399009,46,"[[2, 7], [11, 0]]"
47,3.3664772000629455,108846.1440719414,126145.8029812274,0.13714018620072907,0.01120069995522499,0.05924719991162419,0.008629299933090806,0.012746099848300219,47,"[[0, 6], [4, 6]]"
48,3.4651850000955164,108846.1440719414,125889.60848430419,0.13538420380811464,0.00948380003683269,0.06628830009140074,0.008571699960157275,0.011183999944478273,48,"[[0, 6], [11, 6]]"
49,3.5583291000220925,108846.1440719414,125219.19688949015,0.13075513359184443,0.0076651000417768955,0.057805800111964345,0.013842199929058552,0.010474800132215023,49,"[[0, 6], [10, 6]]"
50,3.6638454000931233,108846.1440719414,125219.19688949015,0.13075513359184443,0.008087499998509884,0.07331950007937849,0.008564099902287126,0.01248860009945929,50,"[[2, 7], [11, 5]]"
51,3.745179000077769,108846.1440719414,125219.19688949015,0.13075513359184443,0.008887300034984946,0.04459589999169111,0.009846400003880262,0.014285000041127205,51,"[[0, 6], [10, 6]]"
52,3.816477700136602,108846.1440719414,125219.19688949015,0.13075513359184443,0.008631200063973665,0.035510900197550654,0.009749000193551183,0.013739400077611208,52,"[[2, 7], [10, 6]]"
53,3.888848500093445,108846.1440719414,125219.19688949015,0.13075513359184443,0.008537100162357092,0.036541099892929196,0.008601599838584661,0.015140000032261014,53,"[[0, 6], [4, 6]]"
54,3.9573868000879884,108846.1440719414,125219.19688949015,0.13075513359184443,0.009288399945944548,0.03224530001170933,0.009408399928361177,0.014190900139510632,54,"[[0, 6], [10, 6]]"
55,4.019004600122571,108885.9061829187,125219.19688949015,0.13043759353436912,0.008379099890589714,0.028426799923181534,0.008650399977341294,0.012552999891340733,55,"[[0, 6], [10, 6]]"
56,4.082068799994886,108885.9061829187,125219.19688949015,0.13043759353436912,0.009234500117599964,0.03096110001206398,0.009472500067204237,0.010495400056242943,56,"[[0, 6], [10, 6]]"
57,4.180983500089496,108992.57591880027,125118.14838710721,0.12888276142335078,0.00915660010650754,0.06552809989079833,0.00908079999499023,0.012029000092297792,57,"[[2, 7], [7, 1]]"
58,4.263218099949881,109197.67331250725,123861.34714510402,0.11838781161824621,0.009167100070044398,0.047854699892923236,0.008468399988487363,0.013758099870756269,58,"[[10, 6], [11, 6]]"
59,4.372756200144067,109722.46303964546,123861.34714510402,0.11415089881829567,0.010486099869012833,0.07305630017071962,0.00911149987950921,0.013345699990168214,59,"[[0, 6], [4, 6]]"
60,4.522371800150722,109728.66165877189,123861.34714510402,0.11410085399584458,0.01058030012063682,0.11529850005172193,0.008512699976563454,0.012025800067931414,60,"[[0, 6], [4, 6]]"
61,4.673032799968496,109921.4225638085,123861.34714510402,0.11254459040369427,0.00956649985164404,0.11478159995749593,0.008651000214740634,0.012928499840199947,61,"[[11, 0], [11, 5]]"
62,4.784833800047636,109954.41936736318,123861.34714510402,0.11227818926794672,0.011170200072228909,0.07608349993824959,0.008339800173416734,0.012961799977347255,62,"[[4, 5], [11, 5]]"
63,4.863678199937567,110060.25654300053,123861.34714510402,0.11142370820442847,0.013162099989131093,0.04236089996993542,0.0085402000695467,0.011708500096574426,63,"[[0, 6], [4, 6]]"
64,4.9939119999762625,110188.55030432157,123861.34714510402,0.11038792291484381,0.010953000048175454,0.09328839997760952,0.008577399887144566,0.01387199992313981,64,"[[0, 6], [4, 6]]"
65,5.105417200131342,110385.21442875668,123861.34714510402,0.10880014651027498,0.01066899998113513,0.0751968000549823,0.008767100051045418,0.013571500079706311,65,"[[0, 6], [2, 7]]"
66,5.221376300090924,110408.26381165953,123861.34714510402,0.10861405630994918,0.010994700016453862,0.07568750018253922,0.008413400035351515,0.017396099865436554,66,"[[0, 6], [2, 7]]"
67,5.350548400077969,110517.49354086036,123861.34714510402,0.10773218531695192,0.01113440003246069,0.09399310010485351,0.008864799980074167,0.011732100043445826,67,"[[2, 7], [11, 7]]"
68,5.472622100031003,110568.5450637597,123295.9947576675,0.10322678947457307,0.012284900061786175,0.08532000007107854,0.00910709984600544,0.011727399891242385,68,"[[2, 7], [11, 0]]"
69,5.600141000002623,110590.30876622116,123295.9947576675,0.10305027358284242,0.011124499840661883,0.09129070001654327,0.009077299851924181,0.01230439986102283,69,"[[0, 6], [2, 7]]"
70,5.728351300116628,110735.16550595102,123142.91816183312,0.1007589623592967,0.011919900076463819,0.09240520000457764,0.009288199944421649,0.011293099960312247,70,"[[0, 6], [2, 7]]"
71,5.833597999997437,110879.89294320285,123142.91816183312,0.0995836821287143,0.011139400070533156,0.06989849987439811,0.008530399994924664,0.012495799921452999,71,"[[0, 6], [11, 0]]"
72,5.954438300104812,111430.41617768962,123142.91816183312,0.09511307803142242,0.011686299927532673,0.08226729999296367,0.009456300176680088,0.013895499985665083,72,"[[2, 7], [11, 0]]"
73,6.072308999951929,111430.41617768962,123142.91816183312,0.09511307803142242,0.010813700035214424,0.0835012998431921,0.00852329982444644,0.011650000000372529,73,"[[2, 7], [11, 0]]"
74,6.173084500012919,111449.4891156472,123142.91816183312,0.09495819346118255,0.011238800128921866,0.06550709996372461,0.008564499905332923,0.012320899870246649,74,"[[2, 7], [7, 1]]"
75,6.2873339001089334,111572.01623617709,123142.91816183312,0.09396319413553016,0.01112250005826354,0.07708880002610385,0.008956799982115626,0.013444500043988228,75,"[[0, 6], [4, 6]]"
76,6.4174919000361115,111670.28588334372,122714.179258847,0.08999688090002912,0.012237799819558859,0.09378320001997054,0.008565000025555491,0.012172999791800976,76,"[[0, 6], [2, 7]]"
77,6.554445300018415,111782.58660314178,122714.179258847,0.08908174036389613,0.011609999928623438,0.10076560010202229,0.008615200174972415,0.012637499952688813,77,"[[2, 7], [11, 5]]"
78,6.635399700142443,112126.89511825892,122714.179258847,0.08627596423275424,0.012513999827206135,0.04467009985819459,0.008434000192210078,0.012218700023368001,78,"[[0, 6], [10, 6]]"
79,6.750348800094798,112126.89511825892,121248.85076668765,0.07523333698215084,0.011878999881446362,0.079482699977234,0.008489500032737851,0.011935099959373474,79,"[[0, 6], [2, 7]]"
80,6.850928100058809,112126.89511825892,121248.85076668765,0.07523333698215084,0.011766399955376983,0.06615599989891052,0.008559400215744972,0.01093430002219975,80,"[[0, 6], [2, 7]]"
81,6.957432300085202,112126.89511825892,121248.85076668765,0.07523333698215084,0.011769199976697564,0.06518829986453056,0.014409299939870834,0.01040799985639751,81,"[[0, 6], [2, 7]]"
82,7.0644022999331355,112126.89511825892,121248.85076668765,0.07523333698215084,0.012551199877634645,0.07155889994464815,0.009119100170210004,0.010461700148880482,82,"[[0, 6], [2, 7]]"
83,7.17363560013473,112126.89511825892,121248.85076668765,0.07523333698215084,0.01629729988053441,0.06837769993580878,0.008613399928435683,0.012559600174427032,83,"[[0, 6], [7, 1]]"
84,7.308845699997619,112211.52108653284,121248.85076668765,0.07453538423671197,0.013477300060912967,0.09684269991703331,0.008557500084862113,0.01285729999653995,84,"[[0, 6], [2, 7]]"
85,7.4366461001336575,112574.11275397433,121248.85076668765,0.07154490915056698,0.012348900083452463,0.09244040003977716,0.008585599949583411,0.011139699956402183,85,"[[0, 6], [2, 7]]"
86,7.591751600150019,112623.5455701062,121248.85076668765,0.07113721195740355,0.012889000121504068,0.117409200174734,0.008775800000876188,0.012465700041502714,86,"[[0, 6], [11, 0]]"
87,7.70969199994579,112623.5455701062,121248.85076668765,0.07113721195740355,0.013302000006660819,0.08031089999713004,0.008804999990388751,0.012217700015753508,87,"[[2, 7], [7, 1]]"
88,7.801790799945593,112797.67211922836,121248.85076668765,0.06970110309516601,0.015596200013533235,0.04250110010616481,0.00957280001603067,0.02073690015822649,88,"[[0, 6], [2, 7]]"
89,7.929588400060311,112797.67211922836,121236.24836096722,0.06960439930980011,0.015343999955803156,0.08715899987146258,0.008988199988380075,0.01253279997035861,89,"[[2, 7], [11, 0]]"
90,8.06244989996776,112797.67211922836,120673.27009971961,0.06526381504357318,0.014942799927666783,0.09212539996951818,0.009578400058671832,0.012285300064831972,90,"[[0, 6], [11, 0]]"
91,8.19320710003376,112797.67211922836,120673.27009971961,0.06526381504357318,0.014006600016728044,0.09345609997399151,0.008751499932259321,0.01122320001013577,91,"[[0, 6], [2, 7]]"
92,8.31447680015117,112840.47124963319,120673.27009971961,0.06490914552670779,0.01383110019378364,0.08303970005363226,0.009556700009852648,0.011383699951693416,92,"[[0, 6], [7, 1]]"
93,8.408339400077239,112917.12366884857,120673.27009971961,0.06427393924488554,0.014560000039637089,0.05476689990609884,0.00945590017363429,0.011587699875235558,93,"[[0, 6], [2, 7]]"
94,8.528220500098541,112935.01869626078,120673.27009971961,0.06412564602802459,0.015776599990203977,0.07993700006045401,0.00861979997716844,0.012053699931129813,94,"[[0, 6], [2, 7]]"
95,8.669497200055048,113079.87756135334,120673.27009971961,0.06292522388836727,0.015625899890437722,0.10152149992063642,0.008720400044694543,0.012148299952968955,95,"[[0, 6], [11, 0]]"
96,8.811458399984986,113079.87756135334,119957.58479331246,0.05733449238586663,0.015103999990969896,0.10304430010728538,0.008854000130668283,0.01148059987463057,96,"[[0, 6], [2, 7]]"
97,8.967619100119919,113241.46271704871,119957.58479331246,0.0559874733042989,0.01619819994084537,0.11365079996176064,0.009881099918857217,0.012625700095668435,97,"[[0, 6], [11, 0]]"
98,9.094291700050235,113268.0034235152,119957.58479331246,0.05576622254710651,0.015729299979284406,0.08652529981918633,0.008783800061792135,0.012273099971935153,98,"[[0, 6], [2, 7]]"
99,9.21873680013232,113334.97690220804,119957.58479331246,0.05520791288450167,0.016497100004926324,0.08341750013642013,0.009183400077745318,0.011751099955290556,99,"[[0, 6], [2, 7]]"
100,9.354358199983835,113375.63385081297,119957.58479331246,0.054868985182056025,0.01660979981534183,0.09294130001217127,0.008744799997657537,0.012315700063481927,100,"[[0, 6], [10, 6]]"
101,9.484417200088501,113521.7502596193,119957.58479331246,0.0536509179038753,0.018634999869391322,0.08685490000061691,0.00882419990375638,0.012147899949923158,101,"[[0, 6], [2, 7]]"
102,9.620562199968845,113580.91474706537,119754.17537448398,0.05154943957581581,0.01969439978711307,0.09195550018921494,0.008856200147420168,0.012335299979895353,102,"[[0, 6], [10, 6]]"
103,9.759091699961573,113610.55560788822,119474.139461482,0.049078268150943044,0.01757759996689856,0.09172160015441477,0.01448130002245307,0.011350099928677082,103,"[[2, 7], [11, 0]]"
104,9.878400000045076,113739.0894090035,119474.139461482,0.04800243867274273,0.0189257999882102,0.07520060008391738,0.008564299903810024,0.013137299800291657,104,"[[0, 6], [7, 1]]"
105,10.014405500143766,113821.80914339646,119474.139461482,0.047310073490069646,0.030947400024160743,0.08090880000963807,0.008982899831607938,0.011713000014424324,105,"[[0, 6], [7, 1]]"
106,10.189185600029305,114001.12961393046,119474.139461482,0.045809158971310424,0.04215470002964139,0.10723130009137094,0.00858910009264946,0.013258700026199222,106,"[[0, 6], [11, 0]]"
107,10.315678900107741,114001.12961393046,119474.139461482,0.045809158971310424,0.01811399986036122,0.08331759995780885,0.008965899934992194,0.012224199948832393,107,"[[11, 0], [11, 5]]"
108,10.449337500147521,114001.12961393046,119474.139461482,0.045809158971310424,0.016127499984577298,0.09437000006437302,0.008563000010326505,0.011300000129267573,108,"[[0, 6], [11, 0]]"
109,10.580500500043854,114001.12961393046,119474.139461482,0.045809158971310424,0.01660869992338121,0.08815730013884604,0.008892900077626109,0.01248549995943904,109,"[[7, 1], [11, 0]]"
110,10.75880720000714,114001.12961393046,119474.139461482,0.045809158971310424,0.017109400127083063,0.1362783000804484,0.008797499816864729,0.012601400027051568,110,"[[2, 7], [11, 0]]"
111,10.916639300063252,114001.12961393046,119474.139461482,0.045809158971310424,0.018938699970021844,0.11385460011661053,0.008688400033861399,0.012787699932232499,111,"[[0, 6], [11, 0]]"
112,11.040911300107837,114001.12961393046,119474.139461482,0.045809158971310424,0.01869789999909699,0.0805980998557061,0.009017999982461333,0.012665399815887213,112,"[[0, 6], [11, 0]]"
113,11.146480400115252,114001.12961393046,119474.139461482,0.045809158971310424,0.018037999980151653,0.0626290999352932,0.008691499941051006,0.012862699804827571,113,"[[2, 7], [11, 7]]"
114,11.272901799995452,114001.12961393046,119474.139461482,0.045809158971310424,0.018584799952805042,0.08339990000240505,0.008506699930876493,0.012491799890995026,114,"[[0, 6], [10, 6]]"
115,11.433029900072142,114578.8898358106,119474.139461482,0.040973298889084,0.045671300031244755,0.08745640004053712,0.008997799828648567,0.01432839990593493,115,"[[0, 6], [4, 6]]"
116,11.572746800025925,114578.8898358106,119474.139461482,0.040973298889084,0.018115100217983127,0.0963620999827981,0.008573299972340465,0.013229400152340531,116,"[[2, 7], [11, 0]]"
117,11.717264000093564,114578.8898358106,119474.139461482,0.040973298889084,0.01956549985334277,0.09873299999162555,0.008871400030329823,0.013637900119647384,117,"[[2, 7], [11, 0]]"
118,11.891151299932972,114578.8898358106,119474.139461482,0.040973298889084,0.01986110000871122,0.12221050006337464,0.009377500042319298,0.01674959994852543,118,"[[7, 1], [11, 0]]"
119,12.051406200043857,114578.8898358106,119474.139461482,0.040973298889084,0.02215579990297556,0.1123850999865681,0.0088833998888731,0.013307000044733286,119,"[[11, 0], [11, 5]]"
120,12.214711599983275,114578.8898358106,119474.139461482,0.040973298889084,0.020940599963068962,0.11638469994068146,0.009322399972006679,0.013234599959105253,120,"[[0, 6], [11, 0]]"
121,12.372105400077999,114700.53262860377,119474.139461482,0.03995514723432864,0.04493999993428588,0.08778379997238517,0.008620199980214238,0.012495300034061074,121,"[[7, 1], [11, 0]]"
122,12.56197590008378,114715.89689108708,119474.139461482,0.0398265481705266,0.048853900050744414,0.11643610009923577,0.008682900108397007,0.012494400143623352,122,"[[11, 0], [11, 5]]"
123,12.736708600074053,114715.89689108708,119474.139461482,0.0398265481705266,0.050982199842110276,0.09973210003226995,0.008704700041562319,0.011956700123846531,123,"[[0, 6], [7, 1]]"
124,12.906387600116432,114749.5049514761,119474.139461482,0.03954524829642402,0.05601159995421767,0.08677870011888444,0.008882499998435378,0.013846700079739094,124,"[[0, 6], [11, 0]]"
125,13.082592300139368,114749.5049514761,119474.139461482,0.03954524829642402,0.05032219993881881,0.09204370016232133,0.00880550011061132,0.019863699795678258,125,"[[0, 6], [11, 0]]"
126,13.235584600130096,114961.56990836954,119474.139461482,0.03777026202869032,0.051669200183823705,0.0761111001484096,0.0086646000854671,0.01286889985203743,126,"[[2, 7], [7, 1]]"
127,13.388371499953791,114961.56990836954,119474.139461482,0.03777026202869032,0.024280000012367964,0.10292709991335869,0.00877969991415739,0.013233999954536557,127,"[[0, 6], [4, 6]]"
128,13.532631100155413,114961.56990836954,119474.139461482,0.03777026202869032,0.02068009995855391,0.09928379999473691,0.008724800078198314,0.012117000063881278,128,"[[0, 6], [11, 0]]"
129,13.718594599980861,114961.56990836954,119474.139461482,0.03777026202869032,0.04653869988396764,0.11494200001470745,0.008751600049436092,0.012170900125056505,129,"[[0, 6], [7, 1]]"
130,13.866963000036776,114961.56990836954,119437.6881239627,0.0374765979306922,0.04013949981890619,0.08492629998363554,0.008551300037652254,0.01123349997214973,130,"[[0, 6], [10, 6]]"
131,14.03334980015643,114961.56990836954,119437.6881239627,0.0374765979306922,0.049906699918210506,0.09183480008505285,0.008699000114575028,0.012458499986678362,131,"[[7, 1], [11, 0]]"
132,14.22011260013096,114961.56990836954,119191.09230215708,0.035485222193160464,0.05169779993593693,0.11024850001558661,0.009051100118085742,0.012179900193586946,132,"[[0, 6], [7, 1]]"
133,14.378765900153667,114961.56990836954,119087.5143431019,0.03464632255943423,0.05022240011021495,0.08337619993835688,0.008859700057655573,0.011956200003623962,133,"[[2, 7], [11, 0]]"
134,14.561923100147396,114961.56990836954,118681.08975830351,0.03134045918780198,0.05524399993009865,0.1034005000256002,0.00867919996380806,0.012117499951273203,134,"[[0, 6], [11, 0]]"
135,14.746031299931929,114961.56990836954,118681.08975830351,0.03134045918780198,0.0598110998980701,0.09977929992601275,0.008753899950534105,0.012298600049689412,135,"[[0, 6], [11, 0]]"
136,14.923306900076568,114961.56990836954,118681.08975830351,0.03134045918780198,0.047869900008663535,0.10405119997449219,0.008874800056219101,0.01262360019609332,136,"[[7, 1], [11, 0]]"
137,15.107632900122553,114961.56990836954,118681.08975830351,0.03134045918780198,0.05006040004082024,0.11067219986580312,0.00871620001271367,0.011427199933677912,137,"[[0, 6], [11, 0]]"
138,15.280108300037682,114961.56990836954,118681.08975830351,0.03134045918780198,0.051114599918946624,0.0979883000254631,0.008944100001826882,0.010870200116187334,138,"[[0, 6], [7, 1]]"
139,15.482727500144392,114961.56990836954,118681.08975830351,0.03134045918780198,0.05510929995216429,0.12411989993415773,0.009031799854710698,0.010594200110062957,139,"[[0, 6], [11, 0]]"
140,15.648612400051206,114961.56990836954,118681.08975830351,0.03134045918780198,0.0503203000407666,0.07904750015586615,0.015622599981725216,0.014213499845936894,140,"[[0, 6], [2, 7]]"
141,15.828855599975213,115041.05216715518,118681.08975830351,0.030670746271047388,0.05910010007210076,0.09565999987535179,0.008698400110006332,0.013212499907240272,141,"[[0, 6], [2, 7]]"
142,16.020924299955368,115041.05216715518,118681.08975830351,0.030670746271047388,0.061244199983775616,0.10557290003634989,0.008799299830570817,0.012891999911516905,142,"[[0, 6], [11, 0]]"
143,16.226532200118527,115045.6244911188,118681.08975830351,0.030632220133708025,0.06702849990688264,0.11272850004024804,0.009499200154095888,0.012633099919185042,143,"[[0, 6], [2, 7]]"
144,16.404890900012106,115063.40064903274,118681.08975830351,0.030482439254966947,0.05809700000099838,0.09650240000337362,0.008545100223273039,0.011670300038531423,144,"[[0, 6], [2, 7]]"
145,16.588990499963984,115063.40064903274,118681.08975830351,0.030482439254966947,0.05389480013400316,0.10530179995112121,0.008895799983292818,0.012474700110033154,145,"[[0, 6], [11, 0]]"
146,16.802207299973816,115063.40064903274,118681.08975830351,0.030482439254966947,0.05974579998292029,0.127715399954468,0.008800300071015954,0.013233699835836887,146,"[[2, 7], [11, 0]]"
147,17.004340100102127,115065.25717313185,118681.08975830351,0.030466796290254693,0.05955459992401302,0.11744940001517534,0.008626200025901198,0.012554100016131997,147,"[[2, 7], [11, 0]]"
148,17.23327310010791,115153.51049802522,118681.08975830351,0.029723178877631453,0.06681230012327433,0.13697020011022687,0.008694400079548359,0.012725099921226501,148,"[[7, 1], [11, 0]]"
149,17.43072900013067,115153.6168484541,118681.08975830351,0.029722282775067072,0.05818519997410476,0.11566340015269816,0.008689299924299121,0.011534299934282899,149,"[[11, 0], [11, 5]]"
150,17.62671159999445,115321.19963642466,118681.08975830351,0.028310239893493884,0.07602280005812645,0.09445809992030263,0.008943599881604314,0.013042000122368336,150,"[[0, 6], [2, 7]]"
151,17.830306299962103,115364.36328320025,118681.08975830351,0.027946545501544056,0.0607595001347363,0.11857799999415874,0.008672100026160479,0.012097900034859776,151,"[[2, 7], [11, 0]]"
152,17.986884700134397,115364.36328320025,118681.08975830351,0.027946545501544056,0.04261339991353452,0.08898429991677403,0.009415199980139732,0.012104499852284789,152,"[[0, 6], [11, 0]]"
153,18.17152630002238,115444.72799606601,118681.08975830351,0.027269397077735128,0.05891459994018078,0.10082020005211234,0.008591900113970041,0.012522999895736575,153,"[[0, 6], [2, 7]]"
154,18.324450900079682,115444.72799606601,118681.08975830351,0.027269397077735128,0.02905689994804561,0.09793610009364784,0.00886170007288456,0.012917499989271164,154,"[[0, 6], [2, 7]]"
155,18.487089700065553,115444.72799606601,118681.08975830351,0.027269397077735128,0.024697199929505587,0.11392279993742704,0.008688899921253324,0.011833099881187081,155,"[[2, 7], [11, 0]]"
156,18.63969950005412,115444.72799606601,118681.08975830351,0.027269397077735128,0.026667800033465028,0.10020569991320372,0.009745700052008033,0.012457499979063869,156,"[[0, 6], [11, 0]]"
157,18.79226729995571,115444.72799606601,118681.08975830351,0.027269397077735128,0.024320099968463182,0.09672160004265606,0.008596800034865737,0.019027699949219823,157,"[[2, 7], [7, 1]]"
158,18.94244939996861,115444.72799606601,118681.08975830351,0.027269397077735128,0.024785100016742945,0.09992359997704625,0.008801299845799804,0.012957300059497356,158,"[[0, 6], [11, 0]]"
159,19.100640800083056,115444.72799606601,118681.08975830351,0.027269397077735128,0.02697580005042255,0.10598319978453219,0.008721000049263239,0.012998600024729967,159,"[[0, 6], [4, 6]]"
160,19.255040799966082,115444.72799606601,118681.08975830351,0.027269397077735128,0.02662750007584691,0.10294060013256967,0.008739800192415714,0.012614499777555466,160,"[[0, 6], [2, 7]]"
161,19.38359610014595,115444.72799606601,118681.08975830351,0.027269397077735128,0.025930000003427267,0.07630469999276102,0.008680199971422553,0.013718699803575873,161,"[[2, 7], [11, 0]]"
162,19.545031300047413,115444.72799606601,118681.08975830351,0.027269397077735128,0.0265793998260051,0.10770920012146235,0.009473700076341629,0.012314900057390332,162,"[[0, 6], [2, 7]]"
163,19.68975819996558,115444.72799606601,118681.08975830351,0.027269397077735128,0.029350300086662173,0.09131699986755848,0.008634799858555198,0.012115099932998419,163,"[[0, 6], [4, 6]]"
164,19.845933499978855,115444.72799606601,118681.08975830351,0.027269397077735128,0.02907680021598935,0.10208139987662435,0.00901999999769032,0.012526999926194549,164,"[[0, 6], [11, 0]]"
165,20.014106899965554,115444.72799606601,118586.85034812469,0.026496380862082388,0.02697709994390607,0.11692170007154346,0.008802700089290738,0.011899000033736229,165,"[[2, 7], [11, 0]]"
166,20.171449300134555,115444.72799606601,118586.85034812469,0.026496380862082388,0.028209100011736155,0.10487989988178015,0.009185600094497204,0.011811499949544668,166,"[[0, 6], [7, 1]]"
167,20.320660500088707,115444.72799606601,118586.85034812469,0.026496380862082388,0.027929099975153804,0.09744220017455518,0.008622399996966124,0.011686300160363317,167,"[[0, 6], [2, 7]]"
168,20.477220400003716,115444.72799606601,118586.85034812469,0.026496380862082388,0.05385349993593991,0.0778674001339823,0.009042899822816253,0.01239489996805787,168,"[[0, 6], [7, 1]]"
169,20.681714500067756,115691.57200367928,118432.6463934016,0.02314458448067784,0.06380939995869994,0.11516780010424554,0.008995699929073453,0.012582399882376194,169,"[[0, 6], [11, 0]]"
170,20.883139400044456,115691.57200367928,118163.52812887557,0.020919789416749966,0.030370499938726425,0.14276629989035428,0.009368500206619501,0.012873400002717972,170,"[[2, 7], [11, 0]]"
171,21.041840200079605,115691.57200367928,118163.52812887557,0.020919789416749966,0.032252399949356914,0.10127260000444949,0.009066500002518296,0.012357600033283234,171,"[[7, 1], [11, 0]]"
172,21.234513600124046,115691.57200367928,118163.52812887557,0.020919789416749966,0.05944520002231002,0.10252290009520948,0.015069300075992942,0.012131900060921907,172,"[[0, 6], [11, 0]]"
173,21.4466478000395,115691.57200367928,118163.52812887557,0.020919789416749966,0.07043640012852848,0.11767959990538657,0.009115600027143955,0.011323900194838643,173,"[[2, 7], [11, 0]]"
174,21.625027500092983,115691.57200367928,118163.52812887557,0.020919789416749966,0.06991309998556972,0.08399009983986616,0.008815599838271737,0.012007199926301837,174,"[[0, 6], [7, 1]]"
175,21.7956709000282,115691.57200367928,118026.89038008315,0.019786324700103688,0.05804830021224916,0.08639850001782179,0.009411100065335631,0.01300420006737113,175,"[[0, 6], [11, 0]]"
176,21.96497300011106,115691.57200367928,118026.89038008315,0.019786324700103688,0.0631685999687761,0.08262260002084076,0.008660900173708797,0.011463899863883853,176,"[[7, 1], [11, 0]]"
177,22.165123800048605,115691.57200367928,118026.89038008315,0.019786324700103688,0.07453000009991229,0.10085970000363886,0.009000000078231096,0.011933699948713183,177,"[[0, 6], [11, 0]]"
178,22.367312000133097,115691.57200367928,118026.89038008315,0.019786324700103688,0.06595490011386573,0.11140640010125935,0.00907190004363656,0.012138899881392717,178,"[[7, 1], [11, 0]]"
179,22.588149199960753,115691.57200367928,117872.39983872263,0.01850159866115599,0.0666915001347661,0.12399269989691675,0.008885800139978528,0.01769360015168786,179,"[[2, 7], [11, 0]]"
180,22.801834100158885,115691.57200367928,117872.39983872263,0.01850159866115599,0.06957030016928911,0.1182581998873502,0.009246400091797113,0.012480900157243013,180,"[[0, 6], [11, 0]]"
181,22.97647999995388,115691.57200367928,117768.25098196261,0.01763360634948549,0.06721589993685484,0.08370899991132319,0.009008199907839298,0.011216900078579783,181,"[[0, 6], [11, 0]]"
182,23.197842000052333,115691.57200367928,117768.25098196261,0.01763360634948549,0.06961620016954839,0.1286965999752283,0.008819999871775508,0.010602399939671159,182,"[[7, 1], [11, 0]]"
183,23.39945870009251,115691.57200367928,117768.25098196261,0.01763360634948549,0.07081880001351237,0.10641919984482229,0.008783899946138263,0.011932600056752563,183,"[[0, 6], [11, 0]]"
184,23.594091900158674,115691.57200367928,117768.25098196261,0.01763360634948549,0.07089480012655258,0.09641309990547597,0.010127699933946133,0.012613500002771616,184,"[[0, 6], [10, 6]]"
185,23.793310600100085,115691.57200367928,117768.25098196261,0.01763360634948549,0.0710400000680238,0.10154940001666546,0.009081900119781494,0.013226199895143509,185,"[[2, 7], [11, 0]]"
186,23.993655300000682,115691.57200367928,117768.25098196261,0.01763360634948549,0.07612159987911582,0.10060799983330071,0.008854300016537309,0.01120389997959137,186,"[[0, 6], [4, 6]]"
187,24.201248000143096,115691.57200367928,117768.25098196261,0.01763360634948549,0.07972489995881915,0.1054430000949651,0.008626400027424097,0.0103192999958992,187,"[[7, 1], [11, 0]]"
188,24.40180220012553,115691.57200367928,117768.25098196261,0.01763360634948549,0.07527999999001622,0.10056220018304884,0.009713300038129091,0.011282300110906363,188,"[[0, 6], [11, 0]]"
189,24.601276600034907,115691.57200367928,117768.25098196261,0.01763360634948549,0.07286529988050461,0.10243729990907013,0.00909440009854734,0.011580999940633774,189,"[[2, 7], [11, 0]]"
190,24.79929430014454,115691.57200367928,117768.25098196261,0.01763360634948549,0.08110189996659756,0.09351960010826588,0.008854900021106005,0.010946500115096569,190,"[[7, 1], [11, 0]]"
191,25.00761039997451,115691.57200367928,117768.25098196261,0.01763360634948549,0.07108139991760254,0.11237549991346896,0.009076599963009357,0.01170170004479587,191,"[[7, 1], [11, 0]]"
192,25.20837420015596,115691.57200367928,117768.25098196261,0.01763360634948549,0.07542830007150769,0.10035379999317229,0.009158700006082654,0.011900600045919418,192,"[[2, 7], [11, 0]]"
193,25.412468400085345,115691.57200367928,117768.25098196261,0.01763360634948549,0.0757804000750184,0.10451869992539287,0.008847699966281652,0.011358800111338496,193,"[[0, 6], [11, 0]]"
194,25.613214100012556,115691.57200367928,117768.25098196261,0.01763360634948549,0.07564010005444288,0.09450620017014444,0.015125099802389741,0.011793199926614761,194,"[[7, 1], [11, 0]]"
195,25.802070900099352,115691.57200367928,117768.25098196261,0.01763360634948549,0.07378450012765825,0.09040259988978505,0.009936900110915303,0.011012000031769276,195,"[[2, 7], [11, 0]]"
196,25.98729080008343,115691.57200367928,117768.25098196261,0.01763360634948549,0.07538140006363392,0.08701370004564524,0.00903660012409091,0.010223899967968464,196,"[[2, 7], [11, 0]]"
197,26.19907380011864,115691.57200367928,117768.25098196261,0.01763360634948549,0.07985939993523061,0.10699310014024377,0.010111999930813909,0.010614199796691537,197,"[[2, 7], [11, 0]]"
198,26.441083300160244,115691.57200367928,117768.25098196261,0.01763360634948549,0.08547899988479912,0.13292260002344847,0.008930699899792671,0.010889000026509166,198,"[[0, 6], [11, 0]]"
199,26.645064000040293,115691.57200367928,117687.56170862929,0.01696007357083056,0.08550990000367165,0.0950314998626709,0.009028999833390117,0.010587399825453758,199,"[[7, 1], [11, 0]]"
200,26.86220149998553,115691.57200367928,117687.56170862929,0.01696007357083056,0.08581690001301467,0.1048167000990361,0.009139100089669228,0.011358499992638826,200,"[[2, 7], [11, 0]]"
201,27.05614500003867,115691.57200367928,117652.27316666467,0.01666522125082863,0.07992190006189048,0.08979110000655055,0.009034999879077077,0.011609199922531843,201,"[[2, 7], [11, 0]]"
202,27.307322200154886,115691.57200367928,117652.27316666467,0.01666522125082863,0.08143189991824329,0.14604440005496144,0.008909899974241853,0.011227399809285998,202,"[[0, 6], [11, 0]]"
203,27.54583810013719,115691.57200367928,117652.27316666467,0.01666522125082863,0.07803090009838343,0.1340850000269711,0.009239800041541457,0.012770800152793527,203,"[[0, 6], [11, 0]]"
204,27.766185600077733,115691.57200367928,117652.27316666467,0.01666522125082863,0.0962616999167949,0.1001222999766469,0.008892500074580312,0.011340499855577946,204,"[[2, 7], [11, 0]]"
205,27.950916799949482,115691.57200367928,117652.27316666467,0.01666522125082863,0.0779808999504894,0.08272649999707937,0.008897599996998906,0.01156130013987422,205,"[[2, 7], [11, 0]]"
206,28.16586340009235,115691.57200367928,117652.27316666467,0.01666522125082863,0.08180279983207583,0.10745480004698038,0.00911749992519617,0.011774900136515498,206,"[[0, 6], [11, 0]]"
207,28.390070599969476,115691.57200367928,117652.27316666467,0.01666522125082863,0.0929372999817133,0.10591919999569654,0.009088899940252304,0.012119899969547987,207,"[[0, 6], [11, 0]]"
208,28.59872330003418,115691.57200367928,117647.45267622938,0.01662493006060037,0.08172650006599724,0.10315510001964867,0.008889500051736832,0.011236099991947412,208,"[[0, 6], [11, 0]]"
209,28.83435819996521,115930.44982195651,117647.45267622938,0.014594475402694276,0.1198652999009937,0.09048689994961023,0.008724999846890569,0.012765599880367517,209,"[[7, 1], [11, 0]]"
210,29.075784400105476,115930.44982195651,117647.45267622938,0.014594475402694276,0.08065410004928708,0.13725699996575713,0.008945400128141046,0.010954400058835745,210,"[[7, 1], [11, 0]]"
211,29.277451700065285,115930.44982195651,117647.45267622938,0.014594475402694276,0.0876848001498729,0.08979060011915863,0.008878700202330947,0.011498900130391121,211,"[[7, 1], [11, 0]]"
212,29.464060300029814,115930.44982195651,117647.45267622938,0.014594475402694276,0.08435330004431307,0.07823060010559857,0.008835299871861935,0.01158569986000657,212,"[[7, 1], [11, 0]]"
213,29.681623100070283,115930.44982195651,117647.45267622938,0.014594475402694276,0.09392110002227128,0.09890680015087128,0.008829500060528517,0.012256700079888105,213,"[[7, 1], [11, 0]]"
214,29.918992300052196,115948.0094437937,117647.45267622938,0.014445219116750679,0.1183750000782311,0.091464500175789,0.009454000042751431,0.012594100087881088,214,"[[0, 6], [4, 6]]"
215,30.18831879994832,115948.0094437937,117647.45267622938,0.014445219116750679,0.10871190018951893,0.13664350006729364,0.008752800058573484,0.011366099817678332,215,"[[7, 1], [11, 0]]"
216,30.398060400038958,115948.0094437937,117647.45267622938,0.014445219116750679,0.10774830006994307,0.07144849980250001,0.008863399969413877,0.01801749994046986,216,"[[0, 6], [4, 6]]"
217,30.663787700003013,115948.0094437937,117647.45267622938,0.014445219116750679,0.11680609988979995,0.12507200008258224,0.008772999979555607,0.011139200069010258,217,"[[7, 1], [11, 0]]"
218,30.89217370003462,115948.0094437937,117647.45267622938,0.014445219116750679,0.11654309998266399,0.08750059991143644,0.008735999930649996,0.011888799956068397,218,"[[0, 6], [11, 0]]"
219,31.113434199942276,115948.0094437937,117620.76256515607,0.014221580313558595,0.11402500001713634,0.08335089986212552,0.009124899981543422,0.011094399960711598,219,"[[2, 7], [11, 0]]"
220,31.3573127000127,115948.0094437937,117521.20092090292,0.013386448273006127,0.1177009001839906,0.1028494001366198,0.009106999961659312,0.010487700114026666,220,"[[0, 6], [11, 0]]"
221,31.626218900084496,115948.0094437937,117521.20092090292,0.013386448273006127,0.11958519998006523,0.12354739988222718,0.0091474000364542,0.010374100180342793,221,"[[0, 6], [11, 0]]"
222,31.866903400048614,115948.0094437937,117521.20092090292,0.013386448273006127,0.11853599990718067,0.09921719995327294,0.00891619990579784,0.010039199842140079,222,"[[0, 6], [11, 0]]"
223,32.10906910011545,115952.38242764957,117495.95102789308,0.013137206744061106,0.12219979986548424,0.09545990009792149,0.008845199830830097,0.011588500114157796,223,"[[0, 6], [11, 0]]"
224,32.374911800026894,115952.38242764957,117495.95102789308,0.013137206744061106,0.12384809996001422,0.1179113001562655,0.009137299843132496,0.011098999995738268,224,"[[0, 6], [11, 0]]"
225,32.6315313000232,115955.73751325169,117495.95102789308,0.013108651840060022,0.12327590002678335,0.10934139997698367,0.008926600217819214,0.011167099932208657,225,"[[2, 7], [11, 0]]"
226,32.87408550013788,115955.73751325169,117495.95102789308,0.013108651840060022,0.11986299999989569,0.09677850012667477,0.010057700099423528,0.011727399891242385,226,"[[0, 6], [11, 0]]"
227,33.161214699968696,115961.47752891098,117495.95102789308,0.013059798959521786,0.1365747000090778,0.12185469991527498,0.00992400012910366,0.012875300133600831,227,"[[0, 6], [11, 0]]"
228,33.41786470008083,115961.47752891098,117495.95102789308,0.013059798959521786,0.12407099991105497,0.10900739999487996,0.00895159994252026,0.011022600112482905,228,"[[0, 6], [11, 0]]"
229,33.694524799939245,115961.47752891098,117495.95102789308,0.013059798959521786,0.13941500009968877,0.1126765999943018,0.009112600004300475,0.011161600006744266,229,"[[0, 6], [11, 0]]"
230,33.948994300095364,115961.47752891098,117495.95102789308,0.013059798959521786,0.1238935999572277,0.10583840007893741,0.009282400133088231,0.01142310001887381,230,"[[2, 7], [11, 0]]"
231,34.216883999994025,115963.85654634544,117495.95102789308,0.013039551304911998,0.12573420000262558,0.11115830019116402,0.014991299947723746,0.011991600040346384,231,"[[7, 1], [11, 0]]"
232,34.485100500052795,115987.43158691449,117495.95102789308,0.012838905747658268,0.12433089991100132,0.11729170009493828,0.009218399878591299,0.011895000003278255,232,"[[0, 6], [11, 0]]"
233,34.7285569999367,115997.01569843986,117495.95102789308,0.012757336030220973,0.11597750009968877,0.10305780009366572,0.008809200022369623,0.011926900129765272,233,"[[2, 7], [11, 0]]"
234,34.97746800002642,115997.01569843986,117495.95102789308,0.012757336030220973,0.11712719989009202,0.10762919997796416,0.009141100104898214,0.01093570003286004,234,"[[2, 7], [11, 0]]"
235,35.22235079994425,115998.56648838408,117495.95102789308,0.01274413736311245,0.12461660010740161,0.09607130009680986,0.009001499973237514,0.011485499795526266,235,"[[0, 6], [11, 0]]"
236,35.47408930002712,115998.56648838408,117495.95102789308,0.01274413736311245,0.1261913999915123,0.10034369979985058,0.009099199902266264,0.012198199983686209,236,"[[0, 6], [7, 1]]"
237,35.711121200118214,115998.56648838408,117495.95102789308,0.01274413736311245,0.13067819993011653,0.08241560007445514,0.008840400027111173,0.01135360007174313,237,"[[11, 0], [11, 5]]"
238,35.94539190013893,115998.56648838408,117495.95102789308,0.01274413736311245,0.12173440004698932,0.08925219997763634,0.008856500033289194,0.010834200074896216,238,"[[11, 0], [11, 5]]"
239,36.18416030006483,115998.56648838408,117495.95102789308,0.01274413736311245,0.12511160015128553,0.08830090006813407,0.009111700113862753,0.010549400001764297,239,"[[0, 6], [11, 0]]"
240,36.4395693000406,116007.19116830568,117495.95102789308,0.0126707333024095,0.13819780014455318,0.09345689998008311,0.008898499887436628,0.011350400047376752,240,"[[2, 7], [11, 0]]"
241,36.686609599972144,116007.19116830568,117484.4189811557,0.012573818942637519,0.11808249983005226,0.1043412999715656,0.009015799965709448,0.011530400021001697,241,"[[0, 6], [7, 1]]"
242,36.92687680013478,116011.33912440026,117484.4189811557,0.012538512506851859,0.12713839998468757,0.088672999991104,0.008964400039985776,0.011755600105971098,242,"[[0, 6], [11, 0]]"
243,37.17883080011234,116011.33912440026,117484.4189811557,0.012538512506851859,0.13094129995442927,0.09719090000726283,0.008798400172963738,0.011290899943560362,243,"[[2, 7], [11, 0]]"
244,37.443361200159416,116011.33912440026,117484.4189811557,0.012538512506851859,0.13184150005690753,0.1085614999756217,0.009184200083836913,0.011251899879425764,244,"[[7, 1], [11, 0]]"
245,37.708442700095475,116012.28608845494,117484.4189811557,0.01253045216946499,0.13690219982527196,0.10445970017462969,0.008932400029152632,0.011260299943387508,245,"[[2, 7], [11, 0]]"
246,37.96011230000295,116013.25464976067,117484.4189811557,0.012522208001309567,0.13345449999906123,0.0926216000225395,0.008964400039985776,0.011501700151711702,246,"[[0, 6], [11, 0]]"
247,38.19272490008734,116013.25464976067,117484.4189811557,0.012522208001309567,0.10795979993417859,0.09964559995569289,0.009052000008523464,0.012190300039947033,247,"[[0, 6], [11, 0]]"
248,38.419004700146616,116013.25464976067,117484.4189811557,0.012522208001309567,0.11349870008416474,0.08867269987240434,0.008685900131240487,0.011821100022643805,248,"[[2, 7], [7, 1]]"
249,38.69216430000961,116147.01313159143,117484.4189811557,0.01138368697025931,0.12353950017131865,0.11926910001784563,0.014871699968352914,0.01179939997382462,249,"[[0, 6], [11, 0]]"
250,38.94238230003975,116150.72915254427,117484.4189811557,0.01135205706575739,0.1383247000630945,0.0869313997682184,0.00908220000565052,0.01188789983280003,250,"[[0, 6], [11, 0]]"
251,39.171240400057286,116150.72915254427,117484.4189811557,0.01135205706575739,0.1007065000012517,0.10323989996686578,0.00893880007788539,0.012132299831137061,251,"[[7, 1], [11, 0]]"
252,39.41646130010486,116157.61089480124,117484.4189811557,0.011293481279141176,0.1303093999158591,0.09063530014827847,0.008748499909415841,0.011843099957332015,252,"[[2, 7], [11, 0]]"
253,39.66221350012347,116157.61089480124,117484.4189811557,0.011293481279141176,0.12038570013828576,0.09952310007065535,0.009208600036799908,0.01250149984844029,253,"[[0, 6], [11, 0]]"
254,39.899804200045764,116157.61089480124,117484.4189811557,0.011293481279141176,0.09937630011700094,0.11418869998306036,0.008805499877780676,0.01154770003631711,254,"[[0, 6], [11, 0]]"
255,40.15375220007263,116157.61089480124,117484.4189811557,0.011293481279141176,0.10886689997278154,0.12115149991586804,0.008854900021106005,0.01158619998022914,255,"[[0, 6], [11, 0]]"
256,40.402504900004715,116157.96602311329,117484.4189811557,0.011290458509695435,0.12029180000536144,0.0978017000015825,0.00890030013397336,0.018134100129827857,256,"[[7, 1], [11, 0]]"
257,40.67657550005242,116157.96602311329,117484.4189811557,0.011290458509695435,0.13116580015048385,0.11858679982833564,0.009134800173342228,0.011505400063470006,257,"[[2, 7], [11, 0]]"
258,40.939942500088364,116157.96602311335,117484.4189811557,0.011290458509694939,0.13825220009312034,0.1006711998488754,0.008919800166040659,0.011742699891328812,258,"[[7, 1], [11, 0]]"
259,41.22785450005904,116157.96602311335,117484.4189811557,0.011290458509694939,0.12074479996226728,0.14041310013271868,0.009180800057947636,0.011703100055456161,259,"[[0, 6], [11, 0]]"
260,41.487027700059116,116157.96602311335,117484.4189811557,0.011290458509694939,0.11406709998846054,0.12091249995864928,0.00890030013397336,0.011611100053414702,260,"[[2, 7], [11, 0]]"
261,41.75493109994568,116157.96602311335,117456.23152302313,0.011053185370205817,0.1367347000632435,0.10712930001318455,0.009101999923586845,0.01131090009585023,261,"[[7, 1], [11, 0]]"
262,42.01890050014481,116157.96602311335,117415.26510854272,0.010708139902142061,0.14522020006552339,0.09380319993942976,0.009221400134265423,0.011976399924606085,262,"[[7, 1], [11, 0]]"
263,42.29987180000171,116157.96602311335,117415.26510854272,0.010708139902142061,0.14247489999979734,0.11386349983513355,0.009355099871754646,0.01119329989887774,263,"[[7, 1], [11, 0]]"
264,42.552503400016576,116157.96602311335,117415.26510854272,0.010708139902142061,0.12703340011648834,0.10153699992224574,0.008824799908325076,0.011564400047063828,264,"[[2, 7], [7, 1]]"
265,42.8312586999964,116157.96602311335,117415.26510854272,0.010708139902142061,0.1398903001099825,0.11203929991461337,0.009384799981489778,0.011711300117895007,265,"[[7, 1], [11, 0]]"
266,43.0764530999586,116157.96602311335,117415.26510854272,0.010708139902142061,0.13927850010804832,0.0816987999714911,0.009010199923068285,0.011594400042667985,266,"[[0, 6], [11, 0]]"
267,43.34314040001482,116157.96602311335,117415.26510854272,0.010708139902142061,0.13906530011445284,0.10388770001009107,0.008920899825170636,0.011269300011917949,267,"[[2, 7], [7, 1]]"
268,43.58525980007835,116157.96602311335,117383.02202567554,0.010436398564472434,0.13047450012527406,0.08772479998879135,0.009222199907526374,0.010793100111186504,268,"[[2, 7], [11, 0]]"
269,43.86296489997767,116158.51615094491,117357.43718738627,0.010215978340827478,0.15206910017877817,0.10293569997884333,0.008848299970850348,0.010168500011786819,269,"[[2, 7], [11, 0]]"
270,44.127992199966684,116158.51615094491,117357.43718738627,0.010215978340827478,0.1410356000997126,0.10050710011273623,0.008985200198367238,0.0110277000349015,270,"[[0, 6], [11, 0]]"
271,44.40789410006255,116158.51615094491,117357.43718738627,0.010215978340827478,0.1453036000020802,0.10443460009992123,0.016022699885070324,0.01063019991852343,271,"[[0, 6], [11, 0]]"
272,44.67303130007349,116158.51615094491,117357.43718738627,0.010215978340827478,0.1405833000317216,0.09796649985946715,0.009141500107944012,0.01097559998743236,272,"[[7, 1], [11, 0]]"
273,44.954024200094864,116158.51615094491,117357.43718738627,0.010215978340827478,0.13512949994765222,0.12136039999313653,0.009214899968355894,0.011250399984419346,273,"[[7, 1], [11, 0]]"
274,45.19086630013771,116158.51615094491,117357.43718738627,0.010215978340827478,0.13115280005149543,0.08160449983552098,0.008699700003489852,0.011933399830013514,274,"[[0, 6], [2, 7]]"
275,45.44590390007943,116226.13701278799,117357.43718738627,0.009639782545625239,0.14153859997168183,0.08883160003460944,0.008841900154948235,0.012096799910068512,275,"[[0, 6], [2, 7]]"
276,45.70920730009675,116236.83660502662,117357.43718738627,0.009548611568352256,0.14900149987079203,0.09035310009494424,0.008651199983432889,0.011707899859175086,276,"[[0, 6], [2, 7]]"
277,45.95771180000156,116246.71992277865,117357.43718738627,0.009464396047044923,0.13520340016111732,0.08871699986048043,0.008960600011050701,0.011906999861821532,277,"[[0, 6], [2, 7]]"
278,46.22522190003656,116269.21308387462,117357.43718738627,0.009272732343107179,0.15153530007228255,0.09010359994135797,0.00972619978711009,0.01143660000525415,278,"[[0, 6], [2, 7]]"
279,46.48421090003103,116269.21308387462,117357.43718738627,0.009272732343107179,0.13555949996225536,0.10002429992891848,0.008701600134372711,0.01116130012087524,279,"[[0, 6], [2, 7]]"
280,46.72597649996169,116269.21308387462,117357.43718738627,0.009272732343107179,0.13662020000629127,0.08145279996097088,0.008853500010445714,0.011359900003299117,280,"[[2, 7], [11, 0]]"
281,47.00839510001242,116269.21308387462,117357.43718738627,0.009272732343107179,0.1323343999683857,0.12464640010148287,0.009008800145238638,0.012439799960702658,281,"[[0, 6], [11, 0]]"
282,47.30225710012019,116269.21308387462,117357.43718738627,0.009272732343107179,0.14416879997588694,0.12575850007124245,0.008787000086158514,0.011408800026401877,282,"[[2, 7], [11, 0]]"
283,47.61123350006528,116269.21308387462,117357.43718738627,0.009272732343107179,0.16211210004985332,0.12297339993529022,0.009055200032889843,0.011046100175008178,283,"[[2, 7], [11, 0]]"
284,47.86558949993923,116269.21308387462,117357.43718738627,0.009272732343107179,0.1328322000335902,0.09591630008071661,0.009069400141015649,0.011484700022265315,284,"[[2, 7], [11, 0]]"
285,48.18603320000693,116269.21308387462,117357.43718738627,0.009272732343107179,0.15676179993897676,0.1398476001340896,0.009017199976369739,0.010935199912637472,285,"[[0, 6], [11, 0]]"
286,48.447121900040656,116269.21308387462,117357.43718738627,0.009272732343107179,0.15687920013442636,0.07981459982693195,0.008516999892890453,0.012431500013917685,286,"[[4, 5], [11, 5]]"
287,48.66714229993522,116269.21308387462,117357.43718738627,0.009272732343107179,0.12111049983650446,0.07563630002550781,0.008431999944150448,0.011366399936378002,287,"[[4, 5], [11, 5]]"
288,48.93968730000779,116269.21308387462,117357.43718738627,0.009272732343107179,0.13434579991735518,0.11230879998765886,0.008742499863728881,0.013206099858507514,288,"[[2, 7], [11, 0]]"
289,49.19907710002735,116288.93302989546,117357.43718738627,0.009104699140496008,0.1363635000307113,0.09831129992380738,0.009084500139579177,0.011988800019025803,289,"[[0, 6], [11, 0]]"
290,49.458063800120726,116288.93302989546,117357.43718738627,0.009104699140496008,0.13634800002910197,0.09818129986524582,0.008852999890223145,0.012168599991127849,290,"[[0, 6], [2, 7]]"
291,49.70875240000896,116288.93302989546,117357.43718738627,0.009104699140496008,0.1227068998850882,0.1044425000436604,0.008823400130495429,0.01119360001757741,291,"[[2, 7], [11, 0]]"
292,49.966599400155246,116288.93302989546,117357.43718738627,0.009104699140496008,0.13161340006627142,0.10128189995884895,0.009017899865284562,0.012369300005957484,292,"[[0, 6], [11, 0]]"
293,50.24719260004349,116323.12436816319,117357.43718738627,0.008813355540233703,0.15244390000589192,0.09757110010832548,0.008966899942606688,0.017927699955180287,293,"[[0, 6], [2, 7]]"
294,50.490464500151575,116324.81224608718,117357.43718738627,0.008798973171596109,0.12561270012520254,0.09408640000037849,0.008916100021451712,0.011228200048208237,294,"[[0, 6], [11, 0]]"
295,50.757813800126314,116324.81224608718,117357.43718738627,0.008798973171596109,0.1443245999980718,0.09897519997321069,0.008851299993693829,0.011727100005373359,295,"[[0, 6], [2, 7]]"
296,51.010099299950525,116324.81224608718,117357.43718738627,0.008798973171596109,0.12017550016753376,0.10800500004552305,0.008811699924990535,0.011635300004854798,296,"[[0, 6], [7, 1]]"
297,51.266865600133315,116324.81224608718,117357.43718738627,0.008798973171596109,0.1406235999893397,0.09023420000448823,0.008941000094637275,0.011955900117754936,297,"[[0, 6], [11, 0]]"
298,51.53841240005568,116324.81224608718,117357.43718738627,0.008798973171596109,0.1655031000263989,0.08071010001003742,0.008841400034725666,0.012718999991193414,298,"[[2, 7], [11, 0]]"
299,51.86887779994868,116325.6751290887,117357.43718738627,0.008791620565555944,0.22749070008285344,0.07927910005673766,0.008749499917030334,0.01154770003631711,299,"[[2, 7], [11, 0]]"
300,52.22727040015161,116327.35564387483,117357.43718738627,0.008777300938045272,0.2201670000795275,0.11495610000565648,0.008736599935218692,0.010866499971598387,300,"[[2, 7], [11, 0]]"
301,52.52099230000749,116327.35564387483,117301.15227336378,0.008301679997307868,0.1704919000621885,0.096174499951303,0.009888200089335442,0.013411300024017692,301,"[[2, 7], [11, 0]]"
302,52.87407850008458,116327.35564387483,117224.41335551874,0.007652481987035484,0.17050660005770624,0.15655780001543462,0.00909249996766448,0.012865500058978796,302,"[[2, 7], [11, 0]]"
303,53.17493290011771,116327.35564387483,117224.41335551874,0.007652481987035484,0.1745775998570025,0.10100300004705787,0.008915900019928813,0.012223499827086926,303,"[[0, 6], [11, 0]]"
304,53.49240330001339,116331.73264981921,117224.41335551874,0.007615143297771985,0.19247690006159246,0.10018379986286163,0.009178400039672852,0.011940700002014637,304,"[[0, 6], [11, 0]]"
305,53.7784866001457,116331.73264981921,117224.41335551874,0.007615143297771985,0.16313460003584623,0.09824399999342859,0.008991299895569682,0.012090199859812856,305,"[[7, 1], [11, 0]]"
306,54.08383040013723,116383.57144648227,117224.41335551874,0.007172924862386538,0.16459090006537735,0.11506490013562143,0.009249400114640594,0.012503599980846047,306,"[[0, 6], [11, 0]]"
307,54.36572730005719,116383.57144648227,117224.41335551874,0.007172924862386538,0.16757400007918477,0.08840909996069968,0.009809700073674321,0.012093599885702133,307,"[[0, 6], [11, 0]]"
308,54.68524960009381,116383.57144648227,117224.41335551874,0.007172924862386538,0.19279120001010597,0.09481729986146092,0.015909200068563223,0.011980200186371803,308,"[[0, 6], [11, 0]]"
309,54.99290860001929,116383.57144648227,117224.41335551874,0.007172924862386538,0.1513703998643905,0.12747130007483065,0.009177099913358688,0.012042300077155232,309,"[[0, 6], [11, 0]]"
310,55.26100239995867,116383.57144648227,117224.41335551874,0.007172924862386538,0.16132820001803339,0.08263760013505816,0.008985300082713366,0.011359299998730421,310,"[[0, 6], [11, 0]]"
311,55.5570122001227,116383.57144648227,117224.41335551874,0.007172924862386538,0.172616999829188,0.0971595998853445,0.009267499903216958,0.012447099899873137,311,"[[0, 6], [11, 0]]"
312,55.859999200096354,116405.00931917598,117224.41335551874,0.00699004595448621,0.16399759985506535,0.11390029988251626,0.009336499962955713,0.01210350007750094,312,"[[2, 7], [7, 1]]"
313,56.159180799964815,116417.23130951732,117224.41335551874,0.006885784478642707,0.16704520001076162,0.10781050007790327,0.009215600090101361,0.011480399873107672,313,"[[2, 7], [11, 0]]"
314,56.41671880008653,116417.23130951732,117224.41335551874,0.006885784478642707,0.1474750000052154,0.08537849993444979,0.008970599854364991,0.012035500025376678,314,"[[0, 6], [11, 0]]"
315,56.71239250013605,116417.23130951732,117224.41335551874,0.006885784478642707,0.14558400004170835,0.1247084999922663,0.009101599920541048,0.011455500032752752,315,"[[7, 1], [11, 0]]"
316,56.99810750014149,116417.23130951732,117224.41335551874,0.006885784478642707,0.1663322001695633,0.09412090014666319,0.009182299952954054,0.011951199965551496,316,"[[11, 0], [11, 5]]"
317,57.29871420003474,116417.23130951732,117224.41335551874,0.006885784478642707,0.15311970002949238,0.12327830004505813,0.009194400161504745,0.011349000036716461,317,"[[0, 6], [11, 0]]"
318,57.59045480005443,116417.23130951732,117224.41335551874,0.006885784478642707,0.14802600000984967,0.11919070011936128,0.008974800119176507,0.011760100023820996,318,"[[2, 7], [11, 0]]"
319,57.87001940002665,116417.23130951732,117224.41335551874,0.006885784478642707,0.15316180000081658,0.10170500003732741,0.009168000193312764,0.011668900027871132,319,"[[0, 6], [11, 0]]"
320,58.167412700131536,116431.27109904766,117224.41335551874,0.006766016000998321,0.18322670017369092,0.0872726000379771,0.009248999878764153,0.012522399891167879,320,"[[0, 6], [11, 0]]"
321,58.462741000112146,116446.3972100666,117224.41335551874,0.006636980499041382,0.14145729993470013,0.12582319998182356,0.00913839996792376,0.013002399820834398,321,"[[2, 7], [11, 0]]"
322,58.76578040001914,116446.3972100666,117224.41335551874,0.006636980499041382,0.16230359999462962,0.11562509997747838,0.00947179994545877,0.011783899972215295,322,"[[2, 7], [11, 0]]"
323,59.063444999977946,116446.3972100666,117224.41335551874,0.006636980499041382,0.141311600105837,0.13173200003802776,0.009266200009733438,0.011525900103151798,323,"[[0, 6], [11, 0]]"
324,59.37374290009029,116522.41591941038,117224.41335551874,0.005988491782674464,0.1718689000699669,0.11192540009506047,0.009368299972265959,0.012693499913439155,324,"[[0, 6], [2, 7]]"
325,59.61620860011317,116522.41591941038,117224.41335551874,0.005988491782674464,0.1295729000121355,0.0884103998541832,0.008897500112652779,0.012148899957537651,325,"[[0, 6], [11, 0]]"
326,59.935921899974346,116528.09741992246,117224.41335551874,0.005940024911743385,0.14951290003955364,0.1381785999983549,0.015649099834263325,0.012612799881026149,326,"[[7, 1], [11, 0]]"
327,60.19795159995556,116528.09741992246,117224.41335551874,0.005940024911743385,0.14304539980366826,0.09337970009073615,0.009022600017488003,0.013016599928960204,327,"[[2, 7], [11, 0]]"
328,60.45079859998077,116528.09741992246,117224.41335551874,0.005940024911743385,0.13335319980978966,0.0955495999660343,0.009203299880027771,0.011130699887871742,328,"[[2, 7], [11, 0]]"
329,60.69827920012176,116528.09741992246,117198.81460357706,0.005722900747104765,0.13583369995467365,0.08757770014926791,0.009251200128346682,0.01108830003067851,329,"[[0, 6], [11, 0]]"
330,61.00587410014123,116534.88338587005,117198.81460357706,0.0056649994281319765,0.17504019988700747,0.10770540009252727,0.009057299932464957,0.012012299848720431,330,"[[2, 7], [11, 0]]"
331,61.268685600021854,116534.88338587005,117198.81460357706,0.0056649994281319765,0.13901529996655881,0.09842050005681813,0.00988080003298819,0.011804099893197417,331,"[[2, 7], [11, 0]]"
332,61.57517880015075,116534.88338587005,117198.81460357706,0.0056649994281319765,0.16828490002080798,0.11377980001270771,0.009065200109034777,0.01176550006493926,332,"[[2, 7], [11, 0]]"
333,61.89718209998682,116534.88338587005,117198.81460357706,0.0056649994281319765,0.16140290000475943,0.12287619989365339,0.009604600025340915,0.020879700081422925,333,"[[0, 6], [11, 0]]"
334,62.20060160011053,116534.88338587005,117198.81460357706,0.0056649994281319765,0.1556917999405414,0.12160069984383881,0.00916769984178245,0.012946899980306625,334,"[[2, 7], [11, 0]]"
335,62.48324740002863,116534.88338587005,117198.81460357706,0.0056649994281319765,0.17673199996352196,0.08182560000568628,0.009095200104638934,0.011471800040453672,335,"[[2, 7], [11, 0]]"
336,62.79495809995569,116544.45335417967,117198.81460357706,0.005583343582533303,0.1928845001384616,0.09324189997278154,0.010114500066265464,0.011717500165104866,336,"[[2, 7], [11, 0]]"
337,63.13336480013095,116544.45335417967,117198.81460357706,0.005583343582533303,0.1782092999201268,0.13616609992459416,0.009022200014442205,0.011255400022491813,337,"[[7, 1], [11, 0]]"
338,63.405840600142255,116544.45335417967,117196.9034111152,0.005567127099312505,0.14345269999466836,0.10236639995127916,0.009690299862995744,0.011391400126740336,338,"[[7, 1], [11, 0]]"
339,63.74066110001877,116544.45335417967,117196.9034111152,0.005567127099312505,0.18372210022062063,0.1271608998067677,0.009238699916750193,0.0110277000349015,339,"[[7, 1], [11, 0]]"
340,64.0707247001119,116544.45335417967,117196.9034111152,0.005567127099312505,0.18369209999218583,0.12256350019015372,0.00928420014679432,0.01094630011357367,340,"[[7, 1], [11, 0]]"
341,64.4052283000201,116544.45335417967,117196.9034111152,0.005567127099312505,0.18752999999560416,0.12286370014771819,0.009470700053498149,0.010804400080814958,341,"[[2, 7], [11, 0]]"
342,64.76458319998346,116544.45335417967,117172.64205748597,0.005361223339131508,0.16284080012701452,0.1676604999229312,0.009777899831533432,0.011272300034761429,342,"[[7, 1], [11, 0]]"
343,65.09266100008972,116544.45335417967,117172.64205748597,0.005361223339131508,0.17032260005362332,0.13249809993430972,0.009419600013643503,0.01205000001937151,343,"[[2, 7], [11, 0]]"
344,65.39093180000782,116544.45335417967,117172.64205748597,0.005361223339131508,0.16025419998914003,0.11287209996953607,0.009388400008901954,0.011810400057584047,344,"[[2, 7], [11, 0]]"
345,65.74322890001349,116544.45335417967,117172.64205748597,0.005361223339131508,0.18358940002508461,0.14440049999393523,0.00914569990709424,0.011205399874597788,345,"[[2, 7], [11, 0]]"
346,66.05626280000433,116544.45335417967,117172.64205748597,0.005361223339131508,0.15818580007180572,0.13016419997438788,0.009155099978670478,0.011903899954631925,346,"[[2, 7], [11, 0]]"
347,66.3703078001272,116544.45335417967,117172.64205748597,0.005361223339131508,0.16785980015993118,0.1196938999928534,0.009234600001946092,0.011318599805235863,347,"[[0, 6], [11, 0]]"
348,66.6570103999693,116544.45335417967,117172.64205748597,0.005361223339131508,0.16034630010835826,0.09509210009127855,0.016440500039607286,0.01132529997266829,348,"[[7, 1], [11, 0]]"
349,66.96512529999018,116544.45335417967,117172.64205748597,0.005361223339131508,0.157518400112167,0.12685900018550456,0.009249199880287051,0.010577599983662367,349,"[[7, 1], [11, 0]]"
350,67.29481410002336,116544.45335417967,117172.64205748597,0.005361223339131508,0.1721055000089109,0.13384800008498132,0.009113499894738197,0.011013099923729897,350,"[[2, 7], [11, 0]]"
351,67.5907201000955,116544.45335417967,117172.64205748597,0.005361223339131508,0.16765269986353815,0.10398550005629659,0.009159400127828121,0.011287400033324957,351,"[[7, 1], [11, 0]]"
352,67.93665060005151,116544.45335417967,117162.09818887083,0.0052717119635011245,0.1730249000247568,0.14576580002903938,0.009370699990540743,0.011724099982529879,352,"[[0, 6], [11, 0]]"
353,68.25129249994643,116544.45335417967,117162.09818887083,0.0052717119635011245,0.1962363999336958,0.0945903998799622,0.009224699810147285,0.011113099986687303,353,"[[2, 7], [11, 0]]"
354,68.54425809998065,116544.45335417967,117126.409113369,0.004968612660412374,0.16436569998040795,0.10418529994785786,0.009229599963873625,0.011372900102287531,354,"[[2, 7], [11, 0]]"
355,68.8660163001623,116544.45335417967,117126.409113369,0.004968612660412374,0.1741132999304682,0.12202919996343553,0.00976209994405508,0.011721000075340271,355,"[[2, 7], [11, 0]]"
356,69.18801970011555,116544.45335417967,117126.409113369,0.004968612660412374,0.1796230000909418,0.11888150009326637,0.009149200050160289,0.01068130019120872,356,"[[0, 6], [11, 0]]"
357,69.5110099001322,116544.45335417967,117126.409113369,0.004968612660412374,0.17137780017219484,0.1236177000682801,0.009536799974739552,0.01219690009020269,357,"[[2, 7], [11, 0]]"
358,69.86774240015075,116544.45335417967,117126.409113369,0.004968612660412374,0.18029960012063384,0.14982290007174015,0.01044420013204217,0.01197750004939735,358,"[[2, 7], [11, 0]]"
359,70.16739529999904,116544.45335417967,117126.409113369,0.004968612660412374,0.1757140001282096,0.0997413001023233,0.00917069986462593,0.011331999907270074,359,"[[0, 6], [11, 0]]"
360,70.49139500013553,116544.45335417967,117126.409113369,0.004968612660412374,0.16945679998025298,0.1303246000315994,0.009109799982979894,0.011460999958217144,360,"[[2, 7], [11, 0]]"
361,70.7939377001021,116544.45335417967,117126.409113369,0.004968612660412374,0.16370749985799193,0.11213849997147918,0.010028799995779991,0.012580099981278181,361,"[[0, 6], [11, 0]]"
362,71.12481390009634,116544.45335417967,117126.409113369,0.004968612660412374,0.17895309999585152,0.12580560008063912,0.009495100006461143,0.012731400085613132,362,"[[0, 6], [2, 7]]"
363,71.42593290004879,116544.45335417967,117126.409113369,0.004968612660412374,0.15381930000148714,0.12226890004239976,0.009336200077086687,0.01166879991069436,363,"[[0, 6], [7, 1]]"
364,71.72547310008667,116544.45335417967,117126.409113369,0.004968612660412374,0.18084739986807108,0.09385539987124503,0.009151499951258302,0.011953300097957253,364,"[[11, 0], [11, 5]]"
365,72.03192490013316,116544.45335417967,117126.409113369,0.004968612660412374,0.19395880005322397,0.08832139987498522,0.009103200165554881,0.011472499929368496,365,"[[7, 1], [11, 0]]"
366,72.36085320007987,116544.45335417967,117126.409113369,0.004968612660412374,0.18514499999582767,0.11671400000341237,0.010261900024488568,0.012710200157016516,366,"[[7, 1], [11, 0]]"
367,72.70496809994802,116544.45335417967,117126.409113369,0.004968612660412374,0.19012909987941384,0.12727049994282424,0.009246099973097444,0.01110050012357533,367,"[[7, 1], [11, 0]]"
368,73.00779820000753,116544.45335417967,117126.409113369,0.004968612660412374,0.1839432001579553,0.09478489984758198,0.009073799941688776,0.011296400101855397,368,"[[2, 7], [11, 0]]"
369,73.32486460008658,116544.45335417967,117126.409113369,0.004968612660412374,0.1783426001202315,0.11445630015805364,0.009102399926632643,0.011244700057432055,369,"[[2, 7], [11, 0]]"
370,73.63246350013651,116544.45335417967,117126.409113369,0.004968612660412374,0.1745726999361068,0.10163400019519031,0.009488800074905157,0.01818250003270805,370,"[[7, 1], [11, 0]]"
371,73.94185820012353,116544.45335417967,117126.409113369,0.004968612660412374,0.19346739980392158,0.09128079982474446,0.008860300062224269,0.012051000026986003,371,"[[0, 6], [2, 7]]"
372,74.28092629997991,116574.03754602147,117126.409113369,0.004716029216031647,0.18213420012034476,0.1295525999739766,0.009664800018072128,0.012013399973511696,372,"[[0, 6], [11, 0]]"
373,74.57359330006875,116594.8560973384,117126.409113369,0.004538284918443053,0.17668729997240007,0.09198880009353161,0.009138699853792787,0.01134449988603592,373,"[[7, 1], [11, 0]]"
374,74.91473209997639,116594.8560973384,117126.409113369,0.004538284918443053,0.2030452999752015,0.1130065000616014,0.009227900067344308,0.012158599914982915,374,"[[0, 6], [11, 0]]"
375,75.28218930005096,116594.8560973384,117126.409113369,0.004538284918443053,0.18471459997817874,0.15725960000418127,0.009254099801182747,0.012019999790936708,375,"[[0, 6], [11, 0]]"
376,75.59676340012811,116594.8560973384,117126.409113369,0.004538284918443053,0.1780415999237448,0.11194850015453994,0.009108399972319603,0.011647300096228719,376,"[[0, 6], [11, 0]]"
377,75.96012050006539,116594.8560973384,117126.409113369,0.004538284918443053,0.19224940007552505,0.1436111000366509,0.009395200060680509,0.0118452999740839,377,"[[0, 6], [11, 0]]"
378,76.30072800000198,116594.8560973384,117126.409113369,0.004538284918443053,0.1932551001664251,0.1229188998695463,0.009096699999645352,0.011566500179469585,378,"[[0, 6], [11, 0]]"
379,76.66818800009787,116594.8560973384,117126.409113369,0.004538284918443053,0.1929256001021713,0.1502108999993652,0.009262700099498034,0.011446200078353286,379,"[[2, 7], [11, 0]]"
380,77.01779670012183,116594.8560973384,117126.409113369,0.004538284918443053,0.2026824001222849,0.1214687000028789,0.009244099957868457,0.011981399962678552,380,"[[0, 6], [11, 0]]"
381,77.3579228001181,116594.8560973384,117126.409113369,0.004538284918443053,0.18157649994827807,0.13210300006903708,0.009259700076654553,0.011477700201794505,381,"[[0, 6], [11, 0]]"
382,77.65893130004406,116594.8560973384,117126.409113369,0.004538284918443053,0.18437859998084605,0.09317780006676912,0.009057299932464957,0.010678600054234266,382,"[[2, 7], [11, 0]]"
383,77.99547199998051,116594.8560973384,117126.409113369,0.004538284918443053,0.1704543000087142,0.14207959990017116,0.009122899966314435,0.010945400223135948,383,"[[2, 7], [11, 0]]"
384,78.32313619996421,116594.8560973384,117079.95698397953,0.004143329901526241,0.170763700036332,0.13310759980231524,0.00906129996292293,0.011000399943441153,384,"[[0, 6], [11, 0]]"
385,78.69210140011273,116594.8560973384,117079.95698397953,0.004143329901526241,0.18220390006899834,0.15595839987508953,0.015794900013133883,0.011213199933990836,385,"[[7, 1], [11, 0]]"
386,79.0462233000435,116594.8560973384,117079.95698397953,0.004143329901526241,0.19282289990223944,0.1329544000327587,0.009495400125160813,0.012609200086444616,386,"[[2, 7], [11, 0]]"
387,79.38305740011856,116594.8560973384,117079.95698397953,0.004143329901526241,0.18134930008091033,0.13074199995025992,0.00913130003027618,0.01193729997612536,387,"[[2, 7], [11, 0]]"
388,79.75861599994823,116594.8560973384,117079.95698397953,0.004143329901526241,0.20171759999357164,0.14998890017159283,0.009212099947035313,0.011044800048694015,388,"[[7, 1], [11, 0]]"
389,80.13790590013377,116622.62609374945,117079.95698397953,0.003906141597683163,0.19442089996300638,0.16076690005138516,0.009293299866840243,0.011066199978813529,389,"[[2, 7], [11, 0]]"
390,80.50574230006896,116622.62609374945,117079.95698397953,0.003906141597683163,0.17744140001013875,0.16318049980327487,0.009278499986976385,0.01180860004387796,390,"[[0, 6], [11, 0]]"
391,80.87249929993413,116622.62609374945,117079.95698397953,0.003906141597683163,0.2068415000103414,0.13406880013644695,0.009197899838909507,0.012393600074574351,391,"[[2, 7], [11, 0]]"
392,81.21427580015734,116622.62609374945,117079.95698397953,0.003906141597683163,0.1801463000010699,0.13790039997547865,0.009109399979934096,0.010873700026422739,392,"[[2, 7], [11, 0]]"
393,81.58342030015774,116622.62609374945,117079.95698397953,0.003906141597683163,0.19037780002690852,0.15488069993443787,0.009137599961832166,0.010829699924215674,393,"[[2, 7], [11, 0]]"
394,81.98040500003844,116622.62609374945,117079.95698397953,0.003906141597683163,0.2043430998455733,0.16528970003128052,0.009552499977871776,0.011678099865093827,394,"[[7, 1], [11, 0]]"
395,82.34141999995336,116622.62609374945,117079.95698397953,0.003906141597683163,0.21104250010102987,0.12572959996759892,0.009108599973842502,0.011465300107374787,395,"[[0, 6], [11, 0]]"
396,82.67424810002558,116622.62609374945,117079.95698397953,0.003906141597683163,0.21005789982154965,0.09872990008443594,0.009096699999645352,0.011345900129526854,396,"[[7, 1], [11, 0]]"
397,83.0223405000288,116622.62609374945,117079.95698397953,0.003906141597683163,0.22099970001727343,0.10112670017406344,0.009771900018677115,0.012062699999660254,397,"[[0, 6], [11, 0]]"
398,83.40996460011229,116622.62609374945,117079.95698397953,0.003906141597683163,0.2103563998825848,0.1518405000679195,0.00905560003593564,0.01186019997112453,398,"[[2, 7], [11, 0]]"
399,83.74772550002672,116622.62609374945,117079.95698397953,0.003906141597683163,0.2112572998739779,0.1024178999941796,0.009101300034672022,0.011309899855405092,399,"[[0, 6], [11, 0]]"
400,84.09721780009568,116622.62609374945,117079.95698397953,0.003906141597683163,0.22070599999278784,0.10503439977765083,0.009269699919968843,0.010911199962720275,400,"[[0, 6], [11, 0]]"
401,84.47660940000787,116622.62609374945,117079.95698397953,0.003906141597683163,0.21869460004381835,0.1351465000770986,0.009427099954336882,0.011985100107267499,401,"[[2, 7], [11, 0]]"
402,84.8328297000844,116634.55490460641,117079.95698397953,0.0038042555775286446,0.20756789995357394,0.1243255001027137,0.009501999942585826,0.01107759983278811,402,"[[7, 1], [11, 0]]"
403,85.17829740000889,116634.55490460641,117079.95698397953,0.0038042555775286446,0.214160299859941,0.10587530001066625,0.009558500023558736,0.010540799936279655,403,"[[7, 1], [11, 0]]"
404,85.52780149993487,116635.10641824044,117079.95698397953,0.003799545004957278,0.20295940013602376,0.12289460003376007,0.009284799918532372,0.010543399956077337,404,"[[7, 1], [11, 0]]"
405,85.87938950001262,116635.10641824044,117036.08844780985,0.0034261400469498674,0.2223455999046564,0.10512849991209805,0.009170500095933676,0.011402599979192019,405,"[[0, 6], [11, 0]]"
406,86.23403590009548,116635.10641824044,117036.08844780985,0.0034261400469498674,0.21056399983353913,0.1202856998424977,0.009599699871614575,0.010508700041100383,406,"[[0, 6], [11, 0]]"
407,86.60892050014809,116635.10641824044,117036.08844780985,0.0034261400469498674,0.22981070005334914,0.120858000125736,0.009506199974566698,0.011012000031769276,407,"[[7, 1], [11, 0]]"
408,86.99769770004787,116635.10641824044,117036.08844780985,0.0034261400469498674,0.23240109998732805,0.13102460000663996,0.009976699948310852,0.01108219986781478,408,"[[0, 6], [11, 0]]"
409,87.37313330010511,116635.10641824044,117036.08844780985,0.0034261400469498674,0.2305379998870194,0.12008140003308654,0.009357600007206202,0.011493499856442213,409,"[[0, 6], [11, 0]]"
410,87.7572790000122,116635.10641824044,117036.08844780985,0.0034261400469498674,0.21886710007674992,0.14109970000572503,0.00926470011472702,0.010973699856549501,410,"[[7, 1], [11, 0]]"
411,88.10517190000974,116635.10641824044,117012.49085137437,0.003225163658923192,0.2050813001114875,0.11866909987293184,0.009446100099012256,0.011050400091335177,411,"[[0, 6], [11, 0]]"
412,88.56666960008442,116635.10641824044,117012.49085137437,0.003225163658923192,0.25675150007009506,0.1759754999075085,0.009374700020998716,0.011557799996808171,412,"[[2, 7], [11, 0]]"
413,88.97622750001028,116635.10641824044,117012.49085137437,0.003225163658923192,0.2243612001184374,0.16115489997901022,0.009427799843251705,0.010704300133511424,413,"[[2, 7], [11, 0]]"
414,89.33572229999118,116635.10641824044,117012.49085137437,0.003225163658923192,0.22647729981690645,0.10714980005286634,0.010351999895647168,0.011613099835813046,414,"[[2, 7], [11, 0]]"
415,89.71883430005983,116635.10641824044,117012.49085137437,0.003225163658923192,0.22753340005874634,0.13076300011016428,0.009532799944281578,0.011303000152111053,415,"[[0, 6], [11, 0]]"
416,90.0447152000852,116635.10641824044,117012.49085137437,0.003225163658923192,0.19547539995983243,0.10419219988398254,0.009408700047060847,0.011899400036782026,416,"[[0, 6], [11, 0]]"
417,90.43650029995479,116635.10641824044,117012.49085137437,0.003225163658923192,0.2065097999293357,0.16065149987116456,0.009179800050333142,0.011441400041803718,417,"[[7, 1], [11, 0]]"
418,90.85079609998502,116635.10641824044,117012.49085137437,0.003225163658923192,0.24358410015702248,0.1469936000648886,0.00915060006082058,0.010913199977949262,418,"[[2, 7], [11, 0]]"
419,91.25898819998838,116635.10641824044,117012.49085137437,0.003225163658923192,0.2248352998867631,0.15873419982381165,0.009211999829858541,0.01126609998755157,419,"[[7, 1], [11, 0]]"
420,91.615932200104,116635.10641824044,117012.49085137437,0.003225163658923192,0.22711050021462142,0.10166279994882643,0.009481800021603703,0.010910300072282553,420,"[[0, 6], [11, 0]]"
421,91.997159200022,116635.10641824044,117012.49085137437,0.003225163658923192,0.25916559994220734,0.09785629995167255,0.009210600052028894,0.01128540001809597,421,"[[2, 7], [11, 0]]"
422,92.3402281999588,116635.10641824044,117012.49085137437,0.003225163658923192,0.21322909998707473,0.10482480004429817,0.009641099954023957,0.011365599930286407,422,"[[7, 1], [11, 0]]"
423,92.66569639998488,116635.10641824044,117012.49085137437,0.003225163658923192,0.19805200002156198,0.10275200009346008,0.00955630000680685,0.011200400069355965,423,"[[7, 1], [11, 0]]"
424,93.02426910004579,116635.10641824044,117012.49085137437,0.003225163658923192,0.22074189991690218,0.11394730000756681,0.008988699875772,0.01123950001783669,424,"[[2, 7], [11, 0]]"
425,93.36655739997514,116635.10641824044,117012.49085137437,0.003225163658923192,0.21026760013774037,0.10674980003386736,0.009474599966779351,0.01080939988605678,425,"[[2, 7], [11, 0]]"
426,93.73032029997557,116635.10641824044,117012.49085137437,0.003225163658923192,0.24617589986883104,0.0921516998205334,0.009168399963527918,0.012380300089716911,426,"[[0, 6], [11, 0]]"
427,94.10085389995947,116635.10641824044,117012.49085137437,0.003225163658923192,0.2311114000622183,0.11424620007164776,0.009377199923619628,0.011389299994334579,427,"[[7, 1], [11, 0]]"
428,94.43704280001111,116635.10641824044,117012.49085137437,0.003225163658923192,0.21615300001576543,0.09539230004884303,0.00924540008418262,0.01154960016719997,428,"[[0, 6], [11, 0]]"
429,94.80288720014505,116649.02546129256,117012.49085137437,0.0031062101783942953,0.24811559985391796,0.09387979982420802,0.009289899840950966,0.011002900078892708,429,"[[2, 7], [11, 0]]"
430,95.16414980008267,116649.02546129256,117012.49085137437,0.0031062101783942953,0.2452591999899596,0.09153200010769069,0.009118499932810664,0.011672500055283308,430,"[[7, 1], [11, 0]]"
431,95.56865580007434,116649.02546129256,117012.49085137437,0.0031062101783942953,0.24495439999736845,0.13197430013678968,0.009870900074020028,0.011333800153806806,431,"[[2, 7], [11, 0]]"
432,95.9820524000097,116649.02546129256,117012.49085137437,0.0031062101783942953,0.26682569994591177,0.12241870001889765,0.009252999909222126,0.011155700078234076,432,"[[0, 6], [11, 0]]"
433,96.34647740004584,116649.02546129256,117012.49085137437,0.0031062101783942953,0.24151009996421635,0.09782519983127713,0.009396199835464358,0.011500800028443336,433,"[[0, 6], [11, 0]]"
434,96.70729809999466,116649.02546129256,117012.49085137437,0.0031062101783942953,0.23846540017984807,0.09855069988407195,0.009561300044879317,0.010694999946281314,434,"[[0, 6], [11, 0]]"
435,97.05480169993825,116649.02546129256,117012.49085137437,0.0031062101783942953,0.22410009987652302,0.09984789998270571,0.009061000077053905,0.01108389999717474,435,"[[0, 6], [11, 0]]"
436,97.47381420014426,116649.02546129256,117012.49085137437,0.0031062101783942953,0.2516004000790417,0.1392819001339376,0.009682999923825264,0.012104500085115433,436,"[[0, 6], [11, 0]]"
437,97.86572470003739,116649.02546129256,117012.49085137437,0.0031062101783942953,0.2532351999543607,0.11449250020086765,0.00926439999602735,0.0111563999671489,437,"[[0, 6], [11, 0]]"
438,98.24864930007607,116649.02546129256,117012.49085137437,0.0031062101783942953,0.24670940008945763,0.11232239985838532,0.009206600021570921,0.010724900057539344,438,"[[0, 6], [11, 0]]"
439,98.63618399994448,116649.02546129256,117012.49085137437,0.0031062101783942953,0.24151100008748472,0.12175050005316734,0.00952659989707172,0.010929299984127283,439,"[[2, 7], [11, 0]]"
440,98.98944910010323,116649.02546129256,117012.49085137437,0.0031062101783942953,0.2357914000749588,0.09299709997139871,0.009329500142484903,0.011111800093203783,440,"[[7, 1], [11, 0]]"
441,99.34749800013378,116649.02546129256,117012.49085137437,0.0031062101783942953,0.21494719991460443,0.11924030003137887,0.009301499929279089,0.010910100070759654,441,"[[0, 6], [11, 0]]"
442,99.72128130006604,116649.02546129256,117012.49085137437,0.0031062101783942953,0.24612469994463027,0.10362279997207224,0.009335200069472194,0.010713099967688322,442,"[[7, 1], [11, 0]]"
443,100.07915850006975,116649.02546129256,117012.49085137437,0.0031062101783942953,0.23316709999926388,0.10109439981169999,0.009226500056684017,0.01049420004710555,443,"[[0, 6], [11, 0]]"
444,100.52159500005655,116649.02546129256,117012.49085137437,0.0031062101783942953,0.2826414001174271,0.13532180013135076,0.009465099778026342,0.011094300076365471,444,"[[2, 7], [11, 0]]"
445,100.87602300010622,116649.02546129256,117012.49085137437,0.0031062101783942953,0.21790899988263845,0.11188480001874268,0.009460499975830317,0.010759300086647272,445,"[[2, 7], [11, 0]]"
446,101.23357730009593,116649.02546129256,117012.49085137437,0.0031062101783942953,0.227712000021711,0.10601949994452298,0.009188700001686811,0.010936499806120992,446,"[[0, 6], [11, 0]]"
447,101.60294499993324,116649.02546129256,117012.49085137437,0.0031062101783942953,0.22654190007597208,0.11722619994543493,0.009492199867963791,0.011542200110852718,447,"[[0, 6], [11, 0]]"
448,101.98661860008724,116649.02546129256,117012.49085137437,0.0031062101783942953,0.2580759001430124,0.10125739988870919,0.009642899967730045,0.01107820007018745,448,"[[2, 7], [11, 0]]"
449,102.35233490006067,116649.02546129256,117012.49085137437,0.0031062101783942953,0.2452589999884367,0.09636349999345839,0.009210000047460198,0.011214599944651127,449,"[[0, 6], [11, 0]]"
450,102.71717140008695,116649.02546129256,117009.97415813961,0.0030847686228801362,0.23366129980422556,0.10717560001648962,0.009260299848392606,0.010904199909418821,450,"[[0, 6], [11, 0]]"
451,103.12276550009847,116649.02546129256,117009.97415813961,0.0030847686228801362,0.2725038998760283,0.10569290001876652,0.011271199909970164,0.011767099844291806,451,"[[7, 1], [11, 0]]"
452,103.47604730003513,116649.02546129256,117009.97415813961,0.0030847686228801362,0.25067869992926717,0.07632169988937676,0.009717100067064166,0.011940199881792068,452,"[[7, 1], [11, 0]]"
453,103.82679600012489,116649.02546129256,117008.37614345615,0.0030711534849693677,0.23287639999762177,0.09228460001759231,0.010473900008946657,0.01121160015463829,453,"[[2, 7], [11, 0]]"
454,104.19518520007841,116649.02546129256,117008.37614345615,0.0030711534849693677,0.23393950005993247,0.10965479980222881,0.009556900011375546,0.01137279998511076,454,"[[2, 7], [11, 0]]"
455,104.6723050000146,116649.02546129256,117008.37614345615,0.0030711534849693677,0.3051235000602901,0.1477079999167472,0.009077999973669648,0.011219900101423264,455,"[[7, 1], [11, 0]]"
456,105.13678089994937,116649.02546129256,117008.37614345615,0.0030711534849693677,0.2967525999993086,0.14164109993726015,0.009308699984103441,0.010833699954673648,456,"[[7, 1], [11, 0]]"
457,105.54144940013066,116649.02546129256,117008.37614345615,0.0030711534849693677,0.24920589989051223,0.1316392000298947,0.00930859986692667,0.01079970016144216,457,"[[11, 0], [11, 5]]"
458,105.96105689997785,116649.02546129256,117008.37614345615,0.0030711534849693677,0.2535548999439925,0.13973299995996058,0.010020399931818247,0.012117800069972873,458,"[[2, 7], [11, 0]]"
459,106.34944180003367,116649.02546129256,117008.37614345615,0.0030711534849693677,0.22419849992729723,0.13983049988746643,0.009581899968907237,0.010827200021594763,459,"[[0, 6], [11, 0]]"
460,106.74337580008432,116649.02546129256,117008.37614345615,0.0030711534849693677,0.24678019993007183,0.12040130002424121,0.009454000042751431,0.01182790007442236,460,"[[2, 7], [11, 0]]"
461,107.13389880000614,116649.02546129256,117008.37614345615,0.0030711534849693677,0.2498495001345873,0.11615250003524125,0.009251000126823783,0.011446200078353286,461,"[[2, 7], [11, 0]]"
462,107.50317699997686,116649.02546129256,117008.37614345615,0.0030711534849693677,0.22061289986595511,0.12484689988195896,0.009471500059589744,0.010521900141611695,462,"[[2, 7], [11, 0]]"
463,107.89921039994806,116649.02546129256,117008.37614345615,0.0030711534849693677,0.24450879986397922,0.12652609986253083,0.009852699935436249,0.011018899967893958,463,"[[2, 7], [11, 0]]"
464,108.27773270010948,116649.02546129256,117008.37614345615,0.0030711534849693677,0.2462296998128295,0.10955539997667074,0.00909839989617467,0.009944800054654479,464,"[[7, 1], [11, 0]]"
465,108.68963299994357,116649.02546129256,117008.37614345615,0.0030711534849693677,0.23026920016855001,0.15595939988270402,0.009417399996891618,0.010098799830302596,465,"[[2, 7], [11, 0]]"
466,109.06829309999011,116660.63809654235,117008.37614345615,0.0029719072973670045,0.25010059983469546,0.10344059998169541,0.00916359992697835,0.012358600040897727,466,"[[0, 6], [11, 0]]"
467,109.40198820014484,116660.63809654235,117008.37614345615,0.0029719072973670045,0.20909260003827512,0.10067979991436005,0.008960000006482005,0.011123700067400932,467,"[[0, 6], [11, 0]]"
468,109.75740100000985,116660.63809654235,117008.37614345615,0.0029719072973670045,0.21831930009648204,0.11349590006284416,0.008803099859505892,0.011138600064441562,468,"[[0, 6], [2, 7]]"
469,110.1269125000108,116687.52465589382,117008.37614345615,0.0027421240951925334,0.21938659995794296,0.1262711000163108,0.009165399940684438,0.01108659990131855,469,"[[0, 6], [2, 7]]"
470,110.46868130005896,116687.52465589382,117008.37614345615,0.0027421240951925334,0.20710529992356896,0.10800600005313754,0.00936240004375577,0.01155799999833107,470,"[[0, 6], [11, 0]]"
471,110.85047720000148,116690.5096680945,117008.37614345615,0.0027166129967647096,0.20515840011648834,0.15212159999646246,0.009339199867099524,0.011334700044244528,471,"[[2, 7], [11, 0]]"
472,111.22061740001664,116690.5096680945,117008.37614345615,0.0027166129967647096,0.2494349000044167,0.09614149993285537,0.009304500184953213,0.011367700062692165,472,"[[7, 1], [11, 0]]"
473,111.61566030001268,116690.75413974421,117008.37614345615,0.0027145236450638334,0.2746018001344055,0.09666049992665648,0.009472799953073263,0.01088969991542399,473,"[[7, 1], [11, 0]]"
474,111.99412870011292,116690.75413974421,117008.37614345615,0.0027145236450638334,0.2356576998718083,0.11896409979090095,0.009141999995335937,0.010967399924993515,474,"[[7, 1], [11, 0]]"
475,112.38999970001169,116690.75413974421,117008.37614345615,0.0027145236450638334,0.25585520011372864,0.11426300019957125,0.010075799887999892,0.011865900130942464,475,"[[2, 7], [11, 0]]"
476,112.78146570012905,116690.75413974421,117008.37614345615,0.0027145236450638334,0.2668769999872893,0.10003720014356077,0.009459500201046467,0.011275599943473935,476,"[[2, 7], [11, 0]]"
477,113.15851400000975,116697.48643027933,117008.37614345615,0.0026569868194363804,0.2582987998612225,0.09489699988625944,0.009375300025567412,0.010782399913296103,477,"[[2, 7], [11, 0]]"
478,113.53985860012472,116697.48643027933,117008.37614345615,0.0026569868194363804,0.25170669984072447,0.10526169999502599,0.009345300029963255,0.011230400064960122,478,"[[2, 7], [11, 0]]"
479,113.89278879994527,116697.48643027933,117008.37614345615,0.0026569868194363804,0.24189810012467206,0.0865015999879688,0.009255599929019809,0.011589800007641315,479,"[[2, 7], [11, 0]]"
480,114.24681080016308,116697.48643027933,117008.37614345615,0.0026569868194363804,0.23718989989720285,0.0914153999183327,0.009183800080791116,0.012432399904355407,480,"[[0, 6], [11, 0]]"
481,114.61649399995804,116697.48643027933,117008.37614345615,0.0026569868194363804,0.23835060000419617,0.10700449999421835,0.009294799994677305,0.011278399964794517,481,"[[7, 1], [11, 0]]"
482,115.04334990005009,116697.48643027933,117008.37614345615,0.0026569868194363804,0.2761426998768002,0.12697270000353456,0.009328800020739436,0.010598500026389956,482,"[[7, 1], [11, 0]]"
483,115.41397040011361,116697.48643027933,117008.37614345615,0.0026569868194363804,0.25543029978871346,0.09029799979180098,0.00925369979813695,0.011809000046923757,483,"[[2, 7], [11, 0]]"
484,115.7862401001621,116697.48643027933,117008.37614345615,0.0026569868194363804,0.22923530009575188,0.1183947001118213,0.00928370002657175,0.011320900171995163,484,"[[2, 7], [11, 0]]"
485,116.22206830000505,116697.48643027933,117008.37614345615,0.0026569868194363804,0.2679866999387741,0.14358439994975924,0.009148299926891923,0.011049500200897455,485,"[[2, 7], [11, 0]]"
486,116.65149480011314,116697.48643027933,117008.37614345615,0.0026569868194363804,0.2589179000351578,0.14521879982203245,0.009302600054070354,0.011776099912822247,486,"[[2, 7], [11, 0]]"
487,117.0187768000178,116697.77027842896,117008.37614345615,0.002654560940546469,0.25178999989293516,0.09110639989376068,0.009479600004851818,0.01122920005582273,487,"[[0, 6], [11, 0]]"
488,117.43055799999274,116715.44599410283,117008.37614345615,0.002503497262402573,0.24646959989331663,0.13961390010081232,0.009033399866893888,0.012177999829873443,488,"[[0, 6], [2, 7]]"
489,117.75872509996407,116716.39048631792,117008.37614345615,0.0024954252572503186,0.21135390014387667,0.0907803000882268,0.009352300083264709,0.011371799977496266,489,"[[2, 7], [11, 0]]"
490,118.16453279997222,116716.47934271194,117008.37614345615,0.0024946658552574613,0.23867190000601113,0.1425427000503987,0.009242299944162369,0.011247799964621663,490,"[[2, 7], [11, 0]]"
491,118.60272920015268,116717.55783861823,117008.37614345615,0.0024854486014006492,0.2705028001219034,0.14339790004305542,0.009299699915573001,0.011031100060790777,491,"[[7, 1], [11, 0]]"
492,119.00183680001646,116718.30150959174,117008.37614345615,0.0024790928942451805,0.23612220003269613,0.13779289997182786,0.009394900174811482,0.011650300119072199,492,"[[2, 7], [11, 0]]"
493,119.41007590014488,116719.6052575761,117008.37614345615,0.00246795054677115,0.27632100018672645,0.10719270003028214,0.009647200116887689,0.01136059989221394,493,"[[7, 1], [11, 0]]"
494,119.79506610007957,116719.61530981053,117008.37614345615,0.002467864636387975,0.23939589993096888,0.11899320012889802,0.009729599812999368,0.011070400010794401,494,"[[7, 1], [11, 0]]"
495,120.17074530012906,116720.65333881522,117008.37614345615,0.002458993228725535,0.2571931998245418,0.09423739998601377,0.009312399895861745,0.011364999925717711,495,"[[2, 7], [11, 0]]"
496,120.53921480011195,116720.92919976966,117008.37614345615,0.00245663561157425,0.2532729001250118,0.09125910000875592,0.009277300210669637,0.010968000162392855,496,"[[7, 1], [11, 0]]"
497,120.92431210004725,116721.56820419195,117008.37614345615,0.002451174426286881,0.2502742998767644,0.11004650010727346,0.009385900106281042,0.011401599971577525,497,"[[0, 6], [11, 0]]"
498,121.29334460012615,116722.4487106275,117008.37614345615,0.0024436492689898074,0.25092749996110797,0.09394789999350905,0.009542300133034587,0.011035299859941006,498,"[[2, 7], [11, 0]]"
499,121.68231609999202,116722.45064318198,117008.37614345615,0.002443632752612651,0.25740999984554946,0.1046140999533236,0.009702999843284488,0.012132300063967705,499,"[[2, 7], [11, 0]]"
500,122.09414810012095,116722.76154684272,117008.37614345615,0.002440975646591727,0.2384248001035303,0.14853919995948672,0.0095295999199152,0.01146619999781251,500,"[[7, 1], [11, 0]]"
501,122.47695349995047,116723.13619694998,117008.37614345615,0.0024377737381505674,0.24749620002694428,0.1109253999311477,0.009290399961173534,0.011275599943473935,501,"[[2, 7], [11, 0]]"
502,122.85212750011124,116724.50001488003,117008.37614345615,0.002426118009090839,0.2537587000988424,0.09698299993760884,0.009567099856212735,0.011205899994820356,502,"[[0, 6], [11, 0]]"
503,123.25408029998653,116724.6785951251,117008.37614345615,0.0024245917914733723,0.2804360000882298,0.09597769984975457,0.009474199963733554,0.01222289982251823,503,"[[2, 7], [11, 0]]"
504,123.65468319994397,116724.90948479393,117008.37614345615,0.002422618516769084,0.266940200002864,0.10733260004781187,0.00941829988732934,0.011647799983620644,504,"[[7, 1], [11, 0]]"
505,124.09995079995133,116725.29035360069,116971.13012872223,0.0021017132590836793,0.3177430999930948,0.10273510008119047,0.009772000135853887,0.011349100153893232,505,"[[2, 7], [11, 0]]"
506,124.51149610010907,116725.97734364963,116971.13012872223,0.002095840100055601,0.2579594000708312,0.12797860009595752,0.009859499987214804,0.011599099962040782,506,"[[0, 6], [11, 0]]"
507,124.95161040010862,116726.983522778,116971.13012872223,0.0020872381559069995,0.2584581000264734,0.15717500005848706,0.009319799952208996,0.011359299998730421,507,"[[7, 1], [11, 0]]"
508,125.36781170009635,116727.57381396941,116971.13012872223,0.0020821916868272636,0.28489669994451106,0.10725440015085042,0.009421899914741516,0.011087700026109815,508,"[[7, 1], [11, 0]]"
509,125.77286339993589,116728.23561858034,116971.13012872223,0.0020765338410819656,0.27011990011669695,0.10740479989908636,0.00956329982727766,0.01194470003247261,509,"[[7, 1], [11, 0]]"
510,126.21274100011215,116728.68858200715,116971.13012872223,0.002072661403273486,0.3123123999685049,0.10338260000571609,0.009232799988240004,0.011268399888649583,510,"[[0, 6], [11, 0]]"
511,126.64239410008304,116728.8985753958,116971.13012872223,0.0020708661450040463,0.31131840008310974,0.09449229994788766,0.00941069982945919,0.010887300129979849,511,"[[7, 1], [11, 0]]"
512,127.07976140012033,116729.54245360015,116971.13012872223,0.0020653615542247095,0.2650381000712514,0.14690759987570345,0.009618900017812848,0.011679599992930889,512,"[[7, 1], [11, 0]]"
513,127.52802740014158,116729.62378667838,116970.11366538261,0.0020559942293653264,0.3021615999750793,0.1203173000831157,0.010539700044319034,0.011444600066170096,513,"[[7, 1], [11, 0]]"
514,127.97384220012464,116730.7519162533,116970.11366538261,0.0020463496326425384,0.29218679992482066,0.12865400011651218,0.009528700029477477,0.011552599957212806,514,"[[7, 1], [11, 0]]"
515,128.39941589999944,116731.20169832083,116958.3692105265,0.0019422937728959988,0.3040921001229435,0.09685879992321134,0.009485699934884906,0.011412300169467926,515,"[[2, 7], [11, 0]]"
516,128.85234869993292,116731.54951075769,116958.3692105265,0.0019393199588867622,0.31277189985848963,0.11546109989285469,0.009546700166538358,0.011219700099900365,516,"[[7, 1], [11, 0]]"
517,129.24786669993773,116732.52447932058,116958.3692105265,0.0019309839281309192,0.26064480002969503,0.11078629991970956,0.009235400008037686,0.010970300063490868,517,"[[0, 6], [11, 0]]"
518,129.65026920009404,116733.20359602109,116958.3692105265,0.0019251774458321487,0.27147559984587133,0.10572350001893938,0.00941000017337501,0.012036100029945374,518,"[[2, 7], [11, 0]]"
519,130.07093870011158,116733.54256641906,116958.3692105265,0.0019222792317047555,0.2627047998830676,0.1297406000085175,0.009898999938741326,0.011922799982130527,519,"[[0, 6], [11, 0]]"
520,130.47087800013833,116734.2844211171,116958.3692105265,0.0019159363363390324,0.28352089994587004,0.0914094999898225,0.009576499927788973,0.011881599901244044,520,"[[2, 7], [11, 0]]"
521,130.84807320008986,116735.36802514724,116958.3692105265,0.0019066714668179296,0.2552205000538379,0.09779490018263459,0.009395199827849865,0.011187100084498525,521,"[[2, 7], [11, 0]]"
522,131.24141170014627,116735.70963024191,116958.3692105265,0.0019037507258998169,0.24822800001129508,0.12133449991233647,0.009254900040104985,0.010909200180321932,522,"[[7, 1], [11, 0]]"
523,131.62083070003428,116736.79030795442,116958.3692105265,0.0018945108765431149,0.2504030999261886,0.10455779987387359,0.009344299789518118,0.01147049991413951,523,"[[7, 1], [11, 0]]"
524,132.02075519994833,116738.65296021482,116958.3692105265,0.0018785851050658305,0.2560015998315066,0.11698100017383695,0.009530300041660666,0.011419400107115507,524,"[[0, 6], [11, 0]]"
525,132.44734390010126,116738.87861294043,116958.3692105265,0.0018766557627952981,0.2686168998479843,0.13394450000487268,0.009366900194436312,0.010762999998405576,525,"[[0, 6], [11, 0]]"
526,132.83411210007034,116739.40299501986,116958.3692105265,0.0018721722693696699,0.2462550001218915,0.1167659000493586,0.00922139990143478,0.010612000012770295,526,"[[0, 6], [11, 0]]"
527,133.2440599000547,116740.041847401,116958.3692105265,0.0018667100490476426,0.28487919992767274,0.10114759998396039,0.009199300082400441,0.010969199938699603,527,"[[0, 6], [11, 0]]"
528,133.69372740015388,116740.05555200452,116958.3692105265,0.0018665928739911174,0.3028851000126451,0.12073020008392632,0.009589499793946743,0.010513400193303823,528,"[[0, 6], [11, 0]]"
529,134.19137750007212,116740.69749731357,116958.3692105265,0.0018611042089782372,0.31376979988999665,0.15976920002140105,0.009297800017520785,0.011055100010707974,529,"[[0, 6], [11, 0]]"
530,134.61436649993993,116740.94704275893,116958.3692105265,0.001858970582739734,0.29933449998497963,0.10002780007198453,0.00918460008688271,0.010723500046879053,530,"[[2, 7], [11, 0]]"
531,135.0235353000462,116741.11493482543,116958.3692105265,0.0018575350970397092,0.2739194999448955,0.11107919993810356,0.009317500051110983,0.011159799993038177,531,"[[0, 6], [11, 0]]"
532,135.44481880008243,116741.2733831914,116958.3692105265,0.0018561803554591144,0.2836531000211835,0.11142969992943108,0.009667899925261736,0.012183800106868148,532,"[[0, 6], [11, 0]]"
533,135.86592070013285,116741.43996839099,116958.3692105265,0.0018547560435375515,0.28459830000065267,0.1102690000552684,0.009580499958246946,0.010785799939185381,533,"[[0, 6], [11, 0]]"
534,136.2901087999344,116741.88234596571,116958.3692105265,0.0018509736927941772,0.29625100013799965,0.10376169998198748,0.009310099994763732,0.011241300031542778,534,"[[2, 7], [11, 0]]"
535,136.67832860001363,116742.92651009728,116958.3692105265,0.0018420460364099586,0.2708071998786181,0.09370510000735521,0.009305099956691265,0.010918099898844957,535,"[[0, 6], [11, 0]]"
536,137.08395280013792,116743.42670191574,116958.3692105265,0.0018377693709448585,0.2730771000497043,0.10759639996103942,0.009304800070822239,0.011763500049710274,536,"[[0, 6], [2, 7]]"
537,137.4913195001427,116743.42670191574,116958.3692105265,0.0018377693709448585,0.25575200002640486,0.12669519986957312,0.009438500041142106,0.011255200020968914,537,"[[0, 6], [2, 7]]"
538,137.90319430013187,116743.42670191574,116958.3692105265,0.0018377693709448585,0.26065309997648,0.12621390004642308,0.009108899859711528,0.010741099948063493,538,"[[0, 6], [2, 7]]"
539,138.32175180013292,116743.51334684002,116958.3692105265,0.0018370285524394387,0.27105809981003404,0.1238512999843806,0.009259900078177452,0.010443500010296702,539,"[[0, 6], [2, 7]]"
540,138.68289980012923,116743.9094944467,116958.3692105265,0.0018336414702719574,0.24855709983967245,0.08894610009156168,0.009100200142711401,0.010987699963152409,540,"[[2, 7], [11, 0]]"
541,139.16305069997907,116744.07211494939,116958.3692105265,0.0018322510567104326,0.33044750010594726,0.12412119982764125,0.009381500072777271,0.011919299839064479,541,"[[0, 6], [11, 0]]"
542,139.58919039997272,116744.6833088419,116958.3692105265,0.0018270253178716653,0.2848861999809742,0.11663389997556806,0.009670499945059419,0.011240600142627954,542,"[[0, 6], [11, 0]]"
543,140.005920200143,116744.8382668533,116958.3692105265,0.0018257004189999228,0.2861664998345077,0.10385029995813966,0.009948799852281809,0.011077099945396185,543,"[[0, 6], [11, 0]]"
544,140.47328800009564,116745.68904651355,116958.3692105265,0.0018184262096723421,0.3033115998841822,0.1388211001176387,0.009746300056576729,0.011453700019046664,544,"[[2, 7], [11, 0]]"
545,140.87462990009226,116745.89724309999,116958.3692105265,0.001816646118278799,0.2655934998765588,0.11183900013566017,0.009382300078868866,0.010585800046101213,545,"[[2, 7], [11, 0]]"
546,141.29603980015963,116746.6416969895,116958.3692105265,0.0018102809996938989,0.29373839986510575,0.10247689997777343,0.009547500172629952,0.011560099897906184,546,"[[2, 7], [11, 0]]"
547,141.70853039994836,116746.8301966348,116958.3692105265,0.0018086693181480742,0.2790139000862837,0.10846249992027879,0.009512800024822354,0.01173719996586442,547,"[[2, 7], [11, 0]]"
548,142.13738470012322,116747.00902413714,116958.3692105265,0.0018071403339159082,0.2733346000313759,0.12782060005702078,0.009810700081288815,0.011146600125357509,548,"[[7, 1], [11, 0]]"
549,142.56141510000452,116747.44098100222,116958.3692105265,0.001803447080769525,0.2903430999722332,0.10900950012728572,0.0096110999584198,0.011425800155848265,549,"[[2, 7], [11, 0]]"
550,143.01151209999807,116747.45229133942,116958.3692105265,0.0018033503768117407,0.31632149987854064,0.10764750000089407,0.010032200021669269,0.011920099845156074,550,"[[2, 7], [11, 0]]"
551,143.42061770008877,116747.52823087166,116940.3739055833,0.0016490940491377716,0.26981689990498126,0.11466940003447235,0.00969880004413426,0.011073200032114983,551,"[[2, 7], [11, 0]]"
552,143.85802090005018,116747.68189146352,116940.3739055833,0.001647780041094746,0.27660059998743236,0.13474260014481843,0.009581399848684669,0.010718700010329485,552,"[[2, 7], [11, 0]]"
553,144.28416440007277,116748.00677721229,116940.3739055833,0.0016450018239750912,0.29722699988633394,0.10443399986252189,0.009407799923792481,0.011237099999561906,553,"[[7, 1], [11, 0]]"
554,144.710754300002,116748.40618218682,116940.3739055833,0.0016415863656419377,0.2731467999983579,0.1290945999789983,0.009394500171765685,0.011201600078493357,554,"[[2, 7], [11, 0]]"
555,145.13156450004317,116748.63067806058,116927.40433141071,0.0015289286063635422,0.29100980004295707,0.1052255998365581,0.009446199983358383,0.011430799961090088,555,"[[0, 6], [11, 0]]"
556,145.52751000015996,116748.82065615439,116926.03277282979,0.001515591630648159,0.26654990017414093,0.10361959994770586,0.009675800101831555,0.011896600015461445,556,"[[2, 7], [11, 0]]"
557,145.95399400009774,116749.14968922599,116926.03277282979,0.001512777603148941,0.27314899978227913,0.1264651999808848,0.009635899914428592,0.01150909997522831,557,"[[2, 7], [11, 0]]"
558,146.37339300010353,116749.28713723007,116926.03277282979,0.001511602090726056,0.2835551998578012,0.11194249987602234,0.009364600060507655,0.010867099976167083,558,"[[2, 7], [11, 0]]"
559,146.78149860003032,116749.33377341891,116926.03277282979,0.0015112032386677642,0.2891269000247121,0.0938089000992477,0.00987309985794127,0.011242399923503399,559,"[[0, 6], [11, 0]]"
560,147.216424100101,116749.42202793862,116926.03277282979,0.0015104484493568106,0.28859330015257,0.12226159987039864,0.00931190000846982,0.010804299963638186,560,"[[2, 7], [11, 0]]"
561,147.64420889993198,116749.66157614184,116926.03277282979,0.0015083997336214478,0.27534170006401837,0.12700049998238683,0.009595599956810474,0.01165249990299344,561,"[[7, 1], [11, 0]]"
562,148.0754557000473,116750.17029101597,116926.03277282979,0.0015040489927122965,0.277142999926582,0.12697250000201166,0.009472999954596162,0.011594000039622188,562,"[[0, 6], [11, 0]]"
563,148.49980620015413,116750.23818056329,116926.03277282979,0.001503468373104201,0.3144303997978568,0.08573370007798076,0.009459200082346797,0.011057700030505657,563,"[[2, 7], [11, 0]]"
564,148.91849720012397,116750.37023838796,116926.03277282979,0.0015023389597346101,0.28400790016166866,0.11076600011438131,0.009444399969652295,0.010905900038778782,564,"[[7, 1], [11, 0]]"
565,149.38216640008613,116750.51286479531,116926.03277282979,0.0015011191594560048,0.3217583999503404,0.11647340003401041,0.009453300153836608,0.011532099917531013,565,"[[0, 6], [11, 0]]"
566,149.84543450013734,116750.67419620852,116926.03277282979,0.0014997393861977662,0.3183435001410544,0.12060689995996654,0.009527599904686213,0.010990099981427193,566,"[[7, 1], [11, 0]]"
567,150.3008253001608,116750.93081497758,116926.03277282979,0.0014975446758927293,0.31541160005144775,0.11530749988742173,0.009816600009799004,0.011000900063663721,567,"[[7, 1], [11, 0]]"
568,150.70834679994732,116751.03854955091,116926.03277282979,0.0014966232850717055,0.2776583998929709,0.10606710007414222,0.009300100151449442,0.010660500032827258,568,"[[7, 1], [11, 0]]"
569,151.11581069999374,116751.25090230562,116926.03277282979,0.001494807156108185,0.275587199954316,0.10759409982711077,0.00954920006915927,0.01099189999513328,569,"[[7, 1], [11, 0]]"
570,151.5466823000461,116751.48493020442,116926.03277282979,0.001492805652309178,0.3119804998859763,0.09462850005365908,0.009664500132203102,0.0108258998952806,570,"[[0, 6], [11, 0]]"
571,151.9827382999938,116751.49510800102,116926.03277282979,0.0014927186075650494,0.2815734001342207,0.12911539990454912,0.009522199863567948,0.01097249984741211,571,"[[0, 6], [11, 0]]"
572,152.42690289998427,116751.70065267067,116926.03277282979,0.0014909607041728586,0.29901110008358955,0.12036729999817908,0.009436799911782146,0.011638200143352151,572,"[[0, 6], [11, 0]]"
573,152.84364269999787,116752.11869653733,116926.03277282979,0.0014873854193816738,0.27796559990383685,0.11363869998604059,0.009861200116574764,0.011398599948734045,573,"[[0, 6], [11, 0]]"
574,153.2568431000691,116752.27534677117,116926.03277282979,0.0014860456815138587,0.28326479997485876,0.10643819998949766,0.009204800007864833,0.010787100065499544,574,"[[0, 6], [11, 0]]"
575,153.7173701999709,116752.94107278432,116926.03277282979,0.001480352116125898,0.31150120007805526,0.12450050003826618,0.00939990021288395,0.010930499993264675,575,"[[7, 1], [11, 0]]"
576,154.12112980009988,116753.69176258607,116926.03277282979,0.0014739319051263172,0.2939352998510003,0.08644949994049966,0.009101200150325894,0.010837400099262595,576,"[[2, 7], [11, 0]]"
577,154.5375337000005,116754.54998952636,116926.03277282979,0.0014665919918499884,0.29434399981983006,0.09709660010412335,0.00991660007275641,0.011337999952957034,577,"[[7, 1], [11, 0]]"
578,154.94283460010774,116754.92023180382,116926.03277282979,0.0014634255261051815,0.2837833999656141,0.09780509979464114,0.009373199893161654,0.010635000187903643,578,"[[7, 1], [11, 0]]"
579,155.40003090002574,116754.99611624899,116917.93869177303,0.0013936490614464001,0.31098679988645017,0.12282419996336102,0.009560700040310621,0.010180899873375893,579,"[[7, 1], [11, 0]]"
580,155.81955979997292,116755.06157467366,116917.93869177303,0.0013930891950529427,0.29642959986813366,0.09998699999414384,0.00935449986718595,0.010165099985897541,580,"[[7, 1], [11, 0]]"
581,156.24556920002215,116755.47812248857,116917.93869177303,0.0013895264584911384,0.3063876999076456,0.09538720012642443,0.0093342000618577,0.011023199884220958,581,"[[7, 1], [11, 0]]"
582,156.72328589996323,116755.4836543973,116917.93869177303,0.0013894791440344997,0.32977389986626804,0.12410610006190836,0.009546900168061256,0.010616500163450837,582,"[[7, 1], [11, 0]]"
583,157.1670975999441,116755.9655085761,116917.93869177303,0.001385357841656192,0.3024422999005765,0.11633720016106963,0.00937679992057383,0.011172800092026591,583,"[[2, 7], [11, 0]]"
584,157.63945390004665,116756.36187693133,116917.93869177303,0.0013819677001632492,0.3109835998620838,0.13529199990443885,0.00996820000000298,0.011825300054624677,584,"[[2, 7], [11, 0]]"
585,158.13734759995714,116756.36837564615,116917.93869177303,0.0013819121166070015,0.34735030005685985,0.1266048001125455,0.009379400173202157,0.010578199988231063,585,"[[2, 7], [11, 0]]"
586,158.59644200000912,116756.47022033419,116909.24629121734,0.0013067920265484208,0.31386040011420846,0.11887819995172322,0.009667899925261736,0.01076870015822351,586,"[[2, 7], [11, 0]]"
587,159.0624981999863,116756.78095812676,116899.0821998054,0.0012172999051901347,0.3330564999487251,0.10844450001604855,0.00994790019467473,0.010994000127539039,587,"[[7, 1], [11, 0]]"
588,159.5186710001435,116756.78211694583,116898.96615705501,0.0012162985249856706,0.30656159995123744,0.1242385997902602,0.010514299850910902,0.010884499875828624,588,"[[7, 1], [11, 0]]"
589,159.9747163001448,116756.97165164453,116897.35124598458,0.0012008791717157865,0.3379961000755429,0.09388010017573833,0.009536900091916323,0.010774699971079826,589,"[[2, 7], [11, 0]]"
590,160.42952649993822,116757.46070635659,116897.35124598458,0.001196695546450999,0.3193557998165488,0.11133440001867712,0.009326700121164322,0.01108359987847507,590,"[[7, 1], [11, 0]]"
591,160.87462110002525,116757.62702108873,116897.35124598458,0.0011952728047860673,0.31482030008919537,0.10450519993901253,0.00950630009174347,0.010735800024122,591,"[[7, 1], [11, 0]]"
592,161.29386590002105,116758.03830091613,116897.35124598458,0.0011917545058424534,0.2983956001698971,0.09597799996845424,0.009389600018039346,0.011400899849832058,592,"[[0, 6], [11, 0]]"
593,161.72628120006993,116758.09395553503,116897.35124598458,0.0011912784076391115,0.3078872000332922,0.10062959999777377,0.009493299992755055,0.010795600013807416,593,"[[0, 6], [11, 0]]"
594,162.18720080005005,116758.2793107722,116897.35124598458,0.0011896927837119172,0.3274675998836756,0.10962200001813471,0.00929399998858571,0.01085989992134273,594,"[[0, 6], [11, 0]]"
595,162.66939510009252,116758.28149863763,116897.35124598458,0.0011896740675869264,0.32830679998733103,0.130309599917382,0.00939929997548461,0.010481300065293908,595,"[[0, 6], [11, 0]]"
596,163.1428904000204,116758.48657788613,116897.35124598458,0.0011879197143333303,0.33416440011933446,0.11423130007460713,0.009669899940490723,0.011104400036856532,596,"[[7, 1], [11, 0]]"
597,163.62185940006748,116759.03079618458,116897.35124598458,0.001183264191409547,0.3111960000824183,0.143176999874413,0.009761600056663156,0.011009000008925796,597,"[[2, 7], [11, 0]]"
598,164.08198529994115,116759.08154604628,116895.09851272978,0.0011635814368100893,0.3269124999642372,0.10678109992295504,0.010572199942544103,0.011490500066429377,598,"[[2, 7], [11, 0]]"
599,164.51882430003025,116759.08154604628,116895.09851272978,0.0011635814368100893,0.31671099993400276,0.09630799992009997,0.009411900071427226,0.010866699973121285,599,"[[0, 6], [11, 0]]"
600,165.00508280005306,116759.08154604628,116895.09851272978,0.0011635814368100893,0.35444850008934736,0.10601150011643767,0.009611000074073672,0.010649299947544932,600,"[[0, 6], [11, 0]]"
601,165.46779410005547,116759.08154604628,116895.09851272978,0.0011635814368100893,0.31397849996574223,0.12426850013434887,0.009516899939626455,0.011063199955970049,601,"[[7, 1], [11, 0]]"
602,165.91888220002875,116759.08154604628,116895.09851272978,0.0011635814368100893,0.3170606999192387,0.10885960003361106,0.009610199835151434,0.01146490010432899,602,"[[0, 6], [11, 0]]"
603,166.35704550007358,116759.08154604628,116895.09851272978,0.0011635814368100893,0.3083147001452744,0.1054287999868393,0.009782700100913644,0.010706499917432666,603,"[[0, 6], [11, 0]]"
604,166.9086325999815,116759.08154604628,116895.09851272978,0.0011635814368100893,0.3556321000214666,0.1676198998466134,0.009955900022760034,0.011772400001063943,604,"[[0, 6], [11, 0]]"
605,167.34326250012964,116759.08154604628,116895.09851272978,0.0011635814368100893,0.3122233001049608,0.09739309991709888,0.009595500072464347,0.011392399901524186,605,"[[7, 1], [11, 0]]"
606,167.79890540009364,116759.08154604628,116895.09851272978,0.0011635814368100893,0.30748119996860623,0.12211990007199347,0.010764600010588765,0.011186399962753057,606,"[[0, 6], [11, 0]]"
607,168.2349966999609,116759.08154604628,116895.09851272978,0.0011635814368100893,0.3031263998709619,0.1083864001557231,0.009485200047492981,0.01142029999755323,607,"[[2, 7], [11, 0]]"
608,168.69828180014156,116759.08154604628,116895.09851272978,0.0011635814368100893,0.3326721000485122,0.10680940002202988,0.009627499850466847,0.010354700032621622,608,"[[7, 1], [11, 0]]"
609,169.213506200118,116759.08154604628,116895.09851272978,0.0011635814368100893,0.3393919998779893,0.1497140999417752,0.00956690008752048,0.011011800030246377,609,"[[0, 6], [11, 0]]"
610,169.7296525000129,116759.08154604628,116895.09851272978,0.0011635814368100893,0.38416099990718067,0.10766449989750981,0.009784800000488758,0.010747599881142378,610,"[[2, 7], [11, 0]]"
611,170.22562110004947,116759.08154604628,116895.09851272978,0.0011635814368100893,0.34099670010618865,0.13127469993196428,0.009557400131598115,0.010410399874672294,611,"[[7, 1], [11, 0]]"
612,170.66713860002346,116759.08154604628,116895.09851272978,0.0011635814368100893,0.32201569993048906,0.09556990000419319,0.009436099790036678,0.01073450013063848,612,"[[2, 7], [11, 0]]"
613,171.13792530004866,116759.08154604628,116895.09851272978,0.0011635814368100893,0.34162990003824234,0.10321570001542568,0.010042999871075153,0.010606300085783005,613,"[[2, 7], [11, 0]]"
614,171.60814299993217,116759.08154604628,116895.09851272978,0.0011635814368100893,0.3297679000534117,0.11662570014595985,0.009361299918964505,0.010757900075986981,614,"[[7, 1], [11, 0]]"
615,172.0746001000516,116759.08154604628,116895.09851272978,0.0011635814368100893,0.3331220999825746,0.10858649993315339,0.010015600128099322,0.01077699987217784,615,"[[7, 1], [11, 0]]"
616,172.543282300001,116759.08154604628,116895.09851272978,0.0011635814368100893,0.33701599994674325,0.10770409996621311,0.009831200120970607,0.01047510001808405,616,"[[2, 7], [11, 0]]"
617,173.01087000011466,116759.08154604628,116895.09851272978,0.0011635814368100893,0.31670440011657774,0.12727229995653033,0.009698899928480387,0.010145399952307343,617,"[[2, 7], [11, 0]]"
618,173.46240870002657,116759.08154604628,116895.09851272978,0.0011635814368100893,0.31307969987392426,0.11422079987823963,0.009557500015944242,0.010765399783849716,618,"[[7, 1], [11, 0]]"
619,173.92398900003172,116759.08154604628,116895.09851272978,0.0011635814368100893,0.33704099990427494,0.10033160005696118,0.009373100008815527,0.011131300125271082,619,"[[2, 7], [11, 0]]"
620,174.38560199993663,116759.08154604628,116895.09851272978,0.0011635814368100893,0.32050149980932474,0.1171258999966085,0.00957150012254715,0.010671800002455711,620,"[[0, 6], [11, 0]]"
621,174.8858841001056,116759.08154604628,116895.09851272978,0.0011635814368100893,0.33808539994060993,0.1377476998604834,0.009505299851298332,0.01118200016207993,621,"[[2, 7], [11, 0]]"
622,175.36447050003335,116759.08154604628,116895.09851272978,0.0011635814368100893,0.3230425000656396,0.1274807001464069,0.009903399972245097,0.011277399957180023,622,"[[0, 6], [11, 0]]"
623,175.82964250002988,116759.08154604628,116895.09851272978,0.0011635814368100893,0.344606300117448,0.09637539996765554,0.009462600108236074,0.011015900177881122,623,"[[7, 1], [11, 0]]"
624,176.37339429999702,116759.08154604628,116895.09851272978,0.0011635814368100893,0.3510046999435872,0.1684827001299709,0.00955899991095066,0.010925300186499953,624,"[[2, 7], [11, 0]]"
625,176.83974419999868,116759.08154604628,116895.09851272978,0.0011635814368100893,0.33049730001948774,0.11161869997158647,0.009550699964165688,0.01099619991146028,625,"[[2, 7], [11, 0]]"
626,177.35671780002303,116759.08154604628,116895.09851272978,0.0011635814368100893,0.3182980001438409,0.17254830012097955,0.009574699914082885,0.011483600130304694,626,"[[2, 7], [11, 0]]"
627,177.80990650015883,116759.08154604628,116895.09851272978,0.0011635814368100893,0.3227164000272751,0.10502290003933012,0.010013499995693564,0.011174500221386552,627,"[[2, 7], [11, 0]]"
628,178.29792140005156,116759.08154604628,116895.09851272978,0.0011635814368100893,0.3674184000119567,0.09695759997703135,0.009502199944108725,0.010732699884101748,628,"[[0, 6], [11, 0]]"
629,178.84626290015876,116759.08154604628,116895.09851272978,0.0011635814368100893,0.4254922999534756,0.09878529980778694,0.009612400084733963,0.010712099960073829,629,"[[0, 6], [11, 0]]"
630,179.3455593001563,116759.08154604628,116895.09851272978,0.0011635814368100893,0.34737979993224144,0.12711629993282259,0.009576700162142515,0.011024300009012222,630,"[[0, 6], [11, 0]]"
631,179.83955950010568,116759.08154604628,116895.09851272978,0.0011635814368100893,0.354277899954468,0.1132024999242276,0.009614899987354875,0.011097599985077977,631,"[[0, 6], [11, 0]]"
632,180.34382520010695,116759.08154604628,116895.09851272978,0.0011635814368100893,0.3754670999478549,0.10446449997834861,0.009440100053325295,0.011242200154811144,632,"[[2, 7], [11, 0]]"
633,180.86000180011615,116760.78248354123,116895.09851272978,0.0011490304631884666,0.3759184000082314,0.11550439987331629,0.009163000155240297,0.012019099900498986,633,"[[0, 6], [2, 7]]"
634,181.33196879993193,116760.78248354128,116895.09851272978,0.001149030463188093,0.3292580998968333,0.1183447998482734,0.009058800060302019,0.01154340011999011,634,"[[0, 6], [2, 7]]"
635,181.7796488001477,116760.81440558934,116895.09851272978,0.0011487573803260589,0.31231880001723766,0.11191189987584949,0.00920680002309382,0.010423399973660707,635,"[[0, 6], [2, 7]]"
636,182.2799112999346,116760.9251657824,116895.09851272978,0.0011478098624704775,0.35970729985274374,0.1175222999881953,0.009189800126478076,0.00999009981751442,636,"[[0, 6], [2, 7]]"
637,182.7678633001633,116761.35526348342,116895.09851272978,0.0011441305148632158,0.3694349001161754,0.09423870011232793,0.009461300214752555,0.01089280005544424,637,"[[0, 6], [2, 7]]"
638,183.22304489999078,116770.24414383518,116895.09851272978,0.0010680890001645129,0.3377295001409948,0.09296400006860495,0.009322300087660551,0.011358099989593029,638,"[[0, 6], [11, 0]]"
639,183.75281760003418,116770.73406248013,116895.09851272978,0.0010638979036071657,0.4044989999383688,0.10177690000273287,0.009362800046801567,0.010659300023689866,639,"[[7, 1], [11, 0]]"
640,184.29167139995843,116771.11907217896,116895.09851272978,0.001060604269368175,0.4136856999248266,0.1005202999804169,0.009740599896758795,0.011210099793970585,640,"[[2, 7], [11, 0]]"
641,184.81458400003612,116771.27760190357,116895.09851272978,0.001059248098522497,0.3840856999158859,0.11382240010425448,0.009832700015977025,0.011510899988934398,641,"[[2, 7], [11, 0]]"
642,185.313387400005,116771.48989857562,116895.09851272978,0.0010574319687210764,0.37076630000956357,0.10376730002462864,0.009636899922043085,0.010910799959674478,642,"[[2, 7], [11, 0]]"
643,185.81702299998142,116772.04106453188,116895.09851272978,0.0010527169210991125,0.36776509997434914,0.10870270011946559,0.010930499993264675,0.011647500097751617,643,"[[7, 1], [11, 0]]"
644,186.33898010011762,116772.042516708,116895.09851272978,0.0010527044981991185,0.37660639989189804,0.12031019991263747,0.010178699856624007,0.01074449997395277,644,"[[7, 1], [11, 0]]"
645,186.8455650000833,116772.34029334957,116895.09851272978,0.0010501571147300064,0.3575112000107765,0.12185280001722276,0.009796000085771084,0.01125770015642047,645,"[[7, 1], [11, 0]]"
646,187.3939539999701,116772.91359911306,116895.09851272978,0.001045252668172472,0.4032894999254495,0.11970790009945631,0.009744900045916438,0.011643100064247847,646,"[[7, 1], [11, 0]]"
647,187.90129170008004,116773.23963187645,116895.09851272978,0.0010424635626621569,0.373101299861446,0.10908140009269118,0.009662300115451217,0.011488599935546517,647,"[[7, 1], [11, 0]]"
648,188.39845110010356,116773.77677629748,116895.09851272978,0.001037868464767836,0.3592779999598861,0.11383230006322265,0.009366100188344717,0.010947399772703648,648,"[[2, 7], [11, 0]]"
649,188.92096760007553,116774.03084411439,116895.09851272978,0.0010356949962466143,0.36953400005586445,0.1269146001432091,0.009612299967557192,0.011386899976059794,649,"[[7, 1], [11, 0]]"
650,189.44578379997984,116774.19821152929,116895.09851272978,0.0010342632218006754,0.3787994999438524,0.12165310001000762,0.009560100035741925,0.011021199868991971,650,"[[0, 6], [11, 0]]"
651,189.98093750001863,116774.52305775823,116895.09851272978,0.0010314842667113093,0.38825839990749955,0.12215570011176169,0.009472999954596162,0.011335999937728047,651,"[[7, 1], [11, 0]]"
652,190.48836149997078,116774.90200043781,116895.09851272978,0.0010282425338721565,0.37747900001704693,0.10523319989442825,0.00954569992609322,0.011444699950516224,652,"[[0, 6], [11, 0]]"
653,190.98336870013736,116775.18990773293,116895.09851272978,0.0010257795794901398,0.36893869983032346,0.10171349998563528,0.009531399933621287,0.011144200107082725,653,"[[2, 7], [11, 0]]"
654,191.5263128001243,116775.4240690986,116895.09851272978,0.0010237764042616258,0.3803758998401463,0.13618959998711944,0.009606700157746673,0.010911399964243174,654,"[[2, 7], [11, 0]]"
655,192.09177549998276,116775.81686360697,116895.09851272978,0.0010204161734789143,0.42943940008990467,0.11208370001986623,0.009463499998673797,0.010906900046393275,655,"[[7, 1], [11, 0]]"
656,192.59612200013362,116776.00068819665,116895.09851272978,0.0010188436131917976,0.379569899989292,0.10021669999696314,0.009390000021085143,0.01122320001013577,656,"[[7, 1], [11, 0]]"
657,193.2245591999963,116776.29766517253,116895.09851272978,0.0010163030706056941,0.47203930001705885,0.12900259997695684,0.009838600177317858,0.013166800141334534,657,"[[7, 1], [11, 0]]"
658,193.74420320009813,116776.4574468071,116895.09851272978,0.0010149361900726938,0.3726592999882996,0.12289789994247258,0.009292399976402521,0.011093999957665801,658,"[[2, 7], [11, 0]]"
659,194.30054850014858,116776.61477749127,116895.09851272978,0.0010135902766325547,0.42046909988857806,0.10815090010873973,0.009841799968853593,0.010939500061795115,659,"[[0, 6], [11, 0]]"
660,194.83723359997384,116776.88149253605,116895.09851272978,0.0010113086151413981,0.4000413999892771,0.11183429998345673,0.00965000013820827,0.011364300036802888,660,"[[2, 7], [11, 0]]"
661,195.36907449993305,116777.22188031513,116895.09851272978,0.001008396707085243,0.40139070013538003,0.10562000004574656,0.009793499950319529,0.011291699949651957,661,"[[0, 6], [11, 0]]"
662,195.9079764999915,116777.23195824162,116895.09851272978,0.0010083104936629648,0.39285179995931685,0.12072280002757907,0.010142400162294507,0.011112699983641505,662,"[[0, 6], [11, 0]]"
663,196.43036320013925,116777.76144484166,116895.09851272978,0.001003780905966219,0.3851737000513822,0.1106096999719739,0.010120599996298552,0.011284200008958578,663,"[[7, 1], [11, 0]]"
664,196.9758932001423,116778.00294673347,116895.09851272978,0.001001714934895716,0.40751549997366965,0.11335589992813766,0.010131299961358309,0.010899500222876668,664,"[[2, 7], [11, 0]]"
665,197.47968220012262,116778.53997160177,116895.09851272978,0.0009971208597365723,0.38179020001553,0.09655910008586943,0.009493199875578284,0.012021099915727973,665,"[[7, 1], [11, 0]]"
666,197.99285110016353,116778.78661353677,116895.09851272978,0.0009950109172485392,0.3897265999112278,0.09834520006552339,0.009670699946582317,0.011564099928364158,666,"[[2, 7], [11, 0]]"
667,198.53202269994654,116779.1010845731,116895.09851272978,0.000992320718597421,0.3940739000681788,0.11865339986979961,0.01079070009291172,0.011509999865666032,667,"[[2, 7], [11, 0]]"
668,199.07171860011294,116779.55785066125,116895.09851272978,0.000988413231508951,0.404820199823007,0.10906540020368993,0.009678199887275696,0.011109800077974796,668,"[[2, 7], [11, 0]]"
669,199.62243430013768,116779.69589396834,116895.09851272978,0.0009872323153812053,0.41377660003490746,0.11136980005539954,0.010071800090372562,0.011408000020310283,669,"[[0, 6], [11, 0]]"
670,200.1798654999584,116779.69589396834,116895.09851272978,0.0009872323153812053,0.4151091000530869,0.11771969986148179,0.009536300087347627,0.011201400076970458,670,"[[7, 1], [11, 0]]"
671,200.73023780016229,116779.69589396834,116895.09851272978,0.0009872323153812053,0.42946689995005727,0.09710010001435876,0.009533199947327375,0.010702200001105666,671,"[[7, 1], [11, 0]]"
672,201.34524940000847,116779.69589396834,116895.09851272978,0.0009872323153812053,0.4527278000023216,0.13748149992898107,0.009600999997928739,0.011076399823650718,672,"[[7, 1], [11, 0]]"
673,201.91178690013476,116779.69589396834,116895.09851272978,0.0009872323153812053,0.4189321999438107,0.12058450002223253,0.009685399942100048,0.0110084000043571,673,"[[7, 1], [11, 0]]"
674,202.4884232999757,116779.69589396834,116883.3565712405,0.0008868728646492606,0.43162889988161623,0.11956820008344948,0.010133099975064397,0.011298000114038587,674,"[[2, 7], [11, 0]]"
675,203.06764929997735,116779.69589396834,116883.3565712405,0.0008868728646492606,0.43276740005239844,0.12158100004307926,0.010295799933373928,0.010767499916255474,675,"[[7, 1], [11, 0]]"
676,203.5961386000272,116779.69589396834,116883.3565712405,0.0008868728646492606,0.4104536999948323,0.09420810011215508,0.009461999870836735,0.010626700008288026,676,"[[0, 6], [11, 0]]"
677,204.1756504001096,116779.69589396834,116883.3565712405,0.0008868728646492606,0.4535644999705255,0.09615950006991625,0.009785299887880683,0.010363700101152062,677,"[[0, 6], [11, 0]]"
678,204.79948489996605,116779.69589396834,116883.3565712405,0.0008868728646492606,0.4632658001501113,0.13541730004362762,0.009524799883365631,0.0115493000485003,678,"[[2, 7], [11, 0]]"
679,205.36779820010997,116779.69589396834,116878.89067938758,0.0008486971842618118,0.41665989998728037,0.12720680003985763,0.00954729993827641,0.011012600036337972,679,"[[2, 7], [11, 0]]"
680,205.9236274000723,116779.69589396834,116878.89067938758,0.0008486971842618118,0.43195310002192855,0.09895290015265346,0.009817599784582853,0.010816299822181463,680,"[[2, 7], [11, 0]]"
681,206.5166740999557,116779.69589396834,116878.89067938758,0.0008486971842618118,0.4365206998772919,0.1303146001882851,0.009462699992582202,0.011058400152251124,681,"[[0, 6], [11, 0]]"
682,207.08869690005668,116779.69589396834,116872.44945741129,0.0007936306963152263,0.44179109996184707,0.10619419999420643,0.009547000052407384,0.010805400088429451,682,"[[0, 6], [11, 0]]"
683,207.71280100010335,116779.69589396834,116872.44945741129,0.0007936306963152263,0.467774499906227,0.12939150002785027,0.01045590010471642,0.012217500014230609,683,"[[0, 6], [11, 0]]"
684,208.34712920011953,116779.69589396834,116872.44945741129,0.0007936306963152263,0.48116989992558956,0.12799750012345612,0.010122799780219793,0.011141299968585372,684,"[[0, 6], [11, 0]]"
685,208.95322140003555,116779.69589396834,116872.44945741129,0.0007936306963152263,0.4323099001776427,0.14560090005397797,0.009864400140941143,0.01156400004401803,685,"[[0, 6], [11, 0]]"
686,209.53777180006728,116779.69589396834,116868.16475444919,0.0007569970887001462,0.4509060999844223,0.1086816000752151,0.00986739993095398,0.011126599973067641,686,"[[2, 7], [11, 0]]"
687,210.25834950013086,116779.69589396834,116868.16475444919,0.0007569970887001462,0.5657138999085873,0.12809339980594814,0.009354599984362721,0.013143300078809261,687,"[[7, 1], [11, 0]]"
688,210.91249649995007,116779.69589396834,116868.16475444919,0.0007569970887001462,0.5050999999511987,0.12415859987959266,0.009474199963733554,0.010958399856463075,688,"[[2, 7], [11, 0]]"
689,211.55272729997523,116779.69589396834,116868.16475444919,0.0007569970887001462,0.4944830001331866,0.11943529988639057,0.010121800005435944,0.010958499973639846,689,"[[0, 6], [11, 0]]"
690,212.1235633001197,116779.69589396834,116868.16475444919,0.0007569970887001462,0.4492200000677258,0.09733429993502796,0.00952260009944439,0.010773899964988232,690,"[[7, 1], [11, 0]]"
691,212.65382460015826,116779.69589396834,116868.16475444919,0.0007569970887001462,0.3918530000373721,0.11262229993008077,0.008878800086677074,0.012881599832326174,691,"[[0, 6], [2, 7]]"
692,213.09881970006973,116779.69589396834,116868.16475444919,0.0007569970887001462,0.3194097999949008,0.10077039990574121,0.00898340018466115,0.011774299899116158,692,"[[0, 6], [2, 7]]"
693,213.59139860002324,116784.93219841002,116868.16475444919,0.000712191863490294,0.33845839998684824,0.12809580005705357,0.009568999987095594,0.012688799994066358,693,"[[2, 7], [11, 0]]"
694,214.13437340012752,116785.11725912154,116868.16475444919,0.0007106083637244839,0.3919826000928879,0.11748840007930994,0.009874900104478002,0.014361000154167414,694,"[[0, 6], [11, 0]]"
695,214.67181230010465,116785.33292729678,116868.16475444919,0.0007087629665995126,0.4114512000232935,0.10126080014742911,0.009727300144731998,0.01145859993994236,695,"[[7, 1], [11, 0]]"
696,215.21611090004444,116785.41304579854,116868.16475444919,0.0007080774206090287,0.41798720019869506,0.10159009997732937,0.00940229999832809,0.011591000016778708,696,"[[2, 7], [11, 0]]"
697,215.75141100003384,116785.45289339955,116868.16475444919,0.0007077364586277645,0.38722799997776747,0.12354300008155406,0.009513900149613619,0.01124189980328083,697,"[[7, 1], [11, 0]]"
698,216.26820020005107,116785.58770338236,116868.16475444919,0.0007065829367674646,0.389936099993065,0.10155200003646314,0.010196200106292963,0.011331500019878149,698,"[[7, 1], [11, 0]]"
699,216.8655415000394,116785.76453465332,116868.16475444919,0.0007050698534454794,0.455549499951303,0.11349959997460246,0.010282300179824233,0.012166399974375963,699,"[[0, 6], [11, 0]]"
700,217.48873990005814,116785.93294372747,116868.16475444919,0.0007036288359151606,0.46990250004455447,0.12857630010694265,0.009701000060886145,0.011259899940341711,700,"[[2, 7], [11, 0]]"
701,218.04047010000795,116786.12960035409,116868.16475444919,0.0007019461139606122,0.42083780001848936,0.10580909997224808,0.009785900125280023,0.011474000057205558,701,"[[0, 6], [11, 0]]"
702,218.58919600001536,116786.20098578386,116868.16475444919,0.0007013352938119889,0.4199558000545949,0.10409350018016994,0.009482499910518527,0.011372999986633658,702,"[[7, 1], [11, 0]]"
703,219.09196660015732,116786.42879882272,116868.16475444919,0.000699385977337847,0.3734793998301029,0.10494099999777973,0.009882899932563305,0.010956200072541833,703,"[[2, 7], [11, 0]]"
704,219.6337208999321,116786.59479565563,116868.16475444919,0.0006979656005118107,0.3870097000617534,0.1282148000318557,0.009679399896413088,0.011601999867707491,704,"[[7, 1], [11, 0]]"
705,220.18415069999173,116786.82596416557,116868.16475444919,0.0006959875724455114,0.39965280005708337,0.12648979993537068,0.00961740012280643,0.010969700058922172,705,"[[0, 6], [11, 0]]"
706,220.71311670006253,116787.15535761908,116868.16475444919,0.0006931690679007088,0.39312719996087253,0.11087569990195334,0.009551800088956952,0.011269500013440847,706,"[[2, 7], [11, 0]]"
707,221.22540640016086,116787.22375678655,116868.16475444919,0.000692583800153775,0.39425039989873767,0.09430369990877807,0.009407500037923455,0.010661500040441751,707,"[[2, 7], [11, 0]]"
708,221.76307169999927,116787.32897777727,116868.16475444919,0.0006916834609472665,0.3944455001037568,0.11898909998126328,0.009617000119760633,0.010764999780803919,708,"[[0, 6], [11, 0]]"
709,222.3043579000514,116787.43316711858,116868.16475444919,0.0006907919492038873,0.40323529997840524,0.11121860006824136,0.009846500121057034,0.01121150003746152,709,"[[2, 7], [11, 0]]"
710,222.83731920015998,116787.48186964673,116868.16475444919,0.0006903752187088925,0.4061910000164062,0.10236010001972318,0.009892599890008569,0.01087380014359951,710,"[[2, 7], [11, 0]]"
711,223.3993220999837,116787.48305054253,116868.16475444919,0.0006903651141965953,0.43322720006108284,0.10441779997199774,0.00982020003721118,0.010556000052019954,711,"[[2, 7], [11, 0]]"
712,223.9236385000404,116787.48626985465,116868.16475444919,0.0006903375676690882,0.3987930000294,0.10073560010641813,0.010027799988165498,0.011040000012144446,712,"[[7, 1], [11, 0]]"
713,224.46289880014956,116787.93640510066,116868.16475444919,0.0006864859178468092,0.37622299999929965,0.13530209986492991,0.009780199965462089,0.01142930006608367,713,"[[0, 6], [11, 0]]"
714,225.0294154000003,116788.09857994571,116868.16475444919,0.0006850982444338067,0.3926368998363614,0.14818410016596317,0.010539399925619364,0.011293699964880943,714,"[[0, 6], [11, 0]]"
715,225.6341442000121,116788.09857994571,116868.16475444919,0.0006850982444338067,0.479049599962309,0.1005776000674814,0.009481800021603703,0.011793900048360229,715,"[[0, 6], [11, 0]]"
716,226.14089679997414,116788.09857994571,116868.16475444919,0.0006850982444338067,0.3793495998252183,0.10284079983830452,0.009886600077152252,0.010899399872869253,716,"[[7, 1], [11, 0]]"
717,226.64551379997283,116788.09857994571,116868.16475444919,0.0006850982444338067,0.37552900006994605,0.1049641000572592,0.009535999968647957,0.010702400002628565,717,"[[7, 1], [11, 0]]"
718,227.17433770000935,116788.09857994571,116868.16475444919,0.0006850982444338067,0.3827227000147104,0.12152979988604784,0.009399499977007508,0.011210399912670255,718,"[[7, 1], [11, 0]]"
719,227.67600450012833,116788.09857994571,116868.16475444919,0.0006850982444338067,0.3805968000087887,0.09626609995029867,0.009384500095620751,0.011507999850437045,719,"[[7, 1], [11, 0]]"
720,228.2248649999965,116788.09857994571,116868.16475444919,0.0006850982444338067,0.4256583000533283,0.09883380006067455,0.009579499950632453,0.010947000002488494,720,"[[0, 6], [11, 0]]"
721,228.7461212000344,116788.09857994571,116868.16475444919,0.0006850982444338067,0.3681441000662744,0.12795390002429485,0.009873200207948685,0.011121300049126148,721,"[[0, 6], [11, 0]]"
722,229.2659953001421,116788.09857994571,116868.16475444919,0.0006850982444338067,0.383859199937433,0.10388359986245632,0.00966839981265366,0.012264299904927611,722,"[[0, 6], [11, 0]]"
723,229.79292959999293,116788.09857994571,116868.16475444919,0.0006850982444338067,0.39357220008969307,0.10666869999840856,0.010088799986988306,0.012352499878033996,723,"[[7, 1], [11, 0]]"
724,230.3378910999745,116788.09857994571,116868.16475444919,0.0006850982444338067,0.4071062000002712,0.11186830000951886,0.011255299905315042,0.011044399812817574,724,"[[2, 7], [11, 0]]"
725,230.84186809998937,116788.09857994571,116868.16475444919,0.0006850982444338067,0.3779316998552531,0.1011228000279516,0.00963940005749464,0.010876100044697523,725,"[[7, 1], [11, 0]]"
726,231.37544160010293,116788.09857994571,116868.16475444919,0.0006850982444338067,0.37648520013317466,0.13078640005551279,0.009730800054967403,0.010862300172448158,726,"[[0, 6], [11, 0]]"
727,231.90274329995736,116788.09857994571,116868.16475444919,0.0006850982444338067,0.39905390003696084,0.10394609998911619,0.009730599820613861,0.010919899912551045,727,"[[0, 6], [11, 0]]"
728,232.42789559997618,116788.09857994571,116868.16475444919,0.0006850982444338067,0.39565359987318516,0.10412600007839501,0.009777500061318278,0.01165880006738007,728,"[[7, 1], [11, 0]]"
729,232.9913516000379,116788.09857994571,116868.16475444919,0.0006850982444338067,0.4350926000624895,0.1043428999837488,0.009589300025254488,0.01081160013563931,729,"[[7, 1], [11, 0]]"
730,233.54734500008635,116788.09857994571,116868.16475444919,0.0006850982444338067,0.4256319000851363,0.10410200012847781,0.010009299963712692,0.012006500037387013,730,"[[7, 1], [11, 0]]"
731,234.1104635000229,116788.09857994571,116865.36257922984,0.000661136863642954,0.4260116000659764,0.11084259999915957,0.009878899902105331,0.010788900079205632,731,"[[7, 1], [11, 0]]"
732,234.66299899993464,116788.09857994571,116865.36257922984,0.000661136863642954,0.40342929982580245,0.12453270005062222,0.009763099951669574,0.01101549994200468,732,"[[7, 1], [11, 0]]"
733,235.21810410008766,116788.09857994571,116865.36257922984,0.000661136863642954,0.43142580008134246,0.0985694001428783,0.009697599802166224,0.011502900160849094,733,"[[7, 1], [11, 0]]"
734,235.75942480005324,116788.09857994571,116865.36257922984,0.000661136863642954,0.400910799857229,0.11628259997814894,0.009529300034046173,0.010805999860167503,734,"[[7, 1], [11, 0]]"
735,236.35661290003918,116788.09857994571,116860.79670003348,0.0006220916007818275,0.4183688999619335,0.14926109998486936,0.011080600088462234,0.011333199916407466,735,"[[7, 1], [11, 0]]"
736,236.8886339000892,116788.09857994571,116860.79670003348,0.0006220916007818275,0.39703649980947375,0.11073659989051521,0.009624500060454011,0.010510300053283572,736,"[[0, 6], [11, 0]]"
737,237.5481416999828,116788.09857994571,116860.79670003348,0.0006220916007818275,0.4838040000759065,0.15057689999230206,0.01018950017169118,0.010820399969816208,737,"[[2, 7], [11, 0]]"
738,238.08857419993728,116788.09857994571,116860.79670003348,0.0006220916007818275,0.40946089988574386,0.10695450007915497,0.009668299928307533,0.010563199874013662,738,"[[0, 6], [11, 0]]"
739,238.63873410015367,116788.09857994571,116860.79670003348,0.0006220916007818275,0.42149049998261034,0.10404599993489683,0.009561700047925115,0.011297799879685044,739,"[[7, 1], [11, 0]]"
740,239.23585890000686,116788.09857994571,116860.79670003348,0.0006220916007818275,0.443925199797377,0.1290732000488788,0.0095293999183923,0.010717099998146296,740,"[[2, 7], [11, 0]]"
741,239.76708530006,116788.09857994571,116860.79670003348,0.0006220916007818275,0.4001592001877725,0.10681440006010234,0.009679500013589859,0.010733200004324317,741,"[[0, 6], [11, 0]]"
742,240.45050480007194,116788.09857994571,116860.79670003348,0.0006220916007818275,0.5314461002126336,0.1264808000996709,0.008861899841576815,0.012708399910479784,742,"[[0, 6], [2, 7]]"
743,240.96008470002562,116788.09857994571,116860.79670003348,0.0006220916007818275,0.36265029991045594,0.11994060012511909,0.009041599929332733,0.012231800006702542,743,"[[0, 6], [2, 7]]"
744,241.51258040009998,116789.6511930508,116860.79670003348,0.0006088055959886902,0.37162750004790723,0.15335689997300506,0.00987719977274537,0.013414700049906969,744,"[[2, 7], [11, 0]]"
745,242.06923580006696,116789.6511930508,116860.79670003348,0.0006088055959886902,0.4207069000694901,0.10903210006654263,0.009962600190192461,0.012926700059324503,745,"[[2, 7], [11, 0]]"
746,242.64406570000574,116789.6511930508,116860.79670003348,0.0006088055959886902,0.4429514000657946,0.1056335000321269,0.009878400014713407,0.012307099997997284,746,"[[0, 6], [11, 0]]"
747,243.17654210003093,116789.65119305084,116860.79670003348,0.0006088055959883166,0.3918584000784904,0.11316629988141358,0.009876800002530217,0.011479099979624152,747,"[[0, 6], [11, 0]]"
748,243.72492770012468,116789.65119305084,116860.79670003348,0.0006088055959883166,0.39759519998915493,0.12573010008782148,0.010071099968627095,0.011097700102254748,748,"[[0, 6], [11, 0]]"
749,244.35139920003712,116789.65119305084,116860.79670003348,0.0006088055959883166,0.45754089998081326,0.1433383000548929,0.010021599940955639,0.011496700113639235,749,"[[7, 1], [11, 0]]"
750,244.9378347999882,116789.65119305084,116860.79670003348,0.0006088055959883166,0.4484596000984311,0.11130689992569387,0.010466199833899736,0.01198760000988841,750,"[[2, 7], [11, 0]]"
751,245.51332370005548,116789.65119305124,116860.79670003348,0.0006088055959849544,0.43505750014446676,0.1092646000906825,0.00993290008045733,0.011650800006464124,751,"[[7, 1], [11, 0]]"
752,246.10968130012043,116789.65119305124,116860.79670003348,0.0006088055959849544,0.4710820000618696,0.10113990004174411,0.009440199937671423,0.01093539991416037,752,"[[7, 1], [11, 0]]"
753,246.6620364000555,116789.65119305124,116860.79670003348,0.0006088055959849544,0.4239425999112427,0.10422570002265275,0.009677299996837974,0.010857199784368277,753,"[[0, 6], [11, 0]]"
754,247.2820774000138,116789.65119305124,116860.79670003348,0.0006088055959849544,0.43994449987076223,0.15438560000620782,0.009717599954456091,0.011858300073072314,754,"[[2, 7], [11, 0]]"
755,247.82756919995882,116789.65119305124,116860.79670003348,0.0006088055959849544,0.3985257998574525,0.117856299970299,0.01000840007327497,0.012036100029945374,755,"[[2, 7], [11, 0]]"
756,248.4427341001574,116789.65119305124,116860.79670003348,0.0006088055959849544,0.4611931999679655,0.1294118999503553,0.009519800078123808,0.01129440008662641,756,"[[7, 1], [11, 0]]"
757,249.0133516001515,116789.65119305124,116860.79670003348,0.0006088055959849544,0.4417712998110801,0.1048744001891464,0.009470499819144607,0.010757599957287312,757,"[[2, 7], [11, 0]]"
758,249.59841390000656,116789.65119305124,116860.79670003348,0.0006088055959849544,0.43530779983848333,0.1252173997927457,0.00963640003465116,0.010885499883443117,758,"[[0, 6], [11, 0]]"
759,250.16147479997016,116789.65119305124,116860.79670003348,0.0006088055959849544,0.42520050005987287,0.11353069986216724,0.009619599906727672,0.010951200034469366,759,"[[7, 1], [11, 0]]"
760,250.71697290008888,116789.65119305124,116860.79670003348,0.0006088055959849544,0.41219989978708327,0.11566180014051497,0.010446800151839852,0.01301150000654161,760,"[[0, 6], [2, 7]]"
761,251.33832930005156,116790.8240104823,116860.79670003348,0.0005987695748025846,0.4797958000563085,0.11339420010335743,0.009428799850866199,0.013760700123384595,761,"[[0, 6], [2, 7]]"
762,251.8695948999375,116792.54534844964,116860.79670003348,0.0005840397593645433,0.4092941000126302,0.09561130008660257,0.009590700035914779,0.013021599967032671,762,"[[0, 6], [11, 0]]"
763,252.4502793001011,116794.6505761504,116860.79670003348,0.0005660249266729726,0.4282778000924736,0.12670139991678298,0.009337800089269876,0.01247990014962852,763,"[[0, 6], [2, 7]]"
764,253.04266000003554,116795.07555842036,116860.79670003348,0.0005623882727910483,0.4371040998958051,0.12734039989300072,0.009791199816390872,0.012085000053048134,764,"[[2, 7], [11, 0]]"
765,253.60239519993775,116795.36419069048,116860.79670003348,0.000559918391716523,0.4230076000094414,0.11145960004068911,0.009798600105568767,0.01157859992235899,765,"[[2, 7], [11, 0]]"
766,254.13878139993176,116795.56769753339,116860.79670003348,0.0005581769450666872,0.3907920999918133,0.12121420004405081,0.009352999972179532,0.011172800092026591,766,"[[7, 1], [11, 0]]"
767,254.6624350999482,116795.71876811654,116860.79670003348,0.0005568842054361861,0.3930940998252481,0.10448349989019334,0.009723199997097254,0.012248300015926361,767,"[[7, 1], [11, 0]]"
768,255.19900829996914,116795.79570712922,116860.79670003348,0.0005562258237132018,0.3951911998447031,0.11540829995647073,0.009733499959111214,0.011271999916061759,768,"[[0, 6], [11, 0]]"
769,255.76081020012498,116795.92919021496,116860.79670003348,0.0005550835836334914,0.4172602999024093,0.11867320002056658,0.00952540012076497,0.012476000003516674,769,"[[2, 7], [11, 0]]"
770,256.32718780008145,116796.00597226438,116860.79670003348,0.0005544265450748794,0.41225870000198483,0.12991170003078878,0.009464400121942163,0.010876799933612347,770,"[[2, 7], [11, 0]]"
771,256.9078681000974,116796.22413116436,116860.79670003348,0.0005525597179939291,0.4552815000060946,0.10119819990359247,0.00955619988963008,0.01094490010291338,771,"[[7, 1], [11, 0]]"
772,257.43927370011806,116796.33121639656,116860.79670003348,0.0005516433693532828,0.3965998999774456,0.10981549997814,0.009708000114187598,0.011302300030365586,772,"[[2, 7], [11, 0]]"
773,258.0940485999454,116796.47307321278,116860.79670003348,0.000550429473673767,0.5229855000507087,0.1073747999034822,0.009591500042006373,0.011051899986341596,773,"[[0, 6], [11, 0]]"
774,258.678322999971,116796.63240488301,116860.79670003348,0.0005490660423543344,0.43681939993985,0.12223189999349415,0.010018800152465701,0.011494299862533808,774,"[[2, 7], [11, 0]]"
775,259.2657743000891,116796.67968121363,116860.79670003348,0.0005486614898272934,0.4522889000363648,0.11092689982615411,0.009493099991232157,0.011113299988210201,775,"[[7, 1], [11, 0]]"
776,259.80597480013967,116796.73033027863,116860.79670003348,0.0005482280761724945,0.41797950002364814,0.09774570004083216,0.009851300157606602,0.01086210017092526,776,"[[0, 6], [11, 0]]"
777,260.48145620012656,116796.78374317991,116860.79670003348,0.0005477710118464796,0.508071499876678,0.13568870001472533,0.010366000002250075,0.013536799931898713,777,"[[2, 7], [11, 0]]"
778,261.04164680000395,116796.9143110902,116860.79670003348,0.0005466537174760175,0.39697249978780746,0.13645170000381768,0.009945000056177378,0.012221199925988913,778,"[[7, 1], [11, 0]]"
779,261.6089051000308,116797.05275570373,116860.79670003348,0.0005454690206619974,0.4350096001289785,0.10531020001508296,0.010051900055259466,0.012385200010612607,779,"[[7, 1], [11, 0]]"
780,262.2101364999544,116797.13902989594,116860.79670003348,0.0005447307560373018,0.4751820999663323,0.10206740000285208,0.009481600020080805,0.010874999919906259,780,"[[0, 6], [11, 0]]"
781,262.8043851000257,116797.24305990634,116859.3075547706,0.0005311044208880798,0.44854240003041923,0.11847530002705753,0.009921700228005648,0.011375099886208773,781,"[[0, 6], [11, 0]]"
782,263.35354369995184,116797.32719905746,116859.3075547706,0.0005303844170400262,0.40920260013081133,0.11396119999699295,0.010319699998944998,0.011608700035139918,782,"[[0, 6], [11, 0]]"
783,263.90949140000157,116797.45883204683,116859.3075547706,0.0005292579942318759,0.42293310002423823,0.10741439997218549,0.010447199922055006,0.011285699903964996,783,"[[2, 7], [11, 0]]"
784,264.44603860005736,116797.58593448275,116859.3075547706,0.0005281703407229232,0.409676400013268,0.10233439994044602,0.009830200113356113,0.010942399967461824,784,"[[7, 1], [11, 0]]"
785,264.97827510000207,116797.5891125988,116859.3075547706,0.0005281431446345923,0.40870220004580915,0.09924630005843937,0.009522699983790517,0.010833399835973978,785,"[[7, 1], [11, 0]]"
786,265.54710750002414,116797.75745801651,116859.3075547706,0.0005267025626113584,0.4085542999673635,0.132376299938187,0.009826899971812963,0.011330599896609783,786,"[[7, 1], [11, 0]]"
787,266.080623799935,116797.90747795964,116859.3075547706,0.000525418797147818,0.3959819001611322,0.11263930005952716,0.009736800100654364,0.011346100131049752,787,"[[0, 6], [11, 0]]"
788,266.66893879999407,116798.01224879295,116859.3075547706,0.0005245222418327256,0.45476499991491437,0.10806700005196035,0.010017799912020564,0.011318899923935533,788,"[[2, 7], [11, 0]]"
789,267.2029625000432,116798.10459843156,116859.3075547706,0.0005237319783907985,0.41416810010559857,0.09537539980374277,0.009314700029790401,0.011282199993729591,789,"[[2, 7], [11, 0]]"
790,267.7707478001248,116798.17108767145,116859.3075547706,0.0005231630101050544,0.42640519980341196,0.11502869985997677,0.009615999879315495,0.011323999846354127,790,"[[7, 1], [11, 0]]"
791,268.3257319999393,116798.290246947,116859.3075547706,0.0005221433285919355,0.4155277998652309,0.11485869996249676,0.009811200201511383,0.01087609981186688,791,"[[7, 1], [11, 0]]"
792,268.8983098999597,116798.86813053735,116859.3075547706,0.0005171982060985763,0.41863409988582134,0.12921770010143518,0.009729299927130342,0.011322100181132555,792,"[[7, 1], [11, 0]]"
793,269.456871900009,116799.14743309314,116856.39594769644,0.0004899048455073295,0.41707510012201965,0.11622840003110468,0.01028970000334084,0.011063100071623921,793,"[[2, 7], [11, 0]]"
794,270.0527510000393,116799.21158099844,116855.00787742215,0.00047748314288966896,0.4736271998845041,0.11810189997777343,0.0,0.0,794,"[[2, 7], [11, 0]]"
795,270.648234100081,116799.21162028766,116855.00787742215,0.0004774828066676623,0.44525890005752444,0.1474709000904113,0.0,0.0,795,"[[2, 7], [11, 0]]"
796,271.18129800003953,116799.2116678463,116854.98817708711,0.0004773138922942848,0.42074169986881316,0.10996740008704364,0.0,0.0,796,"[[2, 7], [11, 0]]"
797,271.72390740015544,116799.21167559558,116854.98817708711,0.0004773138259789881,0.4284534000325948,0.11178539996035397,0.0,0.0,797,"[[2, 7], [11, 0]]"
798,272.28256259998307,116799.21169138583,116854.98817708711,0.00047731369085207264,0.41340709989890456,0.1428138001356274,0.0,0.0,798,"[[2, 7], [11, 0]]"
799,272.83972849999554,116799.21221359726,116854.98817708711,0.00047730922196773134,0.4400267999153584,0.11485230014659464,0.0,0.0,799,"[[2, 7], [11, 0]]"
800,273.51154790003784,116799.2122533348,116854.98817708711,0.0004773088819091573,0.5235196000430733,0.1455824999138713,0.0,0.0,800,"[[2, 7], [11, 0]]"
801,274.06908580008894,116799.21230025105,116854.98817708711,0.00047730848041797116,0.44227240001782775,0.11282819998450577,0.0,0.0,801,"[[2, 7], [11, 0]]"
802,274.6685463001486,116799.21230823369,116854.98817708711,0.00047730841210559186,0.46604710002429783,0.12880850001238286,0.0,0.0,802,"[[2, 7], [11, 0]]"
803,275.2044000001624,116799.2123241313,116854.98817708711,0.0004773082760600209,0.41522060008719563,0.11827090010046959,0.0,0.0,803,"[[2, 7], [11, 0]]"
804,275.7708636999596,116799.21403843936,116854.8827261788,0.0004763916272962657,0.44635279988870025,0.11770740011706948,0.0,0.0,804,"[[2, 7], [11, 0]]"
805,276.31984100001864,116799.21407931994,116854.8827261788,0.00047639127745569357,0.43628369993530214,0.11037659994326532,0.0,0.0,805,"[[2, 7], [11, 0]]"
806,276.91229550004937,116799.21412421693,116854.8616613459,0.00047621071419554143,0.4714224000927061,0.11643259995616972,0.0,0.0,806,"[[2, 7], [11, 0]]"
807,277.5008849001024,116799.21413284639,116854.8616613459,0.0004762106403478621,0.4793438999913633,0.10703329998068511,0.0,0.0,807,"[[2, 7], [11, 0]]"
808,278.0456662001088,116799.214148989,116854.8616613459,0.0004762105022054352,0.43585440004244447,0.1067208000458777,0.0,0.0,808,"[[2, 7], [11, 0]]"
809,278.5882568999659,116799.21467046061,116854.8616613459,0.0004762060396473517,0.424905400024727,0.11535579990595579,0.0,0.0,809,"[[2, 7], [11, 0]]"
810,279.1422091999557,116799.21471174629,116854.8616613459,0.00047620568634005526,0.41859139990992844,0.13043710007332265,0.0,0.0,810,"[[2, 7], [11, 0]]"
811,279.7329546001274,116799.21475602992,116854.8616613459,0.00047620530737737377,0.48348060017451644,0.1049100998789072,0.0,0.0,811,"[[2, 7], [11, 0]]"
812,280.2963211000897,116799.2147649233,116854.8616613459,0.0004762052312712215,0.4523283999878913,0.1086078998632729,0.0,0.0,812,"[[2, 7], [11, 0]]"
813,280.84703000006266,116799.21478113628,116854.8616613459,0.0004762050925265684,0.44243910000659525,0.10600609984248877,0.0,0.0,813,"[[2, 7], [11, 0]]"
814,281.4270049999468,116799.21572278801,116854.8616613459,0.0004761970342248907,0.4673242000862956,0.11017849994823337,0.0,0.0,814,"[[2, 7], [11, 0]]"
815,281.98020500014536,116799.21576476059,116854.8616613459,0.0004761966750392885,0.4314944001380354,0.11738579999655485,0.0,0.0,815,"[[2, 7], [11, 0]]"
816,282.52735029999167,116799.21580831619,116854.8616613459,0.00047619630230683404,0.4389430000446737,0.10602820012718439,0.0,0.0,816,"[[2, 7], [11, 0]]"
817,283.08806150010787,116799.21581781394,116854.8616613459,0.0004761962210287092,0.4547284999862313,0.10348950000479817,0.0,0.0,817,"[[2, 7], [11, 0]]"
818,283.7078170001041,116799.21583406474,116854.8616613459,0.00047619608196040306,0.4831828000023961,0.1339169000275433,0.0,0.0,818,"[[2, 7], [11, 0]]"
819,284.2646292001009,116799.2163589972,116854.8616613459,0.0004761915897856409,0.4325599998701364,0.11933499993756413,0.0,0.0,819,"[[2, 7], [11, 0]]"
820,284.848090399988,116799.21640133244,116854.8616613459,0.00047619122749663096,0.46590399998240173,0.11515990016050637,0.0,0.0,820,"[[2, 7], [11, 0]]"
821,285.45729920011945,116799.21640226606,116854.8616613459,0.0004761912195070466,0.4737569000571966,0.1331523999106139,0.0,0.0,821,"[[2, 7], [11, 0]]"
822,286.06603750004433,116799.21642313195,116854.8616613459,0.00047619104094460523,0.47836050018668175,0.1279676000121981,0.0,0.0,822,"[[2, 7], [11, 0]]"
823,286.7160655001644,116799.21644453623,116854.8616613459,0.0004761908577748095,0.4958486999385059,0.1493459001649171,0.0,0.0,823,"[[2, 7], [11, 0]]"
824,287.25950159993954,116799.21648650078,116854.8616613459,0.0004761904986579477,0.4306683000177145,0.11036860011518002,0.0,0.0,824,"[[2, 7], [11, 0]]"
825,287.81430270010605,116799.21653901835,116854.8616613459,0.00047619004923230745,0.4444919000379741,0.10745289991609752,0.0,0.0,825,"[[2, 7], [11, 0]]"
826,288.3692822000012,116799.2165814468,116854.8616613459,0.00047618968614555944,0.44586759991943836,0.10662870015949011,0.0,0.0,826,"[[2, 7], [11, 0]]"
827,288.9735054001212,116799.21658182229,116854.8616613459,0.00047618968293231646,0.47542060003615916,0.12442090013064444,0.0,0.0,827,"[[2, 7], [11, 0]]"
828,289.6374512000475,116799.21662424238,116854.8616613459,0.00047618931991704854,0.544331599958241,0.11716639995574951,0.0,0.0,828,"[[2, 7], [11, 0]]"
829,290.25388460000977,116799.21712935332,116854.8616613459,0.00047618499736747143,0.5036045000888407,0.11049659992568195,0.0,0.0,829,"[[2, 7], [11, 0]]"
830,290.86021160008386,116799.21717279204,116854.8616613459,0.0004761846256352405,0.4964652999769896,0.10730200004763901,0.0,0.0,830,"[[2, 7], [11, 0]]"
831,291.45400150003843,116799.21717279204,116854.8616613459,0.0004761846256352405,0.46825999999418855,0.1220718000549823,0.0,0.0,831,"[[0, 6], [11, 0]]"
832,292.0777322000358,116799.21722281675,116854.8616613459,0.0004761841975425551,0.4866549000144005,0.13453439995646477,0.0,0.0,832,"[[2, 7], [11, 0]]"
833,292.67704840004444,116799.219024272,116854.83914169748,0.0004759761584031398,0.4866063999943435,0.11044830013997853,0.0,0.0,833,"[[2, 7], [11, 0]]"
834,293.28635139996186,116799.21906816657,116854.83914169748,0.0004759757827698153,0.4925830001011491,0.11431339988484979,0.0,0.0,834,"[[0, 6], [11, 0]]"
835,293.84945690003224,116799.21914936238,116854.79883500279,0.0004756303223702658,0.43312179995700717,0.12511829985305667,0.0,0.0,835,"[[2, 7], [11, 0]]"
836,294.44498430006206,116799.2191933381,116854.79883500279,0.00047562994604243296,0.48076290008611977,0.11210130015388131,0.0,0.0,836,"[[2, 7], [11, 0]]"
837,295.03976429998875,116799.21965710199,116854.79883500279,0.0004756259773231608,0.4475670999381691,0.14464959991164505,0.0,0.0,837,"[[2, 7], [11, 0]]"
838,295.60288990009576,116799.21970160975,116854.79883500279,0.00047562559644226616,0.43603139999322593,0.12459539994597435,0.0,0.0,838,"[[2, 7], [11, 0]]"
839,296.2222156000789,116799.21974106538,116854.79883500279,0.0004756252587956587,0.4895347999408841,0.12537679984234273,0.0,0.0,839,"[[2, 7], [11, 0]]"
840,296.80849560000934,116799.22142323286,116854.79883500279,0.00047561086343067023,0.44463060004636645,0.13909099996089935,0.0,0.0,840,"[[2, 7], [11, 0]]"
841,297.37492460012436,116799.22146886852,116854.79883500279,0.00047561047289758834,0.4469820000231266,0.11711160000413656,0.0,0.0,841,"[[2, 7], [11, 0]]"
842,297.951957100071,116799.22150663954,116854.79883500279,0.0004756101496671836,0.44638020009733737,0.1219099999871105,0.0,0.0,842,"[[2, 7], [11, 0]]"
843,298.5292247000616,116799.22154734991,116854.79883500279,0.00047560980128298635,0.4541698000393808,0.12080350005999207,0.0,0.0,843,"[[2, 7], [11, 0]]"
844,299.11257330002263,116799.22360482198,116854.79883500279,0.000475592194200609,0.4190390999428928,0.16159710008651018,0.0,0.0,844,"[[2, 7], [11, 0]]"
845,299.69732090015896,116799.22370023072,116854.79883500279,0.00047559137772798244,0.4623754001222551,0.11993540008552372,0.0,0.0,845,"[[2, 7], [11, 0]]"
846,300.31972300005145,116799.22423643761,116854.79883500279,0.0004755867890684087,0.4814941000659019,0.1361577999778092,0.0,0.0,846,"[[2, 7], [11, 0]]"
847,300.9149760999717,116799.22428454565,116854.79883500279,0.00047558637737769855,0.48099840013310313,0.11193450004793704,0.0,0.0,847,"[[2, 7], [11, 0]]"
848,301.54661640012637,116799.22431936263,116854.79883500279,0.0004755860794268614,0.4787967000156641,0.15032280003651977,0.0,0.0,848,"[[2, 7], [11, 0]]"
849,302.15605890005827,116799.2243287455,116854.79883500279,0.0004755859991317319,0.47684040013700724,0.12912610010243952,0.0,0.0,849,"[[2, 7], [11, 0]]"
850,302.7630956999492,116799.224376211,116854.79883500279,0.000475585592939639,0.47962330002337694,0.12504069996066391,0.0,0.0,850,"[[2, 7], [11, 0]]"
851,303.38377299997956,116799.22441141582,116854.79883500279,0.00047558529166983124,0.48392620007507503,0.13431770005263388,0.0,0.0,851,"[[2, 7], [11, 0]]"
852,303.97876240010373,116799.22445944296,116854.79883500279,0.00047558488067138275,0.4654550999403,0.12688450003042817,0.0,0.0,852,"[[2, 7], [11, 0]]"
853,304.56396510009654,116799.22517359,116854.79883500279,0.0004755787692660442,0.4625287000089884,0.11897960002534091,0.0,0.0,853,"[[2, 7], [11, 0]]"
854,305.1425443000626,116799.22527750039,116854.79883500279,0.0004755778800395692,0.46532610012218356,0.11095859995111823,0.0,0.0,854,"[[2, 7], [11, 0]]"
855,305.72468330012634,116799.22554226585,116854.79883500279,0.00047557561427500884,0.45135880005545914,0.1282623999286443,0.0,0.0,855,"[[2, 7], [11, 0]]"
856,306.265475000022,116799.2262035833,116854.79883500279,0.0004755699549657221,0.42564869998022914,0.11285230005159974,0.0,0.0,856,"[[2, 7], [11, 0]]"
857,306.86027369997464,116799.22671685816,116854.79883500279,0.00047556556254993757,0.4761669000145048,0.11403760011307895,0.0,0.0,857,"[[2, 7], [11, 0]]"
858,307.48545380006544,116799.22747524665,116854.79883500279,0.0004755590725427259,0.46040440001524985,0.162454399978742,0.0,0.0,858,"[[2, 7], [11, 0]]"
859,308.0916373000946,116799.25241423189,116854.61762911404,0.0004737956959294561,0.45081320009194314,0.15283580007962883,0.0,0.0,859,"[[2, 7], [11, 0]]"
860,308.6489530999679,116799.25251339425,116854.61762911404,0.00047379484733340216,0.4461880000308156,0.10880229994654655,0.0,0.0,860,"[[2, 7], [11, 0]]"
861,309.23380440007895,116799.25304543562,116854.61762911404,0.00047379029431382264,0.46431979979388416,0.11602160008624196,0.0,0.0,861,"[[2, 7], [11, 0]]"
862,309.8336815999355,116799.25310855024,116854.61762911404,0.0004737897542014487,0.44909279979765415,0.14822020009160042,0.0,0.0,862,"[[2, 7], [11, 0]]"
863,310.42679670010693,116799.25312139753,116854.61324073657,0.0004737521078862805,0.46353449998423457,0.1271762999240309,0.0,0.0,863,"[[2, 7], [11, 0]]"
864,310.9895093999803,116799.2531447844,116854.61324073657,0.00047375190774986715,0.44539749994874,0.11491220002062619,0.0,0.0,864,"[[2, 7], [11, 0]]"
865,311.57223729998805,116799.25316465036,116854.61324073657,0.00047375173774400663,0.4662627999205142,0.11410310002975166,0.0,0.0,865,"[[2, 7], [11, 0]]"
866,312.17269070004113,116799.25492279502,116854.61324073657,0.00047373669217061975,0.4889730999711901,0.109079800080508,0.0,0.0,866,"[[2, 7], [11, 0]]"
867,312.7566263000481,116799.25502277046,116854.61324073657,0.0004737358366165398,0.4664495999459177,0.11492539988830686,0.0,0.0,867,"[[2, 7], [11, 0]]"
868,313.4542694000993,116799.25555596963,116854.61324073657,0.00047373127368867743,0.5846317000687122,0.11049619992263615,0.0,0.0,868,"[[2, 7], [11, 0]]"
869,314.03305270010605,116799.2556198765,116854.61324073657,0.00047373072679661617,0.4710470999125391,0.10545799997635186,0.0,0.0,869,"[[2, 7], [11, 0]]"
870,314.6704890001565,116799.25563111715,116854.61324073657,0.0004737306306031009,0.4810809998307377,0.15371019998565316,0.0,0.0,870,"[[2, 7], [11, 0]]"
871,315.26729240012355,116799.2556561324,116854.61324073657,0.0004737304165315217,0.4870596001856029,0.10752730001695454,0.0,0.0,871,"[[2, 7], [11, 0]]"
872,315.845457599964,116799.25567558008,116854.61324073657,0.00047373025010527856,0.4684703000821173,0.10735040018334985,0.0,0.0,872,"[[2, 7], [11, 0]]"
873,316.48247819999233,116799.25718941203,116854.61324073657,0.0004737172952726389,0.5025007000658661,0.13187629985623062,0.0,0.0,873,"[[2, 7], [11, 0]]"
874,317.1073670000769,116799.25729040767,116854.61324073657,0.00047371643098812806,0.5057393000461161,0.11651719990186393,0.0,0.0,874,"[[0, 6], [11, 0]]"
875,317.74055770016275,116799.25769463705,116854.61324073657,0.0004737129717375565,0.5157143999822438,0.11497030011378229,0.0,0.0,875,"[[2, 7], [11, 0]]"
876,318.34593100007623,116799.25831531128,116854.41699678791,0.00047202906740059666,0.4698157000821084,0.13321290002204478,0.0,0.0,876,"[[2, 7], [11, 0]]"
877,318.94660220015794,116799.25837967184,116854.41699678791,0.0004720285166250113,0.48715880000963807,0.11112060002051294,0.0,0.0,877,"[[2, 7], [11, 0]]"
878,319.55366730014794,116799.2584150756,116854.41699678791,0.00047202821365176543,0.4883137000724673,0.11634070007130504,0.0,0.0,878,"[[2, 7], [11, 0]]"
879,320.17624350008555,116799.25848805657,116854.40138567184,0.00047189405757401624,0.49786810018122196,0.12234760005958378,0.0,0.0,879,"[[2, 7], [11, 0]]"
880,320.73680880013853,116799.2585525327,116854.40138567184,0.0004718935058093376,0.44587990012951195,0.11234070011414587,0.0,0.0,880,"[[2, 7], [11, 0]]"
881,321.33128209994175,116799.25967562405,116854.40138567184,0.00047188389477767636,0.47007160005159676,0.12023389991372824,0.0,0.0,881,"[[2, 7], [11, 0]]"
882,321.9347761000972,116799.25977664627,116854.40138567184,0.00047188303026408175,0.485441799974069,0.1155596999451518,0.0,0.0,882,"[[2, 7], [11, 0]]"
883,322.5709422000218,116799.26348870897,116854.40138567184,0.0004718512637011555,0.5113088998477906,0.12265009991824627,0.0,0.0,883,"[[0, 6], [11, 0]]"
884,323.17337940004654,116799.26353157363,116854.40138567184,0.00047185089688005666,0.49048090004362166,0.10953919985331595,0.0,0.0,884,"[[2, 7], [11, 0]]"
885,323.83250429993495,116799.26357505808,116854.40138567184,0.00047185052475496274,0.5249647002201527,0.1319174999371171,0.0,0.0,885,"[[2, 7], [11, 0]]"
886,324.49120369995944,116799.26360427933,116854.40138567184,0.0004718502746895008,0.5334073998965323,0.12295899982564151,0.0,0.0,886,"[[2, 7], [11, 0]]"
887,325.11642830003984,116799.2636636558,116854.40138567184,0.00047184976656597236,0.5043544000945985,0.118296799948439,0.0,0.0,887,"[[2, 7], [11, 0]]"
888,325.7108082000632,116799.26373054538,116854.40138567184,0.00047184919414781673,0.47521850001066923,0.11688659992069006,0.0,0.0,888,"[[2, 7], [11, 0]]"
889,326.36691910005175,116799.26412878928,116854.40138567184,0.0004718457861127821,0.5243051000870764,0.12706560012884438,0.0,0.0,889,"[[2, 7], [11, 0]]"
890,327.00036370009184,116799.26419590745,116854.40138567184,0.0004718452117383798,0.5086732998024672,0.12237620004452765,0.0,0.0,890,"[[2, 7], [11, 0]]"
891,327.6075683000963,116799.26420141912,116854.40138567184,0.0004718451645714028,0.4860910999123007,0.11858089989982545,0.0,0.0,891,"[[2, 7], [11, 0]]"
892,328.20438280003145,116799.26421454648,116854.40138567184,0.0004718450522319844,0.4846205001231283,0.10988230002112687,0.0,0.0,892,"[[2, 7], [11, 0]]"
893,328.8240317001473,116799.26426853327,116854.40138567184,0.00047184459023149537,0.4795213998295367,0.1347735000308603,0.0,0.0,893,"[[2, 7], [11, 0]]"
894,329.43505339999683,116799.26428715825,116854.40138567184,0.00047184443084527175,0.4944076999090612,0.11410879995673895,0.0,0.0,894,"[[2, 7], [11, 0]]"
895,330.0500266000163,116799.29382293575,116849.61032293503,0.0004306090526122806,0.472758200019598,0.13968929997645319,0.0,0.0,895,"[[0, 6], [11, 0]]"
896,330.65812360006385,116799.29385046777,116849.61032293503,0.00043060881699301065,0.5029418000485748,0.1028829999268055,0.0,0.0,896,"[[0, 6], [11, 0]]"
897,331.2894715999719,116799.29390311104,116849.60440934187,0.0004305577796787916,0.5016718001570553,0.12724469997920096,0.0,0.0,897,"[[0, 6], [11, 0]]"
898,331.94054820016026,116799.2939363643,116849.60129229544,0.0004305308308695289,0.5116862000431865,0.13482669997029006,0.0,0.0,898,"[[0, 6], [11, 0]]"
899,332.590104599949,116799.29408525219,116849.60129229544,0.00043052955668553596,0.5322988999541849,0.1148835001513362,0.0,0.0,899,"[[2, 7], [11, 0]]"
900,333.2633014000021,116799.29465872394,116849.60129229544,0.0004305246489087894,0.5390015000011772,0.13165190001018345,0.0,0.0,900,"[[2, 7], [11, 0]]"
901,333.9575924000237,116799.29587959276,116849.60129229544,0.0004305142007018669,0.5767829997930676,0.11511319992132485,0.0,0.0,901,"[[0, 6], [11, 0]]"
902,334.6880129999481,116799.30036536948,116849.60129229544,0.000430475811381997,0.6139568998478353,0.11389270005747676,0.0,0.0,902,"[[0, 6], [11, 0]]"
903,335.29136010003276,116799.30041563958,116849.60129229544,0.00043047538116999866,0.4983886999543756,0.1026089999359101,0.0,0.0,903,"[[0, 6], [11, 0]]"
904,335.88092730008066,116799.30044029324,116849.60129229544,0.0004304751701836938,0.4766071999911219,0.11060309992171824,0.0,0.0,904,"[[0, 6], [11, 0]]"
905,336.6196119999513,116799.30048965069,116849.60129229544,0.00043047474778218396,0.5956500000320375,0.14056009985506535,0.0,0.0,905,"[[0, 6], [11, 0]]"
906,337.3195762000978,116799.30049746245,116849.60129229544,0.000430474680929075,0.5816297999117523,0.11577420006506145,0.0,0.0,906,"[[0, 6], [11, 0]]"
907,337.9815897999797,116799.3005479014,116849.60129229544,0.0004304742492720921,0.5434977998957038,0.11622890015132725,0.0,0.0,907,"[[0, 6], [11, 0]]"
908,338.66545230010524,116799.30057229,116849.60129229544,0.0004304740405542,0.5611592000350356,0.11951789981685579,0.0,0.0,908,"[[0, 6], [11, 0]]"
909,339.29157799994573,116799.30062179435,116849.60129229544,0.00043047361689550507,0.4945308000314981,0.12920500012114644,0.0,0.0,909,"[[0, 6], [11, 0]]"
910,339.9128626000602,116799.30503831286,116849.60129229544,0.0004304358202880616,0.47561100008897483,0.14305509999394417,0.0,0.0,910,"[[2, 7], [11, 0]]"
911,340.532889300026,116799.30509014553,116849.60129229544,0.00043043537670357345,0.49926269985735416,0.11842279997654259,0.0,0.0,911,"[[0, 6], [11, 0]]"
912,341.2177486999426,116799.30510754432,116849.60129229544,0.0004304352278045312,0.5697965000290424,0.11270009982399642,0.0,0.0,912,"[[2, 7], [11, 0]]"
913,341.93505520001054,116799.30514302064,116849.60129229544,0.0004304349241978653,0.5982681000605226,0.11656669992953539,0.0,0.0,913,"[[2, 7], [11, 0]]"
914,342.7108472001273,116799.3051948082,116849.60129229544,0.000430434480999437,0.644207299919799,0.12918889988213778,0.0,0.0,914,"[[2, 7], [11, 0]]"
915,343.33257990004495,116799.30834025284,116849.60129229544,0.00043040756225424094,0.5102557998616248,0.10898450016975403,0.0,0.0,915,"[[2, 7], [11, 0]]"
916,343.9342086999677,116799.30841283806,116849.60129229544,0.0004304069410692793,0.48287910013459623,0.11013120017014444,0.0,0.0,916,"[[2, 7], [11, 0]]"
917,344.6759522999637,116799.3084734821,116849.60129229544,0.00043040642207696993,0.6218832999002188,0.11697659990750253,0.0,0.0,917,"[[2, 7], [11, 0]]"
918,345.3800506000407,116799.30892806605,116849.60129229544,0.0004304025317432212,0.5699334999080747,0.13165570003911853,0.0,0.0,918,"[[2, 7], [11, 0]]"
919,346.0530600999482,116799.3090006364,116849.60129229544,0.0004304019106855348,0.5363644999451935,0.1342142999637872,0.0,0.0,919,"[[0, 6], [11, 0]]"
920,346.7475795999635,116799.30904061548,116849.60129229544,0.00043040156854412016,0.5415010000579059,0.14801639993675053,0.0,0.0,920,"[[2, 7], [11, 0]]"
921,347.49898490007035,116799.31062252444,116849.60129229544,0.00043038803055218125,0.6289085999596864,0.11983939982019365,0.0,0.0,921,"[[2, 7], [11, 0]]"
922,348.28091770014726,116799.31069420709,116849.60129229544,0.0004303874170914051,0.6665847001131624,0.11296990001574159,0.0,0.0,922,"[[2, 7], [11, 0]]"
923,348.9521073999349,116799.31075388665,116849.60129229544,0.0004303869063531794,0.5480655999854207,0.12102249986492097,0.0,0.0,923,"[[2, 7], [11, 0]]"
924,349.71664460003376,116799.31120039654,116849.60129229544,0.0004303830851172908,0.6391700999811292,0.1228473000228405,0.0,0.0,924,"[[0, 6], [11, 0]]"
925,350.443854900077,116799.31127867682,116849.60129229544,0.0004303824151938946,0.6108893998898566,0.11394020006991923,0.0,0.0,925,"[[0, 6], [11, 0]]"
926,351.1532070999965,116799.31131761498,116849.60129229544,0.0004303820819607483,0.5654682999011129,0.14146630000323057,0.0,0.0,926,"[[0, 6], [11, 0]]"
927,351.7667458001524,116799.31139579741,116849.60129229544,0.0004303814128747283,0.4898604000918567,0.11842789989896119,0.0,0.0,927,"[[0, 6], [11, 0]]"
928,352.41191669995897,116799.31269120499,116849.60129229544,0.0004303703267643365,0.5262627000920475,0.11645750002935529,0.0,0.0,928,"[[0, 6], [11, 0]]"
929,353.14846269995905,116799.31276781815,116849.60129229544,0.00043036967110821723,0.5912488999310881,0.14279369986616075,0.0,0.0,929,"[[2, 7], [11, 0]]"
930,353.7836798001081,116799.31278772833,116849.60129229544,0.0004303695007167261,0.5223175000865012,0.11062539997510612,0.0,0.0,930,"[[2, 7], [11, 0]]"
931,354.43609079997987,116799.31284954192,116849.60129229544,0.0004303689717153798,0.5352958000730723,0.11283549992367625,0.0,0.0,931,"[[0, 6], [11, 0]]"
932,355.0862215999514,116799.31499357561,116849.60129229544,0.0004303506230546895,0.5316928999964148,0.11615860019810498,0.0,0.0,932,"[[0, 6], [11, 0]]"
933,355.7412980000954,116799.3150714778,116849.60129229544,0.0004303499563669728,0.5344942000228912,0.11804570001550019,0.0,0.0,933,"[[2, 7], [11, 0]]"
934,356.43840049998835,116799.31706767781,116849.60129229544,0.00043033287286830635,0.5781362000852823,0.11666660010814667,0.0,0.0,934,"[[0, 6], [11, 0]]"
935,357.1153514001053,116799.31718867355,116849.60129229544,0.0004303318373856044,0.5538808000274003,0.11868329998105764,0.0,0.0,935,"[[0, 6], [11, 0]]"
936,357.8120879000053,116799.31722911651,116849.60129229544,0.0004303314912743739,0.5824595000594854,0.11191920004785061,0.0,0.0,936,"[[0, 6], [11, 0]]"
937,358.50022010016255,116799.31746907145,116849.60129229544,0.0004303294377377032,0.5724926998373121,0.11343689984641969,0.0,0.0,937,"[[0, 6], [11, 0]]"
938,359.1652792999521,116799.31758983605,116849.60129229544,0.00043032840423312197,0.5523300999775529,0.11040020012296736,0.0,0.0,938,"[[0, 6], [11, 0]]"
939,359.89085490000434,116799.31763055458,116849.60129229544,0.000430328055763564,0.615791599964723,0.10742220003157854,0.0,0.0,939,"[[0, 6], [11, 0]]"
940,360.6317416001111,116799.32170091338,116849.60129229544,0.00043029322159419617,0.617973200045526,0.12055690004490316,0.0,0.0,940,"[[0, 6], [11, 0]]"
941,361.31228910014033,116799.32877714894,116849.60129229544,0.00043023266310291715,0.573090799851343,0.10515310009941459,0.0,0.0,941,"[[0, 6], [11, 0]]"
942,361.98494899994694,116799.32969602506,116849.60129229544,0.00043022479935235546,0.5476498000789434,0.12276389985345304,0.0,0.0,942,"[[0, 6], [11, 0]]"
943,362.66960499994457,116799.33954341734,116849.60129229544,0.00043014052527546074,0.5619379000272602,0.12029200000688434,0.0,0.0,943,"[[0, 6], [11, 0]]"
944,363.35031300014816,116799.33959199853,116849.60129229544,0.00043014010951716885,0.5577589999884367,0.12069960008375347,0.0,0.0,944,"[[0, 6], [11, 0]]"
945,364.06502480013296,116799.33966692365,116849.60129229544,0.00043013946830728386,0.597591299796477,0.11455720011144876,0.0,0.0,945,"[[0, 6], [11, 0]]"
946,364.74622980016284,116799.33971555147,116849.60129229544,0.00043013905214998047,0.5716488000471145,0.10707320016808808,0.0,0.0,946,"[[0, 6], [11, 0]]"
947,365.45773250004277,116799.33994394417,116849.60129229544,0.00043013709756305944,0.5727925000246614,0.1360881000291556,0.0,0.0,947,"[[0, 6], [11, 0]]"
948,366.15614560013637,116799.33999273255,116849.60129229544,0.0004301366800316321,0.5671791001223028,0.12651630002073944,0.0,0.0,948,"[[0, 6], [11, 0]]"
949,366.81454930012114,116799.34006734724,116849.60129229544,0.0004301360414784614,0.5374465000350028,0.11836140020750463,0.0,0.0,949,"[[0, 6], [11, 0]]"
950,367.50703310011886,116799.34011618211,116849.60129229544,0.0004301356235491434,0.5691918001975864,0.12093360000289977,0.0,0.0,950,"[[0, 6], [11, 0]]"
951,368.225390000036,116799.34354555706,116849.60129229544,0.0004301062749256934,0.6007258999161422,0.11547640012577176,0.0,0.0,951,"[[0, 6], [11, 0]]"
952,368.9322965000756,116799.34359834601,116849.60129229544,0.00043010582315735957,0.5730538000352681,0.12879950017668307,0.0,0.0,952,"[[0, 6], [11, 0]]"
953,369.6152280999813,116799.3436683075,116849.60129229544,0.00043010522442626036,0.5660105999559164,0.11445940006524324,0.0,0.0,953,"[[0, 6], [11, 0]]"
954,370.3071054001339,116799.34372112667,116849.60129229544,0.0004301047723992664,0.5705228999722749,0.11904699984006584,0.0,0.0,954,"[[0, 6], [11, 0]]"
955,371.03092780010775,116799.34395175506,116849.60129229544,0.00043010279867934474,0.5937636999879032,0.12770469998940825,0.0,0.0,955,"[[0, 6], [11, 0]]"
956,371.85776120005175,116799.34400469462,116849.60129229544,0.0004301023456220692,0.6765814998652786,0.14772000000812113,0.0,0.0,956,"[[0, 6], [11, 0]]"
957,372.58796339994296,116799.34407437901,116849.60129229544,0.0004301017492623736,0.6035991001408547,0.12423760001547635,0.0,0.0,957,"[[0, 6], [11, 0]]"
958,373.30759810004383,116799.34412703273,116849.60129229544,0.0004301012986513475,0.5990335999522358,0.11836809990927577,0.0,0.0,958,"[[0, 6], [11, 0]]"
959,374.0616905000061,116799.34905840253,116849.60129229544,0.0004300590959416946,0.598279100144282,0.1535938000306487,0.0,0.0,959,"[[0, 6], [11, 0]]"
960,374.7148714000359,116799.34910781833,116849.60129229544,0.0004300586730407977,0.5290903998538852,0.12138439994305372,0.0,0.0,960,"[[0, 6], [11, 0]]"
961,375.3901684000157,116799.34916843916,116849.60129229544,0.0004300581542471223,0.5572975999675691,0.11545590008608997,0.0,0.0,961,"[[0, 6], [11, 0]]"
962,376.0250789001584,116799.3492178516,116849.60129229544,0.00043005773137499314,0.5175407999195158,0.1149803998414427,0.0,0.0,962,"[[0, 6], [11, 0]]"
963,376.67704059998505,116799.34945630273,116849.60129229544,0.00043005569070793826,0.5375267001800239,0.1121194998268038,0.0,0.0,963,"[[0, 6], [11, 0]]"
964,377.33099130005576,116799.3634670032,116849.60129229544,0.0004299357869999666,0.5466315001249313,0.10497069987468421,0.0,0.0,964,"[[2, 7], [11, 0]]"
965,377.97789039998315,116799.36351437072,116849.60129229544,0.0004299353816283031,0.5175828000064939,0.12678480008617043,0.0,0.0,965,"[[2, 7], [11, 0]]"
966,378.632073600078,116799.36353433301,116849.60129229544,0.00042993521079085064,0.5271324999630451,0.12452839990146458,0.0,0.0,966,"[[2, 7], [11, 0]]"
967,379.35584999993443,116799.36356379782,116849.60129229544,0.00042993495863076676,0.5918690001126379,0.12941180006600916,0.0,0.0,967,"[[2, 7], [11, 0]]"
968,380.0044770000968,116799.36357275407,116849.60129229544,0.0004299348819830708,0.5408544999081641,0.10542279994115233,0.0,0.0,968,"[[2, 7], [11, 0]]"
969,380.6780376001261,116799.36548122829,116849.60129229544,0.0004299185492425022,0.5635378998704255,0.10772509989328682,0.0,0.0,969,"[[2, 7], [11, 0]]"
970,381.39090590015985,116799.36548346144,116849.60129229544,0.0004299185301311707,0.5987776999827474,0.11157670011743903,0.0,0.0,970,"[[2, 7], [11, 0]]"
971,382.0378255001269,116799.36552817124,116849.60129229544,0.00042991814750428434,0.5364955000113696,0.10820810007862747,0.0,0.0,971,"[[2, 7], [11, 0]]"
972,382.6886382000521,116799.36553042437,116849.60129229544,0.0004299181282219657,0.5375227001495659,0.11095639993436635,0.0,0.0,972,"[[2, 7], [11, 0]]"
973,383.35319570009597,116799.3721316747,116849.60129229544,0.0004298616346588727,0.5490294001065195,0.11308280006051064,0.0,0.0,973,"[[2, 7], [11, 0]]"
974,384.00828139996156,116799.37218073863,116849.60129229544,0.0004298612147692425,0.5202101001050323,0.13236739998683333,0.0,0.0,974,"[[2, 7], [11, 0]]"
975,384.6342050000094,116799.3722841024,116849.60129229544,0.00042986033018113846,0.49589579994790256,0.12746440013870597,0.0,0.0,975,"[[2, 7], [11, 0]]"
976,385.34463439998217,116799.37230652204,116849.60129229544,0.00042986013831363714,0.5780713998246938,0.12249350012280047,0.0,0.0,976,"[[2, 7], [11, 0]]"
977,386.02981530013494,116799.37235595204,116849.60129229544,0.00042985971529119367,0.5469609999563545,0.1356977999676019,0.0,0.0,977,"[[2, 7], [11, 0]]"
978,386.7013453999534,116799.37252290035,116849.60129229544,0.00042985828654603064,0.5521184999961406,0.11690799985080957,0.0,0.0,978,"[[2, 7], [11, 0]]"
979,387.3630890001077,116799.37256734449,116849.60129229544,0.00042985790619266313,0.537276400020346,0.12196359992958605,0.0,0.0,979,"[[0, 6], [11, 0]]"
980,388.0109610001091,116799.37828943806,116849.60129229544,0.00042980893646142544,0.5066105998121202,0.13620469998568296,0.0,0.0,980,"[[2, 7], [11, 0]]"
981,388.72752119996585,116799.38260353789,116849.60129229544,0.0004297720163540081,0.5768768000416458,0.13717510015703738,0.0,0.0,981,"[[2, 7], [11, 0]]"
982,389.4423064000439,116799.38923624274,116849.60129229544,0.00042971525360272834,0.6038848999887705,0.10852080001495779,0.0,0.0,982,"[[2, 7], [11, 0]]"
983,390.1885345999617,116799.38928969871,116849.60129229544,0.000429714796126064,0.6238214999902993,0.1199862000066787,0.0,0.0,983,"[[2, 7], [11, 0]]"
984,390.8805027001072,116799.38932115989,116849.60129229544,0.00042971452688096457,0.570322300074622,0.11936600017361343,0.0,0.0,984,"[[2, 7], [11, 0]]"
985,391.61851639999077,116799.38934135923,116849.60129229544,0.00042971435401482997,0.5876762999687344,0.14770009997300804,0.0,0.0,985,"[[2, 7], [11, 0]]"
986,392.3317514001392,116799.38935797225,116849.60129229544,0.00042971421184045185,0.562992800027132,0.14784400002099574,0.0,0.0,986,"[[2, 7], [11, 0]]"
987,393.033159899991,116799.39131497541,116849.60129229544,0.0004296974637887981,0.5585476001724601,0.13826400018297136,0.0,0.0,987,"[[2, 7], [11, 0]]"
988,393.77513620001264,116799.39139912427,116849.60129229544,0.00042969674364200683,0.6241721999831498,0.11514400015585124,0.0,0.0,988,"[[2, 7], [11, 0]]"
989,394.490280700149,116799.39140007799,116849.60129229544,0.0004296967354800794,0.5683180000633001,0.1447399000171572,0.0,0.0,989,"[[2, 7], [11, 0]]"
990,395.1868759000208,116799.39148411484,116849.60129229544,0.0004296960162919619,0.5614579000975937,0.13047540001571178,0.0,0.0,990,"[[2, 7], [11, 0]]"
991,395.87819260009564,116799.39714409287,116849.60129229544,0.00042964757814605616,0.5438228000421077,0.14494299981743097,0.0,0.0,991,"[[2, 7], [11, 0]]"
992,396.5611425000243,116799.39723156998,116849.60129229544,0.0004296468295161443,0.5549465999938548,0.1256319999229163,0.0,0.0,992,"[[2, 7], [11, 0]]"
993,397.25644170003943,116799.39731486028,116849.60129229544,0.0004296461167169434,0.5797524999361485,0.11335100000724196,0.0,0.0,993,"[[2, 7], [11, 0]]"
994,397.9398110001348,116799.39952133983,116849.60129229544,0.0004296272336439669,0.5461720998864621,0.13266420015133917,0.0,0.0,994,"[[2, 7], [11, 0]]"
995,398.6277505001053,116799.42803028013,116849.60129229544,0.00042938325386150406,0.5632602002006024,0.12216410017572343,0.0,0.0,995,"[[2, 7], [11, 0]]"
996,399.30976049997844,116799.42807675069,116849.60129229544,0.0004293828561660799,0.5564524000510573,0.1232052999548614,0.0,0.0,996,"[[2, 7], [11, 0]]"
997,400.0293322999496,116799.42811364873,116849.60129229544,0.00042938254039230254,0.6028895999770612,0.11418620008043945,0.0,0.0,997,"[[2, 7], [11, 0]]"
998,400.7252597999759,116799.42812425797,116849.60129229544,0.0004293824495982536,0.5540663998108357,0.13687280006706715,0.0,0.0,998,"[[2, 7], [11, 0]]"
999,401.4429167001508,116799.42814219027,116849.60129229544,0.0004293822961334935,0.5984253999777138,0.11672489996999502,0.0,0.0,999,"[[2, 7], [11, 0]]"
1000,402.1796500000637,116799.4286472713,116849.60129229544,0.0004293779736452428,0.6052509001456201,0.1290689001325518,0.0,0.0,1000,"[[2, 7], [11, 0]]"
1001,402.90006380015984,116799.42869370853,116849.60129229544,0.0004293775762350048,0.5976468999870121,0.1202443998772651,0.0,0.0,1001,"[[2, 7], [11, 0]]"
1002,403.60064650001004,116799.42873078406,116849.60129229544,0.0004293772589422688,0.5798609999474138,0.1184754001442343,0.0,0.0,1002,"[[2, 7], [11, 0]]"
1003,404.2929839999415,116799.42874158805,116849.60129229544,0.00042937716648156225,0.5687560001388192,0.12093740003183484,0.0,0.0,1003,"[[2, 7], [11, 0]]"
1004,404.94334909995086,116799.42875940615,116849.60129229544,0.00042937701399415614,0.5365683001000434,0.11191269988194108,0.0,0.0,1004,"[[2, 7], [11, 0]]"
1005,405.6102905999869,116799.43032265341,116849.60129229544,0.0004293636357091912,0.534861900145188,0.12850040011107922,0.0,0.0,1005,"[[0, 6], [11, 0]]"
1006,406.3013800000772,116799.4303854316,116849.60129229544,0.00042936309845288944,0.5750287999399006,0.11337810009717941,0.0,0.0,1006,"[[0, 6], [11, 0]]"
1007,406.99552310002036,116799.43039284504,116849.60129229544,0.0004293630350085642,0.5735972002148628,0.11799709987826645,0.0,0.0,1007,"[[0, 6], [11, 0]]"
1008,407.73512730002403,116799.43044968927,116849.60129229544,0.00042936254853507053,0.5687873000279069,0.16822490002959967,0.0,0.0,1008,"[[0, 6], [11, 0]]"
1009,408.43704320001416,116799.43045266467,116849.60129229544,0.00042936252307156043,0.568032099865377,0.12939419993199408,0.0,0.0,1009,"[[0, 6], [11, 0]]"
1010,409.1580736001488,116799.43073549881,116849.60129229544,0.00042936010257431134,0.5981131999287754,0.12046690005809069,0.0,0.0,1010,"[[0, 6], [11, 0]]"
1011,409.89341629995033,116799.4307984553,116849.60129229544,0.0004293595637920769,0.5800864999182522,0.15265339985489845,0.0,0.0,1011,"[[0, 6], [11, 0]]"
1012,410.5789324999787,116799.43080567458,116849.60129229544,0.00042935950200942793,0.5584861999377608,0.12455200008116663,0.0,0.0,1012,"[[0, 6], [11, 0]]"
1013,411.28288480010815,116799.43086263798,116849.60129229544,0.00042935901451611366,0.5794432999100536,0.12217359989881516,0.0,0.0,1013,"[[0, 6], [11, 0]]"
1014,412.04161710012704,116799.43086564279,116849.60129229544,0.00042935898880091747,0.6243223000783473,0.13197059999220073,0.0,0.0,1014,"[[0, 6], [11, 0]]"
1015,412.7452009001281,116799.43166781492,116849.60129229544,0.0004293521238041973,0.5803340000566095,0.1209100999403745,0.0,0.0,1015,"[[2, 7], [11, 0]]"
1016,413.4305090000853,116799.43171764066,116849.60129229544,0.00042935169739501285,0.558560400037095,0.12171499989926815,0.0,0.0,1016,"[[2, 7], [11, 0]]"
1017,414.10517570003867,116799.43174216857,116849.60129229544,0.00042935148748494316,0.5526561001315713,0.11964950012043118,0.0,0.0,1017,"[[2, 7], [11, 0]]"
1018,414.8219813001342,116799.43224100769,116849.60129229544,0.000429347218415044,0.5887966000009328,0.12568959989584982,0.0,0.0,1018,"[[0, 6], [11, 0]]"
1019,415.5431313000154,116799.43230357615,116849.60129229544,0.0004293466829535468,0.5910037998110056,0.1279200001154095,0.0,0.0,1019,"[[0, 6], [11, 0]]"
1020,416.24472129996866,116799.4323097587,116849.60129229544,0.00042934663004317534,0.5767956001218408,0.12036029994487762,0.0,0.0,1020,"[[0, 6], [11, 0]]"
1021,416.99916550004855,116799.4323617536,116849.60129229544,0.0004293461850703662,0.6161633001174778,0.13570150011219084,0.0,0.0,1021,"[[0, 6], [11, 0]]"
1022,417.69613180006854,116799.43237206725,116849.60129229544,0.0004293460968060054,0.5790372998453677,0.11547910002991557,0.0,0.0,1022,"[[0, 6], [11, 0]]"
1023,418.3912245000247,116799.43243359326,116849.60129229544,0.0004293455702658528,0.5757879000157118,0.11681589996442199,0.0,0.0,1023,"[[0, 6], [11, 0]]"
1024,419.0921487000305,116799.4324961199,116849.60129229544,0.0004293450351622704,0.5632410999387503,0.13247120007872581,0.0,0.0,1024,"[[0, 6], [11, 0]]"
1025,419.82421190012246,116799.43375196756,116849.60129229544,0.0004293342876060502,0.5712749999947846,0.15818919986486435,0.0,0.0,1025,"[[2, 7], [11, 0]]"
1026,420.55804260005243,116799.4373669736,116849.60129229544,0.0004293033503500114,0.616844299947843,0.11443220009095967,0.0,0.0,1026,"[[2, 7], [11, 0]]"
1027,421.2115166001022,116799.43745910756,116849.60129229544,0.0004293025618666451,0.5444629001431167,0.10611800011247396,0.0,0.0,1027,"[[0, 6], [11, 0]]"
1028,421.9672098001465,116799.44075028124,116849.60129229544,0.0004292743959709843,0.630275100003928,0.12299950001761317,0.0,0.0,1028,"[[0, 6], [11, 0]]"
1029,422.7127197000664,116799.44890344897,116849.60129229544,0.0004292046210839697,0.6247405000030994,0.11786869983188808,0.0,0.0,1029,"[[0, 6], [11, 0]]"
1030,423.41715520014986,116799.44930936221,116849.60129229544,0.00042920114727453034,0.5726088001392782,0.12922360002994537,0.0,0.0,1030,"[[0, 6], [11, 0]]"
1031,424.1176426000893,116799.45091104918,116849.60129229544,0.0004291874400222556,0.586748099885881,0.11018260009586811,0.0,0.0,1031,"[[0, 6], [11, 0]]"
1032,424.80363230011426,116799.45132000142,116849.60129229544,0.0004291839402050863,0.570597100071609,0.11325170006603003,0.0,0.0,1032,"[[0, 6], [11, 0]]"
1033,425.5460580000654,116799.47439926473,116849.60129229544,0.000428986427650032,0.6149424000177532,0.1251841001212597,0.0,0.0,1033,"[[2, 7], [11, 0]]"
1034,426.2267869999632,116799.47619846504,116849.60129229544,0.0004289710300766356,0.5634244000539184,0.1146215999033302,0.0,0.0,1034,"[[2, 7], [11, 0]]"
1035,426.94637060002424,116799.49547273191,116849.60129229544,0.00042880608071728746,0.5886442000046372,0.12134340009652078,0.0,0.0,1035,"[[2, 7], [11, 0]]"
1036,427.6468035001308,116799.49663361459,116849.60129229544,0.00042879614587230307,0.5778240999206901,0.1198585000820458,0.0,0.0,1036,"[[2, 7], [11, 0]]"
1037,428.3707443999592,116799.49935429933,116849.60129229544,0.00042877286222636567,0.6043134001083672,0.11725160013884306,0.0,0.0,1037,"[[2, 7], [11, 0]]"
1038,429.15827649994753,116799.50005215382,116849.60129229544,0.00042876688998104694,0.677359800087288,0.10779469995759428,0.0,0.0,1038,"[[7, 1], [11, 0]]"
1039,429.9112055001315,116799.50117072312,116849.60129229544,0.00042875731725432995,0.6082628997974098,0.14004500000737607,0.0,0.0,1039,"[[7, 1], [11, 0]]"
1040,430.6723879999481,116799.50224198514,116849.60129229544,0.00042874814938369975,0.621092300163582,0.13754189992323518,0.0,0.0,1040,"[[7, 1], [11, 0]]"
1041,431.3898841000628,116799.50276802214,116849.60129229544,0.0004287436475540949,0.5873373998329043,0.12803979986347258,0.0,0.0,1041,"[[2, 7], [11, 0]]"
1042,432.1348588000983,116799.5053156627,116849.60129229544,0.00042872184482195893,0.6044546999037266,0.1354871999938041,0.0,0.0,1042,"[[7, 1], [11, 0]]"
1043,432.856764000142,116799.52559052722,116849.60129229544,0.0004285483323383901,0.5939218001440167,0.1254191999323666,0.0,0.0,1043,"[[0, 6], [11, 0]]"
1044,433.5832670000382,116799.52782646226,116849.60129229544,0.0004285291971850324,0.6128873000852764,0.11119989980943501,0.0,0.0,1044,"[[0, 6], [11, 0]]"
1045,434.31875350000337,116799.52782861506,116849.60129229544,0.00042852917876138555,0.6122652001213282,0.12059999979101121,0.0,0.0,1045,"[[0, 6], [11, 0]]"
1046,435.1072217000183,116799.54931595825,116849.60129229544,0.00042834528987378844,0.6288612999487668,0.15706999995745718,0.0,0.0,1046,"[[2, 7], [11, 0]]"
1047,435.89318810007535,116799.55470095148,116849.60129229544,0.0004282992050504724,0.6300969000440091,0.15326460008509457,0.0,0.0,1047,"[[2, 7], [11, 0]]"
1048,436.64211420016363,116799.55636686306,116849.60129229544,0.0004282849481633233,0.6272016998846084,0.1190755998250097,0.0,0.0,1048,"[[2, 7], [11, 0]]"
1049,437.39316590013914,116799.56054644479,116849.60129229544,0.00042824917926315533,0.6154642000328749,0.13290349999442697,0.0,0.0,1049,"[[0, 6], [11, 0]]"
1050,438.30040670000017,116799.5812833807,116849.60129229544,0.00042807171236824987,0.7777209000196308,0.12712020007893443,0.0,0.0,1050,"[[7, 1], [11, 0]]"
1051,438.9985619999934,116799.58223578507,116849.60129229544,0.0004280635616825802,0.5774060001131147,0.1182207998353988,0.0,0.0,1051,"[[7, 1], [11, 0]]"
1052,439.7552333001513,116799.60064572486,116849.60129229544,0.0004279060092426506,0.6259270999580622,0.1270649000070989,0.0,0.0,1052,"[[2, 7], [11, 0]]"
1053,440.50763670005836,116799.60066699554,116849.60129229544,0.00042790582720796864,0.621808499796316,0.12799710012041032,0.0,0.0,1053,"[[2, 7], [11, 0]]"
1054,441.1986666000448,116799.602912278,116849.60129229544,0.0004278866120592781,0.5663946999702603,0.12205360014922917,0.0,0.0,1054,"[[2, 7], [11, 0]]"
1055,441.99005859997123,116799.60293367895,116849.60129229544,0.000427886428909755,0.6660231000278145,0.12272670003585517,0.0,0.0,1055,"[[2, 7], [11, 0]]"
1056,442.7036512000486,116799.60617454807,116849.60129229544,0.00042785869352099235,0.59271389991045,0.11693009990267456,0.0,0.0,1056,"[[2, 7], [11, 0]]"
1057,443.53248580009677,116799.60617508335,116849.60129229544,0.0004278586889400811,0.7099005000200123,0.1164825998712331,0.0,0.0,1057,"[[2, 7], [11, 0]]"
1058,444.30815430008806,116799.60619578738,116849.60129229544,0.00042785851175480876,0.6554102001246065,0.11774889985099435,0.0,0.0,1058,"[[2, 7], [11, 0]]"
1059,445.01655649999157,116799.6061963251,116849.60129229544,0.00042785850715297563,0.5875766000244766,0.11841389979235828,0.0,0.0,1059,"[[2, 7], [11, 0]]"
1060,445.7288279000204,116799.60788890337,116849.60129229544,0.0004278440220520376,0.5872434999328107,0.12122590001672506,0.0,0.0,1060,"[[7, 1], [11, 0]]"
1061,446.4551796000451,116799.60790906122,116849.60129229544,0.0004278438495409535,0.6045377000700682,0.119278599973768,0.0,0.0,1061,"[[7, 1], [11, 0]]"
1062,447.17013450013474,116799.60849350746,116849.60129229544,0.00042783884784444324,0.6036839000880718,0.10885069984942675,0.0,0.0,1062,"[[2, 7], [11, 0]]"
1063,447.8967260001227,116799.60851460052,116849.60129229544,0.0004278386673298407,0.6131355001125485,0.11093720002099872,0.0,0.0,1063,"[[2, 7], [11, 0]]"
1064,448.64544660015963,116799.61381158978,116849.60129229544,0.00042779333564536625,0.5931422000285238,0.15057950001209974,0.0,0.0,1064,"[[2, 7], [11, 0]]"
1065,449.389311700128,116799.61383426853,116849.60129229544,0.0004277931415603871,0.6233403999358416,0.11759559996426105,0.0,0.0,1065,"[[7, 1], [11, 0]]"
1066,450.2357827001251,116799.61553335702,116849.60129229544,0.0004277786007449134,0.7323094001039863,0.11169279995374382,0.0,0.0,1066,"[[2, 7], [11, 0]]"
1067,450.94084749999456,116799.65231820963,116849.60129229544,0.0004274637956261907,0.5883870997931808,0.10750779998488724,0.0,0.0,1067,"[[2, 7], [11, 0]]"
1068,451.70133760012686,116799.65231820963,116849.60129229544,0.0004274637956261907,0.6423315999563783,0.11579249985516071,0.0,0.0,1068,"[[2, 7], [11, 0]]"
1069,452.4648464000784,116799.65233248752,116849.60129229544,0.0004274636734358883,0.618706899927929,0.1423416999168694,0.0,0.0,1069,"[[2, 7], [11, 0]]"
1070,453.2302292000968,116799.65240616704,116849.60129229544,0.00042746304288586245,0.613187100039795,0.14958800002932549,0.0,0.0,1070,"[[2, 7], [11, 0]]"
1071,454.0037084999494,116799.652422284,116849.60129229544,0.00042746290495677253,0.6568782001268119,0.11193040013313293,0.0,0.0,1071,"[[2, 7], [11, 0]]"
1072,454.699428900145,116799.65258037104,116849.60129229544,0.0004274615520463382,0.5831178999505937,0.11010309983976185,0.0,0.0,1072,"[[2, 7], [11, 0]]"
1073,455.4728232999332,116799.65258375547,116849.60129229544,0.00042746152308238624,0.6468182001262903,0.12437509978190064,0.0,0.0,1073,"[[2, 7], [11, 0]]"
1074,456.2161966001149,116799.65259476879,116849.60129229544,0.0004274614288302375,0.6012461001519114,0.13979050004854798,0.0,0.0,1074,"[[2, 7], [11, 0]]"
1075,456.9265044000931,116799.65259815042,116849.60129229544,0.0004274613998901964,0.5958032999187708,0.11220229999162257,0.0,0.0,1075,"[[2, 7], [11, 0]]"
1076,457.64448689995334,116799.6526699812,116849.60129229544,0.0004274607851617741,0.6071069999597967,0.10832990007475019,0.0,0.0,1076,"[[2, 7], [11, 0]]"
1077,458.3586033000611,116799.65267332253,116849.60129229544,0.00042746075656657155,0.600188700016588,0.11161580006591976,0.0,0.0,1077,"[[2, 7], [11, 0]]"
1078,459.09409969998524,116799.65268449375,116849.60129229544,0.00042746066096321336,0.624052400002256,0.10908670001663268,0.0,0.0,1078,"[[2, 7], [11, 0]]"
1079,459.8272923999466,116799.65268783222,116849.60129229544,0.0004274606323925443,0.5772491998504847,0.15101170004345477,0.0,0.0,1079,"[[2, 7], [11, 0]]"
1080,460.5683816000819,116799.65502420283,116849.60129229544,0.0004274406377105997,0.6252782000228763,0.1134498999454081,0.0,0.0,1080,"[[2, 7], [11, 0]]"
1081,461.32573599996977,116799.65502559475,116849.60129229544,0.00042744062579853687,0.6328267999924719,0.12206500000320375,0.0,0.0,1081,"[[2, 7], [11, 0]]"
1082,462.1322387000546,116799.65503741056,116849.60129229544,0.0004274405246787573,0.6892333999276161,0.1148573998361826,0.0,0.0,1082,"[[2, 7], [11, 0]]"
1083,462.8577748001553,116799.65503880393,116849.60129229544,0.00042744051275424094,0.6088837999850512,0.11417850013822317,0.0,0.0,1083,"[[2, 7], [11, 0]]"
1084,463.57910099998116,116799.65510120713,116849.60129229544,0.00042743997870709264,0.6003886999096721,0.11850499990396202,0.0,0.0,1084,"[[2, 7], [11, 0]]"
1085,464.3516867000144,116799.65510260826,116849.60129229544,0.00042743996671619884,0.6520912998821586,0.11807229998521507,0.0,0.0,1085,"[[2, 7], [11, 0]]"
1086,465.09637670009397,116799.6551144169,116849.60129229544,0.00042743986565769076,0.5942136000376195,0.14513109996914864,0.0,0.0,1086,"[[2, 7], [11, 0]]"
1087,465.87655170005746,116799.6559347377,116849.60129229544,0.0004274328453444932,0.6667828999925405,0.111072399886325,0.0,0.0,1087,"[[2, 7], [11, 0]]"
1088,466.5888120001182,116799.65593749114,116849.60129229544,0.000427432821780522,0.5975038998294622,0.11241830000653863,0.0,0.0,1088,"[[7, 1], [11, 0]]"
1089,467.31437849998474,116799.6559482354,116849.60129229544,0.0004274327298310333,0.6125485999509692,0.11061039986088872,0.0,0.0,1089,"[[2, 7], [11, 0]]"
1090,468.05941770016216,116799.65601128657,116849.60129229544,0.0004274321902385714,0.6200675000436604,0.12029540003277361,0.0,0.0,1090,"[[2, 7], [11, 0]]"
1091,468.89784110011533,116799.65601404582,116849.60129229544,0.00042743216662491053,0.7048903000541031,0.13107850006781518,0.0,0.0,1091,"[[2, 7], [11, 0]]"
1092,469.6484587001614,116799.65602533959,116849.60129229544,0.000427432069972715,0.6341887000016868,0.11402669991366565,0.0,0.0,1092,"[[2, 7], [11, 0]]"
1093,470.3568119001575,116799.65602810011,116849.60129229544,0.00042743204634809506,0.5957626001909375,0.11006009997799993,0.0,0.0,1093,"[[2, 7], [11, 0]]"
1094,471.1175780000631,116799.65617699426,116849.60129229544,0.00042743077211055184,0.6157323999796063,0.14051859988830984,0.0,0.0,1094,"[[2, 7], [11, 0]]"
1095,471.96651290007867,116799.65617956888,116849.60129229544,0.0004274307500769965,0.72042529983446,0.12595929997041821,0.0,0.0,1095,"[[2, 7], [11, 0]]"
1096,472.6843361000065,116799.65847724592,116849.60129229544,0.00042741108653500674,0.5995443998835981,0.11576369986869395,0.0,0.0,1096,"[[2, 7], [11, 0]]"
1097,473.4879558000248,116799.65848083697,116849.60129229544,0.00042741105580277624,0.678915600059554,0.12218479998409748,0.0,0.0,1097,"[[2, 7], [11, 0]]"
1098,474.27543060015887,116799.66014421603,116849.60129229544,0.0004273968205889015,0.6566904000937939,0.12526490003801882,0.0,0.0,1098,"[[2, 7], [11, 0]]"
1099,475.08532369998284,116799.66014756302,116849.60129229544,0.0004273967919453792,0.6919952998869121,0.11541379988193512,0.0,0.0,1099,"[[2, 7], [11, 0]]"
1100,475.8741582999937,116799.66015846664,116849.60129229544,0.0004273966986321031,0.66778580006212,0.1184413000009954,0.0,0.0,1100,"[[2, 7], [11, 0]]"
1101,476.68963670008816,116799.66016181532,116849.60129229544,0.00042739666997401016,0.6591988999862224,0.15284690004773438,0.0,0.0,1101,"[[2, 7], [11, 0]]"
1102,477.5253974001389,116799.6602216315,116849.60129229544,0.00042739615806664584,0.7074831000063568,0.12586900009773672,0.0,0.0,1102,"[[2, 7], [11, 0]]"
1103,478.28605749993585,116799.66023589135,116849.60129229544,0.0004273960360306429,0.6397289999295026,0.11872150003910065,0.0,0.0,1103,"[[2, 7], [11, 0]]"
1104,478.9939914001152,116799.66023924606,116849.60129229544,0.0004273960073209923,0.5882521001622081,0.11714590014889836,0.0,0.0,1104,"[[2, 7], [11, 0]]"
1105,479.77394420001656,116799.66247501003,116849.60129229544,0.00042737687363167306,0.6491076999809593,0.1263184999115765,0.0,0.0,1105,"[[2, 7], [11, 0]]"
1106,480.52968510007486,116799.66247892185,116849.60129229544,0.00042737684015430814,0.6365890000015497,0.11668960005044937,0.0,0.0,1106,"[[2, 7], [11, 0]]"
1107,481.30854290002026,116799.66255135777,116849.60129229544,0.0004273762202469555,0.617662200005725,0.1587384999729693,0.0,0.0,1107,"[[2, 7], [11, 0]]"
1108,482.0556552000344,116799.66255531166,116849.60129229544,0.00042737618640955856,0.6352820000611246,0.10935089993290603,0.0,0.0,1108,"[[2, 7], [11, 0]]"
1109,482.763286100002,116799.66261606653,116849.60129229544,0.0004273756664687874,0.5831877000164241,0.11992270010523498,0.0,0.0,1109,"[[2, 7], [11, 0]]"
1110,483.5021045000758,116799.66262010156,116849.60129229544,0.00042737563193698095,0.6155977000016719,0.12074539996683598,0.0,0.0,1110,"[[2, 7], [11, 0]]"
1111,484.2544348000083,116799.6626933514,116849.60129229544,0.00042737500506411267,0.6281304000876844,0.12164740008302033,0.0,0.0,1111,"[[2, 7], [11, 0]]"
1112,485.0201006999705,116799.66285676051,116849.60129229544,0.00042737360660746043,0.644059699960053,0.11915539996698499,0.0,0.0,1112,"[[2, 7], [11, 0]]"
1113,485.73079559998587,116799.66286010251,116849.60129229544,0.00042737357800652924,0.5876859999261796,0.11850379989482462,0.0,0.0,1113,"[[2, 7], [11, 0]]"
1114,486.45949389995076,116799.6628681703,116849.60129229544,0.0004273735089623439,0.6168882001657039,0.10945460014045238,0.0,0.0,1114,"[[2, 7], [11, 0]]"
1115,487.2073503001593,116799.66287151046,116849.60129229544,0.0004273734803772287,0.6160454000346363,0.12923069996759295,0.0,0.0,1115,"[[2, 7], [11, 0]]"
1116,487.956831100164,116799.66293404676,116849.60129229544,0.00042737294519095483,0.6132275001145899,0.13371389987878501,0.0,0.0,1116,"[[2, 7], [11, 0]]"
1117,488.6756331999786,116799.66293738395,116849.60129229544,0.0004273729166312449,0.6008078998420388,0.11371729988604784,0.0,0.0,1117,"[[2, 7], [11, 0]]"
1118,489.41564270015806,116799.66294543268,116849.60129229544,0.00042737284775020096,0.6276276998687536,0.11008730018511415,0.0,0.0,1118,"[[2, 7], [11, 0]]"
1119,490.15998310013674,116799.66294876816,116849.60129229544,0.00042737281920506167,0.6310273997951299,0.1109438999556005,0.0,0.0,1119,"[[2, 7], [11, 0]]"
1120,490.95330339996144,116799.66301229325,116849.60129229544,0.0004273722755567299,0.6834221000317484,0.107409100048244,0.0,0.0,1120,"[[7, 1], [11, 0]]"
1121,491.71505240001716,116799.66301505796,116849.60129229544,0.00042737225189636827,0.6233860999345779,0.1338941000867635,0.0,0.0,1121,"[[2, 7], [11, 0]]"
1122,492.44476780015975,116799.66302229885,116849.60129229544,0.00042737218992878415,0.6110880000051111,0.11608760012313724,0.0,0.0,1122,"[[2, 7], [11, 0]]"
1123,493.2078382000327,116799.6630252243,116849.60129229544,0.00042737216489267967,0.6292608000803739,0.13139840005896986,0.0,0.0,1123,"[[7, 1], [11, 0]]"
1124,493.95214490010403,116799.66308639277,116849.60129229544,0.00042737164141236247,0.5988396999891847,0.142970799934119,0.0,0.0,1124,"[[2, 7], [11, 0]]"
1125,494.6933931999374,116799.66950632764,116848.20056144221,0.00041533421038048116,0.6038686998654157,0.13182509993202984,0.0,0.0,1125,"[[7, 1], [11, 0]]"
1126,495.5427660001442,116799.66951989927,116848.11194847268,0.00041457604890334085,0.7227319998200983,0.12417259998619556,0.0,0.0,1126,"[[7, 1], [11, 0]]"
1127,496.31931579997763,116799.66952729096,116848.11194847268,0.00041457598564438976,0.6533115999773145,0.12092190003022552,0.0,0.0,1127,"[[7, 1], [11, 0]]"
1128,497.2139868999366,116799.66953982116,116848.11194847268,0.00041457587840942564,0.7681197000201792,0.11585949989967048,0.0,0.0,1128,"[[7, 1], [11, 0]]"
1129,498.08105210005306,116799.66957371871,116848.11194847268,0.0004145755883101599,0.7505513001233339,0.11394529999233782,0.0,0.0,1129,"[[7, 1], [11, 0]]"
1130,498.7932997001335,116799.6695858929,116848.1036262715,0.0004145042912593311,0.5834859998431057,0.1258998999837786,0.0,0.0,1130,"[[7, 1], [11, 0]]"
1131,499.5572554001119,116799.66959471966,116848.1036262715,0.00041450421571890774,0.6431864998303354,0.1188521001022309,0.0,0.0,1131,"[[7, 1], [11, 0]]"
1132,500.3578576000873,116799.66960664812,116848.1036262715,0.0004145041136336665,0.6772761999163777,0.12082100007683039,0.0,0.0,1132,"[[7, 1], [11, 0]]"
1133,501.13038090011105,116799.72313384296,116846.40141590458,0.00039948412185561086,0.6582841000054032,0.11186139984056354,0.0,0.0,1133,"[[2, 7], [11, 0]]"
1134,501.9023005000781,116799.72314866143,116846.40141590458,0.00039948399503546896,0.6427506001200527,0.1266938999760896,0.0,0.0,1134,"[[2, 7], [11, 0]]"
1135,502.62876949994825,116799.72315606913,116846.38507851181,0.0003993441680829912,0.5984118001069874,0.12564630014821887,0.0,0.0,1135,"[[2, 7], [11, 0]]"
1136,503.3546605000738,116799.723170894,116846.38507851181,0.000399344041208159,0.6112034998368472,0.11215900001116097,0.0,0.0,1136,"[[2, 7], [11, 0]]"
1137,504.1228948000353,116799.72319513733,116846.38507851181,0.0003993438337277933,0.6519780999515206,0.11388169997371733,0.0,0.0,1137,"[[2, 7], [11, 0]]"
1138,504.84688620013185,116799.72320999013,116846.38507851181,0.0003993437066138465,0.6042744000442326,0.11739569995552301,0.0,0.0,1138,"[[2, 7], [11, 0]]"
1139,505.6591217000969,116799.72321734534,116846.38507851181,0.00039934364366617947,0.6477713000494987,0.15961509989574552,0.0,0.0,1139,"[[2, 7], [11, 0]]"
1140,506.5059071001597,116799.72323220453,116846.38507851181,0.0003993435164975601,0.719687599921599,0.12486279988661408,0.0,0.0,1140,"[[2, 7], [11, 0]]"
1141,507.3094043000601,116799.72329894292,116846.38507851181,0.0003993429453340921,0.6903913000132889,0.11069180001504719,0.0,0.0,1141,"[[2, 7], [11, 0]]"
1142,508.17764939996414,116799.7233223293,116846.38507851181,0.0003993427451876952,0.7248541000299156,0.14064789982512593,0.0,0.0,1142,"[[2, 7], [11, 0]]"
1143,508.98015510011464,116799.72332828393,116846.38507851181,0.0003993426942265195,0.6736870999448001,0.12369999988004565,0.0,0.0,1143,"[[2, 7], [11, 0]]"
1144,509.8193636999931,116799.72334386302,116846.38507851181,0.0003993425608968383,0.7052573999390006,0.1310533001087606,0.0,0.0,1144,"[[2, 7], [11, 0]]"
1145,510.6282947999425,116799.72336812867,116846.38507851181,0.0003993423532254301,0.6811989999841899,0.12525569996796548,0.0,0.0,1145,"[[2, 7], [11, 0]]"
1146,511.4295640999917,116799.7233837134,116846.38507851181,0.0003993422198475524,0.6830835998989642,0.11574880010448396,0.0,0.0,1146,"[[2, 7], [11, 0]]"
1147,512.238633699948,116799.7233837134,116846.38507851181,0.0003993422198475524,0.693377000046894,0.11344420001842082,0.0,0.0,1147,"[[2, 7], [11, 0]]"
1148,513.0485725000035,116799.72339892344,116846.38507851181,0.0003993420896763012,0.6837670998647809,0.12366119981743395,0.0,0.0,1148,"[[2, 7], [11, 0]]"
1149,513.8337417000439,116799.72965439127,116841.07964675433,0.0003538994374929801,0.6659533998463303,0.11664350004866719,0.0,0.0,1149,"[[2, 7], [11, 0]]"
1150,514.6102628000081,116799.72965493129,116841.07814663611,0.00035388659845235655,0.6646557999774814,0.10953010013327003,0.0,0.0,1150,"[[2, 7], [11, 0]]"
1151,515.4264996000566,116799.72966515465,116841.05793693187,0.0003537136046776606,0.7029677999671549,0.110949199879542,0.0,0.0,1151,"[[2, 7], [11, 0]]"
1152,516.2582758001518,116799.72966569487,116841.05643838861,0.00035370077910520947,0.7189266998320818,0.11024509998969734,0.0,0.0,1152,"[[2, 7], [11, 0]]"
1153,517.0668903000187,116799.72967273834,116841.05643838861,0.00035370071882278925,0.696777299977839,0.10964489984326065,0.0,0.0,1153,"[[0, 6], [11, 0]]"
1154,517.9003236000426,116799.7296730747,116841.05643838861,0.0003537007159439423,0.7212673998437822,0.10977489990182221,0.0,0.0,1154,"[[2, 7], [11, 0]]"
1155,518.7558590001427,116799.72968359184,116841.05643838861,0.00035370062593162026,0.711382000008598,0.13945949985645711,0.0,0.0,1155,"[[2, 7], [11, 0]]"
1156,519.5593799001072,116799.72970027357,116841.05643838861,0.0003537004831587453,0.691108499886468,0.110021400032565,0.0,0.0,1156,"[[2, 7], [11, 0]]"
1157,520.4005875999574,116799.72970841863,116841.05643838861,0.0003537004134481791,0.7146010999567807,0.124100900022313,0.0,0.0,1157,"[[2, 7], [11, 0]]"
1158,521.2155691999942,116799.72970895702,116841.05643838861,0.00035370040884028035,0.7029472000431269,0.10956329992040992,0.0,0.0,1158,"[[2, 7], [11, 0]]"
1159,522.1193711999804,116799.72970966628,116841.05643838861,0.0003537004027699796,0.7546183001250029,0.14428950008004904,0.0,0.0,1159,"[[2, 7], [11, 0]]"
1160,522.9194112000987,116799.72971020447,116841.05643838861,0.0003537003981638245,0.680004799971357,0.11752119986340404,0.0,0.0,1160,"[[2, 7], [11, 0]]"
1161,523.6954097000416,116799.72971862205,116841.05643838861,0.0003537003261207882,0.6644123001024127,0.10916830017231405,0.0,0.0,1161,"[[2, 7], [11, 0]]"
1162,524.497540500015,116799.72972557458,116841.05643838861,0.00035370026661664676,0.6841996998991817,0.11532290000468493,0.0,0.0,1162,"[[2, 7], [11, 0]]"
1163,525.3664263000246,116799.72972625858,116841.05643838861,0.00035370026076255535,0.7450093999505043,0.12142309988848865,0.0,0.0,1163,"[[2, 7], [11, 0]]"
1164,526.1750781000592,116799.72972676024,116841.05643838861,0.00035370025646900703,0.674042799975723,0.13195660011842847,0.0,0.0,1164,"[[2, 7], [11, 0]]"
1165,526.9996750000864,116799.72972744326,116841.05643838861,0.00035370025062326013,0.6971608998719603,0.12498349999077618,0.0,0.0,1165,"[[2, 7], [11, 0]]"
1166,527.8026253001299,116799.72983353518,116840.83229935262,0.00035178169316815624,0.687135900137946,0.11327829980291426,0.0,0.0,1166,"[[2, 7], [11, 0]]"
1167,528.6043398999609,116799.72983410768,116840.83229935262,0.00035178168826831567,0.6785005000419915,0.12071379995904863,0.0,0.0,1167,"[[2, 7], [11, 0]]"
1168,529.4733079001307,116799.7298440633,116840.81291981282,0.0003516157986482712,0.7551692000124604,0.11112629994750023,0.0,0.0,1168,"[[2, 7], [11, 0]]"
1169,530.3116918001324,116799.72988779139,116840.81291981282,0.0003516154243947705,0.7272119000554085,0.10856329998932779,0.0,0.0,1169,"[[2, 7], [11, 0]]"
1170,531.1563085999805,116799.72990604938,116840.81291981282,0.0003516152681309057,0.718186300015077,0.12272530002519488,0.0,0.0,1170,"[[2, 7], [11, 0]]"
1171,531.9777814999688,116799.72990774941,116840.81291981282,0.0003516152535809599,0.7066664998419583,0.11233370006084442,0.0,0.0,1171,"[[2, 7], [11, 0]]"
1172,532.799083000049,116799.72993266935,116840.81291981282,0.00035161504029986463,0.7001865999773145,0.11898969998583198,0.0,0.0,1172,"[[2, 7], [11, 0]]"
1173,533.625567200128,116799.72993327733,116840.81291981282,0.00035161503509638305,0.696443600114435,0.12772030010819435,0.0,0.0,1173,"[[2, 7], [11, 0]]"
1174,534.4774241000414,116799.7299431054,116840.81291981282,0.00035161495098131863,0.7295939000323415,0.11265880009159446,0.0,0.0,1174,"[[0, 6], [11, 0]]"
1175,535.3029581999872,116799.72994348501,116840.80223247137,0.00035152351063658837,0.7057045002002269,0.1173281001392752,0.0,0.0,1175,"[[2, 7], [11, 0]]"
1176,536.0948153000791,116799.72997751489,116840.80223247137,0.00035152321938668776,0.6792131001129746,0.11028559994883835,0.0,0.0,1176,"[[2, 7], [11, 0]]"
1177,536.9147508000024,116799.72999342313,116840.80223247137,0.0003515230832335569,0.6986058000475168,0.11903940001502633,0.0,0.0,1177,"[[2, 7], [11, 0]]"
1178,537.722183200065,116799.73000085236,116840.80223247137,0.00035152301964932266,0.6843886999413371,0.1198003999888897,0.0,0.0,1178,"[[2, 7], [11, 0]]"
1179,538.534547300078,116799.73001673035,116840.80223247137,0.0003515228837551204,0.676721999887377,0.13322709989733994,0.0,0.0,1179,"[[2, 7], [11, 0]]"
1180,539.336183700012,116799.7300299056,116840.80223247137,0.00035152277099274984,0.6855913000181317,0.11358280014246702,0.0,0.0,1180,"[[2, 7], [11, 0]]"
1181,540.1525547001511,116799.73004576072,116840.80223247137,0.0003515226352942075,0.7105348000768572,0.10317320004105568,0.0,0.0,1181,"[[2, 7], [11, 0]]"
1182,541.0328249000013,116799.73005323307,116840.80223247137,0.000351522571340947,0.7695065001025796,0.10836789989843965,0.0,0.0,1182,"[[2, 7], [11, 0]]"
1183,541.8963615000248,116799.73126756429,116840.80223247137,0.0003515121783001901,0.7411778999958187,0.11966690002009273,0.0,0.0,1183,"[[2, 7], [11, 0]]"
1184,542.7961705001071,116799.7312686099,116840.80223247137,0.0003515121693511475,0.7780114999040961,0.11931139999069273,0.0,0.0,1184,"[[2, 7], [11, 0]]"
1185,543.6768084000796,116799.7312777926,116840.80223247137,0.00035151209075963755,0.7647453001700342,0.11349859996698797,0.0,0.0,1185,"[[2, 7], [11, 0]]"
1186,544.5523405999411,116799.73143966992,116840.80223247137,0.00035151070530763025,0.7582515999674797,0.11468970007263124,0.0,0.0,1186,"[[2, 7], [11, 0]]"
1187,545.3966920000967,116799.73144072533,116840.80223247137,0.000351510696274769,0.7004376000259072,0.14119660016149282,0.0,0.0,1187,"[[2, 7], [11, 0]]"
1188,546.2541470001452,116799.7314580951,116840.80223247137,0.0003515105476128558,0.7111837998963892,0.14371060021221638,0.0,0.0,1188,"[[2, 7], [11, 0]]"
1189,547.1116524001118,116799.7314670941,116840.80223247137,0.00035151047059359954,0.707927200011909,0.1469930000603199,0.0,0.0,1189,"[[2, 7], [11, 0]]"
1190,548.1017591001,116799.73146815623,116840.80223247137,0.0003515104615031986,0.8480146999936551,0.13761940016411245,0.0,0.0,1190,"[[2, 7], [11, 0]]"
1191,548.9616882000118,116799.73148528866,116840.80223247137,0.00035151031487261125,0.7431960999965668,0.11428999993950129,0.0,0.0,1191,"[[2, 7], [11, 0]]"
1192,549.9178860001266,116799.73149345048,116840.80223247137,0.00035151024501841775,0.8417204001452774,0.11240900005213916,0.0,0.0,1192,"[[0, 6], [11, 0]]"
1193,550.8851767999586,116799.73149410707,116840.80223247137,0.00035151023939895604,0.851784799946472,0.11319490009918809,0.0,0.0,1193,"[[2, 7], [11, 0]]"
1194,551.7080193001311,116799.73150352715,116840.80223247137,0.0003515101587757467,0.6709805999416858,0.14696039981208742,0.0,0.0,1194,"[[2, 7], [11, 0]]"
1195,552.621251200093,116799.73150459984,116840.80223247137,0.0003515101495949262,0.7649807000998408,0.14564640005119145,0.0,0.0,1195,"[[2, 7], [11, 0]]"
1196,553.5630946001038,116799.73151188398,116840.80223247137,0.00035151008725252826,0.8147827000357211,0.12438119994476438,0.0,0.0,1196,"[[2, 7], [11, 0]]"
1197,554.4325107999612,116799.73151295904,116840.80223247137,0.00035151007805140695,0.7491244999691844,0.11611770000308752,0.0,0.0,1197,"[[2, 7], [11, 0]]"
1198,555.2787842000835,116799.73151325775,116840.80223247137,0.0003515100754948757,0.7346416001673788,0.10927490005269647,0.0,0.0,1198,"[[2, 7], [11, 0]]"
1199,556.1579677001573,116799.73504981224,116840.80223247137,0.0003514798073486253,0.7713068998418748,0.10549610015004873,0.0,0.0,1199,"[[2, 7], [11, 0]]"
1200,557.0358291000593,116799.73505599206,116840.80223247137,0.0003514797544576837,0.759002799866721,0.11635599983856082,0.0,0.0,1200,"[[2, 7], [11, 0]]"
1201,557.9020589001011,116799.73506867824,116840.80223247137,0.00035147964588101504,0.743529399856925,0.11325179995037615,0.0,0.0,1201,"[[2, 7], [11, 0]]"
1202,558.832859300077,116799.7350748457,116840.80223247137,0.0003514795930959365,0.8143639999907464,0.11403990001417696,0.0,0.0,1202,"[[2, 7], [11, 0]]"
1203,559.7401394001208,116799.73509592442,116840.80223247137,0.00035147941269041643,0.7597209999803454,0.14501570002175868,0.0,0.0,1203,"[[2, 7], [11, 0]]"
1204,560.589684400009,116799.73510206532,116840.80223247137,0.0003514793601326322,0.732754800003022,0.11446569999679923,0.0,0.0,1204,"[[2, 7], [11, 0]]"
1205,561.4585655999836,116799.7351049296,116840.80223247137,0.0003514793356182286,0.7453949998598546,0.11933899996802211,0.0,0.0,1205,"[[2, 7], [11, 0]]"
1206,562.4050123000052,116799.7351098646,116840.80223247137,0.0003514792933812235,0.8220504999626428,0.12190139992162585,0.0,0.0,1206,"[[2, 7], [11, 0]]"
1207,563.3269315001089,116799.73511106509,116840.80223247137,0.0003514792831066505,0.7708579001482576,0.14813080010935664,0.0,0.0,1207,"[[2, 7], [11, 0]]"
1208,564.1967019999865,116799.73511599711,116840.80223247137,0.00035147924089517704,0.7447480000555515,0.1219053000677377,0.0,0.0,1208,"[[2, 7], [11, 0]]"
1209,565.129666000139,116799.73536319027,116840.80223247137,0.00035147712525452387,0.8077839000616223,0.12020780006423593,0.0,0.0,1209,"[[2, 7], [11, 0]]"
1210,565.9971374999732,116799.73536319027,116840.80223247137,0.00035147712525452387,0.7442379000131041,0.1206364999525249,0.0,0.0,1210,"[[2, 7], [11, 0]]"
1211,566.8687152999919,116799.73538330523,116840.80223247137,0.00035147695309748183,0.7266178000718355,0.14276549988426268,0.0,0.0,1211,"[[2, 7], [11, 0]]"
1212,567.8774421000853,116799.73538330523,116840.80223247137,0.00035147695309748183,0.8863612001296133,0.11999269993975759,0.0,0.0,1212,"[[2, 7], [11, 0]]"
1213,568.812171400059,116799.73540674371,116840.80223247137,0.0003514767524956512,0.8008597001899034,0.12944000004790723,0.0,0.0,1213,"[[2, 7], [11, 0]]"
1214,569.7353259001393,116799.73540674371,116840.80223247137,0.0003514767524956512,0.7699356998782605,0.15070510003715754,0.0,0.0,1214,"[[2, 7], [11, 0]]"
1215,570.6358048999682,116799.73541515705,116840.80223247137,0.00035147668048882526,0.7771413000300527,0.12089509982615709,0.0,0.0,1215,"[[2, 7], [11, 0]]"
1216,571.4898169001099,116799.73541515705,116840.80223247137,0.00035147668048882526,0.7376815001480281,0.11391979991458356,0.0,0.0,1216,"[[2, 7], [11, 0]]"
1217,572.4036364001222,116799.73541981546,116840.80223247137,0.0003514766406190433,0.7828705001156777,0.12552680005319417,0.0,0.0,1217,"[[2, 7], [11, 0]]"
1218,573.3237222000025,116799.73542687809,116840.80223247137,0.0003514765801724664,0.8022928000427783,0.11547189997509122,0.0,0.0,1218,"[[0, 6], [11, 0]]"
1219,574.1784886999521,116799.74272421037,116840.80223247137,0.0003514141248303021,0.7357015998568386,0.11664990009739995,0.0,0.0,1219,"[[2, 7], [11, 0]]"
1220,575.0815924000926,116799.74272707637,116840.80223247137,0.0003514141003012023,0.7799261000473052,0.120674500009045,0.0,0.0,1220,"[[2, 7], [11, 0]]"
1221,575.9798936001025,116799.74418186833,116840.69027821024,0.00035044380724227506,0.7376737000886351,0.15568129997700453,0.0,0.0,1221,"[[0, 6], [11, 0]]"
1222,576.8529618000612,116799.7441872664,116840.66551645267,0.0003502319077471071,0.7354535998310894,0.1350117998663336,0.0,0.0,1222,"[[0, 6], [11, 0]]"
1223,577.7022583000362,116799.76101022036,116840.66551645267,0.0003500879257363791,0.7306255998555571,0.11620990000665188,0.0,0.0,1223,"[[2, 7], [11, 0]]"
1224,578.5691164000891,116799.761018995,116840.66551645267,0.0003500878506371423,0.7131431000307202,0.14600619999691844,0.0,0.0,1224,"[[2, 7], [11, 0]]"
1225,579.4790229999926,116799.76110115834,116840.66551645267,0.00035008714742881163,0.7945113000459969,0.11310309986583889,0.0,0.0,1225,"[[2, 7], [11, 0]]"
1226,580.3128365001176,116799.76110997795,116840.66551645267,0.0003500870719447309,0.7106297998689115,0.12013749987818301,0.0,0.0,1226,"[[0, 6], [11, 0]]"
1227,581.1494065001607,116799.76204438152,116840.66551645267,0.0003500790746984405,0.7176463000942022,0.11653289990499616,0.0,0.0,1227,"[[7, 1], [11, 0]]"
1228,582.0302870001178,116799.77089429006,116840.66551645267,0.00035000333130464484,0.7399341999553144,0.13589489995501935,0.0,0.0,1228,"[[2, 7], [11, 0]]"
1229,582.9413350999821,116799.77199667215,116840.66551645267,0.0003499938963867634,0.8007540998514742,0.10842319997027516,0.0,0.0,1229,"[[2, 7], [11, 0]]"
1230,583.8927202001214,116799.77199779074,116840.66551645267,0.0003499938868131174,0.8339619000907987,0.11506840004585683,0.0,0.0,1230,"[[2, 7], [11, 0]]"
1231,584.8647126001306,116799.77210675072,116840.66551645267,0.00034999295426123343,0.8403344999533147,0.12814679997973144,0.0,0.0,1231,"[[2, 7], [11, 0]]"
1232,585.7758766000625,116799.77210781956,116840.66551645267,0.0003499929451134066,0.7772230999544263,0.131163900019601,0.0,0.0,1232,"[[2, 7], [11, 0]]"
1233,586.6847572000697,116799.82570926078,116840.66551645267,0.0003495341883870217,0.7929603999946266,0.11343909986317158,0.0,0.0,1233,"[[2, 7], [11, 0]]"
1234,587.5108430001419,116799.82571615436,116840.66551645267,0.0003495341293872128,0.7140488000586629,0.10963760013692081,0.0,0.0,1234,"[[2, 7], [11, 0]]"
1235,588.3786117001437,116799.82573973881,116840.66551645267,0.000349533927535837,0.7338526002131402,0.12956759985536337,0.0,0.0,1235,"[[2, 7], [11, 0]]"
1236,589.2514772999566,116799.825746626,116840.66551645267,0.00034953386859070334,0.7496251999400556,0.12070510000921786,0.0,0.0,1236,"[[2, 7], [11, 0]]"
1237,590.1154740999918,116799.82574829157,116840.66551645267,0.00034953385433566164,0.7437269000802189,0.11782480007968843,0.0,0.0,1237,"[[2, 7], [11, 0]]"
1238,590.9928975000512,116799.82575517544,116840.66551645267,0.0003495337954189242,0.7667400999926031,0.108308200025931,0.0,0.0,1238,"[[2, 7], [11, 0]]"
1239,591.8882049000822,116799.82577877202,116840.66551645267,0.00034953359346367796,0.7591160000301898,0.13119899993762374,0.0,0.0,1239,"[[2, 7], [11, 0]]"
1240,592.8590532999951,116799.82578564953,116840.66551645267,0.00034953353460136666,0.8511518999002874,0.11727140005677938,0.0,0.0,1240,"[[2, 7], [11, 0]]"
1241,593.8304272000678,116799.82753219019,116840.66551645267,0.00034951858654669245,0.8501953000668436,0.11882030009292066,0.0,0.0,1241,"[[2, 7], [11, 0]]"
1242,594.8021269000601,116799.82753864664,116840.66551645267,0.00034951853128808937,0.8441091999411583,0.12506860005669296,0.0,0.0,1242,"[[2, 7], [11, 0]]"
1243,595.6687950999476,116799.82756283654,116840.66551645267,0.00034951832425489626,0.7504042000509799,0.11380830011330545,0.0,0.0,1243,"[[2, 7], [11, 0]]"
1244,596.5719829001464,116799.8275692869,116840.66551645267,0.00034951826904835304,0.7840464999899268,0.11660210019908845,0.0,0.0,1244,"[[2, 7], [11, 0]]"
1245,597.4529673000798,116799.82757105645,116840.66551645267,0.0003495182539034376,0.7659291999880224,0.11190610006451607,0.0,0.0,1245,"[[2, 7], [11, 0]]"
1246,598.3183347999584,116799.82757750392,116840.66551645267,0.0003495181987216788,0.7483497001230717,0.11473700008355081,0.0,0.0,1246,"[[2, 7], [11, 0]]"
1247,599.204572299961,116799.82760170588,116840.66551645267,0.0003495179915852379,0.7661186999175698,0.11820499994792044,0.0,0.0,1247,"[[2, 7], [11, 0]]"
1248,600.1352872001007,116799.8276081468,116840.66551645267,0.0003495179364595243,0.805911700008437,0.12236110004596412,0.0,0.0,1248,"[[2, 7], [11, 0]]"
1249,601.0714632000308,116799.82963604218,116840.66551645267,0.00034950058038434815,0.7973773998674005,0.13629529997706413,0.0,0.0,1249,"[[2, 7], [11, 0]]"
1250,601.9665298000909,116799.82964089653,116840.66551645267,0.00034950053883764625,0.7689014999195933,0.12362330011092126,0.0,0.0,1250,"[[2, 7], [11, 0]]"
1251,602.8551392999943,116799.82966791575,116840.66551645267,0.0003495003075891779,0.7601586999371648,0.12136740004643798,0.0,0.0,1251,"[[2, 7], [11, 0]]"
1252,603.7459629001096,116799.82967195864,116840.66551645267,0.00034950027298747625,0.7658864997792989,0.12246970017440617,0.0,0.0,1252,"[[2, 7], [11, 0]]"
1253,604.6226705000736,116799.83013883856,116840.66551645267,0.0003494962771190786,0.7557051999028772,0.11872619995847344,0.0,0.0,1253,"[[0, 6], [11, 0]]"
1254,605.4807176999748,116799.83014664162,116840.66551645267,0.00034949621033533463,0.7427674999926239,0.11272790003567934,0.0,0.0,1254,"[[0, 6], [11, 0]]"
1255,606.3543706999626,116799.83019062216,116840.66551645267,0.00034949583392063146,0.7512935001868755,0.11480169999413192,0.0,0.0,1255,"[[2, 7], [11, 0]]"
1256,607.333024200052,116799.83019586264,116840.66551645267,0.0003494957890691292,0.8410785999149084,0.13509400002658367,0.0,0.0,1256,"[[2, 7], [11, 0]]"
1257,608.3369712000713,116799.83021774483,116840.66551645267,0.000349495601786773,0.8279820999596268,0.17313250014558434,0.0,0.0,1257,"[[2, 7], [11, 0]]"
1258,609.2674225000665,116799.83022298203,116840.66551645267,0.00034949555696341795,0.8066275999881327,0.12135219993069768,0.0,0.0,1258,"[[2, 7], [11, 0]]"
1259,610.1756925000809,116799.83023773142,116840.66551645267,0.0003494954307282651,0.7562688998878002,0.14401690009981394,0.0,0.0,1259,"[[2, 7], [11, 0]]"
1260,611.075103700161,116799.8302429619,116840.66551645267,0.00034949538596232527,0.7849817001260817,0.11182340001687407,0.0,0.0,1260,"[[2, 7], [11, 0]]"
1261,611.9679366000928,116799.8311664158,116840.66551645267,0.0003494874824307568,0.7711058999411762,0.11938009993173182,0.0,0.0,1261,"[[2, 7], [11, 0]]"
1262,612.8370002000593,116799.83117166017,116840.66551645267,0.00034948743754587653,0.746713399887085,0.12002349994145334,0.0,0.0,1262,"[[2, 7], [11, 0]]"
1263,613.7513526000548,116799.83119523042,116840.66551645267,0.0003494872358160566,0.7888543999288231,0.12090650014579296,0.0,0.0,1263,"[[2, 7], [11, 0]]"
1264,614.8143988000229,116799.83120047276,116840.66551645267,0.00034948719094861266,0.9244562999811023,0.1361547999549657,0.0,0.0,1264,"[[2, 7], [11, 0]]"
1265,615.9076062000822,116799.83120739834,116840.66551645267,0.0003494871316749294,0.9621173001360148,0.12864989996887743,0.0,0.0,1265,"[[2, 7], [11, 0]]"
1266,616.9349114000797,116799.83735310998,116840.66551645267,0.0003494345325938492,0.9115617000497878,0.11337419995106757,0.0,0.0,1266,"[[2, 7], [11, 0]]"
1267,617.9741794001311,116799.83785671077,116840.66551645267,0.0003494302224438592,0.9118611000012606,0.12504239985719323,0.0,0.0,1267,"[[2, 7], [11, 0]]"
1268,618.9299771001097,116799.84718358784,116840.66551645267,0.0003493503968366425,0.8021882001776248,0.1509883999824524,0.0,0.0,1268,"[[2, 7], [11, 0]]"
1269,619.9470643000677,116799.84722491293,116840.66551645267,0.00034935004314915147,0.8451656999532133,0.16925909998826683,0.0,0.0,1269,"[[2, 7], [11, 0]]"
1270,621.1413601001259,116799.84766447831,116840.66551645267,0.0003493462810567375,1.0556960999965668,0.13635020004585385,0.0,0.0,1270,"[[2, 7], [11, 0]]"
1271,622.128475200152,116799.84766647118,116840.66551645267,0.0003493462640004307,0.8597238999791443,0.1250173000153154,0.0,0.0,1271,"[[2, 7], [11, 0]]"
1272,623.1044342999812,116799.84770584141,116840.66551645267,0.00034934592704381046,0.833913599839434,0.13963929982855916,0.0,0.0,1272,"[[2, 7], [11, 0]]"
1273,624.1112443001475,116799.847707821,116840.66551645267,0.00034934591010121323,0.8871054998598993,0.1172151998616755,0.0,0.0,1273,"[[2, 7], [11, 0]]"
1274,625.143642200157,116799.85229341383,116840.66551645267,0.0003493066635528252,0.9038668998982757,0.12599430000409484,0.0,0.0,1274,"[[2, 7], [11, 0]]"
1275,626.1142796999775,116799.85232837326,116840.66551645267,0.00034930636434677667,0.8423282001167536,0.12581920018419623,0.0,0.0,1275,"[[2, 7], [11, 0]]"
1276,627.1161963001359,116799.8546523523,116840.66551645267,0.00034928647419105586,0.8676833000499755,0.1318697000388056,0.0,0.0,1276,"[[2, 7], [11, 0]]"
1277,628.0398488000501,116799.85465252801,116840.66551645267,0.00034928647268717556,0.7919807001017034,0.12915319995954633,0.0,0.0,1277,"[[2, 7], [11, 0]]"
1278,629.0220705999527,116799.85468372513,116840.66551645267,0.00034928620568147747,0.8510789000429213,0.12850390002131462,0.0,0.0,1278,"[[2, 7], [11, 0]]"
1279,629.9914152000565,116799.85468389341,116840.66551645267,0.0003492862042412396,0.8359693998936564,0.12992520001716912,0.0,0.0,1279,"[[2, 7], [11, 0]]"
1280,630.9932602001354,116799.85529496789,116840.66551645267,0.00034928097426013805,0.8521801999304444,0.14636139990761876,0.0,0.0,1280,"[[2, 7], [11, 0]]"
1281,632.0272359000519,116799.86647750912,116840.66551645267,0.00034918526664685153,0.8764837998896837,0.15472309989854693,0.0,0.0,1281,"[[0, 6], [11, 0]]"
1282,632.9248045000713,116799.86649175262,116840.66551645267,0.00034918514474150395,0.7592259999364614,0.13427209993824363,0.0,0.0,1282,"[[0, 6], [11, 0]]"
1283,633.8559227001388,116799.87156386196,116840.66551645267,0.0003491417342617656,0.8108367999084294,0.11796719999983907,0.0,0.0,1283,"[[0, 6], [11, 0]]"
1284,634.8105169001501,116799.8716116279,116840.66551645267,0.0003491413254491837,0.8307390999980271,0.12137569999322295,0.0,0.0,1284,"[[0, 6], [11, 0]]"
1285,635.734229600057,116799.9044355792,116840.66551645267,0.0003488603962781743,0.8022862998768687,0.1189051999244839,0.0,0.0,1285,"[[2, 7], [11, 0]]"
1286,636.6622192999348,116799.90445805207,116840.66551645267,0.00034886020394041386,0.7987148000393063,0.12411790015175939,0.0,0.0,1286,"[[2, 7], [11, 0]]"
1287,637.5753832999617,116799.90446923008,116840.66551645267,0.00034886010827158163,0.7960613998584449,0.11481850012205541,0.0,0.0,1287,"[[2, 7], [11, 0]]"
1288,638.4842991000041,116799.9044917108,116840.66551645267,0.00034885991586669143,0.797870900016278,0.10834689997136593,0.0,0.0,1288,"[[2, 7], [11, 0]]"
1289,639.3980304000434,116799.90475122037,116840.66551645267,0.0003488576948114543,0.7800777999218553,0.1312009000685066,0.0,0.0,1289,"[[7, 1], [11, 0]]"
1290,640.3257252001204,116799.90477697851,116840.66551645267,0.0003488574743561761,0.7801928999833763,0.14323450019583106,0.0,0.0,1290,"[[7, 1], [11, 0]]"
1291,641.2764880000614,116799.90478571261,116840.66551645267,0.0003488573996039215,0.8130763999652117,0.13519930001348257,0.0,0.0,1291,"[[7, 1], [11, 0]]"
1292,642.2489599999972,116799.90481145725,116840.66551645267,0.00034885717926422103,0.8178802998736501,0.15160909993574023,0.0,0.0,1292,"[[7, 1], [11, 0]]"
1293,643.231534200022,116799.90495562917,116840.66551645267,0.00034885594534518453,0.8289677000138909,0.15093830018304288,0.0,0.0,1293,"[[7, 1], [11, 0]]"
1294,644.1479329001158,116799.90498142032,116840.66551645267,0.0003488557246074384,0.7990192999131978,0.11489810002967715,0.0,0.0,1294,"[[2, 7], [11, 0]]"
1295,645.0841683000326,116799.90498929509,116840.66551645267,0.00034885565720993694,0.8164534999523312,0.11731239990331233,0.0,0.0,1295,"[[2, 7], [11, 0]]"
1296,646.003624400124,116799.90501509618,116840.66551645267,0.0003488554363870021,0.8031965000554919,0.1138047999702394,0.0,0.0,1296,"[[2, 7], [11, 0]]"
1297,646.8911415999755,116799.90644110701,116840.66551645267,0.0003488432316394267,0.7748676999472082,0.11028650007210672,0.0,0.0,1297,"[[2, 7], [11, 0]]"
1298,647.8054273000453,116799.9064635537,116840.66551645267,0.00034884303952572264,0.7970312000252306,0.11476130015216768,0.0,0.0,1298,"[[2, 7], [11, 0]]"
1299,648.7309211001266,116799.9064754257,116840.66551645267,0.0003488429379173416,0.798630699981004,0.12447689985856414,0.0,0.0,1299,"[[2, 7], [11, 0]]"
1300,649.687737399945,116799.90649787674,116840.66551645267,0.0003488427457663986,0.8387850001454353,0.1156188000459224,0.0,0.0,1300,"[[2, 7], [11, 0]]"
1301,650.6588515001349,116799.90678805803,116840.66551645267,0.0003488402622022834,0.8582162000238895,0.11045320006087422,0.0,0.0,1301,"[[7, 1], [11, 0]]"
1302,651.614873399958,116799.90682301007,116840.66551645267,0.0003488399630595037,0.8332761998753995,0.12000459991395473,0.0,0.0,1302,"[[7, 1], [11, 0]]"
1303,652.614327599993,116799.93310389481,116840.66551645267,0.00034861503379680887,0.8691777000203729,0.12790820002555847,0.0,0.0,1303,"[[0, 6], [11, 0]]"
1304,653.6034991000779,116799.93310452727,116840.66551645267,0.0003486150283838361,0.8701172000728548,0.11695179995149374,0.0,0.0,1304,"[[0, 6], [11, 0]]"
1305,654.5789210000075,116799.93311096425,116840.66551645267,0.0003486149732918742,0.7957897000014782,0.17504299990832806,0.0,0.0,1305,"[[0, 6], [11, 0]]"
1306,655.5244474001229,116799.93311159537,116840.66551645267,0.00034861496789035957,0.8202784999739379,0.1228519999422133,0.0,0.0,1306,"[[0, 6], [11, 0]]"
1307,656.4249760000966,116799.93314311195,116840.66551645267,0.0003486146981505261,0.7747013999614865,0.12340119993314147,0.0,0.0,1307,"[[0, 6], [11, 0]]"
1308,657.3670042001177,116799.93314373825,116840.66551645267,0.00034861469279023584,0.7978337001986802,0.14161719987168908,0.0,0.0,1308,"[[0, 6], [11, 0]]"
1309,658.3147921999916,116799.9331463365,116840.66551645267,0.00034861467055273445,0.7808727000374347,0.16145780007354915,0.0,0.0,1309,"[[0, 6], [11, 0]]"
1310,659.2720890000928,116799.93314696374,116840.66551645267,0.0003486146651843488,0.830351599957794,0.12441910011693835,0.0,0.0,1310,"[[0, 6], [11, 0]]"
1311,660.2107051999774,116799.93315021307,116840.66551645267,0.0003486146373744571,0.8049406998325139,0.13121849996969104,0.0,0.0,1311,"[[0, 6], [11, 0]]"
1312,661.1535780001432,116799.93315083695,116840.66551645267,0.0003486146320348413,0.8145660001318902,0.12408369989134371,0.0,0.0,1312,"[[0, 6], [11, 0]]"
1313,662.1435897001065,116799.93315453138,116840.66551645267,0.0003486146004154931,0.848795099882409,0.1387199000455439,0.0,0.0,1313,"[[0, 6], [11, 0]]"
1314,663.1075135001447,116799.93319487592,116840.66551645267,0.0003486142551200901,0.7977894998621196,0.16359040001407266,0.0,0.0,1314,"[[0, 6], [11, 0]]"
1315,664.1187054000329,116799.93319728423,116840.66551645267,0.0003486142345081494,0.8441735999658704,0.16253859992139041,0.0,0.0,1315,"[[0, 6], [11, 0]]"
1316,665.0391677999869,116799.93319789521,116840.66551645267,0.00034861422927900504,0.7949681000318378,0.12310149986296892,0.0,0.0,1316,"[[0, 6], [11, 0]]"
1317,665.9754296001047,116799.9346903702,116840.66551645267,0.00034860145568705187,0.8093329998664558,0.1243932000361383,0.0,0.0,1317,"[[2, 7], [11, 0]]"
1318,666.8968921001069,116799.93469054616,116840.66551645267,0.0003486014541810543,0.7867364000994712,0.13227679999545217,0.0,0.0,1318,"[[2, 7], [11, 0]]"
1319,667.8249501001555,116799.93469692179,116840.66551645267,0.0003486013996141739,0.800458500161767,0.1251402001362294,0.0,0.0,1319,"[[2, 7], [11, 0]]"
1320,668.7843730000313,116799.93469709597,116840.66551645267,0.0003486013981233708,0.821862299926579,0.13505459995940328,0.0,0.0,1320,"[[2, 7], [11, 0]]"
1321,669.69801250007,116799.93471528016,116840.66551645267,0.00034860124249100084,0.7829460999928415,0.1284692999906838,0.0,0.0,1321,"[[2, 7], [11, 0]]"
1322,670.7491391000804,116799.9347154497,116840.66551645267,0.0003486012410400521,0.9058429999276996,0.14123020018450916,0.0,0.0,1322,"[[2, 7], [11, 0]]"
1323,671.7822561999783,116799.93472081589,116840.66551645267,0.00034860119511260606,0.8942553999368101,0.13658159994520247,0.0,0.0,1323,"[[2, 7], [11, 0]]"
1324,672.736925000092,116799.93472098402,116840.66551645267,0.0003486011936736137,0.7935802000574768,0.15832209982909262,0.0,0.0,1324,"[[2, 7], [11, 0]]"
1325,673.7876667000819,116799.93472181019,116840.66551645267,0.0003486011866026985,0.9016247999388725,0.14418999990448356,0.0,0.0,1325,"[[2, 7], [11, 0]]"
1326,674.7605759000871,116799.93472197809,116840.66551645267,0.00034860118516569883,0.8507604000624269,0.11976579995825887,0.0,0.0,1326,"[[2, 7], [11, 0]]"
1327,675.709852,116799.93472734521,116840.66551645267,0.0003486011392302819,0.786526900017634,0.1602130001410842,0.0,0.0,1327,"[[2, 7], [11, 0]]"
1328,676.6363297000062,116799.93472751163,116840.66551645267,0.0003486011378059858,0.7847604001872241,0.1363444000016898,0.0,0.0,1328,"[[2, 7], [11, 0]]"
1329,677.5572176000569,116799.94075466454,116840.66551645267,0.0003485495534292562,0.7915966999717057,0.12683099997229874,0.0,0.0,1329,"[[0, 6], [11, 0]]"
1330,678.4631060999818,116799.94080225338,116840.66551645267,0.0003485491461323864,0.772706399904564,0.13066900009289384,0.0,0.0,1330,"[[0, 6], [11, 0]]"
1331,679.3942850001622,116799.94082848332,116840.66551645267,0.0003485489216391117,0.8051193999126554,0.12145010009407997,0.0,0.0,1331,"[[0, 6], [11, 0]]"
1332,680.2988434999716,116799.9408677526,116840.66551645267,0.00034854858554658443,0.779421400045976,0.12276630010455847,0.0,0.0,1332,"[[0, 6], [11, 0]]"
1333,681.25604690006,116799.94261925349,116840.66551645267,0.00034853359503889467,0.7962630998808891,0.15834600012749434,0.0,0.0,1333,"[[0, 6], [11, 0]]"
1334,682.199135400122,116799.96202551607,116840.66551645267,0.00034836750335758075,0.8022791999392211,0.1361074000597,0.0,0.0,1334,"[[7, 1], [11, 0]]"
1335,683.1198279000819,116799.96206250554,116840.66551645267,0.00034836718677713763,0.7854643000755459,0.13273250008933246,0.0,0.0,1335,"[[0, 6], [11, 0]]"
1336,684.1638845000416,116799.9625110707,116840.66551645267,0.00034836334765865184,0.9114178998861462,0.12997860019095242,0.0,0.0,1336,"[[0, 6], [11, 0]]"
1337,685.2225448000245,116799.96491504408,116840.66551645267,0.00034834277285815016,0.9193355001043528,0.13665510015562177,0.0,0.0,1337,"[[0, 6], [11, 0]]"
1338,686.325514400145,116799.96714573234,116840.66551645267,0.00034832368114679857,0.9593864001799375,0.1365127998869866,0.0,0.0,1338,"[[0, 6], [11, 0]]"
1339,687.3959003000055,116799.96847510958,116840.66551645267,0.00034831230345368545,0.9492076002061367,0.11864940007217228,0.0,0.0,1339,"[[0, 6], [11, 0]]"
1340,688.4469101000577,116799.9688624636,116840.66551645267,0.0003483089882207175,0.9307579998858273,0.11774930008687079,0.0,0.0,1340,"[[7, 1], [11, 0]]"
1341,689.5245783999562,116799.96889126315,116840.66551645267,0.0003483087417350459,0.9571022999007255,0.11534180003218353,0.0,0.0,1341,"[[7, 1], [11, 0]]"
1342,690.6058380000759,116799.97804608548,116840.66551645267,0.0003482303886865789,0.9551711999811232,0.12359729991294444,0.0,0.0,1342,"[[0, 6], [11, 0]]"
1343,691.6946447000373,116799.97804664764,116840.66551645267,0.00034823038387528284,0.9826058999169618,0.10366160003468394,0.0,0.0,1343,"[[0, 6], [11, 0]]"
1344,692.7583137999754,116799.97824293381,116840.66551645267,0.00034822870392788876,0.9321229998022318,0.12737919995561242,0.0,0.0,1344,"[[2, 7], [11, 0]]"
1345,693.7077125001233,116799.97824414412,116840.66551645267,0.00034822869356923586,0.8198239000048488,0.127438300056383,0.0,0.0,1345,"[[2, 7], [11, 0]]"
1346,694.6797573999502,116799.9942851872,116840.66551645267,0.00034809140367095747,0.8250751998275518,0.1443052999675274,0.0,0.0,1346,"[[2, 7], [11, 0]]"
1347,695.6337834999431,116799.99429824989,116840.66551645267,0.00034809129187181017,0.827844199957326,0.1227615000680089,0.0,0.0,1347,"[[2, 7], [11, 0]]"
1348,696.636930000037,116799.99430374116,116840.66551645267,0.00034809124487390026,0.8678888999857008,0.13265369995497167,0.0,0.0,1348,"[[2, 7], [11, 0]]"
1349,697.6658294000663,116799.9943154096,116840.66551645267,0.000348091145007654,0.9023549999110401,0.12375240004621446,0.0,0.0,1349,"[[2, 7], [11, 0]]"
1350,698.6533743001055,116799.99502002119,116840.66551645267,0.0003480851144737617,0.8704562999773771,0.1145288001280278,0.0,0.0,1350,"[[2, 7], [11, 0]]"
1351,699.6197568001226,116799.9950366918,116840.66551645267,0.0003480849717955614,0.8417263000737876,0.11807109997607768,0.0,0.0,1351,"[[2, 7], [11, 0]]"
1352,700.6413207999431,116799.99503850474,116840.66551645267,0.00034808495627925296,0.8710918999277055,0.14769739983603358,0.0,0.0,1352,"[[2, 7], [11, 0]]"
1353,701.594372499967,116799.99505135877,116840.66551645267,0.00034808484626595577,0.8250651000998914,0.1255822000093758,0.0,0.0,1353,"[[2, 7], [11, 0]]"
1354,702.6120885999408,116799.99505324762,116840.66551645267,0.0003480848300998963,0.8902986000757664,0.12471010000444949,0.0,0.0,1354,"[[2, 7], [11, 0]]"
1355,703.6445180000737,116800.00440289809,116840.66551645267,0.00034800480958281676,0.8858107998967171,0.14223240013234317,0.0,0.0,1355,"[[0, 6], [11, 0]]"
1356,704.7368626999669,116800.00440375954,116840.66551645267,0.0003480048022100046,0.9665564999449998,0.12322319997474551,0.0,0.0,1356,"[[0, 6], [11, 0]]"
1357,705.8365553000476,116800.00440375954,116840.66551645267,0.0003480048022100046,0.9805294999387115,0.11679979995824397,0.0,0.0,1357,"[[0, 6], [11, 0]]"
1358,706.8922211001627,116800.00440461718,116840.66551645267,0.0003480047948696987,0.9441552998032421,0.10903870011679828,0.0,0.0,1358,"[[0, 6], [11, 0]]"
1359,707.9929681001231,116800.00441086045,116840.66551645267,0.00034800474143567925,0.9574740000534803,0.13852100004442036,0.0,0.0,1359,"[[0, 6], [11, 0]]"
1360,709.1016677999869,116800.00441172051,116840.66551645267,0.0003480047340746988,0.9526478999760002,0.15351079986430705,0.0,0.0,1360,"[[0, 6], [11, 0]]"
1361,710.1496513001621,116800.00441215326,116840.66551645267,0.00034800473037098104,0.8913008000236005,0.15420739981345832,0.0,0.0,1361,"[[0, 6], [11, 0]]"
1362,711.1096177001018,116800.00441929905,116840.66551645267,0.00034800466921255897,0.8325074999593198,0.12241670000366867,0.0,0.0,1362,"[[0, 6], [11, 0]]"
1363,712.0789010999724,116800.00441929905,116840.66551645267,0.00034800466921255897,0.8478308001067489,0.1187555999495089,0.0,0.0,1363,"[[0, 6], [11, 0]]"
1364,713.1452683000825,116800.00442026622,116840.66551645267,0.0003480046609348032,0.9108483998570591,0.15294050006195903,0.0,0.0,1364,"[[0, 6], [11, 0]]"
1365,714.1400552999694,116800.00442026622,116840.66551645267,0.0003480046609348032,0.8566688001155853,0.13466509990394115,0.0,0.0,1365,"[[0, 6], [11, 0]]"
1366,715.1311850999482,116800.00442026622,116840.66551645267,0.0003480046609348032,0.8682188000530005,0.12047829991206527,0.0,0.0,1366,"[[0, 6], [11, 0]]"
1367,716.1721616000868,116800.0044267993,116840.66551645267,0.00034800460502034644,0.9233395999763161,0.1150427998509258,0.0,0.0,1367,"[[0, 6], [11, 0]]"
1368,717.1769743000623,116800.00442766416,116840.66551645267,0.00034800459761839077,0.8852115999907255,0.11685430002398789,0.0,0.0,1368,"[[0, 6], [11, 0]]"
1369,718.1707717000972,116800.00442766416,116840.66551645267,0.00034800459761839077,0.8551699998788536,0.1332906000316143,0.0,0.0,1369,"[[0, 6], [11, 0]]"
1370,719.1882756999694,116800.00442809823,116840.66551645267,0.0003480045939033394,0.8606445000041276,0.15421249996870756,0.0,0.0,1370,"[[0, 6], [11, 0]]"
1371,720.2272878000513,116800.00442809823,116840.66551645267,0.0003480045939033394,0.8731083001475781,0.1632115999236703,0.0,0.0,1371,"[[0, 6], [11, 0]]"
1372,721.2699033000972,116800.00442809823,116840.66551645267,0.0003480045939033394,0.9144800000358373,0.12326120003126562,0.0,0.0,1372,"[[0, 6], [11, 0]]"
1373,722.3001840000506,116800.00442835435,116840.66551645267,0.00034800459171122365,0.9121826998889446,0.11564900004304945,0.0,0.0,1373,"[[0, 6], [11, 0]]"
1374,723.3248901001643,116800.00444299476,116840.66551645267,0.0003480044664089125,0.9024124999996275,0.11978500010445714,0.0,0.0,1374,"[[0, 6], [11, 0]]"
1375,724.501093900064,116800.00444386122,116840.66551645267,0.00034800445899313236,1.0359487000387162,0.13520219991914928,0.0,0.0,1375,"[[0, 6], [11, 0]]"
1376,725.6705050000455,116800.00444386122,116840.66551645267,0.00034800445899313236,1.0541958999820054,0.11295649991370738,0.0,0.0,1376,"[[0, 6], [11, 0]]"
1377,726.7040953999385,116800.00444429638,116840.66551645267,0.0003480044552687401,0.8768668998964131,0.15402080002240837,0.0,0.0,1377,"[[0, 6], [11, 0]]"
1378,727.6858984001447,116800.00596727716,116840.66551645267,0.00034799142058797045,0.845384200103581,0.13172349985688925,0.0,0.0,1378,"[[0, 6], [11, 0]]"
1379,728.7619137000293,116800.00597226535,116840.66551645267,0.00034799137789570406,0.9194676000624895,0.153914799913764,0.0,0.0,1379,"[[0, 6], [11, 0]]"
1380,729.7573778999504,116800.00597697358,116840.66551645267,0.0003479913375995581,0.8780851999763399,0.11502210004255176,0.0,0.0,1380,"[[0, 6], [11, 0]]"
1381,730.75581410015,116800.00597759339,116840.66551645267,0.0003479913322948149,0.8733624999877065,0.12178670009598136,0.0,0.0,1381,"[[0, 6], [11, 0]]"
1382,731.7350906000938,116800.00597977286,116840.66551645267,0.0003479913136414681,0.8524991001468152,0.12461289996281266,0.0,0.0,1382,"[[0, 6], [11, 0]]"
1383,732.7254725999665,116800.00644190388,116840.66551645267,0.00034798735841731966,0.8697180000599474,0.11814379994757473,0.0,0.0,1383,"[[0, 6], [11, 0]]"
1384,733.7855688999407,116800.00644190388,116840.66551645267,0.00034798735841731966,0.9444417001213878,0.11320709995925426,0.0,0.0,1384,"[[0, 6], [11, 0]]"
1385,734.8223866999615,116800.00644190388,116840.66551645267,0.00034798735841731966,0.9157072999514639,0.11347789992578328,0.0,0.0,1385,"[[0, 6], [11, 0]]"
1386,735.8913633001503,116800.00644190388,116840.66551645267,0.00034798735841731966,0.9124068000819534,0.1539729000069201,0.0,0.0,1386,"[[0, 6], [11, 0]]"
1387,736.9189834001008,116800.00644190388,116840.66551645267,0.00034798735841731966,0.9085156000219285,0.11677570012398064,0.0,0.0,1387,"[[0, 6], [11, 0]]"
1388,737.9922438999638,116800.00644190388,116840.66551645267,0.00034798735841731966,0.9517271001823246,0.11924170004203916,0.0,0.0,1388,"[[0, 6], [11, 0]]"
1389,738.970930099953,116800.00796083598,116840.66551645267,0.0003479743583878206,0.827470599906519,0.1461091001983732,0.0,0.0,1389,"[[0, 6], [11, 0]]"
1390,740.0432831000071,116800.00796114707,116840.66551645267,0.0003479743557252986,0.9217083000112325,0.1480856998823583,0.0,0.0,1390,"[[0, 6], [11, 0]]"
1391,741.0375316999853,116800.00796884422,116840.66551645267,0.0003479742898479928,0.8741264999844134,0.117296899901703,0.0,0.0,1391,"[[0, 6], [11, 0]]"
1392,742.0354053999763,116800.007969158,116840.66551645267,0.00034797428716243,0.877077299868688,0.11793589987792075,0.0,0.0,1392,"[[0, 6], [11, 0]]"
1393,743.0556716001593,116800.00797138503,116840.66551645267,0.0003479742681020703,0.8832769000437111,0.1320243999361992,0.0,0.0,1393,"[[0, 6], [11, 0]]"
1394,744.0478686001152,116800.00797138503,116840.66551645267,0.0003479742681020703,0.8719284001272172,0.11792929982766509,0.0,0.0,1394,"[[0, 6], [11, 0]]"
1395,745.0482465999667,116800.00797169091,116840.66551645267,0.0003479742654841354,0.8855032999999821,0.11220069997943938,0.0,0.0,1395,"[[0, 6], [11, 0]]"
1396,746.0371767000761,116800.00797807584,116840.66551645267,0.0003479742108376708,0.8692253001499921,0.11733860010281205,0.0,0.0,1396,"[[0, 6], [11, 0]]"
1397,747.0914845999796,116800.00797836031,116840.66551645267,0.00034797420840294147,0.8706614999100566,0.17883690004236996,0.0,0.0,1397,"[[0, 6], [11, 0]]"
1398,748.1247094001155,116800.00797840729,116840.66551645267,0.00034797420800091036,0.9037307999096811,0.12725590006448328,0.0,0.0,1398,"[[0, 6], [11, 0]]"
1399,749.1635012000334,116800.00797869242,116840.66551645267,0.00034797420556057656,0.922574199968949,0.11357209994457662,0.0,0.0,1399,"[[0, 6], [11, 0]]"
1400,750.1650434001349,116800.00827811685,116840.66551645267,0.0003479716428874998,0.867389400023967,0.12950100004673004,0.0,0.0,1400,"[[0, 6], [11, 0]]"
1401,751.2397598000243,116800.0082785747,116840.66551645267,0.00034797163896881734,0.9398674999829382,0.13190849986858666,0.0,0.0,1401,"[[0, 6], [11, 0]]"
1402,752.273002800066,116800.0082785747,116840.66551645267,0.00034797163896881734,0.9086486001033336,0.1221628999337554,0.0,0.0,1402,"[[0, 6], [11, 0]]"
1403,753.3439583000727,116800.00827901231,116840.66551645267,0.00034797163522350155,0.9588175001554191,0.10975080006755888,0.0,0.0,1403,"[[0, 6], [11, 0]]"
1404,754.407378999982,116800.00828836612,116840.66551645267,0.00034797155516737554,0.9102003998123109,0.1481061999220401,0.0,0.0,1404,"[[0, 6], [11, 0]]"
1405,755.4303268000949,116800.00828886102,116840.66551645267,0.0003479715509317262,0.9037925000302494,0.11649550008587539,0.0,0.0,1405,"[[0, 6], [11, 0]]"
1406,756.483555899933,116800.00828886102,116840.66551645267,0.0003479715509317262,0.9399275998584926,0.11057889997027814,0.0,0.0,1406,"[[0, 6], [11, 0]]"
1407,757.5125279999338,116800.00829659411,116840.66551645267,0.00034797148474679444,0.8732902000192553,0.15114219998940825,0.0,0.0,1407,"[[0, 6], [11, 0]]"
1408,758.5424494000617,116800.00829706527,116840.66551645267,0.00034797148071427793,0.9090693998150527,0.11854239995591342,0.0,0.0,1408,"[[0, 6], [11, 0]]"
1409,759.6789073999971,116800.00830197573,116840.66551645267,0.0003479714386873307,1.0137470997869968,0.11996040004305542,0.0,0.0,1409,"[[0, 6], [11, 0]]"
1410,760.6999741999898,116800.00830272131,116840.66551645267,0.0003479714323061455,0.8925638999789953,0.12585249985568225,0.0,0.0,1410,"[[0, 6], [11, 0]]"
1411,761.759498400148,116800.00830272131,116840.66551645267,0.0003479714323061455,0.9318989000748843,0.12385910004377365,0.0,0.0,1411,"[[0, 6], [11, 0]]"
1412,762.7970487000421,116800.008303176,116840.66551645267,0.0003479714284146139,0.9157040000427514,0.11915890011005104,0.0,0.0,1412,"[[0, 6], [11, 0]]"
1413,763.8788672001101,116800.0083121445,116840.66551645267,0.0003479713516561892,0.9693753998726606,0.1100177001208067,0.0,0.0,1413,"[[0, 6], [11, 0]]"
1414,764.9936148000415,116800.00831288827,116840.66551645267,0.00034797134529057205,0.9934296000283211,0.11875650007277727,0.0,0.0,1414,"[[0, 6], [11, 0]]"
1415,766.0042846000288,116800.00831288827,116840.66551645267,0.00034797134529057205,0.8857873999513686,0.12050359998829663,0.0,0.0,1415,"[[0, 6], [11, 0]]"
1416,767.2052244001534,116800.0083133459,116840.66551645267,0.0003479713413738824,1.0856596999801695,0.11297989985905588,0.0,0.0,1416,"[[0, 6], [11, 0]]"
1417,768.3991100001149,116800.00844334144,116840.66551645267,0.0003479702287856675,1.0761899999342859,0.11521879979409277,0.0,0.0,1417,"[[0, 6], [11, 0]]"
1418,769.6604126000311,116800.00844405968,116840.66551645267,0.00034797022263850227,1.1222296000923961,0.1364871000405401,0.0,0.0,1418,"[[0, 6], [11, 0]]"
1419,770.8347811000422,116800.00844405968,116840.66551645267,0.00034797022263850227,1.051428599981591,0.11797830020077527,0.0,0.0,1419,"[[0, 6], [11, 0]]"
1420,771.9636771001387,116800.00844455123,116840.66551645267,0.0003479702184314983,1.0126018999144435,0.11377530009485781,0.0,0.0,1420,"[[0, 6], [11, 0]]"
1421,773.1225070999935,116800.00845336507,116840.66551645267,0.00034797014299686193,1.0183746002148837,0.13805920002050698,0.0,0.0,1421,"[[0, 6], [11, 0]]"
1422,774.2153064999729,116800.00845408136,116840.66551645267,0.00034797013686638565,0.9705880999099463,0.11964179994538426,0.0,0.0,1422,"[[0, 6], [11, 0]]"
1423,775.3099432999734,116800.00845408136,116840.66551645267,0.00034797013686638565,0.9662409999873489,0.12375260004773736,0.0,0.0,1423,"[[0, 6], [11, 0]]"
1424,776.3990661001299,116800.00845457567,116840.66551645267,0.00034797013263571813,0.9836238001007587,0.10314929997548461,0.0,0.0,1424,"[[0, 6], [11, 0]]"
1425,777.4269958999939,116800.00873118849,116840.66551645267,0.00034796776519955923,0.9065821999683976,0.11888289987109601,0.0,0.0,1425,"[[0, 6], [11, 0]]"
1426,778.4754192000255,116800.00873200403,116840.66551645267,0.00034796775821956187,0.9361471000593156,0.10986199998296797,0.0,0.0,1426,"[[0, 6], [11, 0]]"
1427,779.5383697999641,116800.00873200403,116840.66551645267,0.00034796775821956187,0.9037291000131518,0.1538330998737365,0.0,0.0,1427,"[[0, 6], [11, 0]]"
1428,780.5530000000726,116800.00873255162,116840.66551645267,0.00034796775353293524,0.8984686001203954,0.11357860011048615,0.0,0.0,1428,"[[0, 6], [11, 0]]"
1429,781.5284158000723,116800.0087411897,116840.66551645267,0.0003479676796025528,0.8598525000270456,0.11315599991939962,0.0,0.0,1429,"[[0, 6], [11, 0]]"
1430,782.5150180000346,116800.00874200332,116840.66551645267,0.00034796767263899536,0.8701943000778556,0.11377450008876622,0.0,0.0,1430,"[[0, 6], [11, 0]]"
1431,783.5409562001005,116800.00874200332,116840.66551645267,0.00034796767263899536,0.8974608001299202,0.12604969996027648,0.0,0.0,1431,"[[0, 6], [11, 0]]"
1432,784.611921499949,116800.00874255372,116840.66551645267,0.0003479676679283316,0.9534819000400603,0.11496979999355972,0.0,0.0,1432,"[[0, 6], [11, 0]]"
1433,785.6616035001352,116800.10107713548,116840.66551645267,0.00034717740726566607,0.9324337998405099,0.11481820000335574,0.0,0.0,1433,"[[7, 1], [11, 0]]"
1434,786.7030444000848,116800.10109848615,116840.66551645267,0.0003471772245324388,0.9225411999505013,0.11641389993019402,0.0,0.0,1434,"[[7, 1], [11, 0]]"
1435,787.7353608999401,116800.10110413202,116840.66551645267,0.00034717717621136326,0.9189287999179214,0.1109345001168549,0.0,0.0,1435,"[[7, 1], [11, 0]]"
1436,788.7624966001604,116800.10112548055,116840.66551645267,0.0003471769934964441,0.9120308000128716,0.11253339983522892,0.0,0.0,1436,"[[7, 1], [11, 0]]"
1437,789.9078308001626,116800.10120174679,116840.66551645267,0.00034717634075933306,1.0031095000449568,0.13686870015226305,0.0,0.0,1437,"[[7, 1], [11, 0]]"
1438,790.9450749999378,116800.10122216544,116840.66551645267,0.00034717616600296093,0.9146336000412703,0.1203059998806566,0.0,0.0,1438,"[[7, 1], [11, 0]]"
1439,791.9510848000646,116800.10122780438,116840.66551645267,0.0003471761177411688,0.8864440000616014,0.11703269998542964,0.0,0.0,1439,"[[7, 1], [11, 0]]"
1440,793.0244700999465,116800.1012484999,116840.66551645267,0.00034717594061520445,0.9560582998674363,0.1148057000245899,0.0,0.0,1440,"[[7, 1], [11, 0]]"
1441,794.0454466000665,116800.1016381365,116840.66551645267,0.0003471726058463642,0.8930404998827726,0.12381729995831847,0.0,0.0,1441,"[[7, 1], [11, 0]]"
1442,795.1354185000528,116800.10165959998,116840.66551645267,0.00034717242214766446,0.9787087999284267,0.10885449987836182,0.0,0.0,1442,"[[7, 1], [11, 0]]"
1443,796.2622668000404,116800.10166497341,116840.66551645267,0.0003471723761583196,0.9777009000536054,0.14669329999014735,0.0,0.0,1443,"[[7, 1], [11, 0]]"
1444,797.3098367999773,116800.10168643475,116840.66551645267,0.00034717219247792794,0.9323336000088602,0.11291210004128516,0.0,0.0,1444,"[[7, 1], [11, 0]]"
1445,798.4504611999728,116800.10176376392,116840.66551645267,0.00034717153064355526,1.0171676001045853,0.12005030014552176,0.0,0.0,1445,"[[7, 1], [11, 0]]"
1446,799.608278100146,116800.10178454439,116840.66551645267,0.00034717135279049746,1.0239361999556422,0.13152429996989667,0.0,0.0,1446,"[[7, 1], [11, 0]]"
1447,800.6291573001072,116800.10178991155,116840.66551645267,0.00034717130685470686,0.9057801999151707,0.11271029990166426,0.0,0.0,1447,"[[7, 1], [11, 0]]"
1448,801.7453722001519,116800.10181070569,116840.66551645267,0.0003471711288847013,0.9975866000168025,0.1163772998843342,0.0,0.0,1448,"[[7, 1], [11, 0]]"
1449,802.9367212001234,116800.1029392347,116840.66551645267,0.00034716147018407426,1.0702486999798566,0.11710510007105768,0.0,0.0,1449,"[[7, 1], [11, 0]]"
1450,804.0025742000435,116800.10295998733,116840.66551645267,0.0003471612925692709,0.9439493999816477,0.11950640007853508,0.0,0.0,1450,"[[7, 1], [11, 0]]"
1451,805.1332511999644,116800.10296495756,116840.66551645267,0.00034716125003069305,1.0141890000086278,0.11409520008601248,0.0,0.0,1451,"[[7, 1], [11, 0]]"
1452,806.2196990000084,116800.10298570538,116840.66551645267,0.0003471610724571141,0.9698312000837177,0.11418649996630847,0.0,0.0,1452,"[[7, 1], [11, 0]]"
1453,807.3743547999766,116800.10306608531,116840.66551645267,0.0003471603845122656,1.0393884999211878,0.11288689984939992,0.0,0.0,1453,"[[7, 1], [11, 0]]"
1454,808.4354471999686,116800.10308657642,116840.66551645267,0.0003471602091357842,0.9286476001143456,0.1300965000409633,0.0,0.0,1454,"[[7, 1], [11, 0]]"
1455,809.4459691999946,116800.10309145231,116840.66551645267,0.00034716016740463123,0.8964108999352902,0.1117860998492688,0.0,0.0,1455,"[[7, 1], [11, 0]]"
1456,810.4596653000917,116800.10311210272,116840.66551645267,0.0003471599906647562,0.8968563000671566,0.11429490009322762,0.0,0.0,1456,"[[7, 1], [11, 0]]"
1457,811.5538801001385,116800.10349888803,116840.66551645267,0.00034715668029925415,0.9812747000250965,0.1104751001112163,0.0,0.0,1457,"[[7, 1], [11, 0]]"
1458,812.7637445,116800.10351892567,116840.66551645267,0.00034715650880384253,1.0826635002158582,0.1224499000236392,0.0,0.0,1458,"[[7, 1], [11, 0]]"
1459,813.8975921999663,116800.1035239737,116840.66551645267,0.00034715646559944734,0.9832051999401301,0.1480433999095112,0.0,0.0,1459,"[[7, 1], [11, 0]]"
1460,814.9091171999462,116800.10354403994,116840.66551645267,0.00034715629385918036,0.8903480998706073,0.11896550003439188,0.0,0.0,1460,"[[7, 1], [11, 0]]"
1461,815.9455983000807,116800.10363006871,116840.66551645267,0.00034715555756784924,0.895209199981764,0.1385588999837637,0.0,0.0,1461,"[[0, 6], [11, 0]]"
1462,817.0177732000593,116800.10365858694,116840.66551645267,0.0003471553134898807,0.9505796998273581,0.11916180001571774,0.0,0.0,1462,"[[7, 1], [11, 0]]"
1463,818.0207106000744,116800.10366357311,116840.66551645267,0.0003471552708149261,0.8839458001311868,0.11661299993284047,0.0,0.0,1463,"[[7, 1], [11, 0]]"
1464,819.0616413000971,116800.1049419601,116840.66551645267,0.0003471443295301938,0.8970462998840958,0.14125360012985766,0.0,0.0,1464,"[[7, 1], [11, 0]]"
1465,820.1056983000599,116800.10496407514,116840.66551645267,0.00034714414025499373,0.9284481001086533,0.11301370011642575,0.0,0.0,1465,"[[7, 1], [11, 0]]"
1466,821.1526101999916,116800.1049677443,116840.66551645267,0.00034714410885198013,0.9173187999986112,0.12470369995571673,0.0,0.0,1466,"[[7, 1], [11, 0]]"
1467,822.1970738000236,116800.10506525885,116840.66551645267,0.00034714327425769095,0.9224644999485463,0.11949969991110265,0.0,0.0,1467,"[[7, 1], [11, 0]]"
1468,823.319204499945,116800.10508581193,116840.66551645267,0.0003471430983507726,1.0080261998809874,0.11165440012700856,0.0,0.0,1468,"[[7, 1], [11, 0]]"
1469,824.3724530001637,116800.10508986733,116840.66551645267,0.00034714306364196226,0.9364891999866813,0.11421779985539615,0.0,0.0,1469,"[[7, 1], [11, 0]]"
1470,825.4281413999852,116800.10511041599,116840.66551645267,0.0003471428877729056,0.9078051000833511,0.14539000019431114,0.0,0.0,1470,"[[7, 1], [11, 0]]"
1471,826.4650574000552,116800.10680711482,116840.66551645267,0.000347128366297649,0.9152104000095278,0.11930120014585555,0.0,0.0,1471,"[[7, 1], [11, 0]]"
1472,827.4815541000571,116800.1068295555,116840.66551645267,0.000347128174235382,0.9052710998803377,0.10872549982741475,0.0,0.0,1472,"[[7, 1], [11, 0]]"
1473,828.5318072999362,116800.10693121408,116840.66551645267,0.0003471273041738038,0.9374937999527901,0.1104019999038428,0.0,0.0,1473,"[[7, 1], [11, 0]]"
1474,829.5814928000327,116800.10695512504,116840.66551645267,0.00034712709952788834,0.92145109991543,0.12335860007442534,0.0,0.0,1474,"[[7, 1], [11, 0]]"
1475,830.60191019997,116800.10697590411,116840.66551645267,0.00034712692168678685,0.8980074999853969,0.1198807000182569,0.0,0.0,1475,"[[7, 1], [11, 0]]"
1476,831.8543659001589,116800.11016513135,116840.66551645267,0.00034709962616237257,1.1460495998617262,0.10399989993311465,0.0,0.0,1476,"[[7, 1], [11, 0]]"
1477,832.9089520999696,116800.11018204436,116840.66551645267,0.000347099481409627,0.9461720001418144,0.10610010009258986,0.0,0.0,1477,"[[7, 1], [11, 0]]"
1478,833.9458356001414,116800.110184817,116840.66551645267,0.0003470994576795789,0.8963009000290185,0.13290970004163682,0.0,0.0,1478,"[[7, 1], [11, 0]]"
1479,834.9710264999885,116800.11020173157,116840.66551645267,0.00034709931291338245,0.9123417001683265,0.11041919980198145,0.0,0.0,1479,"[[7, 1], [11, 0]]"
1480,835.9837645001244,116800.11032802527,116840.66551645267,0.0003470982320080337,0.9008022998459637,0.10940130008384585,0.0,0.0,1480,"[[7, 1], [11, 0]]"
1481,837.0196279000957,116800.11034499378,116840.66551645267,0.00034709808678027367,0.9208296998403966,0.11253749998286366,0.0,0.0,1481,"[[7, 1], [11, 0]]"
1482,838.0717228001449,116800.11034771032,116840.66551645267,0.00034709806353034635,0.9352724000345916,0.11449100007303059,0.0,0.0,1482,"[[7, 1], [11, 0]]"
1483,839.0673722999636,116800.11036468051,116840.66551645267,0.0003470979182881391,0.8797449001576751,0.11065599997527897,0.0,0.0,1483,"[[7, 1], [11, 0]]"
1484,840.2689940000419,116800.11073495267,116840.66551645267,0.00034709474925313636,1.0809317000675946,0.11849869997240603,0.0,0.0,1484,"[[7, 1], [11, 0]]"
1485,841.4436125999782,116800.1107520049,116840.66551645267,0.0003470946033088692,1.0620848999824375,0.11012439988553524,0.0,0.0,1485,"[[7, 1], [11, 0]]"
1486,842.6111125000753,116800.1107545711,116840.66551645267,0.0003470945813456158,1.0681960999500006,0.09695350006222725,0.0,0.0,1486,"[[7, 1], [11, 0]]"
1487,843.8045510000084,116800.11077162503,116840.66551645267,0.00034709443538677686,1.0652602999471128,0.12586669996380806,0.0,0.0,1487,"[[7, 1], [11, 0]]"
1488,844.9859800001141,116800.1108986325,116840.66551645267,0.0003470933483724982,1.0453500000294298,0.1334629999473691,0.0,0.0,1488,"[[7, 1], [11, 0]]"
1489,846.1441910001449,116800.11091436425,116840.66551645267,0.0003470932137296892,1.0173039000947028,0.13820260018110275,0.0,0.0,1489,"[[7, 1], [11, 0]]"
1490,847.2774849999696,116800.11091819312,116840.66551645267,0.0003470931809596702,1.020422900095582,0.11042280006222427,0.0,0.0,1490,"[[7, 1], [11, 0]]"
1491,848.4024475000333,116800.11093532894,116840.66551645267,0.0003470930343000168,1.015843200031668,0.10674950014799833,0.0,0.0,1491,"[[7, 1], [11, 0]]"
1492,849.4985494001303,116800.11250357193,116840.66551645267,0.00034707961223512265,0.9490543999709189,0.1444337998982519,0.0,0.0,1492,"[[7, 1], [11, 0]]"
1493,850.7098481000867,116800.13324879334,116840.66551645267,0.00034690206085506747,1.077029300155118,0.13208719994872808,0.0,0.0,1493,"[[0, 6], [11, 0]]"
1494,851.839475300163,116800.13325491492,116840.66551645267,0.00034690200846249287,0.9916169000789523,0.1355689000338316,0.0,0.0,1494,"[[0, 6], [11, 0]]"
1495,853.0105924999807,116800.13327004487,116840.66551645267,0.00034690187897036496,1.0354023999534547,0.13178159995004535,0.0,0.0,1495,"[[0, 6], [11, 0]]"
1496,854.1166428001598,116800.13327615394,116840.66551645267,0.000346901826684899,0.969599099829793,0.13403329998254776,0.0,0.0,1496,"[[0, 6], [11, 0]]"
1497,855.156837400049,116800.13345637402,116840.66551645267,0.00034690028424173424,0.9278605999425054,0.10984409996308386,0.0,0.0,1497,"[[0, 6], [11, 0]]"
1498,856.2065336001106,116800.13346235824,116840.66551645267,0.00034690023302486403,0.927192899864167,0.1200339999049902,0.0,0.0,1498,"[[0, 6], [11, 0]]"
1499,857.2997294000816,116800.13347749431,116840.66551645267,0.0003469001034803027,0.9314977000467479,0.1566673000343144,0.0,0.0,1499,"[[0, 6], [11, 0]]"
1500,858.4056220999919,116800.13348349053,116840.66551645267,0.00034690005216068287,0.9751235998701304,0.12837140006013215,0.0,0.0,1500,"[[0, 6], [11, 0]]"
1501,859.5359555999748,116800.13381205114,116840.66551645267,0.00034689724012083607,0.9960133000276983,0.1316633999813348,0.0,0.0,1501,"[[7, 1], [11, 0]]"
1502,860.8229694000911,116800.13381594072,116840.66551645267,0.0003468972068312155,1.1671366000082344,0.11692260019481182,0.0,0.0,1502,"[[7, 1], [11, 0]]"
1503,862.1130858000834,116800.13382602733,116840.66551645267,0.00034689712050325476,1.1119512000586838,0.17285169987007976,0.0,0.0,1503,"[[7, 1], [11, 0]]"
1504,863.3743913001381,116800.13382992751,116840.66551645267,0.00034689708712296545,1.144213000079617,0.11417630012147129,0.0,0.0,1504,"[[7, 1], [11, 0]]"
1505,864.6702765000518,116800.13401765961,116840.66551645267,0.0003468954803869558,1.152732599992305,0.1404790999367833,0.0,0.0,1505,"[[7, 1], [11, 0]]"
1506,865.9654200000223,116800.13402155753,116840.66551645267,0.000346895447025971,1.1786108000669628,0.10832359991036355,0.0,0.0,1506,"[[7, 1], [11, 0]]"
1507,867.2695571000222,116800.13403165247,116840.66551645267,0.00034689536062677053,1.170707399956882,0.13081420003436506,0.0,0.0,1507,"[[7, 1], [11, 0]]"
1508,868.5700733000413,116800.13403554882,116840.66551645267,0.0003468953272792366,1.1491879001259804,0.14876689994707704,0.0,0.0,1508,"[[7, 1], [11, 0]]"
1509,870.1082570001017,116800.1573996608,116840.66551645267,0.0003466953616946383,1.4242983001749963,0.11144359991885722,0.0,0.0,1509,"[[7, 1], [11, 0]]"
1510,871.3613065001555,116800.1574046527,116840.66551645267,0.00034669531897073757,1.129751600092277,0.11824069987051189,0.0,0.0,1510,"[[7, 1], [11, 0]]"
1511,872.695715600159,116800.15740988389,116840.66551645267,0.000346695274198695,1.184057299979031,0.14776799990795553,0.0,0.0,1511,"[[7, 1], [11, 0]]"
1512,873.9657354999799,116800.15741487587,116840.66551645267,0.00034669523147404696,1.158670499920845,0.10874689999036491,0.0,0.0,1512,"[[0, 6], [11, 0]]"
1513,875.2469443001319,116800.15795356038,116840.66551645267,0.00034669062105427,1.1265475999098271,0.1463452000170946,0.0,0.0,1513,"[[7, 1], [11, 0]]"
1514,876.5300936000422,116800.15963207485,116840.66551645267,0.000346676255212878,1.1547330999746919,0.12597679998725653,0.0,0.0,1514,"[[7, 1], [11, 0]]"
1515,877.7952131000347,116800.159637048,116840.66551645267,0.0003466762126493911,1.1418324999976903,0.1206755000166595,0.0,0.0,1515,"[[7, 1], [11, 0]]"
1516,879.0455835000612,116800.15964199777,116840.66551645267,0.0003466761702859234,1.1286113001406193,0.11935850000008941,0.0,0.0,1516,"[[7, 1], [11, 0]]"
1517,880.2760960001033,116800.15964696184,116840.66551645267,0.0003466761278001526,1.1122930001001805,0.11471009999513626,0.0,0.0,1517,"[[7, 1], [11, 0]]"
1518,881.5453288001008,116800.15979465432,116840.66551645267,0.000346674863749831,1.14622120000422,0.12062179995700717,0.0,0.0,1518,"[[7, 1], [11, 0]]"
1519,882.6216349001043,116800.1597994096,116840.66551645267,0.0003466748230510312,0.9583602999337018,0.11575439991429448,0.0,0.0,1519,"[[7, 1], [11, 0]]"
1520,883.6915138999466,116800.15980429522,116840.66551645267,0.00034667478123655764,0.9270564999897033,0.140166400000453,0.0,0.0,1520,"[[0, 6], [11, 0]]"
1521,884.8266165000387,116800.15981146492,116840.66551645267,0.00034667471987350824,0.9792488000821322,0.1505800001323223,0.0,0.0,1521,"[[7, 1], [11, 0]]"
1522,885.920602499973,116800.16018331064,116840.66551645267,0.00034667153737096153,0.9703483001794666,0.12090880004689097,0.0,0.0,1522,"[[7, 1], [11, 0]]"
1523,886.950957900146,116800.16018806631,116840.66551645267,0.000346671496668799,0.9034746000543237,0.12446109997108579,0.0,0.0,1523,"[[7, 1], [11, 0]]"
1524,888.0185483000241,116800.16019297627,116840.66551645267,0.0003466714546460863,0.94553879997693,0.1198609999846667,0.0,0.0,1524,"[[7, 1], [11, 0]]"
1525,889.1154263999779,116800.16019773051,116840.66551645267,0.0003466714139561292,0.9757838998921216,0.11892589996568859,0.0,0.0,1525,"[[7, 1], [11, 0]]"
1526,890.1826063001063,116800.16034404165,116840.66551645267,0.00034667016172823723,0.940514300018549,0.12412720010615885,0.0,0.0,1526,"[[7, 1], [11, 0]]"
1527,891.2152983001433,116800.16034874963,116840.66551645267,0.00034667012143420854,0.8880932999309152,0.1418723000679165,0.0,0.0,1527,"[[7, 1], [11, 0]]"
1528,892.2514560001437,116800.16035366915,116840.66551645267,0.0003466700793296698,0.9175934998784214,0.11581460013985634,0.0,0.0,1528,"[[7, 1], [11, 0]]"
1529,893.3560764000285,116800.16035837634,116840.66551645267,0.000346670039042491,0.9377885002177209,0.16426589991897345,0.0,0.0,1529,"[[7, 1], [11, 0]]"
1530,894.5221092000138,116800.2310431141,116840.66551645267,0.0003460650721206897,1.0484053001273423,0.11510899988934398,0.0,0.0,1530,"[[7, 1], [11, 0]]"
1531,895.6339286000002,116800.23104617253,116840.66551645267,0.00034606504594457865,0.9966315999627113,0.11261910013854504,0.0,0.0,1531,"[[7, 1], [11, 0]]"
1532,896.7528069999535,116800.23156777272,116840.66551645267,0.00034606058174381504,0.9922914002090693,0.12414740002714097,0.0,0.0,1532,"[[7, 1], [11, 0]]"
1533,897.7794105000794,116800.24417575146,116840.66551645267,0.00034595267428977523,0.9139830998610705,0.11022269981913269,0.0,0.0,1533,"[[0, 6], [11, 0]]"
1534,898.8558798001613,116800.24418439766,116840.66551645267,0.0003459526002898967,0.9624356999993324,0.11161109991371632,0.0,0.0,1534,"[[0, 6], [11, 0]]"
1535,899.9109090000857,116800.24424214855,116840.66551645267,0.0003459521060194251,0.9343241001479328,0.1181347998790443,0.0,0.0,1535,"[[2, 7], [11, 0]]"
