case_id,depot_code,region,product_code,q_irj,input_sha256,git_commit,config_sha256,timestamp,solver_version
210202,90015100,1,BAC---1041,0.0,6792234516446485b95f4111f3826eb5d0cc03b440890a98b71207f50eb5524a,308adcb65957ec472646a83b02ba7ddd6fa89225,25a68b5450f8a92990beb694bb0fc751eac757e45d94f80aa0a6e31a37d3355b,2026-09-04T16:27:33+00:00,13.0.1
210202,90015100,1,BAC-O-4312,0.0,6792234516446485b95f4111f3826eb5d0cc03b440890a98b71207f50eb5524a,308adcb65957ec472646a83b02ba7ddd6fa89225,25a68b5450f8a92990beb694bb0fc751eac757e45d94f80aa0a6e31a37d3355b,2026-09-04T16:27:33+00:00,13.0.1
210202,90015100,1,BAC-O-4325,0.0,6792234516446485b95f4111f3826eb5d0cc03b440890a98b71207f50eb5524a,308adcb65957ec472646a83b02ba7ddd6fa89225,25a68b5450f8a92990beb694bb0fc751eac757e45d94f80aa0a6e31a37d3355b,2026-09-04T16:27:33+00:00,13.0.1
210202,90015100,1,BAC-O-6423,0.0,6792234516446485b95f4111f3826eb5d0cc03b440890a98b71207f50eb5524a,308adcb65957ec472646a83b02ba7ddd6fa89225,25a68b5450f8a92990beb694bb0fc751eac757e45d94f80aa0a6e31a37d3355b,2026-09-04T16:27:33+00:00,13.0.1
210202,90015100,1,BAC-O-6433,0.0,6792234516446485b95f4111f3826eb5d0cc03b440890a98b71207f50eb5524a,308adcb65957ec472646a83b02ba7ddd6fa89225,25a68b5450f8a92990beb694bb0fc751eac757e45d94f80aa0a6e31a37d3355b,2026-09-04T16:27:33+00:00,13.0.1
210202,90015100,1,CON-S-0130,0.0,6792234516446485b95f4111f3826eb5d0cc03b440890a98b71207f50eb5524a,308adcb65957ec472646a83b02ba7ddd6fa89225,25a68b5450f8a92990beb694bb0fc751eac757e45d94f80aa0a6e31a37d3355b,2026-09-04T16:27:33+00:00,13.0.1
210202,90015100,1,SLI---0770,0.0,6792234516446485b95f4111f3826eb5d0cc03b440890a98b71207f50eb5524a,308adcb65957ec472646a83b02ba7ddd6fa89225,25a68b5450f8a92990beb694bb0fc751eac757e45d94f80aa0a6e31a37d3355b,2026-09-04T16:27:33+00:00,13.0.1
210202,90015100,1,SLI---1200,0.0,6792234516446485b95f4111f3826eb5d0cc03b440890a98b71207f50eb5524a,308adcb65957ec472646a83b02ba7ddd6fa89225,25a68b5450f8a92990beb694bb0fc751eac757e45d94f80aa0a6e31a37d3355b,2026-09-04T16:27:33+00:00,13.0.1
210202,90015100,2,BAC---1041,0.0,6792234516446485b95f4111f3826eb5d0cc03b440890a98b71207f50eb5524a,308adcb65957ec472646a83b02ba7ddd6fa89225,25a68b5450f8a92990beb694bb0fc751eac757e45d94f80aa0a6e31a37d3355b,2026-09-04T16:27:33+00:00,13.0.1
210202,90015100,2,BAC-O-4312,0.0,6792234516446485b95f4111f3826eb5d0cc03b440890a98b71207f50eb5524a,308adcb65957ec472646a83b02ba7ddd6fa89225,25a68b5450f8a92990beb694bb0fc751eac757e45d94f80aa0a6e31a37d3355b,2026-09-04T16:27:33+00:00,13.0.1
210202,90015100,2,BAC-O-4325,0.0,6792234516446485b95f4111f3826eb5d0cc03b440890a98b71207f50eb5524a,308adcb65957ec472646a83b02ba7ddd6fa89225,25a68b5450f8a92990beb694bb0fc751eac757e45d94f80aa0a6e31a37d3355b,2026-09-04T16:27:33+00:00,13.0.1
210202,90015100,2,BAC-O-6423,0.0,6792234516446485b95f4111f3826eb5d0cc03b440890a98b71207f50eb5524a,308adcb65957ec472646a83b02ba7ddd6fa89225,25a68b5450f8a92990beb694bb0fc751eac757e45d94f80aa0a6e31a37d3355b,2026-09-04T16:27:33+00:00,13.0.1
210202,90015100,2,BAC-O-6433,0.0,6792234516446485b95f4111f3826eb5d0cc03b440890a98b71207f50eb5524a,308adcb65957ec472646a83b02ba7ddd6fa89225,25a68b5450f8a92990beb694bb0fc751eac757e45d94f80aa0a6e31a37d3355b,2026-09-04T16:27:33+00:00,13.0.1
210202,90015100,2,CON-S-0130,0.0,6792234516446485b95f4111f3826eb5d0cc03b440890a98b71207f50eb5524a,308adcb65957ec472646a83b02ba7ddd6fa89225,25a68b5450f8a92990beb694bb0fc751eac757e45d94f80aa0a6e31a37d3355b,2026-09-04T16:27:33+00:00,13.0.1
210202,90015100,2,SLI---0770,0.0,6792234516446485b95f4111f3826eb5d0cc03b440890a98b71207f50eb5524a,308adcb65957ec472646a83b02ba7ddd6fa89225,25a68b5450f8a92990beb694bb0fc751eac757e45d94f80aa0a6e31a37d3355b,2026-09-04T16:27:33+00:00,13.0.1
210202,90015100,2,SLI---1200,0.0,6792234516446485b95f4111f3826eb5d0cc03b440890a98b71207f50eb5524a,308adcb65957ec472646a83b02ba7ddd6fa89225,25a68b5450f8a92990beb694bb0fc751eac757e45d94f80aa0a6e31a37d3355b,2026-09-04T16:27:33+00:00,13.0.1
210202,90015100,3,BAC---1041,0.0,6792234516446485b95f4111f3826eb5d0cc03b440890a98b71207f50eb5524a,308adcb65957ec472646a83b02ba7ddd6fa89225,25a68b5450f8a92990beb694bb0fc751eac757e45d94f80aa0a6e31a37d3355b,2026-09-04T16:27:33+00:00,13.0.1
210202,90015100,3,BAC-O-4312,0.0,6792234516446485b95f4111f3826eb5d0cc03b440890a98b71207f50eb5524a,308adcb65957ec472646a83b02ba7ddd6fa89225,25a68b5450f8a92990beb694bb0fc751eac757e45d94f80aa0a6e31a37d3355b,2026-09-04T16:27:33+00:00,13.0.1
210202,90015100,3,BAC-O-4325,0.0,6792234516446485b95f4111f3826eb5d0cc03b440890a98b71207f50eb5524a,308adcb65957ec472646a83b02ba7ddd6fa89225,25a68b5450f8a92990beb694bb0fc751eac757e45d94f80aa0a6e31a37d3355b,2026-09-04T16:27:33+00:00,13.0.1
210202,90015100,3,BAC-O-6423,0.0,6792234516446485b95f4111f3826eb5d0cc03b440890a98b71207f50eb5524a,308adcb65957ec472646a83b02ba7ddd6fa89225,25a68b5450f8a92990beb694bb0fc751eac757e45d94f80aa0a6e31a37d3355b,2026-09-04T16:27:33+00:00,13.0.1
210202,90015100,3,BAC-O-6433,0.0,6792234516446485b95f4111f3826eb5d0cc03b440890a98b71207f50eb5524a,308adcb65957ec472646a83b02ba7ddd6fa89225,25a68b5450f8a92990beb694bb0fc751eac757e45d94f80aa0a6e31a37d3355b,2026-09-04T16:27:33+00:00,13.0.1
210202,90015100,3,CON-S-0130,0.0,6792234516446485b95f4111f3826eb5d0cc03b440890a98b71207f50eb5524a,308adcb65957ec472646a83b02ba7ddd6fa89225,25a68b5450f8a92990beb694bb0fc751eac757e45d94f80aa0a6e31a37d3355b,2026-09-04T16:27:33+00:00,13.0.1
210202,90015100,3,SLI---0770,0.0,6792234516446485b95f4111f3826eb5d0cc03b440890a98b71207f50eb5524a,308adcb65957ec472646a83b02ba7ddd6fa89225,25a68b5450f8a92990beb694bb0fc751eac757e45d94f80aa0a6e31a37d3355b,2026-09-04T16:27:33+00:00,13.0.1
210202,90015100,3,SLI---1200,0.0,6792234516446485b95f4111f3826eb5d0cc03b440890a98b71207f50eb5524a,308adcb65957ec472646a83b02ba7ddd6fa89225,25a68b5450f8a92990beb694bb0fc751eac757e45d94f80aa0a6e31a37d3355b,2026-09-04T16:27:33+00:00,13.0.1
210202,90015100,4,BAC---1041,0.0,6792234516446485b95f4111f3826eb5d0cc03b440890a98b71207f50eb5524a,308adcb65957ec472646a83b02ba7ddd6fa89225,25a68b5450f8a92990beb694bb0fc751eac757e45d94f80aa0a6e31a37d3355b,2026-09-04T16:27:33+00:00,13.0.1
210202,90015100,4,BAC-O-4312,0.0,6792234516446485b95f4111f3826eb5d0cc03b440890a98b71207f50eb5524a,308adcb65957ec472646a83b02ba7ddd6fa89225,25a68b5450f8a92990beb694bb0fc751eac757e45d94f80aa0a6e31a37d3355b,2026-09-04T16:27:33+00:00,13.0.1
210202,90015100,4,BAC-O-4325,0.0,6792234516446485b95f4111f3826eb5d0cc03b440890a98b71207f50eb5524a,308adcb65957ec472646a83b02ba7ddd6fa89225,25a68b5450f8a92990beb694bb0fc751eac757e45d94f80aa0a6e31a37d3355b,2026-09-04T16:27:33+00:00,13.0.1
210202,90015100,4,BAC-O-6423,0.0,6792234516446485b95f4111f3826eb5d0cc03b440890a98b71207f50eb5524a,308adcb65957ec472646a83b02ba7ddd6fa89225,25a68b5450f8a92990beb694bb0fc751eac757e45d94f80aa0a6e31a37d3355b,2026-09-04T16:27:33+00:00,13.0.1
210202,90015100,4,BAC-O-6433,0.0,6792234516446485b95f4111f3826eb5d0cc03b440890a98b71207f50eb5524a,308adcb65957ec472646a83b02ba7ddd6fa89225,25a68b5450f8a92990beb694bb0fc751eac757e45d94f80aa0a6e31a37d3355b,2026-09-04T16:27:33+00:00,13.0.1
210202,90015100,4,CON-S-0130,0.0,6792234516446485b95f4111f3826eb5d0cc03b440890a98b71207f50eb5524a,308adcb65957ec472646a83b02ba7ddd6fa89225,25a68b5450f8a92990beb694bb0fc751eac757e45d94f80aa0a6e31a37d3355b,2026-09-04T16:27:33+00:00,13.0.1
210202,90015100,4,SLI---0770,0.0,6792234516446485b95f4111f3826eb5d0cc03b440890a98b71207f50eb5524a,308adcb65957ec472646a83b02ba7ddd6fa89225,25a68b5450f8a92990beb694bb0fc751eac757e45d94f80aa0a6e31a37d3355b,2026-09-04T16:27:33+00:00,13.0.1
210202,90015100,4,SLI---1200,0.0,6792234516446485b95f4111f3826eb5d0cc03b440890a98b71207f50eb5524a,308adcb65957ec472646a83b02ba7ddd6fa89225,25a68b5450f8a92990beb694bb0fc751eac757e45d94f80aa0a6e31a37d3355b,2026-09-04T16:27:33+00:00,13.0.1
210202,90015100,5,BAC---1041,0.0,6792234516446485b95f4111f3826eb5d0cc03b440890a98b71207f50eb5524a,308adcb65957ec472646a83b02ba7ddd6fa89225,25a68b5450f8a92990beb694bb0fc751eac757e45d94f80aa0a6e31a37d3355b,2026-09-04T16:27:33+00:00,13.0.1
210202,90015100,5,BAC-O-4312,0.0,6792234516446485b95f4111f3826eb5d0cc03b440890a98b71207f50eb5524a,308adcb65957ec472646a83b02ba7ddd6fa89225,25a68b5450f8a92990beb694bb0fc751eac757e45d94f80aa0a6e31a37d3355b,2026-09-04T16:27:33+00:00,13.0.1
210202,90015100,5,BAC-O-4325,0.0,6792234516446485b95f4111f3826eb5d0cc03b440890a98b71207f50eb5524a,308adcb65957ec472646a83b02ba7ddd6fa89225,25a68b5450f8a92990beb694bb0fc751eac757e45d94f80aa0a6e31a37d3355b,2026-09-04T16:27:33+00:00,13.0.1
210202,90015100,5,BAC-O-6423,0.0,6792234516446485b95f4111f3826eb5d0cc03b440890a98b71207f50eb5524a,308adcb65957ec472646a83b02ba7ddd6fa89225,25a68b5450f8a92990beb694bb0fc751eac757e45d94f80aa0a6e31a37d3355b,2026-09-04T16:27:33+00:00,13.0.1
210202,90015100,5,BAC-O-6433,0.0,6792234516446485b95f4111f3826eb5d0cc03b440890a98b71207f50eb5524a,308adcb65957ec472646a83b02ba7ddd6fa89225,25a68b5450f8a92990beb694bb0fc751eac757e45d94f80aa0a6e31a37d3355b,2026-09-04T16:27:33+00:00,13.0.1
210202,90015100,5,CON-S-0130,0.0,6792234516446485b95f4111f3826eb5d0cc03b440890a98b71207f50eb5524a,308adcb65957ec472646a83b02ba7ddd6fa89225,25a68b5450f8a92990beb694bb0fc751eac757e45d94f80aa0a6e31a37d3355b,2026-09-04T16:27:33+00:00,13.0.1
210202,90015100,5,SLI---0770,0.0,6792234516446485b95f4111f3826eb5d0cc03b440890a98b71207f50eb5524a,308adcb65957ec472646a83b02ba7ddd6fa89225,25a68b5450f8a92990beb694bb0fc751eac757e45d94f80aa0a6e31a37d3355b,2026-09-04T16:27:33+00:00,13.0.1
210202,90015100,5,SLI---1200,0.0,6792234516446485b95f4111f3826eb5d0cc03b440890a98b71207f50eb5524a,308adcb65957ec472646a83b02ba7ddd6fa89225,25a68b5450f8a92990beb694bb0fc751eac757e45d94f80aa0a6e31a37d3355b,2026-09-04T16:27:33+00:00,13.0.1
210202,90015100,6,BAC---1041,0.0,6792234516446485b95f4111f3826eb5d0cc03b440890a98b71207f50eb5524a,308adcb65957ec472646a83b02ba7ddd6fa89225,25a68b5450f8a92990beb694bb0fc751eac757e45d94f80aa0a6e31a37d3355b,2026-09-04T16:27:33+00:00,13.0.1
210202,90015100,6,BAC-O-4312,0.0,6792234516446485b95f4111f3826eb5d0cc03b440890a98b71207f50eb5524a,308adcb65957ec472646a83b02ba7ddd6fa89225,25a68b5450f8a92990beb694bb0fc751eac757e45d94f80aa0a6e31a37d3355b,2026-09-04T16:27:33+00:00,13.0.1
210202,90015100,6,BAC-O-4325,0.0,6792234516446485b95f4111f3826eb5d0cc03b440890a98b71207f50eb5524a,308adcb65957ec472646a83b02ba7ddd6fa89225,25a68b5450f8a92990beb694bb0fc751eac757e45d94f80aa0a6e31a37d3355b,2026-09-04T16:27:33+00:00,13.0.1
210202,90015100,6,BAC-O-6423,0.0,6792234516446485b95f4111f3826eb5d0cc03b440890a98b71207f50eb5524a,308adcb65957ec472646a83b02ba7ddd6fa89225,25a68b5450f8a92990beb694bb0fc751eac757e45d94f80aa0a6e31a37d3355b,2026-09-04T16:27:33+00:00,13.0.1
210202,90015100,6,BAC-O-6433,0.0,6792234516446485b95f4111f3826eb5d0cc03b440890a98b71207f50eb5524a,308adcb65957ec472646a83b02ba7ddd6fa89225,25a68b5450f8a92990beb694bb0fc751eac757e45d94f80aa0a6e31a37d3355b,2026-09-04T16:27:33+00:00,13.0.1
210202,90015100,6,CON-S-0130,0.0,6792234516446485b95f4111f3826eb5d0cc03b440890a98b71207f50eb5524a,308adcb65957ec472646a83b02ba7ddd6fa89225,25a68b5450f8a92990beb694bb0fc751eac757e45d94f80aa0a6e31a37d3355b,2026-09-04T16:27:33+00:00,13.0.1
210202,90015100,6,SLI---0770,0.0,6792234516446485b95f4111f3826eb5d0cc03b440890a98b71207f50eb5524a,308adcb65957ec472646a83b02ba7ddd6fa89225,25a68b5450f8a92990beb694bb0fc751eac757e45d94f80aa0a6e31a37d3355b,2026-09-04T16:27:33+00:00,13.0.1
210202,90015100,6,SLI---1200,0.0,6792234516446485b95f4111f3826eb5d0cc03b440890a98b71207f50eb5524a,308adcb65957ec472646a83b02ba7ddd6fa89225,25a68b5450f8a92990beb694bb0fc751eac757e45d94f80aa0a6e31a37d3355b,2026-09-04T16:27:33+00:00,13.0.1
210202,90015100,7,BAC---1041,0.0,6792234516446485b95f4111f3826eb5d0cc03b440890a98b71207f50eb5524a,308adcb65957ec472646a83b02ba7ddd6fa89225,25a68b5450f8a92990beb694bb0fc751eac757e45d94f80aa0a6e31a37d3355b,2026-09-04T16:27:33+00:00,13.0.1
210202,90015100,7,BAC-O-4312,0.0,6792234516446485b95f4111f3826eb5d0cc03b440890a98b71207f50eb5524a,308adcb65957ec472646a83b02ba7ddd6fa89225,25a68b5450f8a92990beb694bb0fc751eac757e45d94f80aa0a6e31a37d3355b,2026-09-04T16:27:33+00:00,13.0.1
210202,90015100,7,BAC-O-4325,0.0,6792234516446485b95f4111f3826eb5d0cc03b440890a98b71207f50eb5524a,308adcb65957ec472646a83b02ba7ddd6fa89225,25a68b5450f8a92990beb694bb0fc751eac757e45d94f80aa0a6e31a37d3355b,2026-09-04T16:27:33+00:00,13.0.1
210202,90015100,7,BAC-O-6423,0.0,6792234516446485b95f4111f3826eb5d0cc03b440890a98b71207f50eb5524a,308adcb65957ec472646a83b02ba7ddd6fa89225,25a68b5450f8a92990beb694bb0fc751eac757e45d94f80aa0a6e31a37d3355b,2026-09-04T16:27:33+00:00,13.0.1
210202,90015100,7,BAC-O-6433,0.0,6792234516446485b95f4111f3826eb5d0cc03b440890a98b71207f50eb5524a,308adcb65957ec472646a83b02ba7ddd6fa89225,25a68b5450f8a92990beb694bb0fc751eac757e45d94f80aa0a6e31a37d3355b,2026-09-04T16:27:33+00:00,13.0.1
210202,90015100,7,CON-S-0130,0.0,6792234516446485b95f4111f3826eb5d0cc03b440890a98b71207f50eb5524a,308adcb65957ec472646a83b02ba7ddd6fa89225,25a68b5450f8a92990beb694bb0fc751eac757e45d94f80aa0a6e31a37d3355b,2026-09-04T16:27:33+00:00,13.0.1
210202,90015100,7,SLI---0770,23.641574420683064,6792234516446485b95f4111f3826eb5d0cc03b440890a98b71207f50eb5524a,308adcb65957ec472646a83b02ba7ddd6fa89225,25a68b5450f8a92990beb694bb0fc751eac757e45d94f80aa0a6e31a37d3355b,2026-09-04T16:27:33+00:00,13.0.1
210202,90015100,7,SLI---1200,0.0,6792234516446485b95f4111f3826eb5d0cc03b440890a98b71207f50eb5524a,308adcb65957ec472646a83b02ba7ddd6fa89225,25a68b5450f8a92990beb694bb0fc751eac757e45d94f80aa0a6e31a37d3355b,2026-09-04T16:27:33+00:00,13.0.1
210202,90015100,8,BAC---1041,0.14606635049784303,6792234516446485b95f4111f3826eb5d0cc03b440890a98b71207f50eb5524a,308adcb65957ec472646a83b02ba7ddd6fa89225,25a68b5450f8a92990beb694bb0fc751eac757e45d94f80aa0a6e31a37d3355b,2026-09-04T16:27:33+00:00,13.0.1
210202,90015100,8,BAC-O-4312,49.711171268463595,6792234516446485b95f4111f3826eb5d0cc03b440890a98b71207f50eb5524a,308adcb65957ec472646a83b02ba7ddd6fa89225,25a68b5450f8a92990beb694bb0fc751eac757e45d94f80aa0a6e31a37d3355b,2026-09-04T16:27:33+00:00,13.0.1
210202,90015100,8,BAC-O-4325,16.05188353930102,6792234516446485b95f4111f3826eb5d0cc03b440890a98b71207f50eb5524a,308adcb65957ec472646a83b02ba7ddd6fa89225,25a68b5450f8a92990beb694bb0fc751eac757e45d94f80aa0a6e31a37d3355b,2026-09-04T16:27:33+00:00,13.0.1
210202,90015100,8,BAC-O-6423,132.47302391416656,6792234516446485b95f4111f3826eb5d0cc03b440890a98b71207f50eb5524a,308adcb65957ec472646a83b02ba7ddd6fa89225,25a68b5450f8a92990beb694bb0fc751eac757e45d94f80aa0a6e31a37d3355b,2026-09-04T16:27:33+00:00,13.0.1
210202,90015100,8,BAC-O-6433,96.41785676252002,6792234516446485b95f4111f3826eb5d0cc03b440890a98b71207f50eb5524a,308adcb65957ec472646a83b02ba7ddd6fa89225,25a68b5450f8a92990beb694bb0fc751eac757e45d94f80aa0a6e31a37d3355b,2026-09-04T16:27:33+00:00,13.0.1
210202,90015100,8,CON-S-0130,0.0,6792234516446485b95f4111f3826eb5d0cc03b440890a98b71207f50eb5524a,308adcb65957ec472646a83b02ba7ddd6fa89225,25a68b5450f8a92990beb694bb0fc751eac757e45d94f80aa0a6e31a37d3355b,2026-09-04T16:27:33+00:00,13.0.1
210202,90015100,8,SLI---0770,46.425064752436406,6792234516446485b95f4111f3826eb5d0cc03b440890a98b71207f50eb5524a,308adcb65957ec472646a83b02ba7ddd6fa89225,25a68b5450f8a92990beb694bb0fc751eac757e45d94f80aa0a6e31a37d3355b,2026-09-04T16:27:33+00:00,13.0.1
210202,90015100,8,SLI---1200,0.017868700061306038,6792234516446485b95f4111f3826eb5d0cc03b440890a98b71207f50eb5524a,308adcb65957ec472646a83b02ba7ddd6fa89225,25a68b5450f8a92990beb694bb0fc751eac757e45d94f80aa0a6e31a37d3355b,2026-09-04T16:27:33+00:00,13.0.1
210202,90015100,9,BAC---1041,0.0,6792234516446485b95f4111f3826eb5d0cc03b440890a98b71207f50eb5524a,308adcb65957ec472646a83b02ba7ddd6fa89225,25a68b5450f8a92990beb694bb0fc751eac757e45d94f80aa0a6e31a37d3355b,2026-09-04T16:27:33+00:00,13.0.1
210202,90015100,9,BAC-O-4312,0.0,6792234516446485b95f4111f3826eb5d0cc03b440890a98b71207f50eb5524a,308adcb65957ec472646a83b02ba7ddd6fa89225,25a68b5450f8a92990beb694bb0fc751eac757e45d94f80aa0a6e31a37d3355b,2026-09-04T16:27:33+00:00,13.0.1
210202,90015100,9,BAC-O-4325,0.0,6792234516446485b95f4111f3826eb5d0cc03b440890a98b71207f50eb5524a,308adcb65957ec472646a83b02ba7ddd6fa89225,25a68b5450f8a92990beb694bb0fc751eac757e45d94f80aa0a6e31a37d3355b,2026-09-04T16:27:33+00:00,13.0.1
210202,90015100,9,BAC-O-6423,0.0,6792234516446485b95f4111f3826eb5d0cc03b440890a98b71207f50eb5524a,308adcb65957ec472646a83b02ba7ddd6fa89225,25a68b5450f8a92990beb694bb0fc751eac757e45d94f80aa0a6e31a37d3355b,2026-09-04T16:27:33+00:00,13.0.1
210202,90015100,9,BAC-O-6433,0.0,6792234516446485b95f4111f3826eb5d0cc03b440890a98b71207f50eb5524a,308adcb65957ec472646a83b02ba7ddd6fa89225,25a68b5450f8a92990beb694bb0fc751eac757e45d94f80aa0a6e31a37d3355b,2026-09-04T16:27:33+00:00,13.0.1
210202,90015100,9,CON-S-0130,0.0070749573154269526,6792234516446485b95f4111f3826eb5d0cc03b440890a98b71207f50eb5524a,308adcb65957ec472646a83b02ba7ddd6fa89225,25a68b5450f8a92990beb694bb0fc751eac757e45d94f80aa0a6e31a37d3355b,2026-09-04T16:27:33+00:00,13.0.1
210202,90015100,9,SLI---0770,1.2013334431063925,6792234516446485b95f4111f3826eb5d0cc03b440890a98b71207f50eb5524a,308adcb65957ec472646a83b02ba7ddd6fa89225,25a68b5450f8a92990beb694bb0fc751eac757e45d94f80aa0a6e31a37d3355b,2026-09-04T16:27:33+00:00,13.0.1
210202,90015100,9,SLI---1200,0.0,6792234516446485b95f4111f3826eb5d0cc03b440890a98b71207f50eb5524a,308adcb65957ec472646a83b02ba7ddd6fa89225,25a68b5450f8a92990beb694bb0fc751eac757e45d94f80aa0a6e31a37d3355b,2026-09-04T16:27:33+00:00,13.0.1
210202,90015100,10,BAC---1041,0.0,6792234516446485b95f4111f3826eb5d0cc03b440890a98b71207f50eb5524a,308adcb65957ec472646a83b02ba7ddd6fa89225,25a68b5450f8a92990beb694bb0fc751eac757e45d94f80aa0a6e31a37d3355b,2026-09-04T16:27:33+00:00,13.0.1
210202,90015100,10,BAC-O-4312,0.0,6792234516446485b95f4111f3826eb5d0cc03b440890a98b71207f50eb5524a,308adcb65957ec472646a83b02ba7ddd6fa89225,25a68b5450f8a92990beb694bb0fc751eac757e45d94f80aa0a6e31a37d3355b,2026-09-04T16:27:33+00:00,13.0.1
210202,90015100,10,BAC-O-4325,0.0,6792234516446485b95f4111f3826eb5d0cc03b440890a98b71207f50eb5524a,308adcb65957ec472646a83b02ba7ddd6fa89225,25a68b5450f8a92990beb694bb0fc751eac757e45d94f80aa0a6e31a37d3355b,2026-09-04T16:27:33+00:00,13.0.1
210202,90015100,10,BAC-O-6423,0.0,6792234516446485b95f4111f3826eb5d0cc03b440890a98b71207f50eb5524a,308adcb65957ec472646a83b02ba7ddd6fa89225,25a68b5450f8a92990beb694bb0fc751eac757e45d94f80aa0a6e31a37d3355b,2026-09-04T16:27:33+00:00,13.0.1
210202,90015100,10,BAC-O-6433,0.0,6792234516446485b95f4111f3826eb5d0cc03b440890a98b71207f50eb5524a,308adcb65957ec472646a83b02ba7ddd6fa89225,25a68b5450f8a92990beb694bb0fc751eac757e45d94f80aa0a6e31a37d3355b,2026-09-04T16:27:33+00:00,13.0.1
210202,90015100,10,CON-S-0130,0.0,6792234516446485b95f4111f3826eb5d0cc03b440890a98b71207f50eb5524a,308adcb65957ec472646a83b02ba7ddd6fa89225,25a68b5450f8a92990beb694bb0fc751eac757e45d94f80aa0a6e31a37d3355b,2026-09-04T16:27:33+00:00,13.0.1
210202,90015100,10,SLI---0770,0.0,6792234516446485b95f4111f3826eb5d0cc03b440890a98b71207f50eb5524a,308adcb65957ec472646a83b02ba7ddd6fa89225,25a68b5450f8a92990beb694bb0fc751eac757e45d94f80aa0a6e31a37d3355b,2026-09-04T16:27:33+00:00,13.0.1
210202,90015100,10,SLI---1200,0.0,6792234516446485b95f4111f3826eb5d0cc03b440890a98b71207f50eb5524a,308adcb65957ec472646a83b02ba7ddd6fa89225,25a68b5450f8a92990beb694bb0fc751eac757e45d94f80aa0a6e31a37d3355b,2026-09-04T16:27:33+00:00,13.0.1
210202,90015100,11,BAC---1041,0.0,6792234516446485b95f4111f3826eb5d0cc03b440890a98b71207f50eb5524a,308adcb65957ec472646a83b02ba7ddd6fa89225,25a68b5450f8a92990beb694bb0fc751eac757e45d94f80aa0a6e31a37d3355b,2026-09-04T16:27:33+00:00,13.0.1
210202,90015100,11,BAC-O-4312,0.0,6792234516446485b95f4111f3826eb5d0cc03b440890a98b71207f50eb5524a,308adcb65957ec472646a83b02ba7ddd6fa89225,25a68b5450f8a92990beb694bb0fc751eac757e45d94f80aa0a6e31a37d3355b,2026-09-04T16:27:33+00:00,13.0.1
210202,90015100,11,BAC-O-4325,0.0,6792234516446485b95f4111f3826eb5d0cc03b440890a98b71207f50eb5524a,308adcb65957ec472646a83b02ba7ddd6fa89225,25a68b5450f8a92990beb694bb0fc751eac757e45d94f80aa0a6e31a37d3355b,2026-09-04T16:27:33+00:00,13.0.1
210202,90015100,11,BAC-O-6423,0.0,6792234516446485b95f4111f3826eb5d0cc03b440890a98b71207f50eb5524a,308adcb65957ec472646a83b02ba7ddd6fa89225,25a68b5450f8a92990beb694bb0fc751eac757e45d94f80aa0a6e31a37d3355b,2026-09-04T16:27:33+00:00,13.0.1
210202,90015100,11,BAC-O-6433,0.0,6792234516446485b95f4111f3826eb5d0cc03b440890a98b71207f50eb5524a,308adcb65957ec472646a83b02ba7ddd6fa89225,25a68b5450f8a92990beb694bb0fc751eac757e45d94f80aa0a6e31a37d3355b,2026-09-04T16:27:33+00:00,13.0.1
210202,90015100,11,CON-S-0130,0.0,6792234516446485b95f4111f3826eb5d0cc03b440890a98b71207f50eb5524a,308adcb65957ec472646a83b02ba7ddd6fa89225,25a68b5450f8a92990beb694bb0fc751eac757e45d94f80aa0a6e31a37d3355b,2026-09-04T16:27:33+00:00,13.0.1
210202,90015100,11,SLI---0770,0.0,6792234516446485b95f4111f3826eb5d0cc03b440890a98b71207f50eb5524a,308adcb65957ec472646a83b02ba7ddd6fa89225,25a68b5450f8a92990beb694bb0fc751eac757e45d94f80aa0a6e31a37d3355b,2026-09-04T16:27:33+00:00,13.0.1
210202,90015100,11,SLI---1200,0.0,6792234516446485b95f4111f3826eb5d0cc03b440890a98b71207f50eb5524a,308adcb65957ec472646a83b02ba7ddd6fa89225,25a68b5450f8a92990beb694bb0fc751eac757e45d94f80aa0a6e31a37d3355b,2026-09-04T16:27:33+00:00,13.0.1
210202,90015100,12,BAC---1041,0.0,6792234516446485b95f4111f3826eb5d0cc03b440890a98b71207f50eb5524a,308adcb65957ec472646a83b02ba7ddd6fa89225,25a68b5450f8a92990beb694bb0fc751eac757e45d94f80aa0a6e31a37d3355b,2026-09-04T16:27:33+00:00,13.0.1
210202,90015100,12,BAC-O-4312,0.0,6792234516446485b95f4111f3826eb5d0cc03b440890a98b71207f50eb5524a,308adcb65957ec472646a83b02ba7ddd6fa89225,25a68b5450f8a92990beb694bb0fc751eac757e45d94f80aa0a6e31a37d3355b,2026-09-04T16:27:33+00:00,13.0.1
210202,90015100,12,BAC-O-4325,0.0,6792234516446485b95f4111f3826eb5d0cc03b440890a98b71207f50eb5524a,308adcb65957ec472646a83b02ba7ddd6fa89225,25a68b5450f8a92990beb694bb0fc751eac757e45d94f80aa0a6e31a37d3355b,2026-09-04T16:27:33+00:00,13.0.1
210202,90015100,12,BAC-O-6423,0.0,6792234516446485b95f4111f3826eb5d0cc03b440890a98b71207f50eb5524a,308adcb65957ec472646a83b02ba7ddd6fa89225,25a68b5450f8a92990beb694bb0fc751eac757e45d94f80aa0a6e31a37d3355b,2026-09-04T16:27:33+00:00,13.0.1
210202,90015100,12,BAC-O-6433,0.0,6792234516446485b95f4111f3826eb5d0cc03b440890a98b71207f50eb5524a,308adcb65957ec472646a83b02ba7ddd6fa89225,25a68b5450f8a92990beb694bb0fc751eac757e45d94f80aa0a6e31a37d3355b,2026-09-04T16:27:33+00:00,13.0.1
210202,90015100,12,CON-S-0130,0.0,6792234516446485b95f4111f3826eb5d0cc03b440890a98b71207f50eb5524a,308adcb65957ec472646a83b02ba7ddd6fa89225,25a68b5450f8a92990beb694bb0fc751eac757e45d94f80aa0a6e31a37d3355b,2026-09-04T16:27:33+00:00,13.0.1
210202,90015100,12,SLI---0770,0.0,6792234516446485b95f4111f3826eb5d0cc03b440890a98b71207f50eb5524a,308adcb65957ec472646a83b02ba7ddd6fa89225,25a68b5450f8a92990beb694bb0fc751eac757e45d94f80aa0a6e31a37d3355b,2026-09-04T16:27:33+00:00,13.0.1
210202,90015100,12,SLI---1200,0.0,6792234516446485b95f4111f3826eb5d0cc03b440890a98b71207f50eb5524a,308adcb65957ec472646a83b02ba7ddd6fa89225,25a68b5450f8a92990beb694bb0fc751eac757e45d94f80aa0a6e31a37d3355b,2026-09-04T16:27:33+00:00,13.0.1
210202,90016100,1,BAC---1041,0.0,6792234516446485b95f4111f3826eb5d0cc03b440890a98b71207f50eb5524a,308adcb65957ec472646a83b02ba7ddd6fa89225,25a68b5450f8a92990beb694bb0fc751eac757e45d94f80aa0a6e31a37d3355b,2026-09-04T16:27:33+00:00,13.0.1
210202,90016100,1,BAC-O-4312,0.0,6792234516446485b95f4111f3826eb5d0cc03b440890a98b71207f50eb5524a,308adcb65957ec472646a83b02ba7ddd6fa89225,25a68b5450f8a92990beb694bb0fc751eac757e45d94f80aa0a6e31a37d3355b,2026-09-04T16:27:33+00:00,13.0.1
210202,90016100,1,BAC-O-4325,0.0,6792234516446485b95f4111f3826eb5d0cc03b440890a98b71207f50eb5524a,308adcb65957ec472646a83b02ba7ddd6fa89225,25a68b5450f8a92990beb694bb0fc751eac757e45d94f80aa0a6e31a37d3355b,2026-09-04T16:27:33+00:00,13.0.1
210202,90016100,1,BAC-O-6423,0.0,6792234516446485b95f4111f3826eb5d0cc03b440890a98b71207f50eb5524a,308adcb65957ec472646a83b02ba7ddd6fa89225,25a68b5450f8a92990beb694bb0fc751eac757e45d94f80aa0a6e31a37d3355b,2026-09-04T16:27:33+00:00,13.0.1
210202,90016100,1,BAC-O-6433,0.0,6792234516446485b95f4111f3826eb5d0cc03b440890a98b71207f50eb5524a,308adcb65957ec472646a83b02ba7ddd6fa89225,25a68b5450f8a92990beb694bb0fc751eac757e45d94f80aa0a6e31a37d3355b,2026-09-04T16:27:33+00:00,13.0.1
210202,90016100,1,CON-S-0130,0.0,6792234516446485b95f4111f3826eb5d0cc03b440890a98b71207f50eb5524a,308adcb65957ec472646a83b02ba7ddd6fa89225,25a68b5450f8a92990beb694bb0fc751eac757e45d94f80aa0a6e31a37d3355b,2026-09-04T16:27:33+00:00,13.0.1
210202,90016100,1,SLI---0770,0.0,6792234516446485b95f4111f3826eb5d0cc03b440890a98b71207f50eb5524a,308adcb65957ec472646a83b02ba7ddd6fa89225,25a68b5450f8a92990beb694bb0fc751eac757e45d94f80aa0a6e31a37d3355b,2026-09-04T16:27:33+00:00,13.0.1
210202,90016100,1,SLI---1200,0.0,6792234516446485b95f4111f3826eb5d0cc03b440890a98b71207f50eb5524a,308adcb65957ec472646a83b02ba7ddd6fa89225,25a68b5450f8a92990beb694bb0fc751eac757e45d94f80aa0a6e31a37d3355b,2026-09-04T16:27:33+00:00,13.0.1
210202,90016100,2,BAC---1041,0.0,6792234516446485b95f4111f3826eb5d0cc03b440890a98b71207f50eb5524a,308adcb65957ec472646a83b02ba7ddd6fa89225,25a68b5450f8a92990beb694bb0fc751eac757e45d94f80aa0a6e31a37d3355b,2026-09-04T16:27:33+00:00,13.0.1
210202,90016100,2,BAC-O-4312,0.0,6792234516446485b95f4111f3826eb5d0cc03b440890a98b71207f50eb5524a,308adcb65957ec472646a83b02ba7ddd6fa89225,25a68b5450f8a92990beb694bb0fc751eac757e45d94f80aa0a6e31a37d3355b,2026-09-04T16:27:33+00:00,13.0.1
210202,90016100,2,BAC-O-4325,0.0,6792234516446485b95f4111f3826eb5d0cc03b440890a98b71207f50eb5524a,308adcb65957ec472646a83b02ba7ddd6fa89225,25a68b5450f8a92990beb694bb0fc751eac757e45d94f80aa0a6e31a37d3355b,2026-09-04T16:27:33+00:00,13.0.1
210202,90016100,2,BAC-O-6423,0.0,6792234516446485b95f4111f3826eb5d0cc03b440890a98b71207f50eb5524a,308adcb65957ec472646a83b02ba7ddd6fa89225,25a68b5450f8a92990beb694bb0fc751eac757e45d94f80aa0a6e31a37d3355b,2026-09-04T16:27:33+00:00,13.0.1
210202,90016100,2,BAC-O-6433,0.0,6792234516446485b95f4111f3826eb5d0cc03b440890a98b71207f50eb5524a,308adcb65957ec472646a83b02ba7ddd6fa89225,25a68b5450f8a92990beb694bb0fc751eac757e45d94f80aa0a6e31a37d3355b,2026-09-04T16:27:33+00:00,13.0.1
210202,90016100,2,CON-S-0130,0.0,6792234516446485b95f4111f3826eb5d0cc03b440890a98b71207f50eb5524a,308adcb65957ec472646a83b02ba7ddd6fa89225,25a68b5450f8a92990beb694bb0fc751eac757e45d94f80aa0a6e31a37d3355b,2026-09-04T16:27:33+00:00,13.0.1
210202,90016100,2,SLI---0770,0.0,6792234516446485b95f4111f3826eb5d0cc03b440890a98b71207f50eb5524a,308adcb65957ec472646a83b02ba7ddd6fa89225,25a68b5450f8a92990beb694bb0fc751eac757e45d94f80aa0a6e31a37d3355b,2026-09-04T16:27:33+00:00,13.0.1
210202,90016100,2,SLI---1200,0.0,6792234516446485b95f4111f3826eb5d0cc03b440890a98b71207f50eb5524a,308adcb65957ec472646a83b02ba7ddd6fa89225,25a68b5450f8a92990beb694bb0fc751eac757e45d94f80aa0a6e31a37d3355b,2026-09-04T16:27:33+00:00,13.0.1
210202,90016100,3,BAC---1041,0.0,6792234516446485b95f4111f3826eb5d0cc03b440890a98b71207f50eb5524a,308adcb65957ec472646a83b02ba7ddd6fa89225,25a68b5450f8a92990beb694bb0fc751eac757e45d94f80aa0a6e31a37d3355b,2026-09-04T16:27:33+00:00,13.0.1
210202,90016100,3,BAC-O-4312,0.0,6792234516446485b95f4111f3826eb5d0cc03b440890a98b71207f50eb5524a,308adcb65957ec472646a83b02ba7ddd6fa89225,25a68b5450f8a92990beb694bb0fc751eac757e45d94f80aa0a6e31a37d3355b,2026-09-04T16:27:33+00:00,13.0.1
210202,90016100,3,BAC-O-4325,0.0,6792234516446485b95f4111f3826eb5d0cc03b440890a98b71207f50eb5524a,308adcb65957ec472646a83b02ba7ddd6fa89225,25a68b5450f8a92990beb694bb0fc751eac757e45d94f80aa0a6e31a37d3355b,2026-09-04T16:27:33+00:00,13.0.1
210202,90016100,3,BAC-O-6423,0.0,6792234516446485b95f4111f3826eb5d0cc03b440890a98b71207f50eb5524a,308adcb65957ec472646a83b02ba7ddd6fa89225,25a68b5450f8a92990beb694bb0fc751eac757e45d94f80aa0a6e31a37d3355b,2026-09-04T16:27:33+00:00,13.0.1
210202,90016100,3,BAC-O-6433,0.0,6792234516446485b95f4111f3826eb5d0cc03b440890a98b71207f50eb5524a,308adcb65957ec472646a83b02ba7ddd6fa89225,25a68b5450f8a92990beb694bb0fc751eac757e45d94f80aa0a6e31a37d3355b,2026-09-04T16:27:33+00:00,13.0.1
210202,90016100,3,CON-S-0130,0.0,6792234516446485b95f4111f3826eb5d0cc03b440890a98b71207f50eb5524a,308adcb65957ec472646a83b02ba7ddd6fa89225,25a68b5450f8a92990beb694bb0fc751eac757e45d94f80aa0a6e31a37d3355b,2026-09-04T16:27:33+00:00,13.0.1
210202,90016100,3,SLI---0770,0.0,6792234516446485b95f4111f3826eb5d0cc03b440890a98b71207f50eb5524a,308adcb65957ec472646a83b02ba7ddd6fa89225,25a68b5450f8a92990beb694bb0fc751eac757e45d94f80aa0a6e31a37d3355b,2026-09-04T16:27:33+00:00,13.0.1
210202,90016100,3,SLI---1200,0.0,6792234516446485b95f4111f3826eb5d0cc03b440890a98b71207f50eb5524a,308adcb65957ec472646a83b02ba7ddd6fa89225,25a68b5450f8a92990beb694bb0fc751eac757e45d94f80aa0a6e31a37d3355b,2026-09-04T16:27:33+00:00,13.0.1
210202,90016100,4,BAC---1041,0.0,6792234516446485b95f4111f3826eb5d0cc03b440890a98b71207f50eb5524a,308adcb65957ec472646a83b02ba7ddd6fa89225,25a68b5450f8a92990beb694bb0fc751eac757e45d94f80aa0a6e31a37d3355b,2026-09-04T16:27:33+00:00,13.0.1
210202,90016100,4,BAC-O-4312,0.0,6792234516446485b95f4111f3826eb5d0cc03b440890a98b71207f50eb5524a,308adcb65957ec472646a83b02ba7ddd6fa89225,25a68b5450f8a92990beb694bb0fc751eac757e45d94f80aa0a6e31a37d3355b,2026-09-04T16:27:33+00:00,13.0.1
210202,90016100,4,BAC-O-4325,0.0,6792234516446485b95f4111f3826eb5d0cc03b440890a98b71207f50eb5524a,308adcb65957ec472646a83b02ba7ddd6fa89225,25a68b5450f8a92990beb694bb0fc751eac757e45d94f80aa0a6e31a37d3355b,2026-09-04T16:27:33+00:00,13.0.1
210202,90016100,4,BAC-O-6423,0.0,6792234516446485b95f4111f3826eb5d0cc03b440890a98b71207f50eb5524a,308adcb65957ec472646a83b02ba7ddd6fa89225,25a68b5450f8a92990beb694bb0fc751eac757e45d94f80aa0a6e31a37d3355b,2026-09-04T16:27:33+00:00,13.0.1
210202,90016100,4,BAC-O-6433,0.0,6792234516446485b95f4111f3826eb5d0cc03b440890a98b71207f50eb5524a,308adcb65957ec472646a83b02ba7ddd6fa89225,25a68b5450f8a92990beb694bb0fc751eac757e45d94f80aa0a6e31a37d3355b,2026-09-04T16:27:33+00:00,13.0.1
210202,90016100,4,CON-S-0130,0.0,6792234516446485b95f4111f3826eb5d0cc03b440890a98b71207f50eb5524a,308adcb65957ec472646a83b02ba7ddd6fa89225,25a68b5450f8a92990beb694bb0fc751eac757e45d94f80aa0a6e31a37d3355b,2026-09-04T16:27:33+00:00,13.0.1
210202,90016100,4,SLI---0770,0.0,6792234516446485b95f4111f3826eb5d0cc03b440890a98b71207f50eb5524a,308adcb65957ec472646a83b02ba7ddd6fa89225,25a68b5450f8a92990beb694bb0fc751eac757e45d94f80aa0a6e31a37d3355b,2026-09-04T16:27:33+00:00,13.0.1
210202,90016100,4,SLI---1200,0.0,6792234516446485b95f4111f3826eb5d0cc03b440890a98b71207f50eb5524a,308adcb65957ec472646a83b02ba7ddd6fa89225,25a68b5450f8a92990beb694bb0fc751eac757e45d94f80aa0a6e31a37d3355b,2026-09-04T16:27:33+00:00,13.0.1
210202,90016100,5,BAC---1041,0.0,6792234516446485b95f4111f3826eb5d0cc03b440890a98b71207f50eb5524a,308adcb65957ec472646a83b02ba7ddd6fa89225,25a68b5450f8a92990beb694bb0fc751eac757e45d94f80aa0a6e31a37d3355b,2026-09-04T16:27:33+00:00,13.0.1
210202,90016100,5,BAC-O-4312,0.0,6792234516446485b95f4111f3826eb5d0cc03b440890a98b71207f50eb5524a,308adcb65957ec472646a83b02ba7ddd6fa89225,25a68b5450f8a92990beb694bb0fc751eac757e45d94f80aa0a6e31a37d3355b,2026-09-04T16:27:33+00:00,13.0.1
210202,90016100,5,BAC-O-4325,0.0,6792234516446485b95f4111f3826eb5d0cc03b440890a98b71207f50eb5524a,308adcb65957ec472646a83b02ba7ddd6fa89225,25a68b5450f8a92990beb694bb0fc751eac757e45d94f80aa0a6e31a37d3355b,2026-09-04T16:27:33+00:00,13.0.1
210202,90016100,5,BAC-O-6423,0.0,6792234516446485b95f4111f3826eb5d0cc03b440890a98b71207f50eb5524a,308adcb65957ec472646a83b02ba7ddd6fa89225,25a68b5450f8a92990beb694bb0fc751eac757e45d94f80aa0a6e31a37d3355b,2026-09-04T16:27:33+00:00,13.0.1
210202,90016100,5,BAC-O-6433,0.0,6792234516446485b95f4111f3826eb5d0cc03b440890a98b71207f50eb5524a,308adcb65957ec472646a83b02ba7ddd6fa89225,25a68b5450f8a92990beb694bb0fc751eac757e45d94f80aa0a6e31a37d3355b,2026-09-04T16:27:33+00:00,13.0.1
210202,90016100,5,CON-S-0130,0.0,6792234516446485b95f4111f3826eb5d0cc03b440890a98b71207f50eb5524a,308adcb65957ec472646a83b02ba7ddd6fa89225,25a68b5450f8a92990beb694bb0fc751eac757e45d94f80aa0a6e31a37d3355b,2026-09-04T16:27:33+00:00,13.0.1
210202,90016100,5,SLI---0770,0.0,6792234516446485b95f4111f3826eb5d0cc03b440890a98b71207f50eb5524a,308adcb65957ec472646a83b02ba7ddd6fa89225,25a68b5450f8a92990beb694bb0fc751eac757e45d94f80aa0a6e31a37d3355b,2026-09-04T16:27:33+00:00,13.0.1
210202,90016100,5,SLI---1200,0.0,6792234516446485b95f4111f3826eb5d0cc03b440890a98b71207f50eb5524a,308adcb65957ec472646a83b02ba7ddd6fa89225,25a68b5450f8a92990beb694bb0fc751eac757e45d94f80aa0a6e31a37d3355b,2026-09-04T16:27:33+00:00,13.0.1
210202,90016100,6,BAC---1041,0.0,6792234516446485b95f4111f3826eb5d0cc03b440890a98b71207f50eb5524a,308adcb65957ec472646a83b02ba7ddd6fa89225,25a68b5450f8a92990beb694bb0fc751eac757e45d94f80aa0a6e31a37d3355b,2026-09-04T16:27:33+00:00,13.0.1
210202,90016100,6,BAC-O-4312,0.0,6792234516446485b95f4111f3826eb5d0cc03b440890a98b71207f50eb5524a,308adcb65957ec472646a83b02ba7ddd6fa89225,25a68b5450f8a92990beb694bb0fc751eac757e45d94f80aa0a6e31a37d3355b,2026-09-04T16:27:33+00:00,13.0.1
210202,90016100,6,BAC-O-4325,0.0,6792234516446485b95f4111f3826eb5d0cc03b440890a98b71207f50eb5524a,308adcb65957ec472646a83b02ba7ddd6fa89225,25a68b5450f8a92990beb694bb0fc751eac757e45d94f80aa0a6e31a37d3355b,2026-09-04T16:27:33+00:00,13.0.1
210202,90016100,6,BAC-O-6423,0.0,6792234516446485b95f4111f3826eb5d0cc03b440890a98b71207f50eb5524a,308adcb65957ec472646a83b02ba7ddd6fa89225,25a68b5450f8a92990beb694bb0fc751eac757e45d94f80aa0a6e31a37d3355b,2026-09-04T16:27:33+00:00,13.0.1
210202,90016100,6,BAC-O-6433,0.0,6792234516446485b95f4111f3826eb5d0cc03b440890a98b71207f50eb5524a,308adcb65957ec472646a83b02ba7ddd6fa89225,25a68b5450f8a92990beb694bb0fc751eac757e45d94f80aa0a6e31a37d3355b,2026-09-04T16:27:33+00:00,13.0.1
210202,90016100,6,CON-S-0130,0.0,6792234516446485b95f4111f3826eb5d0cc03b440890a98b71207f50eb5524a,308adcb65957ec472646a83b02ba7ddd6fa89225,25a68b5450f8a92990beb694bb0fc751eac757e45d94f80aa0a6e31a37d3355b,2026-09-04T16:27:33+00:00,13.0.1
210202,90016100,6,SLI---0770,0.0,6792234516446485b95f4111f3826eb5d0cc03b440890a98b71207f50eb5524a,308adcb65957ec472646a83b02ba7ddd6fa89225,25a68b5450f8a92990beb694bb0fc751eac757e45d94f80aa0a6e31a37d3355b,2026-09-04T16:27:33+00:00,13.0.1
210202,90016100,6,SLI---1200,0.0,6792234516446485b95f4111f3826eb5d0cc03b440890a98b71207f50eb5524a,308adcb65957ec472646a83b02ba7ddd6fa89225,25a68b5450f8a92990beb694bb0fc751eac757e45d94f80aa0a6e31a37d3355b,2026-09-04T16:27:33+00:00,13.0.1
210202,90016100,7,BAC---1041,0.694773457780616,6792234516446485b95f4111f3826eb5d0cc03b440890a98b71207f50eb5524a,308adcb65957ec472646a83b02ba7ddd6fa89225,25a68b5450f8a92990beb694bb0fc751eac757e45d94f80aa0a6e31a37d3355b,2026-09-04T16:27:33+00:00,13.0.1
210202,90016100,7,BAC-O-4312,0.0,6792234516446485b95f4111f3826eb5d0cc03b440890a98b71207f50eb5524a,308adcb65957ec472646a83b02ba7ddd6fa89225,25a68b5450f8a92990beb694bb0fc751eac757e45d94f80aa0a6e31a37d3355b,2026-09-04T16:27:33+00:00,13.0.1
210202,90016100,7,BAC-O-4325,50.45105558016215,6792234516446485b95f4111f3826eb5d0cc03b440890a98b71207f50eb5524a,308adcb65957ec472646a83b02ba7ddd6fa89225,25a68b5450f8a92990beb694bb0fc751eac757e45d94f80aa0a6e31a37d3355b,2026-09-04T16:27:33+00:00,13.0.1
210202,90016100,7,BAC-O-6423,47.86573794733144,6792234516446485b95f4111f3826eb5d0cc03b440890a98b71207f50eb5524a,308adcb65957ec472646a83b02ba7ddd6fa89225,25a68b5450f8a92990beb694bb0fc751eac757e45d94f80aa0a6e31a37d3355b,2026-09-04T16:27:33+00:00,13.0.1
210202,90016100,7,BAC-O-6433,178.55589571970123,6792234516446485b95f4111f3826eb5d0cc03b440890a98b71207f50eb5524a,308adcb65957ec472646a83b02ba7ddd6fa89225,25a68b5450f8a92990beb694bb0fc751eac757e45d94f80aa0a6e31a37d3355b,2026-09-04T16:27:33+00:00,13.0.1
210202,90016100,7,CON-S-0130,0.0,6792234516446485b95f4111f3826eb5d0cc03b440890a98b71207f50eb5524a,308adcb65957ec472646a83b02ba7ddd6fa89225,25a68b5450f8a92990beb694bb0fc751eac757e45d94f80aa0a6e31a37d3355b,2026-09-04T16:27:33+00:00,13.0.1
210202,90016100,7,SLI---0770,20.106948772778463,6792234516446485b95f4111f3826eb5d0cc03b440890a98b71207f50eb5524a,308adcb65957ec472646a83b02ba7ddd6fa89225,25a68b5450f8a92990beb694bb0fc751eac757e45d94f80aa0a6e31a37d3355b,2026-09-04T16:27:33+00:00,13.0.1
210202,90016100,7,SLI---1200,0.0,6792234516446485b95f4111f3826eb5d0cc03b440890a98b71207f50eb5524a,308adcb65957ec472646a83b02ba7ddd6fa89225,25a68b5450f8a92990beb694bb0fc751eac757e45d94f80aa0a6e31a37d3355b,2026-09-04T16:27:33+00:00,13.0.1
210202,90016100,8,BAC---1041,0.0,6792234516446485b95f4111f3826eb5d0cc03b440890a98b71207f50eb5524a,308adcb65957ec472646a83b02ba7ddd6fa89225,25a68b5450f8a92990beb694bb0fc751eac757e45d94f80aa0a6e31a37d3355b,2026-09-04T16:27:33+00:00,13.0.1
210202,90016100,8,BAC-O-4312,16.372084663470254,6792234516446485b95f4111f3826eb5d0cc03b440890a98b71207f50eb5524a,308adcb65957ec472646a83b02ba7ddd6fa89225,25a68b5450f8a92990beb694bb0fc751eac757e45d94f80aa0a6e31a37d3355b,2026-09-04T16:27:33+00:00,13.0.1
210202,90016100,8,BAC-O-4325,32.75884484407004,6792234516446485b95f4111f3826eb5d0cc03b440890a98b71207f50eb5524a,308adcb65957ec472646a83b02ba7ddd6fa89225,25a68b5450f8a92990beb694bb0fc751eac757e45d94f80aa0a6e31a37d3355b,2026-09-04T16:27:33+00:00,13.0.1
210202,90016100,8,BAC-O-6423,1.0655776965974724,6792234516446485b95f4111f3826eb5d0cc03b440890a98b71207f50eb5524a,308adcb65957ec472646a83b02ba7ddd6fa89225,25a68b5450f8a92990beb694bb0fc751eac757e45d94f80aa0a6e31a37d3355b,2026-09-04T16:27:33+00:00,13.0.1
210202,90016100,8,BAC-O-6433,79.56323812084523,6792234516446485b95f4111f3826eb5d0cc03b440890a98b71207f50eb5524a,308adcb65957ec472646a83b02ba7ddd6fa89225,25a68b5450f8a92990beb694bb0fc751eac757e45d94f80aa0a6e31a37d3355b,2026-09-04T16:27:33+00:00,13.0.1
210202,90016100,8,CON-S-0130,0.0,6792234516446485b95f4111f3826eb5d0cc03b440890a98b71207f50eb5524a,308adcb65957ec472646a83b02ba7ddd6fa89225,25a68b5450f8a92990beb694bb0fc751eac757e45d94f80aa0a6e31a37d3355b,2026-09-04T16:27:33+00:00,13.0.1
210202,90016100,8,SLI---0770,0.0,6792234516446485b95f4111f3826eb5d0cc03b440890a98b71207f50eb5524a,308adcb65957ec472646a83b02ba7ddd6fa89225,25a68b5450f8a92990beb694bb0fc751eac757e45d94f80aa0a6e31a37d3355b,2026-09-04T16:27:33+00:00,13.0.1
210202,90016100,8,SLI---1200,0.0,6792234516446485b95f4111f3826eb5d0cc03b440890a98b71207f50eb5524a,308adcb65957ec472646a83b02ba7ddd6fa89225,25a68b5450f8a92990beb694bb0fc751eac757e45d94f80aa0a6e31a37d3355b,2026-09-04T16:27:33+00:00,13.0.1
210202,90016100,9,BAC---1041,0.0,6792234516446485b95f4111f3826eb5d0cc03b440890a98b71207f50eb5524a,308adcb65957ec472646a83b02ba7ddd6fa89225,25a68b5450f8a92990beb694bb0fc751eac757e45d94f80aa0a6e31a37d3355b,2026-09-04T16:27:33+00:00,13.0.1
210202,90016100,9,BAC-O-4312,20.02262762809243,6792234516446485b95f4111f3826eb5d0cc03b440890a98b71207f50eb5524a,308adcb65957ec472646a83b02ba7ddd6fa89225,25a68b5450f8a92990beb694bb0fc751eac757e45d94f80aa0a6e31a37d3355b,2026-09-04T16:27:33+00:00,13.0.1
210202,90016100,9,BAC-O-4325,0.9981404001238587,6792234516446485b95f4111f3826eb5d0cc03b440890a98b71207f50eb5524a,308adcb65957ec472646a83b02ba7ddd6fa89225,25a68b5450f8a92990beb694bb0fc751eac757e45d94f80aa0a6e31a37d3355b,2026-09-04T16:27:33+00:00,13.0.1
210202,90016100,9,BAC-O-6423,6.377348271680866,6792234516446485b95f4111f3826eb5d0cc03b440890a98b71207f50eb5524a,308adcb65957ec472646a83b02ba7ddd6fa89225,25a68b5450f8a92990beb694bb0fc751eac757e45d94f80aa0a6e31a37d3355b,2026-09-04T16:27:33+00:00,13.0.1
210202,90016100,9,BAC-O-6433,0.0,6792234516446485b95f4111f3826eb5d0cc03b440890a98b71207f50eb5524a,308adcb65957ec472646a83b02ba7ddd6fa89225,25a68b5450f8a92990beb694bb0fc751eac757e45d94f80aa0a6e31a37d3355b,2026-09-04T16:27:33+00:00,13.0.1
210202,90016100,9,CON-S-0130,0.005104398247494515,6792234516446485b95f4111f3826eb5d0cc03b440890a98b71207f50eb5524a,308adcb65957ec472646a83b02ba7ddd6fa89225,25a68b5450f8a92990beb694bb0fc751eac757e45d94f80aa0a6e31a37d3355b,2026-09-04T16:27:33+00:00,13.0.1
210202,90016100,9,SLI---0770,0.0,6792234516446485b95f4111f3826eb5d0cc03b440890a98b71207f50eb5524a,308adcb65957ec472646a83b02ba7ddd6fa89225,25a68b5450f8a92990beb694bb0fc751eac757e45d94f80aa0a6e31a37d3355b,2026-09-04T16:27:33+00:00,13.0.1
210202,90016100,9,SLI---1200,0.0029570312726596337,6792234516446485b95f4111f3826eb5d0cc03b440890a98b71207f50eb5524a,308adcb65957ec472646a83b02ba7ddd6fa89225,25a68b5450f8a92990beb694bb0fc751eac757e45d94f80aa0a6e31a37d3355b,2026-09-04T16:27:33+00:00,13.0.1
210202,90016100,10,BAC---1041,0.0,6792234516446485b95f4111f3826eb5d0cc03b440890a98b71207f50eb5524a,308adcb65957ec472646a83b02ba7ddd6fa89225,25a68b5450f8a92990beb694bb0fc751eac757e45d94f80aa0a6e31a37d3355b,2026-09-04T16:27:33+00:00,13.0.1
210202,90016100,10,BAC-O-4312,0.0,6792234516446485b95f4111f3826eb5d0cc03b440890a98b71207f50eb5524a,308adcb65957ec472646a83b02ba7ddd6fa89225,25a68b5450f8a92990beb694bb0fc751eac757e45d94f80aa0a6e31a37d3355b,2026-09-04T16:27:33+00:00,13.0.1
210202,90016100,10,BAC-O-4325,0.0,6792234516446485b95f4111f3826eb5d0cc03b440890a98b71207f50eb5524a,308adcb65957ec472646a83b02ba7ddd6fa89225,25a68b5450f8a92990beb694bb0fc751eac757e45d94f80aa0a6e31a37d3355b,2026-09-04T16:27:33+00:00,13.0.1
210202,90016100,10,BAC-O-6423,0.0,6792234516446485b95f4111f3826eb5d0cc03b440890a98b71207f50eb5524a,308adcb65957ec472646a83b02ba7ddd6fa89225,25a68b5450f8a92990beb694bb0fc751eac757e45d94f80aa0a6e31a37d3355b,2026-09-04T16:27:33+00:00,13.0.1
210202,90016100,10,BAC-O-6433,0.0,6792234516446485b95f4111f3826eb5d0cc03b440890a98b71207f50eb5524a,308adcb65957ec472646a83b02ba7ddd6fa89225,25a68b5450f8a92990beb694bb0fc751eac757e45d94f80aa0a6e31a37d3355b,2026-09-04T16:27:33+00:00,13.0.1
210202,90016100,10,CON-S-0130,0.0,6792234516446485b95f4111f3826eb5d0cc03b440890a98b71207f50eb5524a,308adcb65957ec472646a83b02ba7ddd6fa89225,25a68b5450f8a92990beb694bb0fc751eac757e45d94f80aa0a6e31a37d3355b,2026-09-04T16:27:33+00:00,13.0.1
210202,90016100,10,SLI---0770,0.0,6792234516446485b95f4111f3826eb5d0cc03b440890a98b71207f50eb5524a,308adcb65957ec472646a83b02ba7ddd6fa89225,25a68b5450f8a92990beb694bb0fc751eac757e45d94f80aa0a6e31a37d3355b,2026-09-04T16:27:33+00:00,13.0.1
210202,90016100,10,SLI---1200,0.0,6792234516446485b95f4111f3826eb5d0cc03b440890a98b71207f50eb5524a,308adcb65957ec472646a83b02ba7ddd6fa89225,25a68b5450f8a92990beb694bb0fc751eac757e45d94f80aa0a6e31a37d3355b,2026-09-04T16:27:33+00:00,13.0.1
210202,90016100,11,BAC---1041,0.0,6792234516446485b95f4111f3826eb5d0cc03b440890a98b71207f50eb5524a,308adcb65957ec472646a83b02ba7ddd6fa89225,25a68b5450f8a92990beb694bb0fc751eac757e45d94f80aa0a6e31a37d3355b,2026-09-04T16:27:33+00:00,13.0.1
210202,90016100,11,BAC-O-4312,0.0,6792234516446485b95f4111f3826eb5d0cc03b440890a98b71207f50eb5524a,308adcb65957ec472646a83b02ba7ddd6fa89225,25a68b5450f8a92990beb694bb0fc751eac757e45d94f80aa0a6e31a37d3355b,2026-09-04T16:27:33+00:00,13.0.1
210202,90016100,11,BAC-O-4325,0.0,6792234516446485b95f4111f3826eb5d0cc03b440890a98b71207f50eb5524a,308adcb65957ec472646a83b02ba7ddd6fa89225,25a68b5450f8a92990beb694bb0fc751eac757e45d94f80aa0a6e31a37d3355b,2026-09-04T16:27:33+00:00,13.0.1
210202,90016100,11,BAC-O-6423,0.0,6792234516446485b95f4111f3826eb5d0cc03b440890a98b71207f50eb5524a,308adcb65957ec472646a83b02ba7ddd6fa89225,25a68b5450f8a92990beb694bb0fc751eac757e45d94f80aa0a6e31a37d3355b,2026-09-04T16:27:33+00:00,13.0.1
210202,90016100,11,BAC-O-6433,0.0,6792234516446485b95f4111f3826eb5d0cc03b440890a98b71207f50eb5524a,308adcb65957ec472646a83b02ba7ddd6fa89225,25a68b5450f8a92990beb694bb0fc751eac757e45d94f80aa0a6e31a37d3355b,2026-09-04T16:27:33+00:00,13.0.1
210202,90016100,11,CON-S-0130,0.0,6792234516446485b95f4111f3826eb5d0cc03b440890a98b71207f50eb5524a,308adcb65957ec472646a83b02ba7ddd6fa89225,25a68b5450f8a92990beb694bb0fc751eac757e45d94f80aa0a6e31a37d3355b,2026-09-04T16:27:33+00:00,13.0.1
210202,90016100,11,SLI---0770,0.0,6792234516446485b95f4111f3826eb5d0cc03b440890a98b71207f50eb5524a,308adcb65957ec472646a83b02ba7ddd6fa89225,25a68b5450f8a92990beb694bb0fc751eac757e45d94f80aa0a6e31a37d3355b,2026-09-04T16:27:33+00:00,13.0.1
210202,90016100,11,SLI---1200,0.0,6792234516446485b95f4111f3826eb5d0cc03b440890a98b71207f50eb5524a,308adcb65957ec472646a83b02ba7ddd6fa89225,25a68b5450f8a92990beb694bb0fc751eac757e45d94f80aa0a6e31a37d3355b,2026-09-04T16:27:33+00:00,13.0.1
210202,90016100,12,BAC---1041,0.0,6792234516446485b95f4111f3826eb5d0cc03b440890a98b71207f50eb5524a,308adcb65957ec472646a83b02ba7ddd6fa89225,25a68b5450f8a92990beb694bb0fc751eac757e45d94f80aa0a6e31a37d3355b,2026-09-04T16:27:33+00:00,13.0.1
210202,90016100,12,BAC-O-4312,38.49046339598878,6792234516446485b95f4111f3826eb5d0cc03b440890a98b71207f50eb5524a,308adcb65957ec472646a83b02ba7ddd6fa89225,25a68b5450f8a92990beb694bb0fc751eac757e45d94f80aa0a6e31a37d3355b,2026-09-04T16:27:33+00:00,13.0.1
210202,90016100,12,BAC-O-4325,0.0,6792234516446485b95f4111f3826eb5d0cc03b440890a98b71207f50eb5524a,308adcb65957ec472646a83b02ba7ddd6fa89225,25a68b5450f8a92990beb694bb0fc751eac757e45d94f80aa0a6e31a37d3355b,2026-09-04T16:27:33+00:00,13.0.1
210202,90016100,12,BAC-O-6423,0.0,6792234516446485b95f4111f3826eb5d0cc03b440890a98b71207f50eb5524a,308adcb65957ec472646a83b02ba7ddd6fa89225,25a68b5450f8a92990beb694bb0fc751eac757e45d94f80aa0a6e31a37d3355b,2026-09-04T16:27:33+00:00,13.0.1
210202,90016100,12,BAC-O-6433,0.0,6792234516446485b95f4111f3826eb5d0cc03b440890a98b71207f50eb5524a,308adcb65957ec472646a83b02ba7ddd6fa89225,25a68b5450f8a92990beb694bb0fc751eac757e45d94f80aa0a6e31a37d3355b,2026-09-04T16:27:33+00:00,13.0.1
210202,90016100,12,CON-S-0130,0.0,6792234516446485b95f4111f3826eb5d0cc03b440890a98b71207f50eb5524a,308adcb65957ec472646a83b02ba7ddd6fa89225,25a68b5450f8a92990beb694bb0fc751eac757e45d94f80aa0a6e31a37d3355b,2026-09-04T16:27:33+00:00,13.0.1
210202,90016100,12,SLI---0770,0.0,6792234516446485b95f4111f3826eb5d0cc03b440890a98b71207f50eb5524a,308adcb65957ec472646a83b02ba7ddd6fa89225,25a68b5450f8a92990beb694bb0fc751eac757e45d94f80aa0a6e31a37d3355b,2026-09-04T16:27:33+00:00,13.0.1
210202,90016100,12,SLI---1200,0.0,6792234516446485b95f4111f3826eb5d0cc03b440890a98b71207f50eb5524a,308adcb65957ec472646a83b02ba7ddd6fa89225,25a68b5450f8a92990beb694bb0fc751eac757e45d94f80aa0a6e31a37d3355b,2026-09-04T16:27:33+00:00,13.0.1
210202,90016200,1,BAC---1041,0.0,6792234516446485b95f4111f3826eb5d0cc03b440890a98b71207f50eb5524a,308adcb65957ec472646a83b02ba7ddd6fa89225,25a68b5450f8a92990beb694bb0fc751eac757e45d94f80aa0a6e31a37d3355b,2026-09-04T16:27:33+00:00,13.0.1
210202,90016200,1,BAC-O-4312,0.0,6792234516446485b95f4111f3826eb5d0cc03b440890a98b71207f50eb5524a,308adcb65957ec472646a83b02ba7ddd6fa89225,25a68b5450f8a92990beb694bb0fc751eac757e45d94f80aa0a6e31a37d3355b,2026-09-04T16:27:33+00:00,13.0.1
210202,90016200,1,BAC-O-4325,0.0,6792234516446485b95f4111f3826eb5d0cc03b440890a98b71207f50eb5524a,308adcb65957ec472646a83b02ba7ddd6fa89225,25a68b5450f8a92990beb694bb0fc751eac757e45d94f80aa0a6e31a37d3355b,2026-09-04T16:27:33+00:00,13.0.1
210202,90016200,1,BAC-O-6423,0.0,6792234516446485b95f4111f3826eb5d0cc03b440890a98b71207f50eb5524a,308adcb65957ec472646a83b02ba7ddd6fa89225,25a68b5450f8a92990beb694bb0fc751eac757e45d94f80aa0a6e31a37d3355b,2026-09-04T16:27:33+00:00,13.0.1
210202,90016200,1,BAC-O-6433,0.0,6792234516446485b95f4111f3826eb5d0cc03b440890a98b71207f50eb5524a,308adcb65957ec472646a83b02ba7ddd6fa89225,25a68b5450f8a92990beb694bb0fc751eac757e45d94f80aa0a6e31a37d3355b,2026-09-04T16:27:33+00:00,13.0.1
210202,90016200,1,CON-S-0130,0.0,6792234516446485b95f4111f3826eb5d0cc03b440890a98b71207f50eb5524a,308adcb65957ec472646a83b02ba7ddd6fa89225,25a68b5450f8a92990beb694bb0fc751eac757e45d94f80aa0a6e31a37d3355b,2026-09-04T16:27:33+00:00,13.0.1
210202,90016200,1,SLI---0770,0.0,6792234516446485b95f4111f3826eb5d0cc03b440890a98b71207f50eb5524a,308adcb65957ec472646a83b02ba7ddd6fa89225,25a68b5450f8a92990beb694bb0fc751eac757e45d94f80aa0a6e31a37d3355b,2026-09-04T16:27:33+00:00,13.0.1
210202,90016200,1,SLI---1200,0.0,6792234516446485b95f4111f3826eb5d0cc03b440890a98b71207f50eb5524a,308adcb65957ec472646a83b02ba7ddd6fa89225,25a68b5450f8a92990beb694bb0fc751eac757e45d94f80aa0a6e31a37d3355b,2026-09-04T16:27:33+00:00,13.0.1
210202,90016200,2,BAC---1041,0.0,6792234516446485b95f4111f3826eb5d0cc03b440890a98b71207f50eb5524a,308adcb65957ec472646a83b02ba7ddd6fa89225,25a68b5450f8a92990beb694bb0fc751eac757e45d94f80aa0a6e31a37d3355b,2026-09-04T16:27:33+00:00,13.0.1
210202,90016200,2,BAC-O-4312,0.0,6792234516446485b95f4111f3826eb5d0cc03b440890a98b71207f50eb5524a,308adcb65957ec472646a83b02ba7ddd6fa89225,25a68b5450f8a92990beb694bb0fc751eac757e45d94f80aa0a6e31a37d3355b,2026-09-04T16:27:33+00:00,13.0.1
210202,90016200,2,BAC-O-4325,0.0,6792234516446485b95f4111f3826eb5d0cc03b440890a98b71207f50eb5524a,308adcb65957ec472646a83b02ba7ddd6fa89225,25a68b5450f8a92990beb694bb0fc751eac757e45d94f80aa0a6e31a37d3355b,2026-09-04T16:27:33+00:00,13.0.1
210202,90016200,2,BAC-O-6423,0.0,6792234516446485b95f4111f3826eb5d0cc03b440890a98b71207f50eb5524a,308adcb65957ec472646a83b02ba7ddd6fa89225,25a68b5450f8a92990beb694bb0fc751eac757e45d94f80aa0a6e31a37d3355b,2026-09-04T16:27:33+00:00,13.0.1
210202,90016200,2,BAC-O-6433,0.0,6792234516446485b95f4111f3826eb5d0cc03b440890a98b71207f50eb5524a,308adcb65957ec472646a83b02ba7ddd6fa89225,25a68b5450f8a92990beb694bb0fc751eac757e45d94f80aa0a6e31a37d3355b,2026-09-04T16:27:33+00:00,13.0.1
210202,90016200,2,CON-S-0130,0.0,6792234516446485b95f4111f3826eb5d0cc03b440890a98b71207f50eb5524a,308adcb65957ec472646a83b02ba7ddd6fa89225,25a68b5450f8a92990beb694bb0fc751eac757e45d94f80aa0a6e31a37d3355b,2026-09-04T16:27:33+00:00,13.0.1
210202,90016200,2,SLI---0770,0.0,6792234516446485b95f4111f3826eb5d0cc03b440890a98b71207f50eb5524a,308adcb65957ec472646a83b02ba7ddd6fa89225,25a68b5450f8a92990beb694bb0fc751eac757e45d94f80aa0a6e31a37d3355b,2026-09-04T16:27:33+00:00,13.0.1
210202,90016200,2,SLI---1200,0.0,6792234516446485b95f4111f3826eb5d0cc03b440890a98b71207f50eb5524a,308adcb65957ec472646a83b02ba7ddd6fa89225,25a68b5450f8a92990beb694bb0fc751eac757e45d94f80aa0a6e31a37d3355b,2026-09-04T16:27:33+00:00,13.0.1
210202,90016200,3,BAC---1041,0.0,6792234516446485b95f4111f3826eb5d0cc03b440890a98b71207f50eb5524a,308adcb65957ec472646a83b02ba7ddd6fa89225,25a68b5450f8a92990beb694bb0fc751eac757e45d94f80aa0a6e31a37d3355b,2026-09-04T16:27:33+00:00,13.0.1
210202,90016200,3,BAC-O-4312,0.0,6792234516446485b95f4111f3826eb5d0cc03b440890a98b71207f50eb5524a,308adcb65957ec472646a83b02ba7ddd6fa89225,25a68b5450f8a92990beb694bb0fc751eac757e45d94f80aa0a6e31a37d3355b,2026-09-04T16:27:33+00:00,13.0.1
210202,90016200,3,BAC-O-4325,0.0,6792234516446485b95f4111f3826eb5d0cc03b440890a98b71207f50eb5524a,308adcb65957ec472646a83b02ba7ddd6fa89225,25a68b5450f8a92990beb694bb0fc751eac757e45d94f80aa0a6e31a37d3355b,2026-09-04T16:27:33+00:00,13.0.1
210202,90016200,3,BAC-O-6423,0.0,6792234516446485b95f4111f3826eb5d0cc03b440890a98b71207f50eb5524a,308adcb65957ec472646a83b02ba7ddd6fa89225,25a68b5450f8a92990beb694bb0fc751eac757e45d94f80aa0a6e31a37d3355b,2026-09-04T16:27:33+00:00,13.0.1
210202,90016200,3,BAC-O-6433,0.0,6792234516446485b95f4111f3826eb5d0cc03b440890a98b71207f50eb5524a,308adcb65957ec472646a83b02ba7ddd6fa89225,25a68b5450f8a92990beb694bb0fc751eac757e45d94f80aa0a6e31a37d3355b,2026-09-04T16:27:33+00:00,13.0.1
210202,90016200,3,CON-S-0130,0.0,6792234516446485b95f4111f3826eb5d0cc03b440890a98b71207f50eb5524a,308adcb65957ec472646a83b02ba7ddd6fa89225,25a68b5450f8a92990beb694bb0fc751eac757e45d94f80aa0a6e31a37d3355b,2026-09-04T16:27:33+00:00,13.0.1
210202,90016200,3,SLI---0770,0.0,6792234516446485b95f4111f3826eb5d0cc03b440890a98b71207f50eb5524a,308adcb65957ec472646a83b02ba7ddd6fa89225,25a68b5450f8a92990beb694bb0fc751eac757e45d94f80aa0a6e31a37d3355b,2026-09-04T16:27:33+00:00,13.0.1
210202,90016200,3,SLI---1200,0.0,6792234516446485b95f4111f3826eb5d0cc03b440890a98b71207f50eb5524a,308adcb65957ec472646a83b02ba7ddd6fa89225,25a68b5450f8a92990beb694bb0fc751eac757e45d94f80aa0a6e31a37d3355b,2026-09-04T16:27:33+00:00,13.0.1
210202,90016200,4,BAC---1041,0.0,6792234516446485b95f4111f3826eb5d0cc03b440890a98b71207f50eb5524a,308adcb65957ec472646a83b02ba7ddd6fa89225,25a68b5450f8a92990beb694bb0fc751eac757e45d94f80aa0a6e31a37d3355b,2026-09-04T16:27:33+00:00,13.0.1
210202,90016200,4,BAC-O-4312,0.0,6792234516446485b95f4111f3826eb5d0cc03b440890a98b71207f50eb5524a,308adcb65957ec472646a83b02ba7ddd6fa89225,25a68b5450f8a92990beb694bb0fc751eac757e45d94f80aa0a6e31a37d3355b,2026-09-04T16:27:33+00:00,13.0.1
210202,90016200,4,BAC-O-4325,0.0,6792234516446485b95f4111f3826eb5d0cc03b440890a98b71207f50eb5524a,308adcb65957ec472646a83b02ba7ddd6fa89225,25a68b5450f8a92990beb694bb0fc751eac757e45d94f80aa0a6e31a37d3355b,2026-09-04T16:27:33+00:00,13.0.1
210202,90016200,4,BAC-O-6423,0.0,6792234516446485b95f4111f3826eb5d0cc03b440890a98b71207f50eb5524a,308adcb65957ec472646a83b02ba7ddd6fa89225,25a68b5450f8a92990beb694bb0fc751eac757e45d94f80aa0a6e31a37d3355b,2026-09-04T16:27:33+00:00,13.0.1
210202,90016200,4,BAC-O-6433,0.0,6792234516446485b95f4111f3826eb5d0cc03b440890a98b71207f50eb5524a,308adcb65957ec472646a83b02ba7ddd6fa89225,25a68b5450f8a92990beb694bb0fc751eac757e45d94f80aa0a6e31a37d3355b,2026-09-04T16:27:33+00:00,13.0.1
210202,90016200,4,CON-S-0130,0.0,6792234516446485b95f4111f3826eb5d0cc03b440890a98b71207f50eb5524a,308adcb65957ec472646a83b02ba7ddd6fa89225,25a68b5450f8a92990beb694bb0fc751eac757e45d94f80aa0a6e31a37d3355b,2026-09-04T16:27:33+00:00,13.0.1
210202,90016200,4,SLI---0770,0.0,6792234516446485b95f4111f3826eb5d0cc03b440890a98b71207f50eb5524a,308adcb65957ec472646a83b02ba7ddd6fa89225,25a68b5450f8a92990beb694bb0fc751eac757e45d94f80aa0a6e31a37d3355b,2026-09-04T16:27:33+00:00,13.0.1
210202,90016200,4,SLI---1200,0.0,6792234516446485b95f4111f3826eb5d0cc03b440890a98b71207f50eb5524a,308adcb65957ec472646a83b02ba7ddd6fa89225,25a68b5450f8a92990beb694bb0fc751eac757e45d94f80aa0a6e31a37d3355b,2026-09-04T16:27:33+00:00,13.0.1
210202,90016200,5,BAC---1041,0.0,6792234516446485b95f4111f3826eb5d0cc03b440890a98b71207f50eb5524a,308adcb65957ec472646a83b02ba7ddd6fa89225,25a68b5450f8a92990beb694bb0fc751eac757e45d94f80aa0a6e31a37d3355b,2026-09-04T16:27:33+00:00,13.0.1
210202,90016200,5,BAC-O-4312,0.0,6792234516446485b95f4111f3826eb5d0cc03b440890a98b71207f50eb5524a,308adcb65957ec472646a83b02ba7ddd6fa89225,25a68b5450f8a92990beb694bb0fc751eac757e45d94f80aa0a6e31a37d3355b,2026-09-04T16:27:33+00:00,13.0.1
210202,90016200,5,BAC-O-4325,0.0,6792234516446485b95f4111f3826eb5d0cc03b440890a98b71207f50eb5524a,308adcb65957ec472646a83b02ba7ddd6fa89225,25a68b5450f8a92990beb694bb0fc751eac757e45d94f80aa0a6e31a37d3355b,2026-09-04T16:27:33+00:00,13.0.1
210202,90016200,5,BAC-O-6423,0.0,6792234516446485b95f4111f3826eb5d0cc03b440890a98b71207f50eb5524a,308adcb65957ec472646a83b02ba7ddd6fa89225,25a68b5450f8a92990beb694bb0fc751eac757e45d94f80aa0a6e31a37d3355b,2026-09-04T16:27:33+00:00,13.0.1
210202,90016200,5,BAC-O-6433,0.0,6792234516446485b95f4111f3826eb5d0cc03b440890a98b71207f50eb5524a,308adcb65957ec472646a83b02ba7ddd6fa89225,25a68b5450f8a92990beb694bb0fc751eac757e45d94f80aa0a6e31a37d3355b,2026-09-04T16:27:33+00:00,13.0.1
210202,90016200,5,CON-S-0130,0.0,6792234516446485b95f4111f3826eb5d0cc03b440890a98b71207f50eb5524a,308adcb65957ec472646a83b02ba7ddd6fa89225,25a68b5450f8a92990beb694bb0fc751eac757e45d94f80aa0a6e31a37d3355b,2026-09-04T16:27:33+00:00,13.0.1
210202,90016200,5,SLI---0770,0.0,6792234516446485b95f4111f3826eb5d0cc03b440890a98b71207f50eb5524a,308adcb65957ec472646a83b02ba7ddd6fa89225,25a68b5450f8a92990beb694bb0fc751eac757e45d94f80aa0a6e31a37d3355b,2026-09-04T16:27:33+00:00,13.0.1
210202,90016200,5,SLI---1200,0.0,6792234516446485b95f4111f3826eb5d0cc03b440890a98b71207f50eb5524a,308adcb65957ec472646a83b02ba7ddd6fa89225,25a68b5450f8a92990beb694bb0fc751eac757e45d94f80aa0a6e31a37d3355b,2026-09-04T16:27:33+00:00,13.0.1
210202,90016200,6,BAC---1041,0.0,6792234516446485b95f4111f3826eb5d0cc03b440890a98b71207f50eb5524a,308adcb65957ec472646a83b02ba7ddd6fa89225,25a68b5450f8a92990beb694bb0fc751eac757e45d94f80aa0a6e31a37d3355b,2026-09-04T16:27:33+00:00,13.0.1
210202,90016200,6,BAC-O-4312,0.0,6792234516446485b95f4111f3826eb5d0cc03b440890a98b71207f50eb5524a,308adcb65957ec472646a83b02ba7ddd6fa89225,25a68b5450f8a92990beb694bb0fc751eac757e45d94f80aa0a6e31a37d3355b,2026-09-04T16:27:33+00:00,13.0.1
210202,90016200,6,BAC-O-4325,0.0,6792234516446485b95f4111f3826eb5d0cc03b440890a98b71207f50eb5524a,308adcb65957ec472646a83b02ba7ddd6fa89225,25a68b5450f8a92990beb694bb0fc751eac757e45d94f80aa0a6e31a37d3355b,2026-09-04T16:27:33+00:00,13.0.1
210202,90016200,6,BAC-O-6423,0.0,6792234516446485b95f4111f3826eb5d0cc03b440890a98b71207f50eb5524a,308adcb65957ec472646a83b02ba7ddd6fa89225,25a68b5450f8a92990beb694bb0fc751eac757e45d94f80aa0a6e31a37d3355b,2026-09-04T16:27:33+00:00,13.0.1
210202,90016200,6,BAC-O-6433,0.0,6792234516446485b95f4111f3826eb5d0cc03b440890a98b71207f50eb5524a,308adcb65957ec472646a83b02ba7ddd6fa89225,25a68b5450f8a92990beb694bb0fc751eac757e45d94f80aa0a6e31a37d3355b,2026-09-04T16:27:33+00:00,13.0.1
210202,90016200,6,CON-S-0130,0.0,6792234516446485b95f4111f3826eb5d0cc03b440890a98b71207f50eb5524a,308adcb65957ec472646a83b02ba7ddd6fa89225,25a68b5450f8a92990beb694bb0fc751eac757e45d94f80aa0a6e31a37d3355b,2026-09-04T16:27:33+00:00,13.0.1
210202,90016200,6,SLI---0770,0.0,6792234516446485b95f4111f3826eb5d0cc03b440890a98b71207f50eb5524a,308adcb65957ec472646a83b02ba7ddd6fa89225,25a68b5450f8a92990beb694bb0fc751eac757e45d94f80aa0a6e31a37d3355b,2026-09-04T16:27:33+00:00,13.0.1
210202,90016200,6,SLI---1200,0.0,6792234516446485b95f4111f3826eb5d0cc03b440890a98b71207f50eb5524a,308adcb65957ec472646a83b02ba7ddd6fa89225,25a68b5450f8a92990beb694bb0fc751eac757e45d94f80aa0a6e31a37d3355b,2026-09-04T16:27:33+00:00,13.0.1
210202,90016200,7,BAC---1041,0.0,6792234516446485b95f4111f3826eb5d0cc03b440890a98b71207f50eb5524a,308adcb65957ec472646a83b02ba7ddd6fa89225,25a68b5450f8a92990beb694bb0fc751eac757e45d94f80aa0a6e31a37d3355b,2026-09-04T16:27:33+00:00,13.0.1
210202,90016200,7,BAC-O-4312,0.0,6792234516446485b95f4111f3826eb5d0cc03b440890a98b71207f50eb5524a,308adcb65957ec472646a83b02ba7ddd6fa89225,25a68b5450f8a92990beb694bb0fc751eac757e45d94f80aa0a6e31a37d3355b,2026-09-04T16:27:33+00:00,13.0.1
210202,90016200,7,BAC-O-4325,0.0,6792234516446485b95f4111f3826eb5d0cc03b440890a98b71207f50eb5524a,308adcb65957ec472646a83b02ba7ddd6fa89225,25a68b5450f8a92990beb694bb0fc751eac757e45d94f80aa0a6e31a37d3355b,2026-09-04T16:27:33+00:00,13.0.1
210202,90016200,7,BAC-O-6423,0.0,6792234516446485b95f4111f3826eb5d0cc03b440890a98b71207f50eb5524a,308adcb65957ec472646a83b02ba7ddd6fa89225,25a68b5450f8a92990beb694bb0fc751eac757e45d94f80aa0a6e31a37d3355b,2026-09-04T16:27:33+00:00,13.0.1
210202,90016200,7,BAC-O-6433,0.0,6792234516446485b95f4111f3826eb5d0cc03b440890a98b71207f50eb5524a,308adcb65957ec472646a83b02ba7ddd6fa89225,25a68b5450f8a92990beb694bb0fc751eac757e45d94f80aa0a6e31a37d3355b,2026-09-04T16:27:33+00:00,13.0.1
210202,90016200,7,CON-S-0130,0.0,6792234516446485b95f4111f3826eb5d0cc03b440890a98b71207f50eb5524a,308adcb65957ec472646a83b02ba7ddd6fa89225,25a68b5450f8a92990beb694bb0fc751eac757e45d94f80aa0a6e31a37d3355b,2026-09-04T16:27:33+00:00,13.0.1
210202,90016200,7,SLI---0770,0.0,6792234516446485b95f4111f3826eb5d0cc03b440890a98b71207f50eb5524a,308adcb65957ec472646a83b02ba7ddd6fa89225,25a68b5450f8a92990beb694bb0fc751eac757e45d94f80aa0a6e31a37d3355b,2026-09-04T16:27:33+00:00,13.0.1
210202,90016200,7,SLI---1200,0.0,6792234516446485b95f4111f3826eb5d0cc03b440890a98b71207f50eb5524a,308adcb65957ec472646a83b02ba7ddd6fa89225,25a68b5450f8a92990beb694bb0fc751eac757e45d94f80aa0a6e31a37d3355b,2026-09-04T16:27:33+00:00,13.0.1
210202,90016200,8,BAC---1041,0.0,6792234516446485b95f4111f3826eb5d0cc03b440890a98b71207f50eb5524a,308adcb65957ec472646a83b02ba7ddd6fa89225,25a68b5450f8a92990beb694bb0fc751eac757e45d94f80aa0a6e31a37d3355b,2026-09-04T16:27:33+00:00,13.0.1
210202,90016200,8,BAC-O-4312,0.0,6792234516446485b95f4111f3826eb5d0cc03b440890a98b71207f50eb5524a,308adcb65957ec472646a83b02ba7ddd6fa89225,25a68b5450f8a92990beb694bb0fc751eac757e45d94f80aa0a6e31a37d3355b,2026-09-04T16:27:33+00:00,13.0.1
210202,90016200,8,BAC-O-4325,0.0,6792234516446485b95f4111f3826eb5d0cc03b440890a98b71207f50eb5524a,308adcb65957ec472646a83b02ba7ddd6fa89225,25a68b5450f8a92990beb694bb0fc751eac757e45d94f80aa0a6e31a37d3355b,2026-09-04T16:27:33+00:00,13.0.1
210202,90016200,8,BAC-O-6423,0.0,6792234516446485b95f4111f3826eb5d0cc03b440890a98b71207f50eb5524a,308adcb65957ec472646a83b02ba7ddd6fa89225,25a68b5450f8a92990beb694bb0fc751eac757e45d94f80aa0a6e31a37d3355b,2026-09-04T16:27:33+00:00,13.0.1
210202,90016200,8,BAC-O-6433,0.0,6792234516446485b95f4111f3826eb5d0cc03b440890a98b71207f50eb5524a,308adcb65957ec472646a83b02ba7ddd6fa89225,25a68b5450f8a92990beb694bb0fc751eac757e45d94f80aa0a6e31a37d3355b,2026-09-04T16:27:33+00:00,13.0.1
210202,90016200,8,CON-S-0130,0.0,6792234516446485b95f4111f3826eb5d0cc03b440890a98b71207f50eb5524a,308adcb65957ec472646a83b02ba7ddd6fa89225,25a68b5450f8a92990beb694bb0fc751eac757e45d94f80aa0a6e31a37d3355b,2026-09-04T16:27:33+00:00,13.0.1
210202,90016200,8,SLI---0770,0.0,6792234516446485b95f4111f3826eb5d0cc03b440890a98b71207f50eb5524a,308adcb65957ec472646a83b02ba7ddd6fa89225,25a68b5450f8a92990beb694bb0fc751eac757e45d94f80aa0a6e31a37d3355b,2026-09-04T16:27:33+00:00,13.0.1
210202,90016200,8,SLI---1200,0.0,6792234516446485b95f4111f3826eb5d0cc03b440890a98b71207f50eb5524a,308adcb65957ec472646a83b02ba7ddd6fa89225,25a68b5450f8a92990beb694bb0fc751eac757e45d94f80aa0a6e31a37d3355b,2026-09-04T16:27:33+00:00,13.0.1
210202,90016200,9,BAC---1041,0.0,6792234516446485b95f4111f3826eb5d0cc03b440890a98b71207f50eb5524a,308adcb65957ec472646a83b02ba7ddd6fa89225,25a68b5450f8a92990beb694bb0fc751eac757e45d94f80aa0a6e31a37d3355b,2026-09-04T16:27:33+00:00,13.0.1
210202,90016200,9,BAC-O-4312,0.0,6792234516446485b95f4111f3826eb5d0cc03b440890a98b71207f50eb5524a,308adcb65957ec472646a83b02ba7ddd6fa89225,25a68b5450f8a92990beb694bb0fc751eac757e45d94f80aa0a6e31a37d3355b,2026-09-04T16:27:33+00:00,13.0.1
210202,90016200,9,BAC-O-4325,0.0,6792234516446485b95f4111f3826eb5d0cc03b440890a98b71207f50eb5524a,308adcb65957ec472646a83b02ba7ddd6fa89225,25a68b5450f8a92990beb694bb0fc751eac757e45d94f80aa0a6e31a37d3355b,2026-09-04T16:27:33+00:00,13.0.1
210202,90016200,9,BAC-O-6423,70.3482215487306,6792234516446485b95f4111f3826eb5d0cc03b440890a98b71207f50eb5524a,308adcb65957ec472646a83b02ba7ddd6fa89225,25a68b5450f8a92990beb694bb0fc751eac757e45d94f80aa0a6e31a37d3355b,2026-09-04T16:27:33+00:00,13.0.1
210202,90016200,9,BAC-O-6433,74.13998319897306,6792234516446485b95f4111f3826eb5d0cc03b440890a98b71207f50eb5524a,308adcb65957ec472646a83b02ba7ddd6fa89225,25a68b5450f8a92990beb694bb0fc751eac757e45d94f80aa0a6e31a37d3355b,2026-09-04T16:27:33+00:00,13.0.1
210202,90016200,9,CON-S-0130,56.75347712413601,6792234516446485b95f4111f3826eb5d0cc03b440890a98b71207f50eb5524a,308adcb65957ec472646a83b02ba7ddd6fa89225,25a68b5450f8a92990beb694bb0fc751eac757e45d94f80aa0a6e31a37d3355b,2026-09-04T16:27:33+00:00,13.0.1
210202,90016200,9,SLI---0770,23.619057104191757,6792234516446485b95f4111f3826eb5d0cc03b440890a98b71207f50eb5524a,308adcb65957ec472646a83b02ba7ddd6fa89225,25a68b5450f8a92990beb694bb0fc751eac757e45d94f80aa0a6e31a37d3355b,2026-09-04T16:27:33+00:00,13.0.1
210202,90016200,9,SLI---1200,5.418705310504736,6792234516446485b95f4111f3826eb5d0cc03b440890a98b71207f50eb5524a,308adcb65957ec472646a83b02ba7ddd6fa89225,25a68b5450f8a92990beb694bb0fc751eac757e45d94f80aa0a6e31a37d3355b,2026-09-04T16:27:33+00:00,13.0.1
210202,90016200,10,BAC---1041,0.0,6792234516446485b95f4111f3826eb5d0cc03b440890a98b71207f50eb5524a,308adcb65957ec472646a83b02ba7ddd6fa89225,25a68b5450f8a92990beb694bb0fc751eac757e45d94f80aa0a6e31a37d3355b,2026-09-04T16:27:33+00:00,13.0.1
210202,90016200,10,BAC-O-4312,5.056402411619814,6792234516446485b95f4111f3826eb5d0cc03b440890a98b71207f50eb5524a,308adcb65957ec472646a83b02ba7ddd6fa89225,25a68b5450f8a92990beb694bb0fc751eac757e45d94f80aa0a6e31a37d3355b,2026-09-04T16:27:33+00:00,13.0.1
210202,90016200,10,BAC-O-4325,18.241842713912572,6792234516446485b95f4111f3826eb5d0cc03b440890a98b71207f50eb5524a,308adcb65957ec472646a83b02ba7ddd6fa89225,25a68b5450f8a92990beb694bb0fc751eac757e45d94f80aa0a6e31a37d3355b,2026-09-04T16:27:33+00:00,13.0.1
210202,90016200,10,BAC-O-6423,41.214285714285715,6792234516446485b95f4111f3826eb5d0cc03b440890a98b71207f50eb5524a,308adcb65957ec472646a83b02ba7ddd6fa89225,25a68b5450f8a92990beb694bb0fc751eac757e45d94f80aa0a6e31a37d3355b,2026-09-04T16:27:33+00:00,13.0.1
210202,90016200,10,BAC-O-6433,150.28571428571428,6792234516446485b95f4111f3826eb5d0cc03b440890a98b71207f50eb5524a,308adcb65957ec472646a83b02ba7ddd6fa89225,25a68b5450f8a92990beb694bb0fc751eac757e45d94f80aa0a6e31a37d3355b,2026-09-04T16:27:33+00:00,13.0.1
210202,90016200,10,CON-S-0130,22.52580426507105,6792234516446485b95f4111f3826eb5d0cc03b440890a98b71207f50eb5524a,308adcb65957ec472646a83b02ba7ddd6fa89225,25a68b5450f8a92990beb694bb0fc751eac757e45d94f80aa0a6e31a37d3355b,2026-09-04T16:27:33+00:00,13.0.1
210202,90016200,10,SLI---0770,41.0,6792234516446485b95f4111f3826eb5d0cc03b440890a98b71207f50eb5524a,308adcb65957ec472646a83b02ba7ddd6fa89225,25a68b5450f8a92990beb694bb0fc751eac757e45d94f80aa0a6e31a37d3355b,2026-09-04T16:27:33+00:00,13.0.1
210202,90016200,10,SLI---1200,12.285714285714286,6792234516446485b95f4111f3826eb5d0cc03b440890a98b71207f50eb5524a,308adcb65957ec472646a83b02ba7ddd6fa89225,25a68b5450f8a92990beb694bb0fc751eac757e45d94f80aa0a6e31a37d3355b,2026-09-04T16:27:33+00:00,13.0.1
210202,90016200,11,BAC---1041,39.78116609152098,6792234516446485b95f4111f3826eb5d0cc03b440890a98b71207f50eb5524a,308adcb65957ec472646a83b02ba7ddd6fa89225,25a68b5450f8a92990beb694bb0fc751eac757e45d94f80aa0a6e31a37d3355b,2026-09-04T16:27:33+00:00,13.0.1
210202,90016200,11,BAC-O-4312,14.857142857142858,6792234516446485b95f4111f3826eb5d0cc03b440890a98b71207f50eb5524a,308adcb65957ec472646a83b02ba7ddd6fa89225,25a68b5450f8a92990beb694bb0fc751eac757e45d94f80aa0a6e31a37d3355b,2026-09-04T16:27:33+00:00,13.0.1
210202,90016200,11,BAC-O-4325,19.647850529968476,6792234516446485b95f4111f3826eb5d0cc03b440890a98b71207f50eb5524a,308adcb65957ec472646a83b02ba7ddd6fa89225,25a68b5450f8a92990beb694bb0fc751eac757e45d94f80aa0a6e31a37d3355b,2026-09-04T16:27:33+00:00,13.0.1
210202,90016200,11,BAC-O-6423,54.61172438301912,6792234516446485b95f4111f3826eb5d0cc03b440890a98b71207f50eb5524a,308adcb65957ec472646a83b02ba7ddd6fa89225,25a68b5450f8a92990beb694bb0fc751eac757e45d94f80aa0a6e31a37d3355b,2026-09-04T16:27:33+00:00,13.0.1
210202,90016200,11,BAC-O-6433,166.1189000040645,6792234516446485b95f4111f3826eb5d0cc03b440890a98b71207f50eb5524a,308adcb65957ec472646a83b02ba7ddd6fa89225,25a68b5450f8a92990beb694bb0fc751eac757e45d94f80aa0a6e31a37d3355b,2026-09-04T16:27:33+00:00,13.0.1
210202,90016200,11,CON-S-0130,0.0,6792234516446485b95f4111f3826eb5d0cc03b440890a98b71207f50eb5524a,308adcb65957ec472646a83b02ba7ddd6fa89225,25a68b5450f8a92990beb694bb0fc751eac757e45d94f80aa0a6e31a37d3355b,2026-09-04T16:27:33+00:00,13.0.1
210202,90016200,11,SLI---0770,117.37539315028756,6792234516446485b95f4111f3826eb5d0cc03b440890a98b71207f50eb5524a,308adcb65957ec472646a83b02ba7ddd6fa89225,25a68b5450f8a92990beb694bb0fc751eac757e45d94f80aa0a6e31a37d3355b,2026-09-04T16:27:33+00:00,13.0.1
210202,90016200,11,SLI---1200,0.0,6792234516446485b95f4111f3826eb5d0cc03b440890a98b71207f50eb5524a,308adcb65957ec472646a83b02ba7ddd6fa89225,25a68b5450f8a92990beb694bb0fc751eac757e45d94f80aa0a6e31a37d3355b,2026-09-04T16:27:33+00:00,13.0.1
210202,90016200,12,BAC---1041,0.0,6792234516446485b95f4111f3826eb5d0cc03b440890a98b71207f50eb5524a,308adcb65957ec472646a83b02ba7ddd6fa89225,25a68b5450f8a92990beb694bb0fc751eac757e45d94f80aa0a6e31a37d3355b,2026-09-04T16:27:33+00:00,13.0.1
210202,90016200,12,BAC-O-4312,12.125694240711812,6792234516446485b95f4111f3826eb5d0cc03b440890a98b71207f50eb5524a,308adcb65957ec472646a83b02ba7ddd6fa89225,25a68b5450f8a92990beb694bb0fc751eac757e45d94f80aa0a6e31a37d3355b,2026-09-04T16:27:33+00:00,13.0.1
210202,90016200,12,BAC-O-4325,0.0,6792234516446485b95f4111f3826eb5d0cc03b440890a98b71207f50eb5524a,308adcb65957ec472646a83b02ba7ddd6fa89225,25a68b5450f8a92990beb694bb0fc751eac757e45d94f80aa0a6e31a37d3355b,2026-09-04T16:27:33+00:00,13.0.1
210202,90016200,12,BAC-O-6423,0.0,6792234516446485b95f4111f3826eb5d0cc03b440890a98b71207f50eb5524a,308adcb65957ec472646a83b02ba7ddd6fa89225,25a68b5450f8a92990beb694bb0fc751eac757e45d94f80aa0a6e31a37d3355b,2026-09-04T16:27:33+00:00,13.0.1
210202,90016200,12,BAC-O-6433,0.0,6792234516446485b95f4111f3826eb5d0cc03b440890a98b71207f50eb5524a,308adcb65957ec472646a83b02ba7ddd6fa89225,25a68b5450f8a92990beb694bb0fc751eac757e45d94f80aa0a6e31a37d3355b,2026-09-04T16:27:33+00:00,13.0.1
210202,90016200,12,CON-S-0130,0.0,6792234516446485b95f4111f3826eb5d0cc03b440890a98b71207f50eb5524a,308adcb65957ec472646a83b02ba7ddd6fa89225,25a68b5450f8a92990beb694bb0fc751eac757e45d94f80aa0a6e31a37d3355b,2026-09-04T16:27:33+00:00,13.0.1
210202,90016200,12,SLI---0770,0.0,6792234516446485b95f4111f3826eb5d0cc03b440890a98b71207f50eb5524a,308adcb65957ec472646a83b02ba7ddd6fa89225,25a68b5450f8a92990beb694bb0fc751eac757e45d94f80aa0a6e31a37d3355b,2026-09-04T16:27:33+00:00,13.0.1
210202,90016200,12,SLI---1200,0.0,6792234516446485b95f4111f3826eb5d0cc03b440890a98b71207f50eb5524a,308adcb65957ec472646a83b02ba7ddd6fa89225,25a68b5450f8a92990beb694bb0fc751eac757e45d94f80aa0a6e31a37d3355b,2026-09-04T16:27:33+00:00,13.0.1
210202,90016500,1,BAC---1041,0.0,6792234516446485b95f4111f3826eb5d0cc03b440890a98b71207f50eb5524a,308adcb65957ec472646a83b02ba7ddd6fa89225,25a68b5450f8a92990beb694bb0fc751eac757e45d94f80aa0a6e31a37d3355b,2026-09-04T16:27:33+00:00,13.0.1
210202,90016500,1,BAC-O-4312,0.0,6792234516446485b95f4111f3826eb5d0cc03b440890a98b71207f50eb5524a,308adcb65957ec472646a83b02ba7ddd6fa89225,25a68b5450f8a92990beb694bb0fc751eac757e45d94f80aa0a6e31a37d3355b,2026-09-04T16:27:33+00:00,13.0.1
210202,90016500,1,BAC-O-4325,25.243089860729846,6792234516446485b95f4111f3826eb5d0cc03b440890a98b71207f50eb5524a,308adcb65957ec472646a83b02ba7ddd6fa89225,25a68b5450f8a92990beb694bb0fc751eac757e45d94f80aa0a6e31a37d3355b,2026-09-04T16:27:33+00:00,13.0.1
210202,90016500,1,BAC-O-6423,0.005888514558721668,6792234516446485b95f4111f3826eb5d0cc03b440890a98b71207f50eb5524a,308adcb65957ec472646a83b02ba7ddd6fa89225,25a68b5450f8a92990beb694bb0fc751eac757e45d94f80aa0a6e31a37d3355b,2026-09-04T16:27:33+00:00,13.0.1
210202,90016500,1,BAC-O-6433,0.07909931562676889,6792234516446485b95f4111f3826eb5d0cc03b440890a98b71207f50eb5524a,308adcb65957ec472646a83b02ba7ddd6fa89225,25a68b5450f8a92990beb694bb0fc751eac757e45d94f80aa0a6e31a37d3355b,2026-09-04T16:27:33+00:00,13.0.1
210202,90016500,1,CON-S-0130,0.105008707919952,6792234516446485b95f4111f3826eb5d0cc03b440890a98b71207f50eb5524a,308adcb65957ec472646a83b02ba7ddd6fa89225,25a68b5450f8a92990beb694bb0fc751eac757e45d94f80aa0a6e31a37d3355b,2026-09-04T16:27:33+00:00,13.0.1
210202,90016500,1,SLI---0770,10.759508482995278,6792234516446485b95f4111f3826eb5d0cc03b440890a98b71207f50eb5524a,308adcb65957ec472646a83b02ba7ddd6fa89225,25a68b5450f8a92990beb694bb0fc751eac757e45d94f80aa0a6e31a37d3355b,2026-09-04T16:27:33+00:00,13.0.1
210202,90016500,1,SLI---1200,0.0067633451805904935,6792234516446485b95f4111f3826eb5d0cc03b440890a98b71207f50eb5524a,308adcb65957ec472646a83b02ba7ddd6fa89225,25a68b5450f8a92990beb694bb0fc751eac757e45d94f80aa0a6e31a37d3355b,2026-09-04T16:27:33+00:00,13.0.1
210202,90016500,2,BAC---1041,0.0,6792234516446485b95f4111f3826eb5d0cc03b440890a98b71207f50eb5524a,308adcb65957ec472646a83b02ba7ddd6fa89225,25a68b5450f8a92990beb694bb0fc751eac757e45d94f80aa0a6e31a37d3355b,2026-09-04T16:27:33+00:00,13.0.1
210202,90016500,2,BAC-O-4312,0.0,6792234516446485b95f4111f3826eb5d0cc03b440890a98b71207f50eb5524a,308adcb65957ec472646a83b02ba7ddd6fa89225,25a68b5450f8a92990beb694bb0fc751eac757e45d94f80aa0a6e31a37d3355b,2026-09-04T16:27:33+00:00,13.0.1
210202,90016500,2,BAC-O-4325,0.0,6792234516446485b95f4111f3826eb5d0cc03b440890a98b71207f50eb5524a,308adcb65957ec472646a83b02ba7ddd6fa89225,25a68b5450f8a92990beb694bb0fc751eac757e45d94f80aa0a6e31a37d3355b,2026-09-04T16:27:33+00:00,13.0.1
210202,90016500,2,BAC-O-6423,0.0,6792234516446485b95f4111f3826eb5d0cc03b440890a98b71207f50eb5524a,308adcb65957ec472646a83b02ba7ddd6fa89225,25a68b5450f8a92990beb694bb0fc751eac757e45d94f80aa0a6e31a37d3355b,2026-09-04T16:27:33+00:00,13.0.1
210202,90016500,2,BAC-O-6433,0.0,6792234516446485b95f4111f3826eb5d0cc03b440890a98b71207f50eb5524a,308adcb65957ec472646a83b02ba7ddd6fa89225,25a68b5450f8a92990beb694bb0fc751eac757e45d94f80aa0a6e31a37d3355b,2026-09-04T16:27:33+00:00,13.0.1
210202,90016500,2,CON-S-0130,0.0,6792234516446485b95f4111f3826eb5d0cc03b440890a98b71207f50eb5524a,308adcb65957ec472646a83b02ba7ddd6fa89225,25a68b5450f8a92990beb694bb0fc751eac757e45d94f80aa0a6e31a37d3355b,2026-09-04T16:27:33+00:00,13.0.1
210202,90016500,2,SLI---0770,0.0,6792234516446485b95f4111f3826eb5d0cc03b440890a98b71207f50eb5524a,308adcb65957ec472646a83b02ba7ddd6fa89225,25a68b5450f8a92990beb694bb0fc751eac757e45d94f80aa0a6e31a37d3355b,2026-09-04T16:27:33+00:00,13.0.1
210202,90016500,2,SLI---1200,0.0,6792234516446485b95f4111f3826eb5d0cc03b440890a98b71207f50eb5524a,308adcb65957ec472646a83b02ba7ddd6fa89225,25a68b5450f8a92990beb694bb0fc751eac757e45d94f80aa0a6e31a37d3355b,2026-09-04T16:27:33+00:00,13.0.1
210202,90016500,3,BAC---1041,0.0,6792234516446485b95f4111f3826eb5d0cc03b440890a98b71207f50eb5524a,308adcb65957ec472646a83b02ba7ddd6fa89225,25a68b5450f8a92990beb694bb0fc751eac757e45d94f80aa0a6e31a37d3355b,2026-09-04T16:27:33+00:00,13.0.1
210202,90016500,3,BAC-O-4312,0.0,6792234516446485b95f4111f3826eb5d0cc03b440890a98b71207f50eb5524a,308adcb65957ec472646a83b02ba7ddd6fa89225,25a68b5450f8a92990beb694bb0fc751eac757e45d94f80aa0a6e31a37d3355b,2026-09-04T16:27:33+00:00,13.0.1
210202,90016500,3,BAC-O-4325,0.0,6792234516446485b95f4111f3826eb5d0cc03b440890a98b71207f50eb5524a,308adcb65957ec472646a83b02ba7ddd6fa89225,25a68b5450f8a92990beb694bb0fc751eac757e45d94f80aa0a6e31a37d3355b,2026-09-04T16:27:33+00:00,13.0.1
210202,90016500,3,BAC-O-6423,0.0,6792234516446485b95f4111f3826eb5d0cc03b440890a98b71207f50eb5524a,308adcb65957ec472646a83b02ba7ddd6fa89225,25a68b5450f8a92990beb694bb0fc751eac757e45d94f80aa0a6e31a37d3355b,2026-09-04T16:27:33+00:00,13.0.1
210202,90016500,3,BAC-O-6433,0.0,6792234516446485b95f4111f3826eb5d0cc03b440890a98b71207f50eb5524a,308adcb65957ec472646a83b02ba7ddd6fa89225,25a68b5450f8a92990beb694bb0fc751eac757e45d94f80aa0a6e31a37d3355b,2026-09-04T16:27:33+00:00,13.0.1
210202,90016500,3,CON-S-0130,0.0,6792234516446485b95f4111f3826eb5d0cc03b440890a98b71207f50eb5524a,308adcb65957ec472646a83b02ba7ddd6fa89225,25a68b5450f8a92990beb694bb0fc751eac757e45d94f80aa0a6e31a37d3355b,2026-09-04T16:27:33+00:00,13.0.1
210202,90016500,3,SLI---0770,0.0,6792234516446485b95f4111f3826eb5d0cc03b440890a98b71207f50eb5524a,308adcb65957ec472646a83b02ba7ddd6fa89225,25a68b5450f8a92990beb694bb0fc751eac757e45d94f80aa0a6e31a37d3355b,2026-09-04T16:27:33+00:00,13.0.1
210202,90016500,3,SLI---1200,0.0,6792234516446485b95f4111f3826eb5d0cc03b440890a98b71207f50eb5524a,308adcb65957ec472646a83b02ba7ddd6fa89225,25a68b5450f8a92990beb694bb0fc751eac757e45d94f80aa0a6e31a37d3355b,2026-09-04T16:27:33+00:00,13.0.1
210202,90016500,4,BAC---1041,0.0,6792234516446485b95f4111f3826eb5d0cc03b440890a98b71207f50eb5524a,308adcb65957ec472646a83b02ba7ddd6fa89225,25a68b5450f8a92990beb694bb0fc751eac757e45d94f80aa0a6e31a37d3355b,2026-09-04T16:27:33+00:00,13.0.1
210202,90016500,4,BAC-O-4312,0.0,6792234516446485b95f4111f3826eb5d0cc03b440890a98b71207f50eb5524a,308adcb65957ec472646a83b02ba7ddd6fa89225,25a68b5450f8a92990beb694bb0fc751eac757e45d94f80aa0a6e31a37d3355b,2026-09-04T16:27:33+00:00,13.0.1
210202,90016500,4,BAC-O-4325,0.0,6792234516446485b95f4111f3826eb5d0cc03b440890a98b71207f50eb5524a,308adcb65957ec472646a83b02ba7ddd6fa89225,25a68b5450f8a92990beb694bb0fc751eac757e45d94f80aa0a6e31a37d3355b,2026-09-04T16:27:33+00:00,13.0.1
210202,90016500,4,BAC-O-6423,0.0,6792234516446485b95f4111f3826eb5d0cc03b440890a98b71207f50eb5524a,308adcb65957ec472646a83b02ba7ddd6fa89225,25a68b5450f8a92990beb694bb0fc751eac757e45d94f80aa0a6e31a37d3355b,2026-09-04T16:27:33+00:00,13.0.1
210202,90016500,4,BAC-O-6433,0.0,6792234516446485b95f4111f3826eb5d0cc03b440890a98b71207f50eb5524a,308adcb65957ec472646a83b02ba7ddd6fa89225,25a68b5450f8a92990beb694bb0fc751eac757e45d94f80aa0a6e31a37d3355b,2026-09-04T16:27:33+00:00,13.0.1
210202,90016500,4,CON-S-0130,0.0,6792234516446485b95f4111f3826eb5d0cc03b440890a98b71207f50eb5524a,308adcb65957ec472646a83b02ba7ddd6fa89225,25a68b5450f8a92990beb694bb0fc751eac757e45d94f80aa0a6e31a37d3355b,2026-09-04T16:27:33+00:00,13.0.1
210202,90016500,4,SLI---0770,0.0,6792234516446485b95f4111f3826eb5d0cc03b440890a98b71207f50eb5524a,308adcb65957ec472646a83b02ba7ddd6fa89225,25a68b5450f8a92990beb694bb0fc751eac757e45d94f80aa0a6e31a37d3355b,2026-09-04T16:27:33+00:00,13.0.1
210202,90016500,4,SLI---1200,0.0,6792234516446485b95f4111f3826eb5d0cc03b440890a98b71207f50eb5524a,308adcb65957ec472646a83b02ba7ddd6fa89225,25a68b5450f8a92990beb694bb0fc751eac757e45d94f80aa0a6e31a37d3355b,2026-09-04T16:27:33+00:00,13.0.1
210202,90016500,5,BAC---1041,0.0,6792234516446485b95f4111f3826eb5d0cc03b440890a98b71207f50eb5524a,308adcb65957ec472646a83b02ba7ddd6fa89225,25a68b5450f8a92990beb694bb0fc751eac757e45d94f80aa0a6e31a37d3355b,2026-09-04T16:27:33+00:00,13.0.1
210202,90016500,5,BAC-O-4312,0.0,6792234516446485b95f4111f3826eb5d0cc03b440890a98b71207f50eb5524a,308adcb65957ec472646a83b02ba7ddd6fa89225,25a68b5450f8a92990beb694bb0fc751eac757e45d94f80aa0a6e31a37d3355b,2026-09-04T16:27:33+00:00,13.0.1
210202,90016500,5,BAC-O-4325,0.0,6792234516446485b95f4111f3826eb5d0cc03b440890a98b71207f50eb5524a,308adcb65957ec472646a83b02ba7ddd6fa89225,25a68b5450f8a92990beb694bb0fc751eac757e45d94f80aa0a6e31a37d3355b,2026-09-04T16:27:33+00:00,13.0.1
210202,90016500,5,BAC-O-6423,0.0,6792234516446485b95f4111f3826eb5d0cc03b440890a98b71207f50eb5524a,308adcb65957ec472646a83b02ba7ddd6fa89225,25a68b5450f8a92990beb694bb0fc751eac757e45d94f80aa0a6e31a37d3355b,2026-09-04T16:27:33+00:00,13.0.1
210202,90016500,5,BAC-O-6433,0.0,6792234516446485b95f4111f3826eb5d0cc03b440890a98b71207f50eb5524a,308adcb65957ec472646a83b02ba7ddd6fa89225,25a68b5450f8a92990beb694bb0fc751eac757e45d94f80aa0a6e31a37d3355b,2026-09-04T16:27:33+00:00,13.0.1
210202,90016500,5,CON-S-0130,0.0,6792234516446485b95f4111f3826eb5d0cc03b440890a98b71207f50eb5524a,308adcb65957ec472646a83b02ba7ddd6fa89225,25a68b5450f8a92990beb694bb0fc751eac757e45d94f80aa0a6e31a37d3355b,2026-09-04T16:27:33+00:00,13.0.1
210202,90016500,5,SLI---0770,0.0,6792234516446485b95f4111f3826eb5d0cc03b440890a98b71207f50eb5524a,308adcb65957ec472646a83b02ba7ddd6fa89225,25a68b5450f8a92990beb694bb0fc751eac757e45d94f80aa0a6e31a37d3355b,2026-09-04T16:27:33+00:00,13.0.1
210202,90016500,5,SLI---1200,0.0,6792234516446485b95f4111f3826eb5d0cc03b440890a98b71207f50eb5524a,308adcb65957ec472646a83b02ba7ddd6fa89225,25a68b5450f8a92990beb694bb0fc751eac757e45d94f80aa0a6e31a37d3355b,2026-09-04T16:27:33+00:00,13.0.1
210202,90016500,6,BAC---1041,0.0,6792234516446485b95f4111f3826eb5d0cc03b440890a98b71207f50eb5524a,308adcb65957ec472646a83b02ba7ddd6fa89225,25a68b5450f8a92990beb694bb0fc751eac757e45d94f80aa0a6e31a37d3355b,2026-09-04T16:27:33+00:00,13.0.1
210202,90016500,6,BAC-O-4312,0.0,6792234516446485b95f4111f3826eb5d0cc03b440890a98b71207f50eb5524a,308adcb65957ec472646a83b02ba7ddd6fa89225,25a68b5450f8a92990beb694bb0fc751eac757e45d94f80aa0a6e31a37d3355b,2026-09-04T16:27:33+00:00,13.0.1
210202,90016500,6,BAC-O-4325,0.0,6792234516446485b95f4111f3826eb5d0cc03b440890a98b71207f50eb5524a,308adcb65957ec472646a83b02ba7ddd6fa89225,25a68b5450f8a92990beb694bb0fc751eac757e45d94f80aa0a6e31a37d3355b,2026-09-04T16:27:33+00:00,13.0.1
210202,90016500,6,BAC-O-6423,0.0,6792234516446485b95f4111f3826eb5d0cc03b440890a98b71207f50eb5524a,308adcb65957ec472646a83b02ba7ddd6fa89225,25a68b5450f8a92990beb694bb0fc751eac757e45d94f80aa0a6e31a37d3355b,2026-09-04T16:27:33+00:00,13.0.1
210202,90016500,6,BAC-O-6433,0.0,6792234516446485b95f4111f3826eb5d0cc03b440890a98b71207f50eb5524a,308adcb65957ec472646a83b02ba7ddd6fa89225,25a68b5450f8a92990beb694bb0fc751eac757e45d94f80aa0a6e31a37d3355b,2026-09-04T16:27:33+00:00,13.0.1
210202,90016500,6,CON-S-0130,0.0,6792234516446485b95f4111f3826eb5d0cc03b440890a98b71207f50eb5524a,308adcb65957ec472646a83b02ba7ddd6fa89225,25a68b5450f8a92990beb694bb0fc751eac757e45d94f80aa0a6e31a37d3355b,2026-09-04T16:27:33+00:00,13.0.1
210202,90016500,6,SLI---0770,0.0,6792234516446485b95f4111f3826eb5d0cc03b440890a98b71207f50eb5524a,308adcb65957ec472646a83b02ba7ddd6fa89225,25a68b5450f8a92990beb694bb0fc751eac757e45d94f80aa0a6e31a37d3355b,2026-09-04T16:27:33+00:00,13.0.1
210202,90016500,6,SLI---1200,0.0,6792234516446485b95f4111f3826eb5d0cc03b440890a98b71207f50eb5524a,308adcb65957ec472646a83b02ba7ddd6fa89225,25a68b5450f8a92990beb694bb0fc751eac757e45d94f80aa0a6e31a37d3355b,2026-09-04T16:27:33+00:00,13.0.1
210202,90016500,7,BAC---1041,0.0,6792234516446485b95f4111f3826eb5d0cc03b440890a98b71207f50eb5524a,308adcb65957ec472646a83b02ba7ddd6fa89225,25a68b5450f8a92990beb694bb0fc751eac757e45d94f80aa0a6e31a37d3355b,2026-09-04T16:27:33+00:00,13.0.1
210202,90016500,7,BAC-O-4312,0.0,6792234516446485b95f4111f3826eb5d0cc03b440890a98b71207f50eb5524a,308adcb65957ec472646a83b02ba7ddd6fa89225,25a68b5450f8a92990beb694bb0fc751eac757e45d94f80aa0a6e31a37d3355b,2026-09-04T16:27:33+00:00,13.0.1
210202,90016500,7,BAC-O-4325,0.0,6792234516446485b95f4111f3826eb5d0cc03b440890a98b71207f50eb5524a,308adcb65957ec472646a83b02ba7ddd6fa89225,25a68b5450f8a92990beb694bb0fc751eac757e45d94f80aa0a6e31a37d3355b,2026-09-04T16:27:33+00:00,13.0.1
210202,90016500,7,BAC-O-6423,0.0,6792234516446485b95f4111f3826eb5d0cc03b440890a98b71207f50eb5524a,308adcb65957ec472646a83b02ba7ddd6fa89225,25a68b5450f8a92990beb694bb0fc751eac757e45d94f80aa0a6e31a37d3355b,2026-09-04T16:27:33+00:00,13.0.1
210202,90016500,7,BAC-O-6433,0.0,6792234516446485b95f4111f3826eb5d0cc03b440890a98b71207f50eb5524a,308adcb65957ec472646a83b02ba7ddd6fa89225,25a68b5450f8a92990beb694bb0fc751eac757e45d94f80aa0a6e31a37d3355b,2026-09-04T16:27:33+00:00,13.0.1
210202,90016500,7,CON-S-0130,0.0,6792234516446485b95f4111f3826eb5d0cc03b440890a98b71207f50eb5524a,308adcb65957ec472646a83b02ba7ddd6fa89225,25a68b5450f8a92990beb694bb0fc751eac757e45d94f80aa0a6e31a37d3355b,2026-09-04T16:27:33+00:00,13.0.1
210202,90016500,7,SLI---0770,0.0,6792234516446485b95f4111f3826eb5d0cc03b440890a98b71207f50eb5524a,308adcb65957ec472646a83b02ba7ddd6fa89225,25a68b5450f8a92990beb694bb0fc751eac757e45d94f80aa0a6e31a37d3355b,2026-09-04T16:27:33+00:00,13.0.1
210202,90016500,7,SLI---1200,0.0,6792234516446485b95f4111f3826eb5d0cc03b440890a98b71207f50eb5524a,308adcb65957ec472646a83b02ba7ddd6fa89225,25a68b5450f8a92990beb694bb0fc751eac757e45d94f80aa0a6e31a37d3355b,2026-09-04T16:27:33+00:00,13.0.1
210202,90016500,8,BAC---1041,0.0,6792234516446485b95f4111f3826eb5d0cc03b440890a98b71207f50eb5524a,308adcb65957ec472646a83b02ba7ddd6fa89225,25a68b5450f8a92990beb694bb0fc751eac757e45d94f80aa0a6e31a37d3355b,2026-09-04T16:27:33+00:00,13.0.1
210202,90016500,8,BAC-O-4312,0.0,6792234516446485b95f4111f3826eb5d0cc03b440890a98b71207f50eb5524a,308adcb65957ec472646a83b02ba7ddd6fa89225,25a68b5450f8a92990beb694bb0fc751eac757e45d94f80aa0a6e31a37d3355b,2026-09-04T16:27:33+00:00,13.0.1
210202,90016500,8,BAC-O-4325,0.0,6792234516446485b95f4111f3826eb5d0cc03b440890a98b71207f50eb5524a,308adcb65957ec472646a83b02ba7ddd6fa89225,25a68b5450f8a92990beb694bb0fc751eac757e45d94f80aa0a6e31a37d3355b,2026-09-04T16:27:33+00:00,13.0.1
210202,90016500,8,BAC-O-6423,0.0,6792234516446485b95f4111f3826eb5d0cc03b440890a98b71207f50eb5524a,308adcb65957ec472646a83b02ba7ddd6fa89225,25a68b5450f8a92990beb694bb0fc751eac757e45d94f80aa0a6e31a37d3355b,2026-09-04T16:27:33+00:00,13.0.1
210202,90016500,8,BAC-O-6433,0.0,6792234516446485b95f4111f3826eb5d0cc03b440890a98b71207f50eb5524a,308adcb65957ec472646a83b02ba7ddd6fa89225,25a68b5450f8a92990beb694bb0fc751eac757e45d94f80aa0a6e31a37d3355b,2026-09-04T16:27:33+00:00,13.0.1
210202,90016500,8,CON-S-0130,0.0,6792234516446485b95f4111f3826eb5d0cc03b440890a98b71207f50eb5524a,308adcb65957ec472646a83b02ba7ddd6fa89225,25a68b5450f8a92990beb694bb0fc751eac757e45d94f80aa0a6e31a37d3355b,2026-09-04T16:27:33+00:00,13.0.1
210202,90016500,8,SLI---0770,0.0,6792234516446485b95f4111f3826eb5d0cc03b440890a98b71207f50eb5524a,308adcb65957ec472646a83b02ba7ddd6fa89225,25a68b5450f8a92990beb694bb0fc751eac757e45d94f80aa0a6e31a37d3355b,2026-09-04T16:27:33+00:00,13.0.1
210202,90016500,8,SLI---1200,0.0,6792234516446485b95f4111f3826eb5d0cc03b440890a98b71207f50eb5524a,308adcb65957ec472646a83b02ba7ddd6fa89225,25a68b5450f8a92990beb694bb0fc751eac757e45d94f80aa0a6e31a37d3355b,2026-09-04T16:27:33+00:00,13.0.1
210202,90016500,9,BAC---1041,0.0,6792234516446485b95f4111f3826eb5d0cc03b440890a98b71207f50eb5524a,308adcb65957ec472646a83b02ba7ddd6fa89225,25a68b5450f8a92990beb694bb0fc751eac757e45d94f80aa0a6e31a37d3355b,2026-09-04T16:27:33+00:00,13.0.1
210202,90016500,9,BAC-O-4312,0.0,6792234516446485b95f4111f3826eb5d0cc03b440890a98b71207f50eb5524a,308adcb65957ec472646a83b02ba7ddd6fa89225,25a68b5450f8a92990beb694bb0fc751eac757e45d94f80aa0a6e31a37d3355b,2026-09-04T16:27:33+00:00,13.0.1
210202,90016500,9,BAC-O-4325,0.0,6792234516446485b95f4111f3826eb5d0cc03b440890a98b71207f50eb5524a,308adcb65957ec472646a83b02ba7ddd6fa89225,25a68b5450f8a92990beb694bb0fc751eac757e45d94f80aa0a6e31a37d3355b,2026-09-04T16:27:33+00:00,13.0.1
210202,90016500,9,BAC-O-6423,0.0,6792234516446485b95f4111f3826eb5d0cc03b440890a98b71207f50eb5524a,308adcb65957ec472646a83b02ba7ddd6fa89225,25a68b5450f8a92990beb694bb0fc751eac757e45d94f80aa0a6e31a37d3355b,2026-09-04T16:27:33+00:00,13.0.1
210202,90016500,9,BAC-O-6433,0.0,6792234516446485b95f4111f3826eb5d0cc03b440890a98b71207f50eb5524a,308adcb65957ec472646a83b02ba7ddd6fa89225,25a68b5450f8a92990beb694bb0fc751eac757e45d94f80aa0a6e31a37d3355b,2026-09-04T16:27:33+00:00,13.0.1
210202,90016500,9,CON-S-0130,0.0,6792234516446485b95f4111f3826eb5d0cc03b440890a98b71207f50eb5524a,308adcb65957ec472646a83b02ba7ddd6fa89225,25a68b5450f8a92990beb694bb0fc751eac757e45d94f80aa0a6e31a37d3355b,2026-09-04T16:27:33+00:00,13.0.1
210202,90016500,9,SLI---0770,0.0,6792234516446485b95f4111f3826eb5d0cc03b440890a98b71207f50eb5524a,308adcb65957ec472646a83b02ba7ddd6fa89225,25a68b5450f8a92990beb694bb0fc751eac757e45d94f80aa0a6e31a37d3355b,2026-09-04T16:27:33+00:00,13.0.1
210202,90016500,9,SLI---1200,0.0,6792234516446485b95f4111f3826eb5d0cc03b440890a98b71207f50eb5524a,308adcb65957ec472646a83b02ba7ddd6fa89225,25a68b5450f8a92990beb694bb0fc751eac757e45d94f80aa0a6e31a37d3355b,2026-09-04T16:27:33+00:00,13.0.1
210202,90016500,10,BAC---1041,0.0,6792234516446485b95f4111f3826eb5d0cc03b440890a98b71207f50eb5524a,308adcb65957ec472646a83b02ba7ddd6fa89225,25a68b5450f8a92990beb694bb0fc751eac757e45d94f80aa0a6e31a37d3355b,2026-09-04T16:27:33+00:00,13.0.1
210202,90016500,10,BAC-O-4312,0.0,6792234516446485b95f4111f3826eb5d0cc03b440890a98b71207f50eb5524a,308adcb65957ec472646a83b02ba7ddd6fa89225,25a68b5450f8a92990beb694bb0fc751eac757e45d94f80aa0a6e31a37d3355b,2026-09-04T16:27:33+00:00,13.0.1
210202,90016500,10,BAC-O-4325,0.0,6792234516446485b95f4111f3826eb5d0cc03b440890a98b71207f50eb5524a,308adcb65957ec472646a83b02ba7ddd6fa89225,25a68b5450f8a92990beb694bb0fc751eac757e45d94f80aa0a6e31a37d3355b,2026-09-04T16:27:33+00:00,13.0.1
210202,90016500,10,BAC-O-6423,0.0,6792234516446485b95f4111f3826eb5d0cc03b440890a98b71207f50eb5524a,308adcb65957ec472646a83b02ba7ddd6fa89225,25a68b5450f8a92990beb694bb0fc751eac757e45d94f80aa0a6e31a37d3355b,2026-09-04T16:27:33+00:00,13.0.1
210202,90016500,10,BAC-O-6433,0.0,6792234516446485b95f4111f3826eb5d0cc03b440890a98b71207f50eb5524a,308adcb65957ec472646a83b02ba7ddd6fa89225,25a68b5450f8a92990beb694bb0fc751eac757e45d94f80aa0a6e31a37d3355b,2026-09-04T16:27:33+00:00,13.0.1
210202,90016500,10,CON-S-0130,0.0,6792234516446485b95f4111f3826eb5d0cc03b440890a98b71207f50eb5524a,308adcb65957ec472646a83b02ba7ddd6fa89225,25a68b5450f8a92990beb694bb0fc751eac757e45d94f80aa0a6e31a37d3355b,2026-09-04T16:27:33+00:00,13.0.1
210202,90016500,10,SLI---0770,0.0,6792234516446485b95f4111f3826eb5d0cc03b440890a98b71207f50eb5524a,308adcb65957ec472646a83b02ba7ddd6fa89225,25a68b5450f8a92990beb694bb0fc751eac757e45d94f80aa0a6e31a37d3355b,2026-09-04T16:27:33+00:00,13.0.1
210202,90016500,10,SLI---1200,0.0,6792234516446485b95f4111f3826eb5d0cc03b440890a98b71207f50eb5524a,308adcb65957ec472646a83b02ba7ddd6fa89225,25a68b5450f8a92990beb694bb0fc751eac757e45d94f80aa0a6e31a37d3355b,2026-09-04T16:27:33+00:00,13.0.1
210202,90016500,11,BAC---1041,0.0,6792234516446485b95f4111f3826eb5d0cc03b440890a98b71207f50eb5524a,308adcb65957ec472646a83b02ba7ddd6fa89225,25a68b5450f8a92990beb694bb0fc751eac757e45d94f80aa0a6e31a37d3355b,2026-09-04T16:27:33+00:00,13.0.1
210202,90016500,11,BAC-O-4312,0.0,6792234516446485b95f4111f3826eb5d0cc03b440890a98b71207f50eb5524a,308adcb65957ec472646a83b02ba7ddd6fa89225,25a68b5450f8a92990beb694bb0fc751eac757e45d94f80aa0a6e31a37d3355b,2026-09-04T16:27:33+00:00,13.0.1
210202,90016500,11,BAC-O-4325,0.0,6792234516446485b95f4111f3826eb5d0cc03b440890a98b71207f50eb5524a,308adcb65957ec472646a83b02ba7ddd6fa89225,25a68b5450f8a92990beb694bb0fc751eac757e45d94f80aa0a6e31a37d3355b,2026-09-04T16:27:33+00:00,13.0.1
210202,90016500,11,BAC-O-6423,0.0,6792234516446485b95f4111f3826eb5d0cc03b440890a98b71207f50eb5524a,308adcb65957ec472646a83b02ba7ddd6fa89225,25a68b5450f8a92990beb694bb0fc751eac757e45d94f80aa0a6e31a37d3355b,2026-09-04T16:27:33+00:00,13.0.1
210202,90016500,11,BAC-O-6433,0.0,6792234516446485b95f4111f3826eb5d0cc03b440890a98b71207f50eb5524a,308adcb65957ec472646a83b02ba7ddd6fa89225,25a68b5450f8a92990beb694bb0fc751eac757e45d94f80aa0a6e31a37d3355b,2026-09-04T16:27:33+00:00,13.0.1
210202,90016500,11,CON-S-0130,0.0,6792234516446485b95f4111f3826eb5d0cc03b440890a98b71207f50eb5524a,308adcb65957ec472646a83b02ba7ddd6fa89225,25a68b5450f8a92990beb694bb0fc751eac757e45d94f80aa0a6e31a37d3355b,2026-09-04T16:27:33+00:00,13.0.1
210202,90016500,11,SLI---0770,0.0,6792234516446485b95f4111f3826eb5d0cc03b440890a98b71207f50eb5524a,308adcb65957ec472646a83b02ba7ddd6fa89225,25a68b5450f8a92990beb694bb0fc751eac757e45d94f80aa0a6e31a37d3355b,2026-09-04T16:27:33+00:00,13.0.1
210202,90016500,11,SLI---1200,0.0,6792234516446485b95f4111f3826eb5d0cc03b440890a98b71207f50eb5524a,308adcb65957ec472646a83b02ba7ddd6fa89225,25a68b5450f8a92990beb694bb0fc751eac757e45d94f80aa0a6e31a37d3355b,2026-09-04T16:27:33+00:00,13.0.1
210202,90016500,12,BAC---1041,0.0,6792234516446485b95f4111f3826eb5d0cc03b440890a98b71207f50eb5524a,308adcb65957ec472646a83b02ba7ddd6fa89225,25a68b5450f8a92990beb694bb0fc751eac757e45d94f80aa0a6e31a37d3355b,2026-09-04T16:27:33+00:00,13.0.1
210202,90016500,12,BAC-O-4312,0.0,6792234516446485b95f4111f3826eb5d0cc03b440890a98b71207f50eb5524a,308adcb65957ec472646a83b02ba7ddd6fa89225,25a68b5450f8a92990beb694bb0fc751eac757e45d94f80aa0a6e31a37d3355b,2026-09-04T16:27:33+00:00,13.0.1
210202,90016500,12,BAC-O-4325,0.0,6792234516446485b95f4111f3826eb5d0cc03b440890a98b71207f50eb5524a,308adcb65957ec472646a83b02ba7ddd6fa89225,25a68b5450f8a92990beb694bb0fc751eac757e45d94f80aa0a6e31a37d3355b,2026-09-04T16:27:33+00:00,13.0.1
210202,90016500,12,BAC-O-6423,0.0,6792234516446485b95f4111f3826eb5d0cc03b440890a98b71207f50eb5524a,308adcb65957ec472646a83b02ba7ddd6fa89225,25a68b5450f8a92990beb694bb0fc751eac757e45d94f80aa0a6e31a37d3355b,2026-09-04T16:27:33+00:00,13.0.1
210202,90016500,12,BAC-O-6433,0.0,6792234516446485b95f4111f3826eb5d0cc03b440890a98b71207f50eb5524a,308adcb65957ec472646a83b02ba7ddd6fa89225,25a68b5450f8a92990beb694bb0fc751eac757e45d94f80aa0a6e31a37d3355b,2026-09-04T16:27:33+00:00,13.0.1
210202,90016500,12,CON-S-0130,0.0,6792234516446485b95f4111f3826eb5d0cc03b440890a98b71207f50eb5524a,308adcb65957ec472646a83b02ba7ddd6fa89225,25a68b5450f8a92990beb694bb0fc751eac757e45d94f80aa0a6e31a37d3355b,2026-09-04T16:27:33+00:00,13.0.1
210202,90016500,12,SLI---0770,0.0,6792234516446485b95f4111f3826eb5d0cc03b440890a98b71207f50eb5524a,308adcb65957ec472646a83b02ba7ddd6fa89225,25a68b5450f8a92990beb694bb0fc751eac757e45d94f80aa0a6e31a37d3355b,2026-09-04T16:27:33+00:00,13.0.1
210202,90016500,12,SLI---1200,0.0,6792234516446485b95f4111f3826eb5d0cc03b440890a98b71207f50eb5524a,308adcb65957ec472646a83b02ba7ddd6fa89225,25a68b5450f8a92990beb694bb0fc751eac757e45d94f80aa0a6e31a37d3355b,2026-09-04T16:27:33+00:00,13.0.1
210202,90016700,1,BAC---1041,0.0,6792234516446485b95f4111f3826eb5d0cc03b440890a98b71207f50eb5524a,308adcb65957ec472646a83b02ba7ddd6fa89225,25a68b5450f8a92990beb694bb0fc751eac757e45d94f80aa0a6e31a37d3355b,2026-09-04T16:27:33+00:00,13.0.1
210202,90016700,1,BAC-O-4312,0.0,6792234516446485b95f4111f3826eb5d0cc03b440890a98b71207f50eb5524a,308adcb65957ec472646a83b02ba7ddd6fa89225,25a68b5450f8a92990beb694bb0fc751eac757e45d94f80aa0a6e31a37d3355b,2026-09-04T16:27:33+00:00,13.0.1
210202,90016700,1,BAC-O-4325,0.0,6792234516446485b95f4111f3826eb5d0cc03b440890a98b71207f50eb5524a,308adcb65957ec472646a83b02ba7ddd6fa89225,25a68b5450f8a92990beb694bb0fc751eac757e45d94f80aa0a6e31a37d3355b,2026-09-04T16:27:33+00:00,13.0.1
210202,90016700,1,BAC-O-6423,0.0,6792234516446485b95f4111f3826eb5d0cc03b440890a98b71207f50eb5524a,308adcb65957ec472646a83b02ba7ddd6fa89225,25a68b5450f8a92990beb694bb0fc751eac757e45d94f80aa0a6e31a37d3355b,2026-09-04T16:27:33+00:00,13.0.1
210202,90016700,1,BAC-O-6433,0.0,6792234516446485b95f4111f3826eb5d0cc03b440890a98b71207f50eb5524a,308adcb65957ec472646a83b02ba7ddd6fa89225,25a68b5450f8a92990beb694bb0fc751eac757e45d94f80aa0a6e31a37d3355b,2026-09-04T16:27:33+00:00,13.0.1
210202,90016700,1,CON-S-0130,0.0,6792234516446485b95f4111f3826eb5d0cc03b440890a98b71207f50eb5524a,308adcb65957ec472646a83b02ba7ddd6fa89225,25a68b5450f8a92990beb694bb0fc751eac757e45d94f80aa0a6e31a37d3355b,2026-09-04T16:27:33+00:00,13.0.1
210202,90016700,1,SLI---0770,0.0,6792234516446485b95f4111f3826eb5d0cc03b440890a98b71207f50eb5524a,308adcb65957ec472646a83b02ba7ddd6fa89225,25a68b5450f8a92990beb694bb0fc751eac757e45d94f80aa0a6e31a37d3355b,2026-09-04T16:27:33+00:00,13.0.1
210202,90016700,1,SLI---1200,0.0,6792234516446485b95f4111f3826eb5d0cc03b440890a98b71207f50eb5524a,308adcb65957ec472646a83b02ba7ddd6fa89225,25a68b5450f8a92990beb694bb0fc751eac757e45d94f80aa0a6e31a37d3355b,2026-09-04T16:27:33+00:00,13.0.1
210202,90016700,2,BAC---1041,0.0,6792234516446485b95f4111f3826eb5d0cc03b440890a98b71207f50eb5524a,308adcb65957ec472646a83b02ba7ddd6fa89225,25a68b5450f8a92990beb694bb0fc751eac757e45d94f80aa0a6e31a37d3355b,2026-09-04T16:27:33+00:00,13.0.1
210202,90016700,2,BAC-O-4312,0.0,6792234516446485b95f4111f3826eb5d0cc03b440890a98b71207f50eb5524a,308adcb65957ec472646a83b02ba7ddd6fa89225,25a68b5450f8a92990beb694bb0fc751eac757e45d94f80aa0a6e31a37d3355b,2026-09-04T16:27:33+00:00,13.0.1
210202,90016700,2,BAC-O-4325,0.0,6792234516446485b95f4111f3826eb5d0cc03b440890a98b71207f50eb5524a,308adcb65957ec472646a83b02ba7ddd6fa89225,25a68b5450f8a92990beb694bb0fc751eac757e45d94f80aa0a6e31a37d3355b,2026-09-04T16:27:33+00:00,13.0.1
210202,90016700,2,BAC-O-6423,0.0,6792234516446485b95f4111f3826eb5d0cc03b440890a98b71207f50eb5524a,308adcb65957ec472646a83b02ba7ddd6fa89225,25a68b5450f8a92990beb694bb0fc751eac757e45d94f80aa0a6e31a37d3355b,2026-09-04T16:27:33+00:00,13.0.1
210202,90016700,2,BAC-O-6433,0.0,6792234516446485b95f4111f3826eb5d0cc03b440890a98b71207f50eb5524a,308adcb65957ec472646a83b02ba7ddd6fa89225,25a68b5450f8a92990beb694bb0fc751eac757e45d94f80aa0a6e31a37d3355b,2026-09-04T16:27:33+00:00,13.0.1
210202,90016700,2,CON-S-0130,0.0,6792234516446485b95f4111f3826eb5d0cc03b440890a98b71207f50eb5524a,308adcb65957ec472646a83b02ba7ddd6fa89225,25a68b5450f8a92990beb694bb0fc751eac757e45d94f80aa0a6e31a37d3355b,2026-09-04T16:27:33+00:00,13.0.1
210202,90016700,2,SLI---0770,0.0,6792234516446485b95f4111f3826eb5d0cc03b440890a98b71207f50eb5524a,308adcb65957ec472646a83b02ba7ddd6fa89225,25a68b5450f8a92990beb694bb0fc751eac757e45d94f80aa0a6e31a37d3355b,2026-09-04T16:27:33+00:00,13.0.1
210202,90016700,2,SLI---1200,0.0,6792234516446485b95f4111f3826eb5d0cc03b440890a98b71207f50eb5524a,308adcb65957ec472646a83b02ba7ddd6fa89225,25a68b5450f8a92990beb694bb0fc751eac757e45d94f80aa0a6e31a37d3355b,2026-09-04T16:27:33+00:00,13.0.1
210202,90016700,3,BAC---1041,0.0,6792234516446485b95f4111f3826eb5d0cc03b440890a98b71207f50eb5524a,308adcb65957ec472646a83b02ba7ddd6fa89225,25a68b5450f8a92990beb694bb0fc751eac757e45d94f80aa0a6e31a37d3355b,2026-09-04T16:27:33+00:00,13.0.1
210202,90016700,3,BAC-O-4312,0.0,6792234516446485b95f4111f3826eb5d0cc03b440890a98b71207f50eb5524a,308adcb65957ec472646a83b02ba7ddd6fa89225,25a68b5450f8a92990beb694bb0fc751eac757e45d94f80aa0a6e31a37d3355b,2026-09-04T16:27:33+00:00,13.0.1
210202,90016700,3,BAC-O-4325,0.0,6792234516446485b95f4111f3826eb5d0cc03b440890a98b71207f50eb5524a,308adcb65957ec472646a83b02ba7ddd6fa89225,25a68b5450f8a92990beb694bb0fc751eac757e45d94f80aa0a6e31a37d3355b,2026-09-04T16:27:33+00:00,13.0.1
210202,90016700,3,BAC-O-6423,0.0,6792234516446485b95f4111f3826eb5d0cc03b440890a98b71207f50eb5524a,308adcb65957ec472646a83b02ba7ddd6fa89225,25a68b5450f8a92990beb694bb0fc751eac757e45d94f80aa0a6e31a37d3355b,2026-09-04T16:27:33+00:00,13.0.1
210202,90016700,3,BAC-O-6433,0.0,6792234516446485b95f4111f3826eb5d0cc03b440890a98b71207f50eb5524a,308adcb65957ec472646a83b02ba7ddd6fa89225,25a68b5450f8a92990beb694bb0fc751eac757e45d94f80aa0a6e31a37d3355b,2026-09-04T16:27:33+00:00,13.0.1
210202,90016700,3,CON-S-0130,0.0,6792234516446485b95f4111f3826eb5d0cc03b440890a98b71207f50eb5524a,308adcb65957ec472646a83b02ba7ddd6fa89225,25a68b5450f8a92990beb694bb0fc751eac757e45d94f80aa0a6e31a37d3355b,2026-09-04T16:27:33+00:00,13.0.1
210202,90016700,3,SLI---0770,0.0,6792234516446485b95f4111f3826eb5d0cc03b440890a98b71207f50eb5524a,308adcb65957ec472646a83b02ba7ddd6fa89225,25a68b5450f8a92990beb694bb0fc751eac757e45d94f80aa0a6e31a37d3355b,2026-09-04T16:27:33+00:00,13.0.1
210202,90016700,3,SLI---1200,0.0,6792234516446485b95f4111f3826eb5d0cc03b440890a98b71207f50eb5524a,308adcb65957ec472646a83b02ba7ddd6fa89225,25a68b5450f8a92990beb694bb0fc751eac757e45d94f80aa0a6e31a37d3355b,2026-09-04T16:27:33+00:00,13.0.1
210202,90016700,4,BAC---1041,0.0,6792234516446485b95f4111f3826eb5d0cc03b440890a98b71207f50eb5524a,308adcb65957ec472646a83b02ba7ddd6fa89225,25a68b5450f8a92990beb694bb0fc751eac757e45d94f80aa0a6e31a37d3355b,2026-09-04T16:27:33+00:00,13.0.1
210202,90016700,4,BAC-O-4312,0.0,6792234516446485b95f4111f3826eb5d0cc03b440890a98b71207f50eb5524a,308adcb65957ec472646a83b02ba7ddd6fa89225,25a68b5450f8a92990beb694bb0fc751eac757e45d94f80aa0a6e31a37d3355b,2026-09-04T16:27:33+00:00,13.0.1
210202,90016700,4,BAC-O-4325,0.0,6792234516446485b95f4111f3826eb5d0cc03b440890a98b71207f50eb5524a,308adcb65957ec472646a83b02ba7ddd6fa89225,25a68b5450f8a92990beb694bb0fc751eac757e45d94f80aa0a6e31a37d3355b,2026-09-04T16:27:33+00:00,13.0.1
210202,90016700,4,BAC-O-6423,0.0,6792234516446485b95f4111f3826eb5d0cc03b440890a98b71207f50eb5524a,308adcb65957ec472646a83b02ba7ddd6fa89225,25a68b5450f8a92990beb694bb0fc751eac757e45d94f80aa0a6e31a37d3355b,2026-09-04T16:27:33+00:00,13.0.1
210202,90016700,4,BAC-O-6433,0.0,6792234516446485b95f4111f3826eb5d0cc03b440890a98b71207f50eb5524a,308adcb65957ec472646a83b02ba7ddd6fa89225,25a68b5450f8a92990beb694bb0fc751eac757e45d94f80aa0a6e31a37d3355b,2026-09-04T16:27:33+00:00,13.0.1
210202,90016700,4,CON-S-0130,0.0,6792234516446485b95f4111f3826eb5d0cc03b440890a98b71207f50eb5524a,308adcb65957ec472646a83b02ba7ddd6fa89225,25a68b5450f8a92990beb694bb0fc751eac757e45d94f80aa0a6e31a37d3355b,2026-09-04T16:27:33+00:00,13.0.1
210202,90016700,4,SLI---0770,0.0,6792234516446485b95f4111f3826eb5d0cc03b440890a98b71207f50eb5524a,308adcb65957ec472646a83b02ba7ddd6fa89225,25a68b5450f8a92990beb694bb0fc751eac757e45d94f80aa0a6e31a37d3355b,2026-09-04T16:27:33+00:00,13.0.1
210202,90016700,4,SLI---1200,0.0,6792234516446485b95f4111f3826eb5d0cc03b440890a98b71207f50eb5524a,308adcb65957ec472646a83b02ba7ddd6fa89225,25a68b5450f8a92990beb694bb0fc751eac757e45d94f80aa0a6e31a37d3355b,2026-09-04T16:27:33+00:00,13.0.1
210202,90016700,5,BAC---1041,0.0,6792234516446485b95f4111f3826eb5d0cc03b440890a98b71207f50eb5524a,308adcb65957ec472646a83b02ba7ddd6fa89225,25a68b5450f8a92990beb694bb0fc751eac757e45d94f80aa0a6e31a37d3355b,2026-09-04T16:27:33+00:00,13.0.1
210202,90016700,5,BAC-O-4312,0.0,6792234516446485b95f4111f3826eb5d0cc03b440890a98b71207f50eb5524a,308adcb65957ec472646a83b02ba7ddd6fa89225,25a68b5450f8a92990beb694bb0fc751eac757e45d94f80aa0a6e31a37d3355b,2026-09-04T16:27:33+00:00,13.0.1
210202,90016700,5,BAC-O-4325,0.0,6792234516446485b95f4111f3826eb5d0cc03b440890a98b71207f50eb5524a,308adcb65957ec472646a83b02ba7ddd6fa89225,25a68b5450f8a92990beb694bb0fc751eac757e45d94f80aa0a6e31a37d3355b,2026-09-04T16:27:33+00:00,13.0.1
210202,90016700,5,BAC-O-6423,0.0,6792234516446485b95f4111f3826eb5d0cc03b440890a98b71207f50eb5524a,308adcb65957ec472646a83b02ba7ddd6fa89225,25a68b5450f8a92990beb694bb0fc751eac757e45d94f80aa0a6e31a37d3355b,2026-09-04T16:27:33+00:00,13.0.1
210202,90016700,5,BAC-O-6433,0.0,6792234516446485b95f4111f3826eb5d0cc03b440890a98b71207f50eb5524a,308adcb65957ec472646a83b02ba7ddd6fa89225,25a68b5450f8a92990beb694bb0fc751eac757e45d94f80aa0a6e31a37d3355b,2026-09-04T16:27:33+00:00,13.0.1
210202,90016700,5,CON-S-0130,0.0,6792234516446485b95f4111f3826eb5d0cc03b440890a98b71207f50eb5524a,308adcb65957ec472646a83b02ba7ddd6fa89225,25a68b5450f8a92990beb694bb0fc751eac757e45d94f80aa0a6e31a37d3355b,2026-09-04T16:27:33+00:00,13.0.1
210202,90016700,5,SLI---0770,0.0,6792234516446485b95f4111f3826eb5d0cc03b440890a98b71207f50eb5524a,308adcb65957ec472646a83b02ba7ddd6fa89225,25a68b5450f8a92990beb694bb0fc751eac757e45d94f80aa0a6e31a37d3355b,2026-09-04T16:27:33+00:00,13.0.1
210202,90016700,5,SLI---1200,0.0,6792234516446485b95f4111f3826eb5d0cc03b440890a98b71207f50eb5524a,308adcb65957ec472646a83b02ba7ddd6fa89225,25a68b5450f8a92990beb694bb0fc751eac757e45d94f80aa0a6e31a37d3355b,2026-09-04T16:27:33+00:00,13.0.1
210202,90016700,6,BAC---1041,0.0,6792234516446485b95f4111f3826eb5d0cc03b440890a98b71207f50eb5524a,308adcb65957ec472646a83b02ba7ddd6fa89225,25a68b5450f8a92990beb694bb0fc751eac757e45d94f80aa0a6e31a37d3355b,2026-09-04T16:27:33+00:00,13.0.1
210202,90016700,6,BAC-O-4312,0.0,6792234516446485b95f4111f3826eb5d0cc03b440890a98b71207f50eb5524a,308adcb65957ec472646a83b02ba7ddd6fa89225,25a68b5450f8a92990beb694bb0fc751eac757e45d94f80aa0a6e31a37d3355b,2026-09-04T16:27:33+00:00,13.0.1
210202,90016700,6,BAC-O-4325,0.0,6792234516446485b95f4111f3826eb5d0cc03b440890a98b71207f50eb5524a,308adcb65957ec472646a83b02ba7ddd6fa89225,25a68b5450f8a92990beb694bb0fc751eac757e45d94f80aa0a6e31a37d3355b,2026-09-04T16:27:33+00:00,13.0.1
210202,90016700,6,BAC-O-6423,0.0,6792234516446485b95f4111f3826eb5d0cc03b440890a98b71207f50eb5524a,308adcb65957ec472646a83b02ba7ddd6fa89225,25a68b5450f8a92990beb694bb0fc751eac757e45d94f80aa0a6e31a37d3355b,2026-09-04T16:27:33+00:00,13.0.1
210202,90016700,6,BAC-O-6433,0.0,6792234516446485b95f4111f3826eb5d0cc03b440890a98b71207f50eb5524a,308adcb65957ec472646a83b02ba7ddd6fa89225,25a68b5450f8a92990beb694bb0fc751eac757e45d94f80aa0a6e31a37d3355b,2026-09-04T16:27:33+00:00,13.0.1
210202,90016700,6,CON-S-0130,0.0,6792234516446485b95f4111f3826eb5d0cc03b440890a98b71207f50eb5524a,308adcb65957ec472646a83b02ba7ddd6fa89225,25a68b5450f8a92990beb694bb0fc751eac757e45d94f80aa0a6e31a37d3355b,2026-09-04T16:27:33+00:00,13.0.1
210202,90016700,6,SLI---0770,0.0,6792234516446485b95f4111f3826eb5d0cc03b440890a98b71207f50eb5524a,308adcb65957ec472646a83b02ba7ddd6fa89225,25a68b5450f8a92990beb694bb0fc751eac757e45d94f80aa0a6e31a37d3355b,2026-09-04T16:27:33+00:00,13.0.1
210202,90016700,6,SLI---1200,0.0,6792234516446485b95f4111f3826eb5d0cc03b440890a98b71207f50eb5524a,308adcb65957ec472646a83b02ba7ddd6fa89225,25a68b5450f8a92990beb694bb0fc751eac757e45d94f80aa0a6e31a37d3355b,2026-09-04T16:27:33+00:00,13.0.1
210202,90016700,7,BAC---1041,0.0,6792234516446485b95f4111f3826eb5d0cc03b440890a98b71207f50eb5524a,308adcb65957ec472646a83b02ba7ddd6fa89225,25a68b5450f8a92990beb694bb0fc751eac757e45d94f80aa0a6e31a37d3355b,2026-09-04T16:27:33+00:00,13.0.1
210202,90016700,7,BAC-O-4312,0.0,6792234516446485b95f4111f3826eb5d0cc03b440890a98b71207f50eb5524a,308adcb65957ec472646a83b02ba7ddd6fa89225,25a68b5450f8a92990beb694bb0fc751eac757e45d94f80aa0a6e31a37d3355b,2026-09-04T16:27:33+00:00,13.0.1
210202,90016700,7,BAC-O-4325,0.0,6792234516446485b95f4111f3826eb5d0cc03b440890a98b71207f50eb5524a,308adcb65957ec472646a83b02ba7ddd6fa89225,25a68b5450f8a92990beb694bb0fc751eac757e45d94f80aa0a6e31a37d3355b,2026-09-04T16:27:33+00:00,13.0.1
210202,90016700,7,BAC-O-6423,0.0,6792234516446485b95f4111f3826eb5d0cc03b440890a98b71207f50eb5524a,308adcb65957ec472646a83b02ba7ddd6fa89225,25a68b5450f8a92990beb694bb0fc751eac757e45d94f80aa0a6e31a37d3355b,2026-09-04T16:27:33+00:00,13.0.1
210202,90016700,7,BAC-O-6433,0.0,6792234516446485b95f4111f3826eb5d0cc03b440890a98b71207f50eb5524a,308adcb65957ec472646a83b02ba7ddd6fa89225,25a68b5450f8a92990beb694bb0fc751eac757e45d94f80aa0a6e31a37d3355b,2026-09-04T16:27:33+00:00,13.0.1
210202,90016700,7,CON-S-0130,0.0,6792234516446485b95f4111f3826eb5d0cc03b440890a98b71207f50eb5524a,308adcb65957ec472646a83b02ba7ddd6fa89225,25a68b5450f8a92990beb694bb0fc751eac757e45d94f80aa0a6e31a37d3355b,2026-09-04T16:27:33+00:00,13.0.1
210202,90016700,7,SLI---0770,0.0,6792234516446485b95f4111f3826eb5d0cc03b440890a98b71207f50eb5524a,308adcb65957ec472646a83b02ba7ddd6fa89225,25a68b5450f8a92990beb694bb0fc751eac757e45d94f80aa0a6e31a37d3355b,2026-09-04T16:27:33+00:00,13.0.1
210202,90016700,7,SLI---1200,0.0,6792234516446485b95f4111f3826eb5d0cc03b440890a98b71207f50eb5524a,308adcb65957ec472646a83b02ba7ddd6fa89225,25a68b5450f8a92990beb694bb0fc751eac757e45d94f80aa0a6e31a37d3355b,2026-09-04T16:27:33+00:00,13.0.1
210202,90016700,8,BAC---1041,0.0,6792234516446485b95f4111f3826eb5d0cc03b440890a98b71207f50eb5524a,308adcb65957ec472646a83b02ba7ddd6fa89225,25a68b5450f8a92990beb694bb0fc751eac757e45d94f80aa0a6e31a37d3355b,2026-09-04T16:27:33+00:00,13.0.1
210202,90016700,8,BAC-O-4312,0.0,6792234516446485b95f4111f3826eb5d0cc03b440890a98b71207f50eb5524a,308adcb65957ec472646a83b02ba7ddd6fa89225,25a68b5450f8a92990beb694bb0fc751eac757e45d94f80aa0a6e31a37d3355b,2026-09-04T16:27:33+00:00,13.0.1
210202,90016700,8,BAC-O-4325,0.0,6792234516446485b95f4111f3826eb5d0cc03b440890a98b71207f50eb5524a,308adcb65957ec472646a83b02ba7ddd6fa89225,25a68b5450f8a92990beb694bb0fc751eac757e45d94f80aa0a6e31a37d3355b,2026-09-04T16:27:33+00:00,13.0.1
210202,90016700,8,BAC-O-6423,0.0,6792234516446485b95f4111f3826eb5d0cc03b440890a98b71207f50eb5524a,308adcb65957ec472646a83b02ba7ddd6fa89225,25a68b5450f8a92990beb694bb0fc751eac757e45d94f80aa0a6e31a37d3355b,2026-09-04T16:27:33+00:00,13.0.1
210202,90016700,8,BAC-O-6433,0.0,6792234516446485b95f4111f3826eb5d0cc03b440890a98b71207f50eb5524a,308adcb65957ec472646a83b02ba7ddd6fa89225,25a68b5450f8a92990beb694bb0fc751eac757e45d94f80aa0a6e31a37d3355b,2026-09-04T16:27:33+00:00,13.0.1
210202,90016700,8,CON-S-0130,0.0,6792234516446485b95f4111f3826eb5d0cc03b440890a98b71207f50eb5524a,308adcb65957ec472646a83b02ba7ddd6fa89225,25a68b5450f8a92990beb694bb0fc751eac757e45d94f80aa0a6e31a37d3355b,2026-09-04T16:27:33+00:00,13.0.1
210202,90016700,8,SLI---0770,0.0,6792234516446485b95f4111f3826eb5d0cc03b440890a98b71207f50eb5524a,308adcb65957ec472646a83b02ba7ddd6fa89225,25a68b5450f8a92990beb694bb0fc751eac757e45d94f80aa0a6e31a37d3355b,2026-09-04T16:27:33+00:00,13.0.1
210202,90016700,8,SLI---1200,0.0,6792234516446485b95f4111f3826eb5d0cc03b440890a98b71207f50eb5524a,308adcb65957ec472646a83b02ba7ddd6fa89225,25a68b5450f8a92990beb694bb0fc751eac757e45d94f80aa0a6e31a37d3355b,2026-09-04T16:27:33+00:00,13.0.1
210202,90016700,9,BAC---1041,0.0,6792234516446485b95f4111f3826eb5d0cc03b440890a98b71207f50eb5524a,308adcb65957ec472646a83b02ba7ddd6fa89225,25a68b5450f8a92990beb694bb0fc751eac757e45d94f80aa0a6e31a37d3355b,2026-09-04T16:27:33+00:00,13.0.1
210202,90016700,9,BAC-O-4312,0.0,6792234516446485b95f4111f3826eb5d0cc03b440890a98b71207f50eb5524a,308adcb65957ec472646a83b02ba7ddd6fa89225,25a68b5450f8a92990beb694bb0fc751eac757e45d94f80aa0a6e31a37d3355b,2026-09-04T16:27:33+00:00,13.0.1
210202,90016700,9,BAC-O-4325,0.0,6792234516446485b95f4111f3826eb5d0cc03b440890a98b71207f50eb5524a,308adcb65957ec472646a83b02ba7ddd6fa89225,25a68b5450f8a92990beb694bb0fc751eac757e45d94f80aa0a6e31a37d3355b,2026-09-04T16:27:33+00:00,13.0.1
210202,90016700,9,BAC-O-6423,0.0,6792234516446485b95f4111f3826eb5d0cc03b440890a98b71207f50eb5524a,308adcb65957ec472646a83b02ba7ddd6fa89225,25a68b5450f8a92990beb694bb0fc751eac757e45d94f80aa0a6e31a37d3355b,2026-09-04T16:27:33+00:00,13.0.1
210202,90016700,9,BAC-O-6433,0.0,6792234516446485b95f4111f3826eb5d0cc03b440890a98b71207f50eb5524a,308adcb65957ec472646a83b02ba7ddd6fa89225,25a68b5450f8a92990beb694bb0fc751eac757e45d94f80aa0a6e31a37d3355b,2026-09-04T16:27:33+00:00,13.0.1
210202,90016700,9,CON-S-0130,0.0,6792234516446485b95f4111f3826eb5d0cc03b440890a98b71207f50eb5524a,308adcb65957ec472646a83b02ba7ddd6fa89225,25a68b5450f8a92990beb694bb0fc751eac757e45d94f80aa0a6e31a37d3355b,2026-09-04T16:27:33+00:00,13.0.1
210202,90016700,9,SLI---0770,0.0,6792234516446485b95f4111f3826eb5d0cc03b440890a98b71207f50eb5524a,308adcb65957ec472646a83b02ba7ddd6fa89225,25a68b5450f8a92990beb694bb0fc751eac757e45d94f80aa0a6e31a37d3355b,2026-09-04T16:27:33+00:00,13.0.1
210202,90016700,9,SLI---1200,0.0,6792234516446485b95f4111f3826eb5d0cc03b440890a98b71207f50eb5524a,308adcb65957ec472646a83b02ba7ddd6fa89225,25a68b5450f8a92990beb694bb0fc751eac757e45d94f80aa0a6e31a37d3355b,2026-09-04T16:27:33+00:00,13.0.1
210202,90016700,10,BAC---1041,0.0,6792234516446485b95f4111f3826eb5d0cc03b440890a98b71207f50eb5524a,308adcb65957ec472646a83b02ba7ddd6fa89225,25a68b5450f8a92990beb694bb0fc751eac757e45d94f80aa0a6e31a37d3355b,2026-09-04T16:27:33+00:00,13.0.1
210202,90016700,10,BAC-O-4312,0.0,6792234516446485b95f4111f3826eb5d0cc03b440890a98b71207f50eb5524a,308adcb65957ec472646a83b02ba7ddd6fa89225,25a68b5450f8a92990beb694bb0fc751eac757e45d94f80aa0a6e31a37d3355b,2026-09-04T16:27:33+00:00,13.0.1
210202,90016700,10,BAC-O-4325,0.0,6792234516446485b95f4111f3826eb5d0cc03b440890a98b71207f50eb5524a,308adcb65957ec472646a83b02ba7ddd6fa89225,25a68b5450f8a92990beb694bb0fc751eac757e45d94f80aa0a6e31a37d3355b,2026-09-04T16:27:33+00:00,13.0.1
210202,90016700,10,BAC-O-6423,0.0,6792234516446485b95f4111f3826eb5d0cc03b440890a98b71207f50eb5524a,308adcb65957ec472646a83b02ba7ddd6fa89225,25a68b5450f8a92990beb694bb0fc751eac757e45d94f80aa0a6e31a37d3355b,2026-09-04T16:27:33+00:00,13.0.1
210202,90016700,10,BAC-O-6433,0.0,6792234516446485b95f4111f3826eb5d0cc03b440890a98b71207f50eb5524a,308adcb65957ec472646a83b02ba7ddd6fa89225,25a68b5450f8a92990beb694bb0fc751eac757e45d94f80aa0a6e31a37d3355b,2026-09-04T16:27:33+00:00,13.0.1
210202,90016700,10,CON-S-0130,0.0,6792234516446485b95f4111f3826eb5d0cc03b440890a98b71207f50eb5524a,308adcb65957ec472646a83b02ba7ddd6fa89225,25a68b5450f8a92990beb694bb0fc751eac757e45d94f80aa0a6e31a37d3355b,2026-09-04T16:27:33+00:00,13.0.1
210202,90016700,10,SLI---0770,0.0,6792234516446485b95f4111f3826eb5d0cc03b440890a98b71207f50eb5524a,308adcb65957ec472646a83b02ba7ddd6fa89225,25a68b5450f8a92990beb694bb0fc751eac757e45d94f80aa0a6e31a37d3355b,2026-09-04T16:27:33+00:00,13.0.1
210202,90016700,10,SLI---1200,0.0,6792234516446485b95f4111f3826eb5d0cc03b440890a98b71207f50eb5524a,308adcb65957ec472646a83b02ba7ddd6fa89225,25a68b5450f8a92990beb694bb0fc751eac757e45d94f80aa0a6e31a37d3355b,2026-09-04T16:27:33+00:00,13.0.1
210202,90016700,11,BAC---1041,0.0,6792234516446485b95f4111f3826eb5d0cc03b440890a98b71207f50eb5524a,308adcb65957ec472646a83b02ba7ddd6fa89225,25a68b5450f8a92990beb694bb0fc751eac757e45d94f80aa0a6e31a37d3355b,2026-09-04T16:27:33+00:00,13.0.1
210202,90016700,11,BAC-O-4312,0.0,6792234516446485b95f4111f3826eb5d0cc03b440890a98b71207f50eb5524a,308adcb65957ec472646a83b02ba7ddd6fa89225,25a68b5450f8a92990beb694bb0fc751eac757e45d94f80aa0a6e31a37d3355b,2026-09-04T16:27:33+00:00,13.0.1
210202,90016700,11,BAC-O-4325,0.0,6792234516446485b95f4111f3826eb5d0cc03b440890a98b71207f50eb5524a,308adcb65957ec472646a83b02ba7ddd6fa89225,25a68b5450f8a92990beb694bb0fc751eac757e45d94f80aa0a6e31a37d3355b,2026-09-04T16:27:33+00:00,13.0.1
210202,90016700,11,BAC-O-6423,0.0,6792234516446485b95f4111f3826eb5d0cc03b440890a98b71207f50eb5524a,308adcb65957ec472646a83b02ba7ddd6fa89225,25a68b5450f8a92990beb694bb0fc751eac757e45d94f80aa0a6e31a37d3355b,2026-09-04T16:27:33+00:00,13.0.1
210202,90016700,11,BAC-O-6433,0.0,6792234516446485b95f4111f3826eb5d0cc03b440890a98b71207f50eb5524a,308adcb65957ec472646a83b02ba7ddd6fa89225,25a68b5450f8a92990beb694bb0fc751eac757e45d94f80aa0a6e31a37d3355b,2026-09-04T16:27:33+00:00,13.0.1
210202,90016700,11,CON-S-0130,0.0,6792234516446485b95f4111f3826eb5d0cc03b440890a98b71207f50eb5524a,308adcb65957ec472646a83b02ba7ddd6fa89225,25a68b5450f8a92990beb694bb0fc751eac757e45d94f80aa0a6e31a37d3355b,2026-09-04T16:27:33+00:00,13.0.1
210202,90016700,11,SLI---0770,0.0,6792234516446485b95f4111f3826eb5d0cc03b440890a98b71207f50eb5524a,308adcb65957ec472646a83b02ba7ddd6fa89225,25a68b5450f8a92990beb694bb0fc751eac757e45d94f80aa0a6e31a37d3355b,2026-09-04T16:27:33+00:00,13.0.1
210202,90016700,11,SLI---1200,0.0,6792234516446485b95f4111f3826eb5d0cc03b440890a98b71207f50eb5524a,308adcb65957ec472646a83b02ba7ddd6fa89225,25a68b5450f8a92990beb694bb0fc751eac757e45d94f80aa0a6e31a37d3355b,2026-09-04T16:27:33+00:00,13.0.1
210202,90016700,12,BAC---1041,196.55439681814792,6792234516446485b95f4111f3826eb5d0cc03b440890a98b71207f50eb5524a,308adcb65957ec472646a83b02ba7ddd6fa89225,25a68b5450f8a92990beb694bb0fc751eac757e45d94f80aa0a6e31a37d3355b,2026-09-04T16:27:33+00:00,13.0.1
210202,90016700,12,BAC-O-4312,0.0,6792234516446485b95f4111f3826eb5d0cc03b440890a98b71207f50eb5524a,308adcb65957ec472646a83b02ba7ddd6fa89225,25a68b5450f8a92990beb694bb0fc751eac757e45d94f80aa0a6e31a37d3355b,2026-09-04T16:27:33+00:00,13.0.1
210202,90016700,12,BAC-O-4325,0.27793562184341014,6792234516446485b95f4111f3826eb5d0cc03b440890a98b71207f50eb5524a,308adcb65957ec472646a83b02ba7ddd6fa89225,25a68b5450f8a92990beb694bb0fc751eac757e45d94f80aa0a6e31a37d3355b,2026-09-04T16:27:33+00:00,13.0.1
210202,90016700,12,BAC-O-6423,0.0,6792234516446485b95f4111f3826eb5d0cc03b440890a98b71207f50eb5524a,308adcb65957ec472646a83b02ba7ddd6fa89225,25a68b5450f8a92990beb694bb0fc751eac757e45d94f80aa0a6e31a37d3355b,2026-09-04T16:27:33+00:00,13.0.1
210202,90016700,12,BAC-O-6433,305.3715917400689,6792234516446485b95f4111f3826eb5d0cc03b440890a98b71207f50eb5524a,308adcb65957ec472646a83b02ba7ddd6fa89225,25a68b5450f8a92990beb694bb0fc751eac757e45d94f80aa0a6e31a37d3355b,2026-09-04T16:27:33+00:00,13.0.1
210202,90016700,12,CON-S-0130,137.45942677162972,6792234516446485b95f4111f3826eb5d0cc03b440890a98b71207f50eb5524a,308adcb65957ec472646a83b02ba7ddd6fa89225,25a68b5450f8a92990beb694bb0fc751eac757e45d94f80aa0a6e31a37d3355b,2026-09-04T16:27:33+00:00,13.0.1
210202,90016700,12,SLI---0770,0.01592090822357582,6792234516446485b95f4111f3826eb5d0cc03b440890a98b71207f50eb5524a,308adcb65957ec472646a83b02ba7ddd6fa89225,25a68b5450f8a92990beb694bb0fc751eac757e45d94f80aa0a6e31a37d3355b,2026-09-04T16:27:33+00:00,13.0.1
210202,90016700,12,SLI---1200,61.354790479369356,6792234516446485b95f4111f3826eb5d0cc03b440890a98b71207f50eb5524a,308adcb65957ec472646a83b02ba7ddd6fa89225,25a68b5450f8a92990beb694bb0fc751eac757e45d94f80aa0a6e31a37d3355b,2026-09-04T16:27:33+00:00,13.0.1
210202,90016900,1,BAC---1041,0.0,6792234516446485b95f4111f3826eb5d0cc03b440890a98b71207f50eb5524a,308adcb65957ec472646a83b02ba7ddd6fa89225,25a68b5450f8a92990beb694bb0fc751eac757e45d94f80aa0a6e31a37d3355b,2026-09-04T16:27:33+00:00,13.0.1
210202,90016900,1,BAC-O-4312,0.0,6792234516446485b95f4111f3826eb5d0cc03b440890a98b71207f50eb5524a,308adcb65957ec472646a83b02ba7ddd6fa89225,25a68b5450f8a92990beb694bb0fc751eac757e45d94f80aa0a6e31a37d3355b,2026-09-04T16:27:33+00:00,13.0.1
210202,90016900,1,BAC-O-4325,0.0,6792234516446485b95f4111f3826eb5d0cc03b440890a98b71207f50eb5524a,308adcb65957ec472646a83b02ba7ddd6fa89225,25a68b5450f8a92990beb694bb0fc751eac757e45d94f80aa0a6e31a37d3355b,2026-09-04T16:27:33+00:00,13.0.1
210202,90016900,1,BAC-O-6423,0.0,6792234516446485b95f4111f3826eb5d0cc03b440890a98b71207f50eb5524a,308adcb65957ec472646a83b02ba7ddd6fa89225,25a68b5450f8a92990beb694bb0fc751eac757e45d94f80aa0a6e31a37d3355b,2026-09-04T16:27:33+00:00,13.0.1
210202,90016900,1,BAC-O-6433,0.0,6792234516446485b95f4111f3826eb5d0cc03b440890a98b71207f50eb5524a,308adcb65957ec472646a83b02ba7ddd6fa89225,25a68b5450f8a92990beb694bb0fc751eac757e45d94f80aa0a6e31a37d3355b,2026-09-04T16:27:33+00:00,13.0.1
210202,90016900,1,CON-S-0130,0.0,6792234516446485b95f4111f3826eb5d0cc03b440890a98b71207f50eb5524a,308adcb65957ec472646a83b02ba7ddd6fa89225,25a68b5450f8a92990beb694bb0fc751eac757e45d94f80aa0a6e31a37d3355b,2026-09-04T16:27:33+00:00,13.0.1
210202,90016900,1,SLI---0770,0.0,6792234516446485b95f4111f3826eb5d0cc03b440890a98b71207f50eb5524a,308adcb65957ec472646a83b02ba7ddd6fa89225,25a68b5450f8a92990beb694bb0fc751eac757e45d94f80aa0a6e31a37d3355b,2026-09-04T16:27:33+00:00,13.0.1
210202,90016900,1,SLI---1200,0.0,6792234516446485b95f4111f3826eb5d0cc03b440890a98b71207f50eb5524a,308adcb65957ec472646a83b02ba7ddd6fa89225,25a68b5450f8a92990beb694bb0fc751eac757e45d94f80aa0a6e31a37d3355b,2026-09-04T16:27:33+00:00,13.0.1
210202,90016900,2,BAC---1041,0.0,6792234516446485b95f4111f3826eb5d0cc03b440890a98b71207f50eb5524a,308adcb65957ec472646a83b02ba7ddd6fa89225,25a68b5450f8a92990beb694bb0fc751eac757e45d94f80aa0a6e31a37d3355b,2026-09-04T16:27:33+00:00,13.0.1
210202,90016900,2,BAC-O-4312,0.0,6792234516446485b95f4111f3826eb5d0cc03b440890a98b71207f50eb5524a,308adcb65957ec472646a83b02ba7ddd6fa89225,25a68b5450f8a92990beb694bb0fc751eac757e45d94f80aa0a6e31a37d3355b,2026-09-04T16:27:33+00:00,13.0.1
210202,90016900,2,BAC-O-4325,0.0,6792234516446485b95f4111f3826eb5d0cc03b440890a98b71207f50eb5524a,308adcb65957ec472646a83b02ba7ddd6fa89225,25a68b5450f8a92990beb694bb0fc751eac757e45d94f80aa0a6e31a37d3355b,2026-09-04T16:27:33+00:00,13.0.1
210202,90016900,2,BAC-O-6423,0.0,6792234516446485b95f4111f3826eb5d0cc03b440890a98b71207f50eb5524a,308adcb65957ec472646a83b02ba7ddd6fa89225,25a68b5450f8a92990beb694bb0fc751eac757e45d94f80aa0a6e31a37d3355b,2026-09-04T16:27:33+00:00,13.0.1
210202,90016900,2,BAC-O-6433,0.0,6792234516446485b95f4111f3826eb5d0cc03b440890a98b71207f50eb5524a,308adcb65957ec472646a83b02ba7ddd6fa89225,25a68b5450f8a92990beb694bb0fc751eac757e45d94f80aa0a6e31a37d3355b,2026-09-04T16:27:33+00:00,13.0.1
210202,90016900,2,CON-S-0130,0.0,6792234516446485b95f4111f3826eb5d0cc03b440890a98b71207f50eb5524a,308adcb65957ec472646a83b02ba7ddd6fa89225,25a68b5450f8a92990beb694bb0fc751eac757e45d94f80aa0a6e31a37d3355b,2026-09-04T16:27:33+00:00,13.0.1
210202,90016900,2,SLI---0770,0.0,6792234516446485b95f4111f3826eb5d0cc03b440890a98b71207f50eb5524a,308adcb65957ec472646a83b02ba7ddd6fa89225,25a68b5450f8a92990beb694bb0fc751eac757e45d94f80aa0a6e31a37d3355b,2026-09-04T16:27:33+00:00,13.0.1
210202,90016900,2,SLI---1200,0.0,6792234516446485b95f4111f3826eb5d0cc03b440890a98b71207f50eb5524a,308adcb65957ec472646a83b02ba7ddd6fa89225,25a68b5450f8a92990beb694bb0fc751eac757e45d94f80aa0a6e31a37d3355b,2026-09-04T16:27:33+00:00,13.0.1
210202,90016900,3,BAC---1041,0.0,6792234516446485b95f4111f3826eb5d0cc03b440890a98b71207f50eb5524a,308adcb65957ec472646a83b02ba7ddd6fa89225,25a68b5450f8a92990beb694bb0fc751eac757e45d94f80aa0a6e31a37d3355b,2026-09-04T16:27:33+00:00,13.0.1
210202,90016900,3,BAC-O-4312,0.0,6792234516446485b95f4111f3826eb5d0cc03b440890a98b71207f50eb5524a,308adcb65957ec472646a83b02ba7ddd6fa89225,25a68b5450f8a92990beb694bb0fc751eac757e45d94f80aa0a6e31a37d3355b,2026-09-04T16:27:33+00:00,13.0.1
210202,90016900,3,BAC-O-4325,0.0,6792234516446485b95f4111f3826eb5d0cc03b440890a98b71207f50eb5524a,308adcb65957ec472646a83b02ba7ddd6fa89225,25a68b5450f8a92990beb694bb0fc751eac757e45d94f80aa0a6e31a37d3355b,2026-09-04T16:27:33+00:00,13.0.1
210202,90016900,3,BAC-O-6423,0.0,6792234516446485b95f4111f3826eb5d0cc03b440890a98b71207f50eb5524a,308adcb65957ec472646a83b02ba7ddd6fa89225,25a68b5450f8a92990beb694bb0fc751eac757e45d94f80aa0a6e31a37d3355b,2026-09-04T16:27:33+00:00,13.0.1
210202,90016900,3,BAC-O-6433,0.0,6792234516446485b95f4111f3826eb5d0cc03b440890a98b71207f50eb5524a,308adcb65957ec472646a83b02ba7ddd6fa89225,25a68b5450f8a92990beb694bb0fc751eac757e45d94f80aa0a6e31a37d3355b,2026-09-04T16:27:33+00:00,13.0.1
210202,90016900,3,CON-S-0130,0.0,6792234516446485b95f4111f3826eb5d0cc03b440890a98b71207f50eb5524a,308adcb65957ec472646a83b02ba7ddd6fa89225,25a68b5450f8a92990beb694bb0fc751eac757e45d94f80aa0a6e31a37d3355b,2026-09-04T16:27:33+00:00,13.0.1
210202,90016900,3,SLI---0770,0.0,6792234516446485b95f4111f3826eb5d0cc03b440890a98b71207f50eb5524a,308adcb65957ec472646a83b02ba7ddd6fa89225,25a68b5450f8a92990beb694bb0fc751eac757e45d94f80aa0a6e31a37d3355b,2026-09-04T16:27:33+00:00,13.0.1
210202,90016900,3,SLI---1200,0.0,6792234516446485b95f4111f3826eb5d0cc03b440890a98b71207f50eb5524a,308adcb65957ec472646a83b02ba7ddd6fa89225,25a68b5450f8a92990beb694bb0fc751eac757e45d94f80aa0a6e31a37d3355b,2026-09-04T16:27:33+00:00,13.0.1
210202,90016900,4,BAC---1041,0.0,6792234516446485b95f4111f3826eb5d0cc03b440890a98b71207f50eb5524a,308adcb65957ec472646a83b02ba7ddd6fa89225,25a68b5450f8a92990beb694bb0fc751eac757e45d94f80aa0a6e31a37d3355b,2026-09-04T16:27:33+00:00,13.0.1
210202,90016900,4,BAC-O-4312,0.0,6792234516446485b95f4111f3826eb5d0cc03b440890a98b71207f50eb5524a,308adcb65957ec472646a83b02ba7ddd6fa89225,25a68b5450f8a92990beb694bb0fc751eac757e45d94f80aa0a6e31a37d3355b,2026-09-04T16:27:33+00:00,13.0.1
210202,90016900,4,BAC-O-4325,0.0,6792234516446485b95f4111f3826eb5d0cc03b440890a98b71207f50eb5524a,308adcb65957ec472646a83b02ba7ddd6fa89225,25a68b5450f8a92990beb694bb0fc751eac757e45d94f80aa0a6e31a37d3355b,2026-09-04T16:27:33+00:00,13.0.1
210202,90016900,4,BAC-O-6423,0.0,6792234516446485b95f4111f3826eb5d0cc03b440890a98b71207f50eb5524a,308adcb65957ec472646a83b02ba7ddd6fa89225,25a68b5450f8a92990beb694bb0fc751eac757e45d94f80aa0a6e31a37d3355b,2026-09-04T16:27:33+00:00,13.0.1
210202,90016900,4,BAC-O-6433,0.0,6792234516446485b95f4111f3826eb5d0cc03b440890a98b71207f50eb5524a,308adcb65957ec472646a83b02ba7ddd6fa89225,25a68b5450f8a92990beb694bb0fc751eac757e45d94f80aa0a6e31a37d3355b,2026-09-04T16:27:33+00:00,13.0.1
210202,90016900,4,CON-S-0130,0.0,6792234516446485b95f4111f3826eb5d0cc03b440890a98b71207f50eb5524a,308adcb65957ec472646a83b02ba7ddd6fa89225,25a68b5450f8a92990beb694bb0fc751eac757e45d94f80aa0a6e31a37d3355b,2026-09-04T16:27:33+00:00,13.0.1
210202,90016900,4,SLI---0770,0.0,6792234516446485b95f4111f3826eb5d0cc03b440890a98b71207f50eb5524a,308adcb65957ec472646a83b02ba7ddd6fa89225,25a68b5450f8a92990beb694bb0fc751eac757e45d94f80aa0a6e31a37d3355b,2026-09-04T16:27:33+00:00,13.0.1
210202,90016900,4,SLI---1200,0.0,6792234516446485b95f4111f3826eb5d0cc03b440890a98b71207f50eb5524a,308adcb65957ec472646a83b02ba7ddd6fa89225,25a68b5450f8a92990beb694bb0fc751eac757e45d94f80aa0a6e31a37d3355b,2026-09-04T16:27:33+00:00,13.0.1
210202,90016900,5,BAC---1041,0.0,6792234516446485b95f4111f3826eb5d0cc03b440890a98b71207f50eb5524a,308adcb65957ec472646a83b02ba7ddd6fa89225,25a68b5450f8a92990beb694bb0fc751eac757e45d94f80aa0a6e31a37d3355b,2026-09-04T16:27:33+00:00,13.0.1
210202,90016900,5,BAC-O-4312,0.0,6792234516446485b95f4111f3826eb5d0cc03b440890a98b71207f50eb5524a,308adcb65957ec472646a83b02ba7ddd6fa89225,25a68b5450f8a92990beb694bb0fc751eac757e45d94f80aa0a6e31a37d3355b,2026-09-04T16:27:33+00:00,13.0.1
210202,90016900,5,BAC-O-4325,0.0,6792234516446485b95f4111f3826eb5d0cc03b440890a98b71207f50eb5524a,308adcb65957ec472646a83b02ba7ddd6fa89225,25a68b5450f8a92990beb694bb0fc751eac757e45d94f80aa0a6e31a37d3355b,2026-09-04T16:27:33+00:00,13.0.1
210202,90016900,5,BAC-O-6423,0.0,6792234516446485b95f4111f3826eb5d0cc03b440890a98b71207f50eb5524a,308adcb65957ec472646a83b02ba7ddd6fa89225,25a68b5450f8a92990beb694bb0fc751eac757e45d94f80aa0a6e31a37d3355b,2026-09-04T16:27:33+00:00,13.0.1
210202,90016900,5,BAC-O-6433,0.0,6792234516446485b95f4111f3826eb5d0cc03b440890a98b71207f50eb5524a,308adcb65957ec472646a83b02ba7ddd6fa89225,25a68b5450f8a92990beb694bb0fc751eac757e45d94f80aa0a6e31a37d3355b,2026-09-04T16:27:33+00:00,13.0.1
210202,90016900,5,CON-S-0130,0.0,6792234516446485b95f4111f3826eb5d0cc03b440890a98b71207f50eb5524a,308adcb65957ec472646a83b02ba7ddd6fa89225,25a68b5450f8a92990beb694bb0fc751eac757e45d94f80aa0a6e31a37d3355b,2026-09-04T16:27:33+00:00,13.0.1
210202,90016900,5,SLI---0770,0.0,6792234516446485b95f4111f3826eb5d0cc03b440890a98b71207f50eb5524a,308adcb65957ec472646a83b02ba7ddd6fa89225,25a68b5450f8a92990beb694bb0fc751eac757e45d94f80aa0a6e31a37d3355b,2026-09-04T16:27:33+00:00,13.0.1
210202,90016900,5,SLI---1200,0.0,6792234516446485b95f4111f3826eb5d0cc03b440890a98b71207f50eb5524a,308adcb65957ec472646a83b02ba7ddd6fa89225,25a68b5450f8a92990beb694bb0fc751eac757e45d94f80aa0a6e31a37d3355b,2026-09-04T16:27:33+00:00,13.0.1
210202,90016900,6,BAC---1041,0.0,6792234516446485b95f4111f3826eb5d0cc03b440890a98b71207f50eb5524a,308adcb65957ec472646a83b02ba7ddd6fa89225,25a68b5450f8a92990beb694bb0fc751eac757e45d94f80aa0a6e31a37d3355b,2026-09-04T16:27:33+00:00,13.0.1
210202,90016900,6,BAC-O-4312,0.0,6792234516446485b95f4111f3826eb5d0cc03b440890a98b71207f50eb5524a,308adcb65957ec472646a83b02ba7ddd6fa89225,25a68b5450f8a92990beb694bb0fc751eac757e45d94f80aa0a6e31a37d3355b,2026-09-04T16:27:33+00:00,13.0.1
210202,90016900,6,BAC-O-4325,0.0,6792234516446485b95f4111f3826eb5d0cc03b440890a98b71207f50eb5524a,308adcb65957ec472646a83b02ba7ddd6fa89225,25a68b5450f8a92990beb694bb0fc751eac757e45d94f80aa0a6e31a37d3355b,2026-09-04T16:27:33+00:00,13.0.1
210202,90016900,6,BAC-O-6423,0.0,6792234516446485b95f4111f3826eb5d0cc03b440890a98b71207f50eb5524a,308adcb65957ec472646a83b02ba7ddd6fa89225,25a68b5450f8a92990beb694bb0fc751eac757e45d94f80aa0a6e31a37d3355b,2026-09-04T16:27:33+00:00,13.0.1
210202,90016900,6,BAC-O-6433,0.0,6792234516446485b95f4111f3826eb5d0cc03b440890a98b71207f50eb5524a,308adcb65957ec472646a83b02ba7ddd6fa89225,25a68b5450f8a92990beb694bb0fc751eac757e45d94f80aa0a6e31a37d3355b,2026-09-04T16:27:33+00:00,13.0.1
210202,90016900,6,CON-S-0130,0.0,6792234516446485b95f4111f3826eb5d0cc03b440890a98b71207f50eb5524a,308adcb65957ec472646a83b02ba7ddd6fa89225,25a68b5450f8a92990beb694bb0fc751eac757e45d94f80aa0a6e31a37d3355b,2026-09-04T16:27:33+00:00,13.0.1
210202,90016900,6,SLI---0770,0.0,6792234516446485b95f4111f3826eb5d0cc03b440890a98b71207f50eb5524a,308adcb65957ec472646a83b02ba7ddd6fa89225,25a68b5450f8a92990beb694bb0fc751eac757e45d94f80aa0a6e31a37d3355b,2026-09-04T16:27:33+00:00,13.0.1
210202,90016900,6,SLI---1200,0.0,6792234516446485b95f4111f3826eb5d0cc03b440890a98b71207f50eb5524a,308adcb65957ec472646a83b02ba7ddd6fa89225,25a68b5450f8a92990beb694bb0fc751eac757e45d94f80aa0a6e31a37d3355b,2026-09-04T16:27:33+00:00,13.0.1
210202,90016900,7,BAC---1041,0.0,6792234516446485b95f4111f3826eb5d0cc03b440890a98b71207f50eb5524a,308adcb65957ec472646a83b02ba7ddd6fa89225,25a68b5450f8a92990beb694bb0fc751eac757e45d94f80aa0a6e31a37d3355b,2026-09-04T16:27:33+00:00,13.0.1
210202,90016900,7,BAC-O-4312,0.0,6792234516446485b95f4111f3826eb5d0cc03b440890a98b71207f50eb5524a,308adcb65957ec472646a83b02ba7ddd6fa89225,25a68b5450f8a92990beb694bb0fc751eac757e45d94f80aa0a6e31a37d3355b,2026-09-04T16:27:33+00:00,13.0.1
210202,90016900,7,BAC-O-4325,0.0,6792234516446485b95f4111f3826eb5d0cc03b440890a98b71207f50eb5524a,308adcb65957ec472646a83b02ba7ddd6fa89225,25a68b5450f8a92990beb694bb0fc751eac757e45d94f80aa0a6e31a37d3355b,2026-09-04T16:27:33+00:00,13.0.1
210202,90016900,7,BAC-O-6423,0.0,6792234516446485b95f4111f3826eb5d0cc03b440890a98b71207f50eb5524a,308adcb65957ec472646a83b02ba7ddd6fa89225,25a68b5450f8a92990beb694bb0fc751eac757e45d94f80aa0a6e31a37d3355b,2026-09-04T16:27:33+00:00,13.0.1
210202,90016900,7,BAC-O-6433,0.0,6792234516446485b95f4111f3826eb5d0cc03b440890a98b71207f50eb5524a,308adcb65957ec472646a83b02ba7ddd6fa89225,25a68b5450f8a92990beb694bb0fc751eac757e45d94f80aa0a6e31a37d3355b,2026-09-04T16:27:33+00:00,13.0.1
210202,90016900,7,CON-S-0130,0.0,6792234516446485b95f4111f3826eb5d0cc03b440890a98b71207f50eb5524a,308adcb65957ec472646a83b02ba7ddd6fa89225,25a68b5450f8a92990beb694bb0fc751eac757e45d94f80aa0a6e31a37d3355b,2026-09-04T16:27:33+00:00,13.0.1
210202,90016900,7,SLI---0770,0.0,6792234516446485b95f4111f3826eb5d0cc03b440890a98b71207f50eb5524a,308adcb65957ec472646a83b02ba7ddd6fa89225,25a68b5450f8a92990beb694bb0fc751eac757e45d94f80aa0a6e31a37d3355b,2026-09-04T16:27:33+00:00,13.0.1
210202,90016900,7,SLI---1200,0.0,6792234516446485b95f4111f3826eb5d0cc03b440890a98b71207f50eb5524a,308adcb65957ec472646a83b02ba7ddd6fa89225,25a68b5450f8a92990beb694bb0fc751eac757e45d94f80aa0a6e31a37d3355b,2026-09-04T16:27:33+00:00,13.0.1
210202,90016900,8,BAC---1041,0.0,6792234516446485b95f4111f3826eb5d0cc03b440890a98b71207f50eb5524a,308adcb65957ec472646a83b02ba7ddd6fa89225,25a68b5450f8a92990beb694bb0fc751eac757e45d94f80aa0a6e31a37d3355b,2026-09-04T16:27:33+00:00,13.0.1
210202,90016900,8,BAC-O-4312,0.0,6792234516446485b95f4111f3826eb5d0cc03b440890a98b71207f50eb5524a,308adcb65957ec472646a83b02ba7ddd6fa89225,25a68b5450f8a92990beb694bb0fc751eac757e45d94f80aa0a6e31a37d3355b,2026-09-04T16:27:33+00:00,13.0.1
210202,90016900,8,BAC-O-4325,0.0,6792234516446485b95f4111f3826eb5d0cc03b440890a98b71207f50eb5524a,308adcb65957ec472646a83b02ba7ddd6fa89225,25a68b5450f8a92990beb694bb0fc751eac757e45d94f80aa0a6e31a37d3355b,2026-09-04T16:27:33+00:00,13.0.1
210202,90016900,8,BAC-O-6423,0.0,6792234516446485b95f4111f3826eb5d0cc03b440890a98b71207f50eb5524a,308adcb65957ec472646a83b02ba7ddd6fa89225,25a68b5450f8a92990beb694bb0fc751eac757e45d94f80aa0a6e31a37d3355b,2026-09-04T16:27:33+00:00,13.0.1
210202,90016900,8,BAC-O-6433,0.0,6792234516446485b95f4111f3826eb5d0cc03b440890a98b71207f50eb5524a,308adcb65957ec472646a83b02ba7ddd6fa89225,25a68b5450f8a92990beb694bb0fc751eac757e45d94f80aa0a6e31a37d3355b,2026-09-04T16:27:33+00:00,13.0.1
210202,90016900,8,CON-S-0130,0.0,6792234516446485b95f4111f3826eb5d0cc03b440890a98b71207f50eb5524a,308adcb65957ec472646a83b02ba7ddd6fa89225,25a68b5450f8a92990beb694bb0fc751eac757e45d94f80aa0a6e31a37d3355b,2026-09-04T16:27:33+00:00,13.0.1
210202,90016900,8,SLI---0770,0.0,6792234516446485b95f4111f3826eb5d0cc03b440890a98b71207f50eb5524a,308adcb65957ec472646a83b02ba7ddd6fa89225,25a68b5450f8a92990beb694bb0fc751eac757e45d94f80aa0a6e31a37d3355b,2026-09-04T16:27:33+00:00,13.0.1
210202,90016900,8,SLI---1200,0.0,6792234516446485b95f4111f3826eb5d0cc03b440890a98b71207f50eb5524a,308adcb65957ec472646a83b02ba7ddd6fa89225,25a68b5450f8a92990beb694bb0fc751eac757e45d94f80aa0a6e31a37d3355b,2026-09-04T16:27:33+00:00,13.0.1
210202,90016900,9,BAC---1041,39.785714285714285,6792234516446485b95f4111f3826eb5d0cc03b440890a98b71207f50eb5524a,308adcb65957ec472646a83b02ba7ddd6fa89225,25a68b5450f8a92990beb694bb0fc751eac757e45d94f80aa0a6e31a37d3355b,2026-09-04T16:27:33+00:00,13.0.1
210202,90016900,9,BAC-O-4312,0.0,6792234516446485b95f4111f3826eb5d0cc03b440890a98b71207f50eb5524a,308adcb65957ec472646a83b02ba7ddd6fa89225,25a68b5450f8a92990beb694bb0fc751eac757e45d94f80aa0a6e31a37d3355b,2026-09-04T16:27:33+00:00,13.0.1
210202,90016900,9,BAC-O-4325,9.379318158101823,6792234516446485b95f4111f3826eb5d0cc03b440890a98b71207f50eb5524a,308adcb65957ec472646a83b02ba7ddd6fa89225,25a68b5450f8a92990beb694bb0fc751eac757e45d94f80aa0a6e31a37d3355b,2026-09-04T16:27:33+00:00,13.0.1
210202,90016900,9,BAC-O-6423,0.0,6792234516446485b95f4111f3826eb5d0cc03b440890a98b71207f50eb5524a,308adcb65957ec472646a83b02ba7ddd6fa89225,25a68b5450f8a92990beb694bb0fc751eac757e45d94f80aa0a6e31a37d3355b,2026-09-04T16:27:33+00:00,13.0.1
210202,90016900,9,BAC-O-6433,0.0,6792234516446485b95f4111f3826eb5d0cc03b440890a98b71207f50eb5524a,308adcb65957ec472646a83b02ba7ddd6fa89225,25a68b5450f8a92990beb694bb0fc751eac757e45d94f80aa0a6e31a37d3355b,2026-09-04T16:27:33+00:00,13.0.1
210202,90016900,9,CON-S-0130,0.0,6792234516446485b95f4111f3826eb5d0cc03b440890a98b71207f50eb5524a,308adcb65957ec472646a83b02ba7ddd6fa89225,25a68b5450f8a92990beb694bb0fc751eac757e45d94f80aa0a6e31a37d3355b,2026-09-04T16:27:33+00:00,13.0.1
210202,90016900,9,SLI---0770,0.0,6792234516446485b95f4111f3826eb5d0cc03b440890a98b71207f50eb5524a,308adcb65957ec472646a83b02ba7ddd6fa89225,25a68b5450f8a92990beb694bb0fc751eac757e45d94f80aa0a6e31a37d3355b,2026-09-04T16:27:33+00:00,13.0.1
210202,90016900,9,SLI---1200,6.642267848469261,6792234516446485b95f4111f3826eb5d0cc03b440890a98b71207f50eb5524a,308adcb65957ec472646a83b02ba7ddd6fa89225,25a68b5450f8a92990beb694bb0fc751eac757e45d94f80aa0a6e31a37d3355b,2026-09-04T16:27:33+00:00,13.0.1
210202,90016900,10,BAC---1041,0.0,6792234516446485b95f4111f3826eb5d0cc03b440890a98b71207f50eb5524a,308adcb65957ec472646a83b02ba7ddd6fa89225,25a68b5450f8a92990beb694bb0fc751eac757e45d94f80aa0a6e31a37d3355b,2026-09-04T16:27:33+00:00,13.0.1
210202,90016900,10,BAC-O-4312,0.0,6792234516446485b95f4111f3826eb5d0cc03b440890a98b71207f50eb5524a,308adcb65957ec472646a83b02ba7ddd6fa89225,25a68b5450f8a92990beb694bb0fc751eac757e45d94f80aa0a6e31a37d3355b,2026-09-04T16:27:33+00:00,13.0.1
210202,90016900,10,BAC-O-4325,0.0,6792234516446485b95f4111f3826eb5d0cc03b440890a98b71207f50eb5524a,308adcb65957ec472646a83b02ba7ddd6fa89225,25a68b5450f8a92990beb694bb0fc751eac757e45d94f80aa0a6e31a37d3355b,2026-09-04T16:27:33+00:00,13.0.1
210202,90016900,10,BAC-O-6423,0.0,6792234516446485b95f4111f3826eb5d0cc03b440890a98b71207f50eb5524a,308adcb65957ec472646a83b02ba7ddd6fa89225,25a68b5450f8a92990beb694bb0fc751eac757e45d94f80aa0a6e31a37d3355b,2026-09-04T16:27:33+00:00,13.0.1
210202,90016900,10,BAC-O-6433,0.0,6792234516446485b95f4111f3826eb5d0cc03b440890a98b71207f50eb5524a,308adcb65957ec472646a83b02ba7ddd6fa89225,25a68b5450f8a92990beb694bb0fc751eac757e45d94f80aa0a6e31a37d3355b,2026-09-04T16:27:33+00:00,13.0.1
210202,90016900,10,CON-S-0130,0.4741957349289514,6792234516446485b95f4111f3826eb5d0cc03b440890a98b71207f50eb5524a,308adcb65957ec472646a83b02ba7ddd6fa89225,25a68b5450f8a92990beb694bb0fc751eac757e45d94f80aa0a6e31a37d3355b,2026-09-04T16:27:33+00:00,13.0.1
210202,90016900,10,SLI---0770,0.0,6792234516446485b95f4111f3826eb5d0cc03b440890a98b71207f50eb5524a,308adcb65957ec472646a83b02ba7ddd6fa89225,25a68b5450f8a92990beb694bb0fc751eac757e45d94f80aa0a6e31a37d3355b,2026-09-04T16:27:33+00:00,13.0.1
210202,90016900,10,SLI---1200,0.0,6792234516446485b95f4111f3826eb5d0cc03b440890a98b71207f50eb5524a,308adcb65957ec472646a83b02ba7ddd6fa89225,25a68b5450f8a92990beb694bb0fc751eac757e45d94f80aa0a6e31a37d3355b,2026-09-04T16:27:33+00:00,13.0.1
210202,90016900,11,BAC---1041,1.848293857178275,6792234516446485b95f4111f3826eb5d0cc03b440890a98b71207f50eb5524a,308adcb65957ec472646a83b02ba7ddd6fa89225,25a68b5450f8a92990beb694bb0fc751eac757e45d94f80aa0a6e31a37d3355b,2026-09-04T16:27:33+00:00,13.0.1
210202,90016900,11,BAC-O-4312,0.0,6792234516446485b95f4111f3826eb5d0cc03b440890a98b71207f50eb5524a,308adcb65957ec472646a83b02ba7ddd6fa89225,25a68b5450f8a92990beb694bb0fc751eac757e45d94f80aa0a6e31a37d3355b,2026-09-04T16:27:33+00:00,13.0.1
210202,90016900,11,BAC-O-4325,44.99500661288866,6792234516446485b95f4111f3826eb5d0cc03b440890a98b71207f50eb5524a,308adcb65957ec472646a83b02ba7ddd6fa89225,25a68b5450f8a92990beb694bb0fc751eac757e45d94f80aa0a6e31a37d3355b,2026-09-04T16:27:33+00:00,13.0.1
210202,90016900,11,BAC-O-6423,86.38827561698088,6792234516446485b95f4111f3826eb5d0cc03b440890a98b71207f50eb5524a,308adcb65957ec472646a83b02ba7ddd6fa89225,25a68b5450f8a92990beb694bb0fc751eac757e45d94f80aa0a6e31a37d3355b,2026-09-04T16:27:33+00:00,13.0.1
210202,90016900,11,BAC-O-6433,11.523957138792639,6792234516446485b95f4111f3826eb5d0cc03b440890a98b71207f50eb5524a,308adcb65957ec472646a83b02ba7ddd6fa89225,25a68b5450f8a92990beb694bb0fc751eac757e45d94f80aa0a6e31a37d3355b,2026-09-04T16:27:33+00:00,13.0.1
210202,90016900,11,CON-S-0130,31.642857142857142,6792234516446485b95f4111f3826eb5d0cc03b440890a98b71207f50eb5524a,308adcb65957ec472646a83b02ba7ddd6fa89225,25a68b5450f8a92990beb694bb0fc751eac757e45d94f80aa0a6e31a37d3355b,2026-09-04T16:27:33+00:00,13.0.1
210202,90016900,11,SLI---0770,15.124606849712436,6792234516446485b95f4111f3826eb5d0cc03b440890a98b71207f50eb5524a,308adcb65957ec472646a83b02ba7ddd6fa89225,25a68b5450f8a92990beb694bb0fc751eac757e45d94f80aa0a6e31a37d3355b,2026-09-04T16:27:33+00:00,13.0.1
210202,90016900,11,SLI---1200,15.714285714285714,6792234516446485b95f4111f3826eb5d0cc03b440890a98b71207f50eb5524a,308adcb65957ec472646a83b02ba7ddd6fa89225,25a68b5450f8a92990beb694bb0fc751eac757e45d94f80aa0a6e31a37d3355b,2026-09-04T16:27:33+00:00,13.0.1
210202,90016900,12,BAC---1041,2.0631214931320745,6792234516446485b95f4111f3826eb5d0cc03b440890a98b71207f50eb5524a,308adcb65957ec472646a83b02ba7ddd6fa89225,25a68b5450f8a92990beb694bb0fc751eac757e45d94f80aa0a6e31a37d3355b,2026-09-04T16:27:33+00:00,13.0.1
210202,90016900,12,BAC-O-4312,0.026699506156546454,6792234516446485b95f4111f3826eb5d0cc03b440890a98b71207f50eb5524a,308adcb65957ec472646a83b02ba7ddd6fa89225,25a68b5450f8a92990beb694bb0fc751eac757e45d94f80aa0a6e31a37d3355b,2026-09-04T16:27:33+00:00,13.0.1
210202,90016900,12,BAC-O-4325,135.67056580947224,6792234516446485b95f4111f3826eb5d0cc03b440890a98b71207f50eb5524a,308adcb65957ec472646a83b02ba7ddd6fa89225,25a68b5450f8a92990beb694bb0fc751eac757e45d94f80aa0a6e31a37d3355b,2026-09-04T16:27:33+00:00,13.0.1
210202,90016900,12,BAC-O-6423,72.18478190552801,6792234516446485b95f4111f3826eb5d0cc03b440890a98b71207f50eb5524a,308adcb65957ec472646a83b02ba7ddd6fa89225,25a68b5450f8a92990beb694bb0fc751eac757e45d94f80aa0a6e31a37d3355b,2026-09-04T16:27:33+00:00,13.0.1
210202,90016900,12,BAC-O-6433,200.7120519179204,6792234516446485b95f4111f3826eb5d0cc03b440890a98b71207f50eb5524a,308adcb65957ec472646a83b02ba7ddd6fa89225,25a68b5450f8a92990beb694bb0fc751eac757e45d94f80aa0a6e31a37d3355b,2026-09-04T16:27:33+00:00,13.0.1
210202,90016900,12,CON-S-0130,26.183430371227416,6792234516446485b95f4111f3826eb5d0cc03b440890a98b71207f50eb5524a,308adcb65957ec472646a83b02ba7ddd6fa89225,25a68b5450f8a92990beb694bb0fc751eac757e45d94f80aa0a6e31a37d3355b,2026-09-04T16:27:33+00:00,13.0.1
210202,90016900,12,SLI---0770,173.5498245169709,6792234516446485b95f4111f3826eb5d0cc03b440890a98b71207f50eb5524a,308adcb65957ec472646a83b02ba7ddd6fa89225,25a68b5450f8a92990beb694bb0fc751eac757e45d94f80aa0a6e31a37d3355b,2026-09-04T16:27:33+00:00,13.0.1
210202,90016900,12,SLI---1200,10.788066663487783,6792234516446485b95f4111f3826eb5d0cc03b440890a98b71207f50eb5524a,308adcb65957ec472646a83b02ba7ddd6fa89225,25a68b5450f8a92990beb694bb0fc751eac757e45d94f80aa0a6e31a37d3355b,2026-09-04T16:27:33+00:00,13.0.1
210202,90017100,1,BAC---1041,0.0,6792234516446485b95f4111f3826eb5d0cc03b440890a98b71207f50eb5524a,308adcb65957ec472646a83b02ba7ddd6fa89225,25a68b5450f8a92990beb694bb0fc751eac757e45d94f80aa0a6e31a37d3355b,2026-09-04T16:27:33+00:00,13.0.1
210202,90017100,1,BAC-O-4312,0.0,6792234516446485b95f4111f3826eb5d0cc03b440890a98b71207f50eb5524a,308adcb65957ec472646a83b02ba7ddd6fa89225,25a68b5450f8a92990beb694bb0fc751eac757e45d94f80aa0a6e31a37d3355b,2026-09-04T16:27:33+00:00,13.0.1
210202,90017100,1,BAC-O-4325,0.0,6792234516446485b95f4111f3826eb5d0cc03b440890a98b71207f50eb5524a,308adcb65957ec472646a83b02ba7ddd6fa89225,25a68b5450f8a92990beb694bb0fc751eac757e45d94f80aa0a6e31a37d3355b,2026-09-04T16:27:33+00:00,13.0.1
210202,90017100,1,BAC-O-6423,0.0,6792234516446485b95f4111f3826eb5d0cc03b440890a98b71207f50eb5524a,308adcb65957ec472646a83b02ba7ddd6fa89225,25a68b5450f8a92990beb694bb0fc751eac757e45d94f80aa0a6e31a37d3355b,2026-09-04T16:27:33+00:00,13.0.1
210202,90017100,1,BAC-O-6433,0.0,6792234516446485b95f4111f3826eb5d0cc03b440890a98b71207f50eb5524a,308adcb65957ec472646a83b02ba7ddd6fa89225,25a68b5450f8a92990beb694bb0fc751eac757e45d94f80aa0a6e31a37d3355b,2026-09-04T16:27:33+00:00,13.0.1
210202,90017100,1,CON-S-0130,0.0,6792234516446485b95f4111f3826eb5d0cc03b440890a98b71207f50eb5524a,308adcb65957ec472646a83b02ba7ddd6fa89225,25a68b5450f8a92990beb694bb0fc751eac757e45d94f80aa0a6e31a37d3355b,2026-09-04T16:27:33+00:00,13.0.1
210202,90017100,1,SLI---0770,0.0,6792234516446485b95f4111f3826eb5d0cc03b440890a98b71207f50eb5524a,308adcb65957ec472646a83b02ba7ddd6fa89225,25a68b5450f8a92990beb694bb0fc751eac757e45d94f80aa0a6e31a37d3355b,2026-09-04T16:27:33+00:00,13.0.1
210202,90017100,1,SLI---1200,0.0,6792234516446485b95f4111f3826eb5d0cc03b440890a98b71207f50eb5524a,308adcb65957ec472646a83b02ba7ddd6fa89225,25a68b5450f8a92990beb694bb0fc751eac757e45d94f80aa0a6e31a37d3355b,2026-09-04T16:27:33+00:00,13.0.1
210202,90017100,2,BAC---1041,0.0,6792234516446485b95f4111f3826eb5d0cc03b440890a98b71207f50eb5524a,308adcb65957ec472646a83b02ba7ddd6fa89225,25a68b5450f8a92990beb694bb0fc751eac757e45d94f80aa0a6e31a37d3355b,2026-09-04T16:27:33+00:00,13.0.1
210202,90017100,2,BAC-O-4312,0.0,6792234516446485b95f4111f3826eb5d0cc03b440890a98b71207f50eb5524a,308adcb65957ec472646a83b02ba7ddd6fa89225,25a68b5450f8a92990beb694bb0fc751eac757e45d94f80aa0a6e31a37d3355b,2026-09-04T16:27:33+00:00,13.0.1
210202,90017100,2,BAC-O-4325,0.0,6792234516446485b95f4111f3826eb5d0cc03b440890a98b71207f50eb5524a,308adcb65957ec472646a83b02ba7ddd6fa89225,25a68b5450f8a92990beb694bb0fc751eac757e45d94f80aa0a6e31a37d3355b,2026-09-04T16:27:33+00:00,13.0.1
210202,90017100,2,BAC-O-6423,0.0,6792234516446485b95f4111f3826eb5d0cc03b440890a98b71207f50eb5524a,308adcb65957ec472646a83b02ba7ddd6fa89225,25a68b5450f8a92990beb694bb0fc751eac757e45d94f80aa0a6e31a37d3355b,2026-09-04T16:27:33+00:00,13.0.1
210202,90017100,2,BAC-O-6433,0.0,6792234516446485b95f4111f3826eb5d0cc03b440890a98b71207f50eb5524a,308adcb65957ec472646a83b02ba7ddd6fa89225,25a68b5450f8a92990beb694bb0fc751eac757e45d94f80aa0a6e31a37d3355b,2026-09-04T16:27:33+00:00,13.0.1
210202,90017100,2,CON-S-0130,0.0,6792234516446485b95f4111f3826eb5d0cc03b440890a98b71207f50eb5524a,308adcb65957ec472646a83b02ba7ddd6fa89225,25a68b5450f8a92990beb694bb0fc751eac757e45d94f80aa0a6e31a37d3355b,2026-09-04T16:27:33+00:00,13.0.1
210202,90017100,2,SLI---0770,0.0,6792234516446485b95f4111f3826eb5d0cc03b440890a98b71207f50eb5524a,308adcb65957ec472646a83b02ba7ddd6fa89225,25a68b5450f8a92990beb694bb0fc751eac757e45d94f80aa0a6e31a37d3355b,2026-09-04T16:27:33+00:00,13.0.1
210202,90017100,2,SLI---1200,0.0,6792234516446485b95f4111f3826eb5d0cc03b440890a98b71207f50eb5524a,308adcb65957ec472646a83b02ba7ddd6fa89225,25a68b5450f8a92990beb694bb0fc751eac757e45d94f80aa0a6e31a37d3355b,2026-09-04T16:27:33+00:00,13.0.1
210202,90017100,3,BAC---1041,0.0,6792234516446485b95f4111f3826eb5d0cc03b440890a98b71207f50eb5524a,308adcb65957ec472646a83b02ba7ddd6fa89225,25a68b5450f8a92990beb694bb0fc751eac757e45d94f80aa0a6e31a37d3355b,2026-09-04T16:27:33+00:00,13.0.1
210202,90017100,3,BAC-O-4312,0.0,6792234516446485b95f4111f3826eb5d0cc03b440890a98b71207f50eb5524a,308adcb65957ec472646a83b02ba7ddd6fa89225,25a68b5450f8a92990beb694bb0fc751eac757e45d94f80aa0a6e31a37d3355b,2026-09-04T16:27:33+00:00,13.0.1
210202,90017100,3,BAC-O-4325,0.0,6792234516446485b95f4111f3826eb5d0cc03b440890a98b71207f50eb5524a,308adcb65957ec472646a83b02ba7ddd6fa89225,25a68b5450f8a92990beb694bb0fc751eac757e45d94f80aa0a6e31a37d3355b,2026-09-04T16:27:33+00:00,13.0.1
210202,90017100,3,BAC-O-6423,0.0,6792234516446485b95f4111f3826eb5d0cc03b440890a98b71207f50eb5524a,308adcb65957ec472646a83b02ba7ddd6fa89225,25a68b5450f8a92990beb694bb0fc751eac757e45d94f80aa0a6e31a37d3355b,2026-09-04T16:27:33+00:00,13.0.1
210202,90017100,3,BAC-O-6433,0.0,6792234516446485b95f4111f3826eb5d0cc03b440890a98b71207f50eb5524a,308adcb65957ec472646a83b02ba7ddd6fa89225,25a68b5450f8a92990beb694bb0fc751eac757e45d94f80aa0a6e31a37d3355b,2026-09-04T16:27:33+00:00,13.0.1
210202,90017100,3,CON-S-0130,0.0,6792234516446485b95f4111f3826eb5d0cc03b440890a98b71207f50eb5524a,308adcb65957ec472646a83b02ba7ddd6fa89225,25a68b5450f8a92990beb694bb0fc751eac757e45d94f80aa0a6e31a37d3355b,2026-09-04T16:27:33+00:00,13.0.1
210202,90017100,3,SLI---0770,0.0,6792234516446485b95f4111f3826eb5d0cc03b440890a98b71207f50eb5524a,308adcb65957ec472646a83b02ba7ddd6fa89225,25a68b5450f8a92990beb694bb0fc751eac757e45d94f80aa0a6e31a37d3355b,2026-09-04T16:27:33+00:00,13.0.1
210202,90017100,3,SLI---1200,0.0,6792234516446485b95f4111f3826eb5d0cc03b440890a98b71207f50eb5524a,308adcb65957ec472646a83b02ba7ddd6fa89225,25a68b5450f8a92990beb694bb0fc751eac757e45d94f80aa0a6e31a37d3355b,2026-09-04T16:27:33+00:00,13.0.1
210202,90017100,4,BAC---1041,1.4285714285714286,6792234516446485b95f4111f3826eb5d0cc03b440890a98b71207f50eb5524a,308adcb65957ec472646a83b02ba7ddd6fa89225,25a68b5450f8a92990beb694bb0fc751eac757e45d94f80aa0a6e31a37d3355b,2026-09-04T16:27:33+00:00,13.0.1
210202,90017100,4,BAC-O-4312,6.357142857142857,6792234516446485b95f4111f3826eb5d0cc03b440890a98b71207f50eb5524a,308adcb65957ec472646a83b02ba7ddd6fa89225,25a68b5450f8a92990beb694bb0fc751eac757e45d94f80aa0a6e31a37d3355b,2026-09-04T16:27:33+00:00,13.0.1
210202,90017100,4,BAC-O-4325,17.357142857142858,6792234516446485b95f4111f3826eb5d0cc03b440890a98b71207f50eb5524a,308adcb65957ec472646a83b02ba7ddd6fa89225,25a68b5450f8a92990beb694bb0fc751eac757e45d94f80aa0a6e31a37d3355b,2026-09-04T16:27:33+00:00,13.0.1
210202,90017100,4,BAC-O-6423,9.071428571428571,6792234516446485b95f4111f3826eb5d0cc03b440890a98b71207f50eb5524a,308adcb65957ec472646a83b02ba7ddd6fa89225,25a68b5450f8a92990beb694bb0fc751eac757e45d94f80aa0a6e31a37d3355b,2026-09-04T16:27:33+00:00,13.0.1
210202,90017100,4,BAC-O-6433,1.0,6792234516446485b95f4111f3826eb5d0cc03b440890a98b71207f50eb5524a,308adcb65957ec472646a83b02ba7ddd6fa89225,25a68b5450f8a92990beb694bb0fc751eac757e45d94f80aa0a6e31a37d3355b,2026-09-04T16:27:33+00:00,13.0.1
210202,90017100,4,CON-S-0130,12.5,6792234516446485b95f4111f3826eb5d0cc03b440890a98b71207f50eb5524a,308adcb65957ec472646a83b02ba7ddd6fa89225,25a68b5450f8a92990beb694bb0fc751eac757e45d94f80aa0a6e31a37d3355b,2026-09-04T16:27:33+00:00,13.0.1
210202,90017100,4,SLI---0770,7.642857142857143,6792234516446485b95f4111f3826eb5d0cc03b440890a98b71207f50eb5524a,308adcb65957ec472646a83b02ba7ddd6fa89225,25a68b5450f8a92990beb694bb0fc751eac757e45d94f80aa0a6e31a37d3355b,2026-09-04T16:27:33+00:00,13.0.1
210202,90017100,4,SLI---1200,7.928571428571429,6792234516446485b95f4111f3826eb5d0cc03b440890a98b71207f50eb5524a,308adcb65957ec472646a83b02ba7ddd6fa89225,25a68b5450f8a92990beb694bb0fc751eac757e45d94f80aa0a6e31a37d3355b,2026-09-04T16:27:33+00:00,13.0.1
210202,90017100,5,BAC---1041,0.0,6792234516446485b95f4111f3826eb5d0cc03b440890a98b71207f50eb5524a,308adcb65957ec472646a83b02ba7ddd6fa89225,25a68b5450f8a92990beb694bb0fc751eac757e45d94f80aa0a6e31a37d3355b,2026-09-04T16:27:33+00:00,13.0.1
210202,90017100,5,BAC-O-4312,11.142857142857142,6792234516446485b95f4111f3826eb5d0cc03b440890a98b71207f50eb5524a,308adcb65957ec472646a83b02ba7ddd6fa89225,25a68b5450f8a92990beb694bb0fc751eac757e45d94f80aa0a6e31a37d3355b,2026-09-04T16:27:33+00:00,13.0.1
210202,90017100,5,BAC-O-4325,96.92857142857143,6792234516446485b95f4111f3826eb5d0cc03b440890a98b71207f50eb5524a,308adcb65957ec472646a83b02ba7ddd6fa89225,25a68b5450f8a92990beb694bb0fc751eac757e45d94f80aa0a6e31a37d3355b,2026-09-04T16:27:33+00:00,13.0.1
210202,90017100,5,BAC-O-6423,85.42857142857143,6792234516446485b95f4111f3826eb5d0cc03b440890a98b71207f50eb5524a,308adcb65957ec472646a83b02ba7ddd6fa89225,25a68b5450f8a92990beb694bb0fc751eac757e45d94f80aa0a6e31a37d3355b,2026-09-04T16:27:33+00:00,13.0.1
210202,90017100,5,BAC-O-6433,95.71428571428571,6792234516446485b95f4111f3826eb5d0cc03b440890a98b71207f50eb5524a,308adcb65957ec472646a83b02ba7ddd6fa89225,25a68b5450f8a92990beb694bb0fc751eac757e45d94f80aa0a6e31a37d3355b,2026-09-04T16:27:33+00:00,13.0.1
210202,90017100,5,CON-S-0130,90.35714285714286,6792234516446485b95f4111f3826eb5d0cc03b440890a98b71207f50eb5524a,308adcb65957ec472646a83b02ba7ddd6fa89225,25a68b5450f8a92990beb694bb0fc751eac757e45d94f80aa0a6e31a37d3355b,2026-09-04T16:27:33+00:00,13.0.1
210202,90017100,5,SLI---0770,47.285714285714285,6792234516446485b95f4111f3826eb5d0cc03b440890a98b71207f50eb5524a,308adcb65957ec472646a83b02ba7ddd6fa89225,25a68b5450f8a92990beb694bb0fc751eac757e45d94f80aa0a6e31a37d3355b,2026-09-04T16:27:33+00:00,13.0.1
210202,90017100,5,SLI---1200,21.571428571428573,6792234516446485b95f4111f3826eb5d0cc03b440890a98b71207f50eb5524a,308adcb65957ec472646a83b02ba7ddd6fa89225,25a68b5450f8a92990beb694bb0fc751eac757e45d94f80aa0a6e31a37d3355b,2026-09-04T16:27:33+00:00,13.0.1
210202,90017100,6,BAC---1041,0.46346071069723926,6792234516446485b95f4111f3826eb5d0cc03b440890a98b71207f50eb5524a,308adcb65957ec472646a83b02ba7ddd6fa89225,25a68b5450f8a92990beb694bb0fc751eac757e45d94f80aa0a6e31a37d3355b,2026-09-04T16:27:33+00:00,13.0.1
210202,90017100,6,BAC-O-4312,0.0,6792234516446485b95f4111f3826eb5d0cc03b440890a98b71207f50eb5524a,308adcb65957ec472646a83b02ba7ddd6fa89225,25a68b5450f8a92990beb694bb0fc751eac757e45d94f80aa0a6e31a37d3355b,2026-09-04T16:27:33+00:00,13.0.1
210202,90017100,6,BAC-O-4325,0.9352703338083614,6792234516446485b95f4111f3826eb5d0cc03b440890a98b71207f50eb5524a,308adcb65957ec472646a83b02ba7ddd6fa89225,25a68b5450f8a92990beb694bb0fc751eac757e45d94f80aa0a6e31a37d3355b,2026-09-04T16:27:33+00:00,13.0.1
210202,90017100,6,BAC-O-6423,11.893128221369963,6792234516446485b95f4111f3826eb5d0cc03b440890a98b71207f50eb5524a,308adcb65957ec472646a83b02ba7ddd6fa89225,25a68b5450f8a92990beb694bb0fc751eac757e45d94f80aa0a6e31a37d3355b,2026-09-04T16:27:33+00:00,13.0.1
210202,90017100,6,BAC-O-6433,0.846437586118455,6792234516446485b95f4111f3826eb5d0cc03b440890a98b71207f50eb5524a,308adcb65957ec472646a83b02ba7ddd6fa89225,25a68b5450f8a92990beb694bb0fc751eac757e45d94f80aa0a6e31a37d3355b,2026-09-04T16:27:33+00:00,13.0.1
210202,90017100,6,CON-S-0130,0.0,6792234516446485b95f4111f3826eb5d0cc03b440890a98b71207f50eb5524a,308adcb65957ec472646a83b02ba7ddd6fa89225,25a68b5450f8a92990beb694bb0fc751eac757e45d94f80aa0a6e31a37d3355b,2026-09-04T16:27:33+00:00,13.0.1
210202,90017100,6,SLI---0770,17.962944435074036,6792234516446485b95f4111f3826eb5d0cc03b440890a98b71207f50eb5524a,308adcb65957ec472646a83b02ba7ddd6fa89225,25a68b5450f8a92990beb694bb0fc751eac757e45d94f80aa0a6e31a37d3355b,2026-09-04T16:27:33+00:00,13.0.1
210202,90017100,6,SLI---1200,0.0,6792234516446485b95f4111f3826eb5d0cc03b440890a98b71207f50eb5524a,308adcb65957ec472646a83b02ba7ddd6fa89225,25a68b5450f8a92990beb694bb0fc751eac757e45d94f80aa0a6e31a37d3355b,2026-09-04T16:27:33+00:00,13.0.1
210202,90017100,7,BAC---1041,3.5477497495185375,6792234516446485b95f4111f3826eb5d0cc03b440890a98b71207f50eb5524a,308adcb65957ec472646a83b02ba7ddd6fa89225,25a68b5450f8a92990beb694bb0fc751eac757e45d94f80aa0a6e31a37d3355b,2026-09-04T16:27:33+00:00,13.0.1
210202,90017100,7,BAC-O-4312,28.142857142857142,6792234516446485b95f4111f3826eb5d0cc03b440890a98b71207f50eb5524a,308adcb65957ec472646a83b02ba7ddd6fa89225,25a68b5450f8a92990beb694bb0fc751eac757e45d94f80aa0a6e31a37d3355b,2026-09-04T16:27:33+00:00,13.0.1
210202,90017100,7,BAC-O-4325,15.834658705552147,6792234516446485b95f4111f3826eb5d0cc03b440890a98b71207f50eb5524a,308adcb65957ec472646a83b02ba7ddd6fa89225,25a68b5450f8a92990beb694bb0fc751eac757e45d94f80aa0a6e31a37d3355b,2026-09-04T16:27:33+00:00,13.0.1
210202,90017100,7,BAC-O-6423,27.419976338382853,6792234516446485b95f4111f3826eb5d0cc03b440890a98b71207f50eb5524a,308adcb65957ec472646a83b02ba7ddd6fa89225,25a68b5450f8a92990beb694bb0fc751eac757e45d94f80aa0a6e31a37d3355b,2026-09-04T16:27:33+00:00,13.0.1
210202,90017100,7,BAC-O-6433,0.0,6792234516446485b95f4111f3826eb5d0cc03b440890a98b71207f50eb5524a,308adcb65957ec472646a83b02ba7ddd6fa89225,25a68b5450f8a92990beb694bb0fc751eac757e45d94f80aa0a6e31a37d3355b,2026-09-04T16:27:33+00:00,13.0.1
210202,90017100,7,CON-S-0130,102.71428571428571,6792234516446485b95f4111f3826eb5d0cc03b440890a98b71207f50eb5524a,308adcb65957ec472646a83b02ba7ddd6fa89225,25a68b5450f8a92990beb694bb0fc751eac757e45d94f80aa0a6e31a37d3355b,2026-09-04T16:27:33+00:00,13.0.1
210202,90017100,7,SLI---0770,41.39415278651364,6792234516446485b95f4111f3826eb5d0cc03b440890a98b71207f50eb5524a,308adcb65957ec472646a83b02ba7ddd6fa89225,25a68b5450f8a92990beb694bb0fc751eac757e45d94f80aa0a6e31a37d3355b,2026-09-04T16:27:33+00:00,13.0.1
210202,90017100,7,SLI---1200,27.93950759809262,6792234516446485b95f4111f3826eb5d0cc03b440890a98b71207f50eb5524a,308adcb65957ec472646a83b02ba7ddd6fa89225,25a68b5450f8a92990beb694bb0fc751eac757e45d94f80aa0a6e31a37d3355b,2026-09-04T16:27:33+00:00,13.0.1
210202,90017100,8,BAC---1041,13.070942405483827,6792234516446485b95f4111f3826eb5d0cc03b440890a98b71207f50eb5524a,308adcb65957ec472646a83b02ba7ddd6fa89225,25a68b5450f8a92990beb694bb0fc751eac757e45d94f80aa0a6e31a37d3355b,2026-09-04T16:27:33+00:00,13.0.1
210202,90017100,8,BAC-O-4312,12.507902302800133,6792234516446485b95f4111f3826eb5d0cc03b440890a98b71207f50eb5524a,308adcb65957ec472646a83b02ba7ddd6fa89225,25a68b5450f8a92990beb694bb0fc751eac757e45d94f80aa0a6e31a37d3355b,2026-09-04T16:27:33+00:00,13.0.1
210202,90017100,8,BAC-O-4325,0.0,6792234516446485b95f4111f3826eb5d0cc03b440890a98b71207f50eb5524a,308adcb65957ec472646a83b02ba7ddd6fa89225,25a68b5450f8a92990beb694bb0fc751eac757e45d94f80aa0a6e31a37d3355b,2026-09-04T16:27:33+00:00,13.0.1
210202,90017100,8,BAC-O-6423,0.0,6792234516446485b95f4111f3826eb5d0cc03b440890a98b71207f50eb5524a,308adcb65957ec472646a83b02ba7ddd6fa89225,25a68b5450f8a92990beb694bb0fc751eac757e45d94f80aa0a6e31a37d3355b,2026-09-04T16:27:33+00:00,13.0.1
210202,90017100,8,BAC-O-6433,30.959957831630277,6792234516446485b95f4111f3826eb5d0cc03b440890a98b71207f50eb5524a,308adcb65957ec472646a83b02ba7ddd6fa89225,25a68b5450f8a92990beb694bb0fc751eac757e45d94f80aa0a6e31a37d3355b,2026-09-04T16:27:33+00:00,13.0.1
210202,90017100,8,CON-S-0130,23.704687207895844,6792234516446485b95f4111f3826eb5d0cc03b440890a98b71207f50eb5524a,308adcb65957ec472646a83b02ba7ddd6fa89225,25a68b5450f8a92990beb694bb0fc751eac757e45d94f80aa0a6e31a37d3355b,2026-09-04T16:27:33+00:00,13.0.1
210202,90017100,8,SLI---0770,0.0,6792234516446485b95f4111f3826eb5d0cc03b440890a98b71207f50eb5524a,308adcb65957ec472646a83b02ba7ddd6fa89225,25a68b5450f8a92990beb694bb0fc751eac757e45d94f80aa0a6e31a37d3355b,2026-09-04T16:27:33+00:00,13.0.1
210202,90017100,8,SLI---1200,6.186235243443349,6792234516446485b95f4111f3826eb5d0cc03b440890a98b71207f50eb5524a,308adcb65957ec472646a83b02ba7ddd6fa89225,25a68b5450f8a92990beb694bb0fc751eac757e45d94f80aa0a6e31a37d3355b,2026-09-04T16:27:33+00:00,13.0.1
210202,90017100,9,BAC---1041,0.0,6792234516446485b95f4111f3826eb5d0cc03b440890a98b71207f50eb5524a,308adcb65957ec472646a83b02ba7ddd6fa89225,25a68b5450f8a92990beb694bb0fc751eac757e45d94f80aa0a6e31a37d3355b,2026-09-04T16:27:33+00:00,13.0.1
210202,90017100,9,BAC-O-4312,0.0,6792234516446485b95f4111f3826eb5d0cc03b440890a98b71207f50eb5524a,308adcb65957ec472646a83b02ba7ddd6fa89225,25a68b5450f8a92990beb694bb0fc751eac757e45d94f80aa0a6e31a37d3355b,2026-09-04T16:27:33+00:00,13.0.1
210202,90017100,9,BAC-O-4325,0.0,6792234516446485b95f4111f3826eb5d0cc03b440890a98b71207f50eb5524a,308adcb65957ec472646a83b02ba7ddd6fa89225,25a68b5450f8a92990beb694bb0fc751eac757e45d94f80aa0a6e31a37d3355b,2026-09-04T16:27:33+00:00,13.0.1
210202,90017100,9,BAC-O-6423,0.0,6792234516446485b95f4111f3826eb5d0cc03b440890a98b71207f50eb5524a,308adcb65957ec472646a83b02ba7ddd6fa89225,25a68b5450f8a92990beb694bb0fc751eac757e45d94f80aa0a6e31a37d3355b,2026-09-04T16:27:33+00:00,13.0.1
210202,90017100,9,BAC-O-6433,0.0,6792234516446485b95f4111f3826eb5d0cc03b440890a98b71207f50eb5524a,308adcb65957ec472646a83b02ba7ddd6fa89225,25a68b5450f8a92990beb694bb0fc751eac757e45d94f80aa0a6e31a37d3355b,2026-09-04T16:27:33+00:00,13.0.1
210202,90017100,9,CON-S-0130,3.3932273747622546,6792234516446485b95f4111f3826eb5d0cc03b440890a98b71207f50eb5524a,308adcb65957ec472646a83b02ba7ddd6fa89225,25a68b5450f8a92990beb694bb0fc751eac757e45d94f80aa0a6e31a37d3355b,2026-09-04T16:27:33+00:00,13.0.1
210202,90017100,9,SLI---0770,0.0,6792234516446485b95f4111f3826eb5d0cc03b440890a98b71207f50eb5524a,308adcb65957ec472646a83b02ba7ddd6fa89225,25a68b5450f8a92990beb694bb0fc751eac757e45d94f80aa0a6e31a37d3355b,2026-09-04T16:27:33+00:00,13.0.1
210202,90017100,9,SLI---1200,2.686224381557574,6792234516446485b95f4111f3826eb5d0cc03b440890a98b71207f50eb5524a,308adcb65957ec472646a83b02ba7ddd6fa89225,25a68b5450f8a92990beb694bb0fc751eac757e45d94f80aa0a6e31a37d3355b,2026-09-04T16:27:33+00:00,13.0.1
210202,90017100,10,BAC---1041,0.0,6792234516446485b95f4111f3826eb5d0cc03b440890a98b71207f50eb5524a,308adcb65957ec472646a83b02ba7ddd6fa89225,25a68b5450f8a92990beb694bb0fc751eac757e45d94f80aa0a6e31a37d3355b,2026-09-04T16:27:33+00:00,13.0.1
210202,90017100,10,BAC-O-4312,0.0,6792234516446485b95f4111f3826eb5d0cc03b440890a98b71207f50eb5524a,308adcb65957ec472646a83b02ba7ddd6fa89225,25a68b5450f8a92990beb694bb0fc751eac757e45d94f80aa0a6e31a37d3355b,2026-09-04T16:27:33+00:00,13.0.1
210202,90017100,10,BAC-O-4325,0.0,6792234516446485b95f4111f3826eb5d0cc03b440890a98b71207f50eb5524a,308adcb65957ec472646a83b02ba7ddd6fa89225,25a68b5450f8a92990beb694bb0fc751eac757e45d94f80aa0a6e31a37d3355b,2026-09-04T16:27:33+00:00,13.0.1
210202,90017100,10,BAC-O-6423,0.0,6792234516446485b95f4111f3826eb5d0cc03b440890a98b71207f50eb5524a,308adcb65957ec472646a83b02ba7ddd6fa89225,25a68b5450f8a92990beb694bb0fc751eac757e45d94f80aa0a6e31a37d3355b,2026-09-04T16:27:33+00:00,13.0.1
210202,90017100,10,BAC-O-6433,0.0,6792234516446485b95f4111f3826eb5d0cc03b440890a98b71207f50eb5524a,308adcb65957ec472646a83b02ba7ddd6fa89225,25a68b5450f8a92990beb694bb0fc751eac757e45d94f80aa0a6e31a37d3355b,2026-09-04T16:27:33+00:00,13.0.1
210202,90017100,10,CON-S-0130,0.0,6792234516446485b95f4111f3826eb5d0cc03b440890a98b71207f50eb5524a,308adcb65957ec472646a83b02ba7ddd6fa89225,25a68b5450f8a92990beb694bb0fc751eac757e45d94f80aa0a6e31a37d3355b,2026-09-04T16:27:33+00:00,13.0.1
210202,90017100,10,SLI---0770,0.0,6792234516446485b95f4111f3826eb5d0cc03b440890a98b71207f50eb5524a,308adcb65957ec472646a83b02ba7ddd6fa89225,25a68b5450f8a92990beb694bb0fc751eac757e45d94f80aa0a6e31a37d3355b,2026-09-04T16:27:33+00:00,13.0.1
210202,90017100,10,SLI---1200,0.0,6792234516446485b95f4111f3826eb5d0cc03b440890a98b71207f50eb5524a,308adcb65957ec472646a83b02ba7ddd6fa89225,25a68b5450f8a92990beb694bb0fc751eac757e45d94f80aa0a6e31a37d3355b,2026-09-04T16:27:33+00:00,13.0.1
210202,90017100,11,BAC---1041,0.0,6792234516446485b95f4111f3826eb5d0cc03b440890a98b71207f50eb5524a,308adcb65957ec472646a83b02ba7ddd6fa89225,25a68b5450f8a92990beb694bb0fc751eac757e45d94f80aa0a6e31a37d3355b,2026-09-04T16:27:33+00:00,13.0.1
210202,90017100,11,BAC-O-4312,0.0,6792234516446485b95f4111f3826eb5d0cc03b440890a98b71207f50eb5524a,308adcb65957ec472646a83b02ba7ddd6fa89225,25a68b5450f8a92990beb694bb0fc751eac757e45d94f80aa0a6e31a37d3355b,2026-09-04T16:27:33+00:00,13.0.1
210202,90017100,11,BAC-O-4325,0.0,6792234516446485b95f4111f3826eb5d0cc03b440890a98b71207f50eb5524a,308adcb65957ec472646a83b02ba7ddd6fa89225,25a68b5450f8a92990beb694bb0fc751eac757e45d94f80aa0a6e31a37d3355b,2026-09-04T16:27:33+00:00,13.0.1
210202,90017100,11,BAC-O-6423,0.0,6792234516446485b95f4111f3826eb5d0cc03b440890a98b71207f50eb5524a,308adcb65957ec472646a83b02ba7ddd6fa89225,25a68b5450f8a92990beb694bb0fc751eac757e45d94f80aa0a6e31a37d3355b,2026-09-04T16:27:33+00:00,13.0.1
210202,90017100,11,BAC-O-6433,0.0,6792234516446485b95f4111f3826eb5d0cc03b440890a98b71207f50eb5524a,308adcb65957ec472646a83b02ba7ddd6fa89225,25a68b5450f8a92990beb694bb0fc751eac757e45d94f80aa0a6e31a37d3355b,2026-09-04T16:27:33+00:00,13.0.1
210202,90017100,11,CON-S-0130,0.0,6792234516446485b95f4111f3826eb5d0cc03b440890a98b71207f50eb5524a,308adcb65957ec472646a83b02ba7ddd6fa89225,25a68b5450f8a92990beb694bb0fc751eac757e45d94f80aa0a6e31a37d3355b,2026-09-04T16:27:33+00:00,13.0.1
210202,90017100,11,SLI---0770,0.0,6792234516446485b95f4111f3826eb5d0cc03b440890a98b71207f50eb5524a,308adcb65957ec472646a83b02ba7ddd6fa89225,25a68b5450f8a92990beb694bb0fc751eac757e45d94f80aa0a6e31a37d3355b,2026-09-04T16:27:33+00:00,13.0.1
210202,90017100,11,SLI---1200,0.0,6792234516446485b95f4111f3826eb5d0cc03b440890a98b71207f50eb5524a,308adcb65957ec472646a83b02ba7ddd6fa89225,25a68b5450f8a92990beb694bb0fc751eac757e45d94f80aa0a6e31a37d3355b,2026-09-04T16:27:33+00:00,13.0.1
210202,90017100,12,BAC---1041,0.0,6792234516446485b95f4111f3826eb5d0cc03b440890a98b71207f50eb5524a,308adcb65957ec472646a83b02ba7ddd6fa89225,25a68b5450f8a92990beb694bb0fc751eac757e45d94f80aa0a6e31a37d3355b,2026-09-04T16:27:33+00:00,13.0.1
210202,90017100,12,BAC-O-4312,0.0,6792234516446485b95f4111f3826eb5d0cc03b440890a98b71207f50eb5524a,308adcb65957ec472646a83b02ba7ddd6fa89225,25a68b5450f8a92990beb694bb0fc751eac757e45d94f80aa0a6e31a37d3355b,2026-09-04T16:27:33+00:00,13.0.1
210202,90017100,12,BAC-O-4325,0.0,6792234516446485b95f4111f3826eb5d0cc03b440890a98b71207f50eb5524a,308adcb65957ec472646a83b02ba7ddd6fa89225,25a68b5450f8a92990beb694bb0fc751eac757e45d94f80aa0a6e31a37d3355b,2026-09-04T16:27:33+00:00,13.0.1
210202,90017100,12,BAC-O-6423,0.0,6792234516446485b95f4111f3826eb5d0cc03b440890a98b71207f50eb5524a,308adcb65957ec472646a83b02ba7ddd6fa89225,25a68b5450f8a92990beb694bb0fc751eac757e45d94f80aa0a6e31a37d3355b,2026-09-04T16:27:33+00:00,13.0.1
210202,90017100,12,BAC-O-6433,0.0,6792234516446485b95f4111f3826eb5d0cc03b440890a98b71207f50eb5524a,308adcb65957ec472646a83b02ba7ddd6fa89225,25a68b5450f8a92990beb694bb0fc751eac757e45d94f80aa0a6e31a37d3355b,2026-09-04T16:27:33+00:00,13.0.1
210202,90017100,12,CON-S-0130,0.0,6792234516446485b95f4111f3826eb5d0cc03b440890a98b71207f50eb5524a,308adcb65957ec472646a83b02ba7ddd6fa89225,25a68b5450f8a92990beb694bb0fc751eac757e45d94f80aa0a6e31a37d3355b,2026-09-04T16:27:33+00:00,13.0.1
210202,90017100,12,SLI---0770,0.0,6792234516446485b95f4111f3826eb5d0cc03b440890a98b71207f50eb5524a,308adcb65957ec472646a83b02ba7ddd6fa89225,25a68b5450f8a92990beb694bb0fc751eac757e45d94f80aa0a6e31a37d3355b,2026-09-04T16:27:33+00:00,13.0.1
210202,90017100,12,SLI---1200,0.0,6792234516446485b95f4111f3826eb5d0cc03b440890a98b71207f50eb5524a,308adcb65957ec472646a83b02ba7ddd6fa89225,25a68b5450f8a92990beb694bb0fc751eac757e45d94f80aa0a6e31a37d3355b,2026-09-04T16:27:33+00:00,13.0.1
210202,90018300,1,BAC---1041,0.0,6792234516446485b95f4111f3826eb5d0cc03b440890a98b71207f50eb5524a,308adcb65957ec472646a83b02ba7ddd6fa89225,25a68b5450f8a92990beb694bb0fc751eac757e45d94f80aa0a6e31a37d3355b,2026-09-04T16:27:33+00:00,13.0.1
210202,90018300,1,BAC-O-4312,0.0,6792234516446485b95f4111f3826eb5d0cc03b440890a98b71207f50eb5524a,308adcb65957ec472646a83b02ba7ddd6fa89225,25a68b5450f8a92990beb694bb0fc751eac757e45d94f80aa0a6e31a37d3355b,2026-09-04T16:27:33+00:00,13.0.1
210202,90018300,1,BAC-O-4325,0.0,6792234516446485b95f4111f3826eb5d0cc03b440890a98b71207f50eb5524a,308adcb65957ec472646a83b02ba7ddd6fa89225,25a68b5450f8a92990beb694bb0fc751eac757e45d94f80aa0a6e31a37d3355b,2026-09-04T16:27:33+00:00,13.0.1
210202,90018300,1,BAC-O-6423,0.0,6792234516446485b95f4111f3826eb5d0cc03b440890a98b71207f50eb5524a,308adcb65957ec472646a83b02ba7ddd6fa89225,25a68b5450f8a92990beb694bb0fc751eac757e45d94f80aa0a6e31a37d3355b,2026-09-04T16:27:33+00:00,13.0.1
210202,90018300,1,BAC-O-6433,0.0,6792234516446485b95f4111f3826eb5d0cc03b440890a98b71207f50eb5524a,308adcb65957ec472646a83b02ba7ddd6fa89225,25a68b5450f8a92990beb694bb0fc751eac757e45d94f80aa0a6e31a37d3355b,2026-09-04T16:27:33+00:00,13.0.1
210202,90018300,1,CON-S-0130,0.0,6792234516446485b95f4111f3826eb5d0cc03b440890a98b71207f50eb5524a,308adcb65957ec472646a83b02ba7ddd6fa89225,25a68b5450f8a92990beb694bb0fc751eac757e45d94f80aa0a6e31a37d3355b,2026-09-04T16:27:33+00:00,13.0.1
210202,90018300,1,SLI---0770,0.0,6792234516446485b95f4111f3826eb5d0cc03b440890a98b71207f50eb5524a,308adcb65957ec472646a83b02ba7ddd6fa89225,25a68b5450f8a92990beb694bb0fc751eac757e45d94f80aa0a6e31a37d3355b,2026-09-04T16:27:33+00:00,13.0.1
210202,90018300,1,SLI---1200,0.0,6792234516446485b95f4111f3826eb5d0cc03b440890a98b71207f50eb5524a,308adcb65957ec472646a83b02ba7ddd6fa89225,25a68b5450f8a92990beb694bb0fc751eac757e45d94f80aa0a6e31a37d3355b,2026-09-04T16:27:33+00:00,13.0.1
210202,90018300,2,BAC---1041,0.0,6792234516446485b95f4111f3826eb5d0cc03b440890a98b71207f50eb5524a,308adcb65957ec472646a83b02ba7ddd6fa89225,25a68b5450f8a92990beb694bb0fc751eac757e45d94f80aa0a6e31a37d3355b,2026-09-04T16:27:33+00:00,13.0.1
210202,90018300,2,BAC-O-4312,0.0,6792234516446485b95f4111f3826eb5d0cc03b440890a98b71207f50eb5524a,308adcb65957ec472646a83b02ba7ddd6fa89225,25a68b5450f8a92990beb694bb0fc751eac757e45d94f80aa0a6e31a37d3355b,2026-09-04T16:27:33+00:00,13.0.1
210202,90018300,2,BAC-O-4325,0.0,6792234516446485b95f4111f3826eb5d0cc03b440890a98b71207f50eb5524a,308adcb65957ec472646a83b02ba7ddd6fa89225,25a68b5450f8a92990beb694bb0fc751eac757e45d94f80aa0a6e31a37d3355b,2026-09-04T16:27:33+00:00,13.0.1
210202,90018300,2,BAC-O-6423,0.0,6792234516446485b95f4111f3826eb5d0cc03b440890a98b71207f50eb5524a,308adcb65957ec472646a83b02ba7ddd6fa89225,25a68b5450f8a92990beb694bb0fc751eac757e45d94f80aa0a6e31a37d3355b,2026-09-04T16:27:33+00:00,13.0.1
210202,90018300,2,BAC-O-6433,0.0,6792234516446485b95f4111f3826eb5d0cc03b440890a98b71207f50eb5524a,308adcb65957ec472646a83b02ba7ddd6fa89225,25a68b5450f8a92990beb694bb0fc751eac757e45d94f80aa0a6e31a37d3355b,2026-09-04T16:27:33+00:00,13.0.1
210202,90018300,2,CON-S-0130,0.0,6792234516446485b95f4111f3826eb5d0cc03b440890a98b71207f50eb5524a,308adcb65957ec472646a83b02ba7ddd6fa89225,25a68b5450f8a92990beb694bb0fc751eac757e45d94f80aa0a6e31a37d3355b,2026-09-04T16:27:33+00:00,13.0.1
210202,90018300,2,SLI---0770,0.0,6792234516446485b95f4111f3826eb5d0cc03b440890a98b71207f50eb5524a,308adcb65957ec472646a83b02ba7ddd6fa89225,25a68b5450f8a92990beb694bb0fc751eac757e45d94f80aa0a6e31a37d3355b,2026-09-04T16:27:33+00:00,13.0.1
210202,90018300,2,SLI---1200,0.0,6792234516446485b95f4111f3826eb5d0cc03b440890a98b71207f50eb5524a,308adcb65957ec472646a83b02ba7ddd6fa89225,25a68b5450f8a92990beb694bb0fc751eac757e45d94f80aa0a6e31a37d3355b,2026-09-04T16:27:33+00:00,13.0.1
210202,90018300,3,BAC---1041,0.0,6792234516446485b95f4111f3826eb5d0cc03b440890a98b71207f50eb5524a,308adcb65957ec472646a83b02ba7ddd6fa89225,25a68b5450f8a92990beb694bb0fc751eac757e45d94f80aa0a6e31a37d3355b,2026-09-04T16:27:33+00:00,13.0.1
210202,90018300,3,BAC-O-4312,0.0,6792234516446485b95f4111f3826eb5d0cc03b440890a98b71207f50eb5524a,308adcb65957ec472646a83b02ba7ddd6fa89225,25a68b5450f8a92990beb694bb0fc751eac757e45d94f80aa0a6e31a37d3355b,2026-09-04T16:27:33+00:00,13.0.1
210202,90018300,3,BAC-O-4325,0.0,6792234516446485b95f4111f3826eb5d0cc03b440890a98b71207f50eb5524a,308adcb65957ec472646a83b02ba7ddd6fa89225,25a68b5450f8a92990beb694bb0fc751eac757e45d94f80aa0a6e31a37d3355b,2026-09-04T16:27:33+00:00,13.0.1
210202,90018300,3,BAC-O-6423,0.0,6792234516446485b95f4111f3826eb5d0cc03b440890a98b71207f50eb5524a,308adcb65957ec472646a83b02ba7ddd6fa89225,25a68b5450f8a92990beb694bb0fc751eac757e45d94f80aa0a6e31a37d3355b,2026-09-04T16:27:33+00:00,13.0.1
210202,90018300,3,BAC-O-6433,0.0,6792234516446485b95f4111f3826eb5d0cc03b440890a98b71207f50eb5524a,308adcb65957ec472646a83b02ba7ddd6fa89225,25a68b5450f8a92990beb694bb0fc751eac757e45d94f80aa0a6e31a37d3355b,2026-09-04T16:27:33+00:00,13.0.1
210202,90018300,3,CON-S-0130,0.0,6792234516446485b95f4111f3826eb5d0cc03b440890a98b71207f50eb5524a,308adcb65957ec472646a83b02ba7ddd6fa89225,25a68b5450f8a92990beb694bb0fc751eac757e45d94f80aa0a6e31a37d3355b,2026-09-04T16:27:33+00:00,13.0.1
210202,90018300,3,SLI---0770,0.0,6792234516446485b95f4111f3826eb5d0cc03b440890a98b71207f50eb5524a,308adcb65957ec472646a83b02ba7ddd6fa89225,25a68b5450f8a92990beb694bb0fc751eac757e45d94f80aa0a6e31a37d3355b,2026-09-04T16:27:33+00:00,13.0.1
210202,90018300,3,SLI---1200,0.0,6792234516446485b95f4111f3826eb5d0cc03b440890a98b71207f50eb5524a,308adcb65957ec472646a83b02ba7ddd6fa89225,25a68b5450f8a92990beb694bb0fc751eac757e45d94f80aa0a6e31a37d3355b,2026-09-04T16:27:33+00:00,13.0.1
210202,90018300,4,BAC---1041,0.0,6792234516446485b95f4111f3826eb5d0cc03b440890a98b71207f50eb5524a,308adcb65957ec472646a83b02ba7ddd6fa89225,25a68b5450f8a92990beb694bb0fc751eac757e45d94f80aa0a6e31a37d3355b,2026-09-04T16:27:33+00:00,13.0.1
210202,90018300,4,BAC-O-4312,0.0,6792234516446485b95f4111f3826eb5d0cc03b440890a98b71207f50eb5524a,308adcb65957ec472646a83b02ba7ddd6fa89225,25a68b5450f8a92990beb694bb0fc751eac757e45d94f80aa0a6e31a37d3355b,2026-09-04T16:27:33+00:00,13.0.1
210202,90018300,4,BAC-O-4325,0.0,6792234516446485b95f4111f3826eb5d0cc03b440890a98b71207f50eb5524a,308adcb65957ec472646a83b02ba7ddd6fa89225,25a68b5450f8a92990beb694bb0fc751eac757e45d94f80aa0a6e31a37d3355b,2026-09-04T16:27:33+00:00,13.0.1
210202,90018300,4,BAC-O-6423,0.0,6792234516446485b95f4111f3826eb5d0cc03b440890a98b71207f50eb5524a,308adcb65957ec472646a83b02ba7ddd6fa89225,25a68b5450f8a92990beb694bb0fc751eac757e45d94f80aa0a6e31a37d3355b,2026-09-04T16:27:33+00:00,13.0.1
210202,90018300,4,BAC-O-6433,0.0,6792234516446485b95f4111f3826eb5d0cc03b440890a98b71207f50eb5524a,308adcb65957ec472646a83b02ba7ddd6fa89225,25a68b5450f8a92990beb694bb0fc751eac757e45d94f80aa0a6e31a37d3355b,2026-09-04T16:27:33+00:00,13.0.1
210202,90018300,4,CON-S-0130,0.0,6792234516446485b95f4111f3826eb5d0cc03b440890a98b71207f50eb5524a,308adcb65957ec472646a83b02ba7ddd6fa89225,25a68b5450f8a92990beb694bb0fc751eac757e45d94f80aa0a6e31a37d3355b,2026-09-04T16:27:33+00:00,13.0.1
210202,90018300,4,SLI---0770,0.0,6792234516446485b95f4111f3826eb5d0cc03b440890a98b71207f50eb5524a,308adcb65957ec472646a83b02ba7ddd6fa89225,25a68b5450f8a92990beb694bb0fc751eac757e45d94f80aa0a6e31a37d3355b,2026-09-04T16:27:33+00:00,13.0.1
210202,90018300,4,SLI---1200,0.0,6792234516446485b95f4111f3826eb5d0cc03b440890a98b71207f50eb5524a,308adcb65957ec472646a83b02ba7ddd6fa89225,25a68b5450f8a92990beb694bb0fc751eac757e45d94f80aa0a6e31a37d3355b,2026-09-04T16:27:33+00:00,13.0.1
210202,90018300,5,BAC---1041,0.0,6792234516446485b95f4111f3826eb5d0cc03b440890a98b71207f50eb5524a,308adcb65957ec472646a83b02ba7ddd6fa89225,25a68b5450f8a92990beb694bb0fc751eac757e45d94f80aa0a6e31a37d3355b,2026-09-04T16:27:33+00:00,13.0.1
210202,90018300,5,BAC-O-4312,0.0,6792234516446485b95f4111f3826eb5d0cc03b440890a98b71207f50eb5524a,308adcb65957ec472646a83b02ba7ddd6fa89225,25a68b5450f8a92990beb694bb0fc751eac757e45d94f80aa0a6e31a37d3355b,2026-09-04T16:27:33+00:00,13.0.1
210202,90018300,5,BAC-O-4325,0.0,6792234516446485b95f4111f3826eb5d0cc03b440890a98b71207f50eb5524a,308adcb65957ec472646a83b02ba7ddd6fa89225,25a68b5450f8a92990beb694bb0fc751eac757e45d94f80aa0a6e31a37d3355b,2026-09-04T16:27:33+00:00,13.0.1
210202,90018300,5,BAC-O-6423,0.0,6792234516446485b95f4111f3826eb5d0cc03b440890a98b71207f50eb5524a,308adcb65957ec472646a83b02ba7ddd6fa89225,25a68b5450f8a92990beb694bb0fc751eac757e45d94f80aa0a6e31a37d3355b,2026-09-04T16:27:33+00:00,13.0.1
210202,90018300,5,BAC-O-6433,0.0,6792234516446485b95f4111f3826eb5d0cc03b440890a98b71207f50eb5524a,308adcb65957ec472646a83b02ba7ddd6fa89225,25a68b5450f8a92990beb694bb0fc751eac757e45d94f80aa0a6e31a37d3355b,2026-09-04T16:27:33+00:00,13.0.1
210202,90018300,5,CON-S-0130,0.0,6792234516446485b95f4111f3826eb5d0cc03b440890a98b71207f50eb5524a,308adcb65957ec472646a83b02ba7ddd6fa89225,25a68b5450f8a92990beb694bb0fc751eac757e45d94f80aa0a6e31a37d3355b,2026-09-04T16:27:33+00:00,13.0.1
210202,90018300,5,SLI---0770,0.0,6792234516446485b95f4111f3826eb5d0cc03b440890a98b71207f50eb5524a,308adcb65957ec472646a83b02ba7ddd6fa89225,25a68b5450f8a92990beb694bb0fc751eac757e45d94f80aa0a6e31a37d3355b,2026-09-04T16:27:33+00:00,13.0.1
210202,90018300,5,SLI---1200,0.0,6792234516446485b95f4111f3826eb5d0cc03b440890a98b71207f50eb5524a,308adcb65957ec472646a83b02ba7ddd6fa89225,25a68b5450f8a92990beb694bb0fc751eac757e45d94f80aa0a6e31a37d3355b,2026-09-04T16:27:33+00:00,13.0.1
210202,90018300,6,BAC---1041,0.0,6792234516446485b95f4111f3826eb5d0cc03b440890a98b71207f50eb5524a,308adcb65957ec472646a83b02ba7ddd6fa89225,25a68b5450f8a92990beb694bb0fc751eac757e45d94f80aa0a6e31a37d3355b,2026-09-04T16:27:33+00:00,13.0.1
210202,90018300,6,BAC-O-4312,0.0,6792234516446485b95f4111f3826eb5d0cc03b440890a98b71207f50eb5524a,308adcb65957ec472646a83b02ba7ddd6fa89225,25a68b5450f8a92990beb694bb0fc751eac757e45d94f80aa0a6e31a37d3355b,2026-09-04T16:27:33+00:00,13.0.1
210202,90018300,6,BAC-O-4325,0.0,6792234516446485b95f4111f3826eb5d0cc03b440890a98b71207f50eb5524a,308adcb65957ec472646a83b02ba7ddd6fa89225,25a68b5450f8a92990beb694bb0fc751eac757e45d94f80aa0a6e31a37d3355b,2026-09-04T16:27:33+00:00,13.0.1
210202,90018300,6,BAC-O-6423,0.0,6792234516446485b95f4111f3826eb5d0cc03b440890a98b71207f50eb5524a,308adcb65957ec472646a83b02ba7ddd6fa89225,25a68b5450f8a92990beb694bb0fc751eac757e45d94f80aa0a6e31a37d3355b,2026-09-04T16:27:33+00:00,13.0.1
210202,90018300,6,BAC-O-6433,0.0,6792234516446485b95f4111f3826eb5d0cc03b440890a98b71207f50eb5524a,308adcb65957ec472646a83b02ba7ddd6fa89225,25a68b5450f8a92990beb694bb0fc751eac757e45d94f80aa0a6e31a37d3355b,2026-09-04T16:27:33+00:00,13.0.1
210202,90018300,6,CON-S-0130,0.0,6792234516446485b95f4111f3826eb5d0cc03b440890a98b71207f50eb5524a,308adcb65957ec472646a83b02ba7ddd6fa89225,25a68b5450f8a92990beb694bb0fc751eac757e45d94f80aa0a6e31a37d3355b,2026-09-04T16:27:33+00:00,13.0.1
210202,90018300,6,SLI---0770,0.0,6792234516446485b95f4111f3826eb5d0cc03b440890a98b71207f50eb5524a,308adcb65957ec472646a83b02ba7ddd6fa89225,25a68b5450f8a92990beb694bb0fc751eac757e45d94f80aa0a6e31a37d3355b,2026-09-04T16:27:33+00:00,13.0.1
210202,90018300,6,SLI---1200,0.0,6792234516446485b95f4111f3826eb5d0cc03b440890a98b71207f50eb5524a,308adcb65957ec472646a83b02ba7ddd6fa89225,25a68b5450f8a92990beb694bb0fc751eac757e45d94f80aa0a6e31a37d3355b,2026-09-04T16:27:33+00:00,13.0.1
210202,90018300,7,BAC---1041,0.20468911255031347,6792234516446485b95f4111f3826eb5d0cc03b440890a98b71207f50eb5524a,308adcb65957ec472646a83b02ba7ddd6fa89225,25a68b5450f8a92990beb694bb0fc751eac757e45d94f80aa0a6e31a37d3355b,2026-09-04T16:27:33+00:00,13.0.1
210202,90018300,7,BAC-O-4312,0.0,6792234516446485b95f4111f3826eb5d0cc03b440890a98b71207f50eb5524a,308adcb65957ec472646a83b02ba7ddd6fa89225,25a68b5450f8a92990beb694bb0fc751eac757e45d94f80aa0a6e31a37d3355b,2026-09-04T16:27:33+00:00,13.0.1
210202,90018300,7,BAC-O-4325,0.0,6792234516446485b95f4111f3826eb5d0cc03b440890a98b71207f50eb5524a,308adcb65957ec472646a83b02ba7ddd6fa89225,25a68b5450f8a92990beb694bb0fc751eac757e45d94f80aa0a6e31a37d3355b,2026-09-04T16:27:33+00:00,13.0.1
210202,90018300,7,BAC-O-6423,0.0,6792234516446485b95f4111f3826eb5d0cc03b440890a98b71207f50eb5524a,308adcb65957ec472646a83b02ba7ddd6fa89225,25a68b5450f8a92990beb694bb0fc751eac757e45d94f80aa0a6e31a37d3355b,2026-09-04T16:27:33+00:00,13.0.1
210202,90018300,7,BAC-O-6433,0.8726757088701902,6792234516446485b95f4111f3826eb5d0cc03b440890a98b71207f50eb5524a,308adcb65957ec472646a83b02ba7ddd6fa89225,25a68b5450f8a92990beb694bb0fc751eac757e45d94f80aa0a6e31a37d3355b,2026-09-04T16:27:33+00:00,13.0.1
210202,90018300,7,CON-S-0130,0.0,6792234516446485b95f4111f3826eb5d0cc03b440890a98b71207f50eb5524a,308adcb65957ec472646a83b02ba7ddd6fa89225,25a68b5450f8a92990beb694bb0fc751eac757e45d94f80aa0a6e31a37d3355b,2026-09-04T16:27:33+00:00,13.0.1
210202,90018300,7,SLI---0770,0.00018116288197152992,6792234516446485b95f4111f3826eb5d0cc03b440890a98b71207f50eb5524a,308adcb65957ec472646a83b02ba7ddd6fa89225,25a68b5450f8a92990beb694bb0fc751eac757e45d94f80aa0a6e31a37d3355b,2026-09-04T16:27:33+00:00,13.0.1
210202,90018300,7,SLI---1200,28.846206687621663,6792234516446485b95f4111f3826eb5d0cc03b440890a98b71207f50eb5524a,308adcb65957ec472646a83b02ba7ddd6fa89225,25a68b5450f8a92990beb694bb0fc751eac757e45d94f80aa0a6e31a37d3355b,2026-09-04T16:27:33+00:00,13.0.1
210202,90018300,8,BAC---1041,0.0,6792234516446485b95f4111f3826eb5d0cc03b440890a98b71207f50eb5524a,308adcb65957ec472646a83b02ba7ddd6fa89225,25a68b5450f8a92990beb694bb0fc751eac757e45d94f80aa0a6e31a37d3355b,2026-09-04T16:27:33+00:00,13.0.1
210202,90018300,8,BAC-O-4312,0.0,6792234516446485b95f4111f3826eb5d0cc03b440890a98b71207f50eb5524a,308adcb65957ec472646a83b02ba7ddd6fa89225,25a68b5450f8a92990beb694bb0fc751eac757e45d94f80aa0a6e31a37d3355b,2026-09-04T16:27:33+00:00,13.0.1
210202,90018300,8,BAC-O-4325,0.0,6792234516446485b95f4111f3826eb5d0cc03b440890a98b71207f50eb5524a,308adcb65957ec472646a83b02ba7ddd6fa89225,25a68b5450f8a92990beb694bb0fc751eac757e45d94f80aa0a6e31a37d3355b,2026-09-04T16:27:33+00:00,13.0.1
210202,90018300,8,BAC-O-6423,0.0,6792234516446485b95f4111f3826eb5d0cc03b440890a98b71207f50eb5524a,308adcb65957ec472646a83b02ba7ddd6fa89225,25a68b5450f8a92990beb694bb0fc751eac757e45d94f80aa0a6e31a37d3355b,2026-09-04T16:27:33+00:00,13.0.1
210202,90018300,8,BAC-O-6433,0.0,6792234516446485b95f4111f3826eb5d0cc03b440890a98b71207f50eb5524a,308adcb65957ec472646a83b02ba7ddd6fa89225,25a68b5450f8a92990beb694bb0fc751eac757e45d94f80aa0a6e31a37d3355b,2026-09-04T16:27:33+00:00,13.0.1
210202,90018300,8,CON-S-0130,0.0,6792234516446485b95f4111f3826eb5d0cc03b440890a98b71207f50eb5524a,308adcb65957ec472646a83b02ba7ddd6fa89225,25a68b5450f8a92990beb694bb0fc751eac757e45d94f80aa0a6e31a37d3355b,2026-09-04T16:27:33+00:00,13.0.1
210202,90018300,8,SLI---0770,0.0,6792234516446485b95f4111f3826eb5d0cc03b440890a98b71207f50eb5524a,308adcb65957ec472646a83b02ba7ddd6fa89225,25a68b5450f8a92990beb694bb0fc751eac757e45d94f80aa0a6e31a37d3355b,2026-09-04T16:27:33+00:00,13.0.1
210202,90018300,8,SLI---1200,0.0,6792234516446485b95f4111f3826eb5d0cc03b440890a98b71207f50eb5524a,308adcb65957ec472646a83b02ba7ddd6fa89225,25a68b5450f8a92990beb694bb0fc751eac757e45d94f80aa0a6e31a37d3355b,2026-09-04T16:27:33+00:00,13.0.1
210202,90018300,9,BAC---1041,0.0,6792234516446485b95f4111f3826eb5d0cc03b440890a98b71207f50eb5524a,308adcb65957ec472646a83b02ba7ddd6fa89225,25a68b5450f8a92990beb694bb0fc751eac757e45d94f80aa0a6e31a37d3355b,2026-09-04T16:27:33+00:00,13.0.1
210202,90018300,9,BAC-O-4312,0.04880094333614493,6792234516446485b95f4111f3826eb5d0cc03b440890a98b71207f50eb5524a,308adcb65957ec472646a83b02ba7ddd6fa89225,25a68b5450f8a92990beb694bb0fc751eac757e45d94f80aa0a6e31a37d3355b,2026-09-04T16:27:33+00:00,13.0.1
210202,90018300,9,BAC-O-4325,0.1939700132028903,6792234516446485b95f4111f3826eb5d0cc03b440890a98b71207f50eb5524a,308adcb65957ec472646a83b02ba7ddd6fa89225,25a68b5450f8a92990beb694bb0fc751eac757e45d94f80aa0a6e31a37d3355b,2026-09-04T16:27:33+00:00,13.0.1
210202,90018300,9,BAC-O-6423,0.22517471513901946,6792234516446485b95f4111f3826eb5d0cc03b440890a98b71207f50eb5524a,308adcb65957ec472646a83b02ba7ddd6fa89225,25a68b5450f8a92990beb694bb0fc751eac757e45d94f80aa0a6e31a37d3355b,2026-09-04T16:27:33+00:00,13.0.1
210202,90018300,9,BAC-O-6433,0.3231233522861723,6792234516446485b95f4111f3826eb5d0cc03b440890a98b71207f50eb5524a,308adcb65957ec472646a83b02ba7ddd6fa89225,25a68b5450f8a92990beb694bb0fc751eac757e45d94f80aa0a6e31a37d3355b,2026-09-04T16:27:33+00:00,13.0.1
210202,90018300,9,CON-S-0130,0.09825765345092599,6792234516446485b95f4111f3826eb5d0cc03b440890a98b71207f50eb5524a,308adcb65957ec472646a83b02ba7ddd6fa89225,25a68b5450f8a92990beb694bb0fc751eac757e45d94f80aa0a6e31a37d3355b,2026-09-04T16:27:33+00:00,13.0.1
210202,90018300,9,SLI---0770,0.0,6792234516446485b95f4111f3826eb5d0cc03b440890a98b71207f50eb5524a,308adcb65957ec472646a83b02ba7ddd6fa89225,25a68b5450f8a92990beb694bb0fc751eac757e45d94f80aa0a6e31a37d3355b,2026-09-04T16:27:33+00:00,13.0.1
210202,90018300,9,SLI---1200,0.0,6792234516446485b95f4111f3826eb5d0cc03b440890a98b71207f50eb5524a,308adcb65957ec472646a83b02ba7ddd6fa89225,25a68b5450f8a92990beb694bb0fc751eac757e45d94f80aa0a6e31a37d3355b,2026-09-04T16:27:33+00:00,13.0.1
210202,90018300,10,BAC---1041,0.0,6792234516446485b95f4111f3826eb5d0cc03b440890a98b71207f50eb5524a,308adcb65957ec472646a83b02ba7ddd6fa89225,25a68b5450f8a92990beb694bb0fc751eac757e45d94f80aa0a6e31a37d3355b,2026-09-04T16:27:33+00:00,13.0.1
210202,90018300,10,BAC-O-4312,0.0,6792234516446485b95f4111f3826eb5d0cc03b440890a98b71207f50eb5524a,308adcb65957ec472646a83b02ba7ddd6fa89225,25a68b5450f8a92990beb694bb0fc751eac757e45d94f80aa0a6e31a37d3355b,2026-09-04T16:27:33+00:00,13.0.1
210202,90018300,10,BAC-O-4325,0.0,6792234516446485b95f4111f3826eb5d0cc03b440890a98b71207f50eb5524a,308adcb65957ec472646a83b02ba7ddd6fa89225,25a68b5450f8a92990beb694bb0fc751eac757e45d94f80aa0a6e31a37d3355b,2026-09-04T16:27:33+00:00,13.0.1
210202,90018300,10,BAC-O-6423,0.0,6792234516446485b95f4111f3826eb5d0cc03b440890a98b71207f50eb5524a,308adcb65957ec472646a83b02ba7ddd6fa89225,25a68b5450f8a92990beb694bb0fc751eac757e45d94f80aa0a6e31a37d3355b,2026-09-04T16:27:33+00:00,13.0.1
210202,90018300,10,BAC-O-6433,0.0,6792234516446485b95f4111f3826eb5d0cc03b440890a98b71207f50eb5524a,308adcb65957ec472646a83b02ba7ddd6fa89225,25a68b5450f8a92990beb694bb0fc751eac757e45d94f80aa0a6e31a37d3355b,2026-09-04T16:27:33+00:00,13.0.1
210202,90018300,10,CON-S-0130,0.0,6792234516446485b95f4111f3826eb5d0cc03b440890a98b71207f50eb5524a,308adcb65957ec472646a83b02ba7ddd6fa89225,25a68b5450f8a92990beb694bb0fc751eac757e45d94f80aa0a6e31a37d3355b,2026-09-04T16:27:33+00:00,13.0.1
210202,90018300,10,SLI---0770,0.0,6792234516446485b95f4111f3826eb5d0cc03b440890a98b71207f50eb5524a,308adcb65957ec472646a83b02ba7ddd6fa89225,25a68b5450f8a92990beb694bb0fc751eac757e45d94f80aa0a6e31a37d3355b,2026-09-04T16:27:33+00:00,13.0.1
210202,90018300,10,SLI---1200,0.0,6792234516446485b95f4111f3826eb5d0cc03b440890a98b71207f50eb5524a,308adcb65957ec472646a83b02ba7ddd6fa89225,25a68b5450f8a92990beb694bb0fc751eac757e45d94f80aa0a6e31a37d3355b,2026-09-04T16:27:33+00:00,13.0.1
210202,90018300,11,BAC---1041,0.0,6792234516446485b95f4111f3826eb5d0cc03b440890a98b71207f50eb5524a,308adcb65957ec472646a83b02ba7ddd6fa89225,25a68b5450f8a92990beb694bb0fc751eac757e45d94f80aa0a6e31a37d3355b,2026-09-04T16:27:33+00:00,13.0.1
210202,90018300,11,BAC-O-4312,0.0,6792234516446485b95f4111f3826eb5d0cc03b440890a98b71207f50eb5524a,308adcb65957ec472646a83b02ba7ddd6fa89225,25a68b5450f8a92990beb694bb0fc751eac757e45d94f80aa0a6e31a37d3355b,2026-09-04T16:27:33+00:00,13.0.1
210202,90018300,11,BAC-O-4325,0.0,6792234516446485b95f4111f3826eb5d0cc03b440890a98b71207f50eb5524a,308adcb65957ec472646a83b02ba7ddd6fa89225,25a68b5450f8a92990beb694bb0fc751eac757e45d94f80aa0a6e31a37d3355b,2026-09-04T16:27:33+00:00,13.0.1
210202,90018300,11,BAC-O-6423,0.0,6792234516446485b95f4111f3826eb5d0cc03b440890a98b71207f50eb5524a,308adcb65957ec472646a83b02ba7ddd6fa89225,25a68b5450f8a92990beb694bb0fc751eac757e45d94f80aa0a6e31a37d3355b,2026-09-04T16:27:33+00:00,13.0.1
210202,90018300,11,BAC-O-6433,0.0,6792234516446485b95f4111f3826eb5d0cc03b440890a98b71207f50eb5524a,308adcb65957ec472646a83b02ba7ddd6fa89225,25a68b5450f8a92990beb694bb0fc751eac757e45d94f80aa0a6e31a37d3355b,2026-09-04T16:27:33+00:00,13.0.1
210202,90018300,11,CON-S-0130,0.0,6792234516446485b95f4111f3826eb5d0cc03b440890a98b71207f50eb5524a,308adcb65957ec472646a83b02ba7ddd6fa89225,25a68b5450f8a92990beb694bb0fc751eac757e45d94f80aa0a6e31a37d3355b,2026-09-04T16:27:33+00:00,13.0.1
210202,90018300,11,SLI---0770,0.0,6792234516446485b95f4111f3826eb5d0cc03b440890a98b71207f50eb5524a,308adcb65957ec472646a83b02ba7ddd6fa89225,25a68b5450f8a92990beb694bb0fc751eac757e45d94f80aa0a6e31a37d3355b,2026-09-04T16:27:33+00:00,13.0.1
210202,90018300,11,SLI---1200,0.0,6792234516446485b95f4111f3826eb5d0cc03b440890a98b71207f50eb5524a,308adcb65957ec472646a83b02ba7ddd6fa89225,25a68b5450f8a92990beb694bb0fc751eac757e45d94f80aa0a6e31a37d3355b,2026-09-04T16:27:33+00:00,13.0.1
210202,90018300,12,BAC---1041,0.0,6792234516446485b95f4111f3826eb5d0cc03b440890a98b71207f50eb5524a,308adcb65957ec472646a83b02ba7ddd6fa89225,25a68b5450f8a92990beb694bb0fc751eac757e45d94f80aa0a6e31a37d3355b,2026-09-04T16:27:33+00:00,13.0.1
210202,90018300,12,BAC-O-4312,0.0,6792234516446485b95f4111f3826eb5d0cc03b440890a98b71207f50eb5524a,308adcb65957ec472646a83b02ba7ddd6fa89225,25a68b5450f8a92990beb694bb0fc751eac757e45d94f80aa0a6e31a37d3355b,2026-09-04T16:27:33+00:00,13.0.1
210202,90018300,12,BAC-O-4325,0.0,6792234516446485b95f4111f3826eb5d0cc03b440890a98b71207f50eb5524a,308adcb65957ec472646a83b02ba7ddd6fa89225,25a68b5450f8a92990beb694bb0fc751eac757e45d94f80aa0a6e31a37d3355b,2026-09-04T16:27:33+00:00,13.0.1
210202,90018300,12,BAC-O-6423,0.0,6792234516446485b95f4111f3826eb5d0cc03b440890a98b71207f50eb5524a,308adcb65957ec472646a83b02ba7ddd6fa89225,25a68b5450f8a92990beb694bb0fc751eac757e45d94f80aa0a6e31a37d3355b,2026-09-04T16:27:33+00:00,13.0.1
210202,90018300,12,BAC-O-6433,0.0,6792234516446485b95f4111f3826eb5d0cc03b440890a98b71207f50eb5524a,308adcb65957ec472646a83b02ba7ddd6fa89225,25a68b5450f8a92990beb694bb0fc751eac757e45d94f80aa0a6e31a37d3355b,2026-09-04T16:27:33+00:00,13.0.1
210202,90018300,12,CON-S-0130,0.0,6792234516446485b95f4111f3826eb5d0cc03b440890a98b71207f50eb5524a,308adcb65957ec472646a83b02ba7ddd6fa89225,25a68b5450f8a92990beb694bb0fc751eac757e45d94f80aa0a6e31a37d3355b,2026-09-04T16:27:33+00:00,13.0.1
210202,90018300,12,SLI---0770,0.0,6792234516446485b95f4111f3826eb5d0cc03b440890a98b71207f50eb5524a,308adcb65957ec472646a83b02ba7ddd6fa89225,25a68b5450f8a92990beb694bb0fc751eac757e45d94f80aa0a6e31a37d3355b,2026-09-04T16:27:33+00:00,13.0.1
210202,90018300,12,SLI---1200,0.0,6792234516446485b95f4111f3826eb5d0cc03b440890a98b71207f50eb5524a,308adcb65957ec472646a83b02ba7ddd6fa89225,25a68b5450f8a92990beb694bb0fc751eac757e45d94f80aa0a6e31a37d3355b,2026-09-04T16:27:33+00:00,13.0.1
210202,90019100,1,BAC---1041,0.0,6792234516446485b95f4111f3826eb5d0cc03b440890a98b71207f50eb5524a,308adcb65957ec472646a83b02ba7ddd6fa89225,25a68b5450f8a92990beb694bb0fc751eac757e45d94f80aa0a6e31a37d3355b,2026-09-04T16:27:33+00:00,13.0.1
210202,90019100,1,BAC-O-4312,0.0,6792234516446485b95f4111f3826eb5d0cc03b440890a98b71207f50eb5524a,308adcb65957ec472646a83b02ba7ddd6fa89225,25a68b5450f8a92990beb694bb0fc751eac757e45d94f80aa0a6e31a37d3355b,2026-09-04T16:27:33+00:00,13.0.1
210202,90019100,1,BAC-O-4325,0.0,6792234516446485b95f4111f3826eb5d0cc03b440890a98b71207f50eb5524a,308adcb65957ec472646a83b02ba7ddd6fa89225,25a68b5450f8a92990beb694bb0fc751eac757e45d94f80aa0a6e31a37d3355b,2026-09-04T16:27:33+00:00,13.0.1
210202,90019100,1,BAC-O-6423,0.0,6792234516446485b95f4111f3826eb5d0cc03b440890a98b71207f50eb5524a,308adcb65957ec472646a83b02ba7ddd6fa89225,25a68b5450f8a92990beb694bb0fc751eac757e45d94f80aa0a6e31a37d3355b,2026-09-04T16:27:33+00:00,13.0.1
210202,90019100,1,BAC-O-6433,0.0,6792234516446485b95f4111f3826eb5d0cc03b440890a98b71207f50eb5524a,308adcb65957ec472646a83b02ba7ddd6fa89225,25a68b5450f8a92990beb694bb0fc751eac757e45d94f80aa0a6e31a37d3355b,2026-09-04T16:27:33+00:00,13.0.1
210202,90019100,1,CON-S-0130,0.0,6792234516446485b95f4111f3826eb5d0cc03b440890a98b71207f50eb5524a,308adcb65957ec472646a83b02ba7ddd6fa89225,25a68b5450f8a92990beb694bb0fc751eac757e45d94f80aa0a6e31a37d3355b,2026-09-04T16:27:33+00:00,13.0.1
210202,90019100,1,SLI---0770,0.0,6792234516446485b95f4111f3826eb5d0cc03b440890a98b71207f50eb5524a,308adcb65957ec472646a83b02ba7ddd6fa89225,25a68b5450f8a92990beb694bb0fc751eac757e45d94f80aa0a6e31a37d3355b,2026-09-04T16:27:33+00:00,13.0.1
210202,90019100,1,SLI---1200,0.0,6792234516446485b95f4111f3826eb5d0cc03b440890a98b71207f50eb5524a,308adcb65957ec472646a83b02ba7ddd6fa89225,25a68b5450f8a92990beb694bb0fc751eac757e45d94f80aa0a6e31a37d3355b,2026-09-04T16:27:33+00:00,13.0.1
210202,90019100,2,BAC---1041,0.0,6792234516446485b95f4111f3826eb5d0cc03b440890a98b71207f50eb5524a,308adcb65957ec472646a83b02ba7ddd6fa89225,25a68b5450f8a92990beb694bb0fc751eac757e45d94f80aa0a6e31a37d3355b,2026-09-04T16:27:33+00:00,13.0.1
210202,90019100,2,BAC-O-4312,0.0,6792234516446485b95f4111f3826eb5d0cc03b440890a98b71207f50eb5524a,308adcb65957ec472646a83b02ba7ddd6fa89225,25a68b5450f8a92990beb694bb0fc751eac757e45d94f80aa0a6e31a37d3355b,2026-09-04T16:27:33+00:00,13.0.1
210202,90019100,2,BAC-O-4325,0.0,6792234516446485b95f4111f3826eb5d0cc03b440890a98b71207f50eb5524a,308adcb65957ec472646a83b02ba7ddd6fa89225,25a68b5450f8a92990beb694bb0fc751eac757e45d94f80aa0a6e31a37d3355b,2026-09-04T16:27:33+00:00,13.0.1
210202,90019100,2,BAC-O-6423,0.0,6792234516446485b95f4111f3826eb5d0cc03b440890a98b71207f50eb5524a,308adcb65957ec472646a83b02ba7ddd6fa89225,25a68b5450f8a92990beb694bb0fc751eac757e45d94f80aa0a6e31a37d3355b,2026-09-04T16:27:33+00:00,13.0.1
210202,90019100,2,BAC-O-6433,0.0,6792234516446485b95f4111f3826eb5d0cc03b440890a98b71207f50eb5524a,308adcb65957ec472646a83b02ba7ddd6fa89225,25a68b5450f8a92990beb694bb0fc751eac757e45d94f80aa0a6e31a37d3355b,2026-09-04T16:27:33+00:00,13.0.1
210202,90019100,2,CON-S-0130,0.0,6792234516446485b95f4111f3826eb5d0cc03b440890a98b71207f50eb5524a,308adcb65957ec472646a83b02ba7ddd6fa89225,25a68b5450f8a92990beb694bb0fc751eac757e45d94f80aa0a6e31a37d3355b,2026-09-04T16:27:33+00:00,13.0.1
210202,90019100,2,SLI---0770,0.0,6792234516446485b95f4111f3826eb5d0cc03b440890a98b71207f50eb5524a,308adcb65957ec472646a83b02ba7ddd6fa89225,25a68b5450f8a92990beb694bb0fc751eac757e45d94f80aa0a6e31a37d3355b,2026-09-04T16:27:33+00:00,13.0.1
210202,90019100,2,SLI---1200,0.0,6792234516446485b95f4111f3826eb5d0cc03b440890a98b71207f50eb5524a,308adcb65957ec472646a83b02ba7ddd6fa89225,25a68b5450f8a92990beb694bb0fc751eac757e45d94f80aa0a6e31a37d3355b,2026-09-04T16:27:33+00:00,13.0.1
210202,90019100,3,BAC---1041,0.0,6792234516446485b95f4111f3826eb5d0cc03b440890a98b71207f50eb5524a,308adcb65957ec472646a83b02ba7ddd6fa89225,25a68b5450f8a92990beb694bb0fc751eac757e45d94f80aa0a6e31a37d3355b,2026-09-04T16:27:33+00:00,13.0.1
210202,90019100,3,BAC-O-4312,0.0,6792234516446485b95f4111f3826eb5d0cc03b440890a98b71207f50eb5524a,308adcb65957ec472646a83b02ba7ddd6fa89225,25a68b5450f8a92990beb694bb0fc751eac757e45d94f80aa0a6e31a37d3355b,2026-09-04T16:27:33+00:00,13.0.1
210202,90019100,3,BAC-O-4325,0.0,6792234516446485b95f4111f3826eb5d0cc03b440890a98b71207f50eb5524a,308adcb65957ec472646a83b02ba7ddd6fa89225,25a68b5450f8a92990beb694bb0fc751eac757e45d94f80aa0a6e31a37d3355b,2026-09-04T16:27:33+00:00,13.0.1
210202,90019100,3,BAC-O-6423,0.0,6792234516446485b95f4111f3826eb5d0cc03b440890a98b71207f50eb5524a,308adcb65957ec472646a83b02ba7ddd6fa89225,25a68b5450f8a92990beb694bb0fc751eac757e45d94f80aa0a6e31a37d3355b,2026-09-04T16:27:33+00:00,13.0.1
210202,90019100,3,BAC-O-6433,0.0,6792234516446485b95f4111f3826eb5d0cc03b440890a98b71207f50eb5524a,308adcb65957ec472646a83b02ba7ddd6fa89225,25a68b5450f8a92990beb694bb0fc751eac757e45d94f80aa0a6e31a37d3355b,2026-09-04T16:27:33+00:00,13.0.1
210202,90019100,3,CON-S-0130,0.0,6792234516446485b95f4111f3826eb5d0cc03b440890a98b71207f50eb5524a,308adcb65957ec472646a83b02ba7ddd6fa89225,25a68b5450f8a92990beb694bb0fc751eac757e45d94f80aa0a6e31a37d3355b,2026-09-04T16:27:33+00:00,13.0.1
210202,90019100,3,SLI---0770,0.0,6792234516446485b95f4111f3826eb5d0cc03b440890a98b71207f50eb5524a,308adcb65957ec472646a83b02ba7ddd6fa89225,25a68b5450f8a92990beb694bb0fc751eac757e45d94f80aa0a6e31a37d3355b,2026-09-04T16:27:33+00:00,13.0.1
210202,90019100,3,SLI---1200,0.0,6792234516446485b95f4111f3826eb5d0cc03b440890a98b71207f50eb5524a,308adcb65957ec472646a83b02ba7ddd6fa89225,25a68b5450f8a92990beb694bb0fc751eac757e45d94f80aa0a6e31a37d3355b,2026-09-04T16:27:33+00:00,13.0.1
210202,90019100,4,BAC---1041,0.0,6792234516446485b95f4111f3826eb5d0cc03b440890a98b71207f50eb5524a,308adcb65957ec472646a83b02ba7ddd6fa89225,25a68b5450f8a92990beb694bb0fc751eac757e45d94f80aa0a6e31a37d3355b,2026-09-04T16:27:33+00:00,13.0.1
210202,90019100,4,BAC-O-4312,0.0,6792234516446485b95f4111f3826eb5d0cc03b440890a98b71207f50eb5524a,308adcb65957ec472646a83b02ba7ddd6fa89225,25a68b5450f8a92990beb694bb0fc751eac757e45d94f80aa0a6e31a37d3355b,2026-09-04T16:27:33+00:00,13.0.1
210202,90019100,4,BAC-O-4325,0.0,6792234516446485b95f4111f3826eb5d0cc03b440890a98b71207f50eb5524a,308adcb65957ec472646a83b02ba7ddd6fa89225,25a68b5450f8a92990beb694bb0fc751eac757e45d94f80aa0a6e31a37d3355b,2026-09-04T16:27:33+00:00,13.0.1
210202,90019100,4,BAC-O-6423,0.0,6792234516446485b95f4111f3826eb5d0cc03b440890a98b71207f50eb5524a,308adcb65957ec472646a83b02ba7ddd6fa89225,25a68b5450f8a92990beb694bb0fc751eac757e45d94f80aa0a6e31a37d3355b,2026-09-04T16:27:33+00:00,13.0.1
210202,90019100,4,BAC-O-6433,0.0,6792234516446485b95f4111f3826eb5d0cc03b440890a98b71207f50eb5524a,308adcb65957ec472646a83b02ba7ddd6fa89225,25a68b5450f8a92990beb694bb0fc751eac757e45d94f80aa0a6e31a37d3355b,2026-09-04T16:27:33+00:00,13.0.1
210202,90019100,4,CON-S-0130,0.0,6792234516446485b95f4111f3826eb5d0cc03b440890a98b71207f50eb5524a,308adcb65957ec472646a83b02ba7ddd6fa89225,25a68b5450f8a92990beb694bb0fc751eac757e45d94f80aa0a6e31a37d3355b,2026-09-04T16:27:33+00:00,13.0.1
210202,90019100,4,SLI---0770,0.0,6792234516446485b95f4111f3826eb5d0cc03b440890a98b71207f50eb5524a,308adcb65957ec472646a83b02ba7ddd6fa89225,25a68b5450f8a92990beb694bb0fc751eac757e45d94f80aa0a6e31a37d3355b,2026-09-04T16:27:33+00:00,13.0.1
210202,90019100,4,SLI---1200,0.0,6792234516446485b95f4111f3826eb5d0cc03b440890a98b71207f50eb5524a,308adcb65957ec472646a83b02ba7ddd6fa89225,25a68b5450f8a92990beb694bb0fc751eac757e45d94f80aa0a6e31a37d3355b,2026-09-04T16:27:33+00:00,13.0.1
210202,90019100,5,BAC---1041,0.0,6792234516446485b95f4111f3826eb5d0cc03b440890a98b71207f50eb5524a,308adcb65957ec472646a83b02ba7ddd6fa89225,25a68b5450f8a92990beb694bb0fc751eac757e45d94f80aa0a6e31a37d3355b,2026-09-04T16:27:33+00:00,13.0.1
210202,90019100,5,BAC-O-4312,0.0,6792234516446485b95f4111f3826eb5d0cc03b440890a98b71207f50eb5524a,308adcb65957ec472646a83b02ba7ddd6fa89225,25a68b5450f8a92990beb694bb0fc751eac757e45d94f80aa0a6e31a37d3355b,2026-09-04T16:27:33+00:00,13.0.1
210202,90019100,5,BAC-O-4325,0.0,6792234516446485b95f4111f3826eb5d0cc03b440890a98b71207f50eb5524a,308adcb65957ec472646a83b02ba7ddd6fa89225,25a68b5450f8a92990beb694bb0fc751eac757e45d94f80aa0a6e31a37d3355b,2026-09-04T16:27:33+00:00,13.0.1
210202,90019100,5,BAC-O-6423,0.0,6792234516446485b95f4111f3826eb5d0cc03b440890a98b71207f50eb5524a,308adcb65957ec472646a83b02ba7ddd6fa89225,25a68b5450f8a92990beb694bb0fc751eac757e45d94f80aa0a6e31a37d3355b,2026-09-04T16:27:33+00:00,13.0.1
210202,90019100,5,BAC-O-6433,0.0,6792234516446485b95f4111f3826eb5d0cc03b440890a98b71207f50eb5524a,308adcb65957ec472646a83b02ba7ddd6fa89225,25a68b5450f8a92990beb694bb0fc751eac757e45d94f80aa0a6e31a37d3355b,2026-09-04T16:27:33+00:00,13.0.1
210202,90019100,5,CON-S-0130,0.0,6792234516446485b95f4111f3826eb5d0cc03b440890a98b71207f50eb5524a,308adcb65957ec472646a83b02ba7ddd6fa89225,25a68b5450f8a92990beb694bb0fc751eac757e45d94f80aa0a6e31a37d3355b,2026-09-04T16:27:33+00:00,13.0.1
210202,90019100,5,SLI---0770,0.0,6792234516446485b95f4111f3826eb5d0cc03b440890a98b71207f50eb5524a,308adcb65957ec472646a83b02ba7ddd6fa89225,25a68b5450f8a92990beb694bb0fc751eac757e45d94f80aa0a6e31a37d3355b,2026-09-04T16:27:33+00:00,13.0.1
210202,90019100,5,SLI---1200,0.0,6792234516446485b95f4111f3826eb5d0cc03b440890a98b71207f50eb5524a,308adcb65957ec472646a83b02ba7ddd6fa89225,25a68b5450f8a92990beb694bb0fc751eac757e45d94f80aa0a6e31a37d3355b,2026-09-04T16:27:33+00:00,13.0.1
210202,90019100,6,BAC---1041,0.0,6792234516446485b95f4111f3826eb5d0cc03b440890a98b71207f50eb5524a,308adcb65957ec472646a83b02ba7ddd6fa89225,25a68b5450f8a92990beb694bb0fc751eac757e45d94f80aa0a6e31a37d3355b,2026-09-04T16:27:33+00:00,13.0.1
210202,90019100,6,BAC-O-4312,0.0,6792234516446485b95f4111f3826eb5d0cc03b440890a98b71207f50eb5524a,308adcb65957ec472646a83b02ba7ddd6fa89225,25a68b5450f8a92990beb694bb0fc751eac757e45d94f80aa0a6e31a37d3355b,2026-09-04T16:27:33+00:00,13.0.1
210202,90019100,6,BAC-O-4325,0.0,6792234516446485b95f4111f3826eb5d0cc03b440890a98b71207f50eb5524a,308adcb65957ec472646a83b02ba7ddd6fa89225,25a68b5450f8a92990beb694bb0fc751eac757e45d94f80aa0a6e31a37d3355b,2026-09-04T16:27:33+00:00,13.0.1
210202,90019100,6,BAC-O-6423,0.0,6792234516446485b95f4111f3826eb5d0cc03b440890a98b71207f50eb5524a,308adcb65957ec472646a83b02ba7ddd6fa89225,25a68b5450f8a92990beb694bb0fc751eac757e45d94f80aa0a6e31a37d3355b,2026-09-04T16:27:33+00:00,13.0.1
210202,90019100,6,BAC-O-6433,0.0,6792234516446485b95f4111f3826eb5d0cc03b440890a98b71207f50eb5524a,308adcb65957ec472646a83b02ba7ddd6fa89225,25a68b5450f8a92990beb694bb0fc751eac757e45d94f80aa0a6e31a37d3355b,2026-09-04T16:27:33+00:00,13.0.1
210202,90019100,6,CON-S-0130,0.0,6792234516446485b95f4111f3826eb5d0cc03b440890a98b71207f50eb5524a,308adcb65957ec472646a83b02ba7ddd6fa89225,25a68b5450f8a92990beb694bb0fc751eac757e45d94f80aa0a6e31a37d3355b,2026-09-04T16:27:33+00:00,13.0.1
210202,90019100,6,SLI---0770,0.0,6792234516446485b95f4111f3826eb5d0cc03b440890a98b71207f50eb5524a,308adcb65957ec472646a83b02ba7ddd6fa89225,25a68b5450f8a92990beb694bb0fc751eac757e45d94f80aa0a6e31a37d3355b,2026-09-04T16:27:33+00:00,13.0.1
210202,90019100,6,SLI---1200,0.0,6792234516446485b95f4111f3826eb5d0cc03b440890a98b71207f50eb5524a,308adcb65957ec472646a83b02ba7ddd6fa89225,25a68b5450f8a92990beb694bb0fc751eac757e45d94f80aa0a6e31a37d3355b,2026-09-04T16:27:33+00:00,13.0.1
210202,90019100,7,BAC---1041,10.552787680150532,6792234516446485b95f4111f3826eb5d0cc03b440890a98b71207f50eb5524a,308adcb65957ec472646a83b02ba7ddd6fa89225,25a68b5450f8a92990beb694bb0fc751eac757e45d94f80aa0a6e31a37d3355b,2026-09-04T16:27:33+00:00,13.0.1
210202,90019100,7,BAC-O-4312,0.0,6792234516446485b95f4111f3826eb5d0cc03b440890a98b71207f50eb5524a,308adcb65957ec472646a83b02ba7ddd6fa89225,25a68b5450f8a92990beb694bb0fc751eac757e45d94f80aa0a6e31a37d3355b,2026-09-04T16:27:33+00:00,13.0.1
210202,90019100,7,BAC-O-4325,0.0,6792234516446485b95f4111f3826eb5d0cc03b440890a98b71207f50eb5524a,308adcb65957ec472646a83b02ba7ddd6fa89225,25a68b5450f8a92990beb694bb0fc751eac757e45d94f80aa0a6e31a37d3355b,2026-09-04T16:27:33+00:00,13.0.1
210202,90019100,7,BAC-O-6423,0.0,6792234516446485b95f4111f3826eb5d0cc03b440890a98b71207f50eb5524a,308adcb65957ec472646a83b02ba7ddd6fa89225,25a68b5450f8a92990beb694bb0fc751eac757e45d94f80aa0a6e31a37d3355b,2026-09-04T16:27:33+00:00,13.0.1
210202,90019100,7,BAC-O-6433,0.0,6792234516446485b95f4111f3826eb5d0cc03b440890a98b71207f50eb5524a,308adcb65957ec472646a83b02ba7ddd6fa89225,25a68b5450f8a92990beb694bb0fc751eac757e45d94f80aa0a6e31a37d3355b,2026-09-04T16:27:33+00:00,13.0.1
210202,90019100,7,CON-S-0130,0.0,6792234516446485b95f4111f3826eb5d0cc03b440890a98b71207f50eb5524a,308adcb65957ec472646a83b02ba7ddd6fa89225,25a68b5450f8a92990beb694bb0fc751eac757e45d94f80aa0a6e31a37d3355b,2026-09-04T16:27:33+00:00,13.0.1
210202,90019100,7,SLI---0770,0.0,6792234516446485b95f4111f3826eb5d0cc03b440890a98b71207f50eb5524a,308adcb65957ec472646a83b02ba7ddd6fa89225,25a68b5450f8a92990beb694bb0fc751eac757e45d94f80aa0a6e31a37d3355b,2026-09-04T16:27:33+00:00,13.0.1
210202,90019100,7,SLI---1200,0.0,6792234516446485b95f4111f3826eb5d0cc03b440890a98b71207f50eb5524a,308adcb65957ec472646a83b02ba7ddd6fa89225,25a68b5450f8a92990beb694bb0fc751eac757e45d94f80aa0a6e31a37d3355b,2026-09-04T16:27:33+00:00,13.0.1
210202,90019100,8,BAC---1041,0.0,6792234516446485b95f4111f3826eb5d0cc03b440890a98b71207f50eb5524a,308adcb65957ec472646a83b02ba7ddd6fa89225,25a68b5450f8a92990beb694bb0fc751eac757e45d94f80aa0a6e31a37d3355b,2026-09-04T16:27:33+00:00,13.0.1
210202,90019100,8,BAC-O-4312,0.0,6792234516446485b95f4111f3826eb5d0cc03b440890a98b71207f50eb5524a,308adcb65957ec472646a83b02ba7ddd6fa89225,25a68b5450f8a92990beb694bb0fc751eac757e45d94f80aa0a6e31a37d3355b,2026-09-04T16:27:33+00:00,13.0.1
210202,90019100,8,BAC-O-4325,0.0,6792234516446485b95f4111f3826eb5d0cc03b440890a98b71207f50eb5524a,308adcb65957ec472646a83b02ba7ddd6fa89225,25a68b5450f8a92990beb694bb0fc751eac757e45d94f80aa0a6e31a37d3355b,2026-09-04T16:27:33+00:00,13.0.1
210202,90019100,8,BAC-O-6423,0.0,6792234516446485b95f4111f3826eb5d0cc03b440890a98b71207f50eb5524a,308adcb65957ec472646a83b02ba7ddd6fa89225,25a68b5450f8a92990beb694bb0fc751eac757e45d94f80aa0a6e31a37d3355b,2026-09-04T16:27:33+00:00,13.0.1
210202,90019100,8,BAC-O-6433,0.0,6792234516446485b95f4111f3826eb5d0cc03b440890a98b71207f50eb5524a,308adcb65957ec472646a83b02ba7ddd6fa89225,25a68b5450f8a92990beb694bb0fc751eac757e45d94f80aa0a6e31a37d3355b,2026-09-04T16:27:33+00:00,13.0.1
210202,90019100,8,CON-S-0130,0.0,6792234516446485b95f4111f3826eb5d0cc03b440890a98b71207f50eb5524a,308adcb65957ec472646a83b02ba7ddd6fa89225,25a68b5450f8a92990beb694bb0fc751eac757e45d94f80aa0a6e31a37d3355b,2026-09-04T16:27:33+00:00,13.0.1
210202,90019100,8,SLI---0770,0.0,6792234516446485b95f4111f3826eb5d0cc03b440890a98b71207f50eb5524a,308adcb65957ec472646a83b02ba7ddd6fa89225,25a68b5450f8a92990beb694bb0fc751eac757e45d94f80aa0a6e31a37d3355b,2026-09-04T16:27:33+00:00,13.0.1
210202,90019100,8,SLI---1200,0.0,6792234516446485b95f4111f3826eb5d0cc03b440890a98b71207f50eb5524a,308adcb65957ec472646a83b02ba7ddd6fa89225,25a68b5450f8a92990beb694bb0fc751eac757e45d94f80aa0a6e31a37d3355b,2026-09-04T16:27:33+00:00,13.0.1
210202,90019100,9,BAC---1041,0.0,6792234516446485b95f4111f3826eb5d0cc03b440890a98b71207f50eb5524a,308adcb65957ec472646a83b02ba7ddd6fa89225,25a68b5450f8a92990beb694bb0fc751eac757e45d94f80aa0a6e31a37d3355b,2026-09-04T16:27:33+00:00,13.0.1
210202,90019100,9,BAC-O-4312,0.0,6792234516446485b95f4111f3826eb5d0cc03b440890a98b71207f50eb5524a,308adcb65957ec472646a83b02ba7ddd6fa89225,25a68b5450f8a92990beb694bb0fc751eac757e45d94f80aa0a6e31a37d3355b,2026-09-04T16:27:33+00:00,13.0.1
210202,90019100,9,BAC-O-4325,0.0,6792234516446485b95f4111f3826eb5d0cc03b440890a98b71207f50eb5524a,308adcb65957ec472646a83b02ba7ddd6fa89225,25a68b5450f8a92990beb694bb0fc751eac757e45d94f80aa0a6e31a37d3355b,2026-09-04T16:27:33+00:00,13.0.1
210202,90019100,9,BAC-O-6423,12.763541178735204,6792234516446485b95f4111f3826eb5d0cc03b440890a98b71207f50eb5524a,308adcb65957ec472646a83b02ba7ddd6fa89225,25a68b5450f8a92990beb694bb0fc751eac757e45d94f80aa0a6e31a37d3355b,2026-09-04T16:27:33+00:00,13.0.1
210202,90019100,9,BAC-O-6433,0.036893448740763155,6792234516446485b95f4111f3826eb5d0cc03b440890a98b71207f50eb5524a,308adcb65957ec472646a83b02ba7ddd6fa89225,25a68b5450f8a92990beb694bb0fc751eac757e45d94f80aa0a6e31a37d3355b,2026-09-04T16:27:33+00:00,13.0.1
210202,90019100,9,CON-S-0130,0.1000013492307367,6792234516446485b95f4111f3826eb5d0cc03b440890a98b71207f50eb5524a,308adcb65957ec472646a83b02ba7ddd6fa89225,25a68b5450f8a92990beb694bb0fc751eac757e45d94f80aa0a6e31a37d3355b,2026-09-04T16:27:33+00:00,13.0.1
210202,90019100,9,SLI---0770,0.10818088127327866,6792234516446485b95f4111f3826eb5d0cc03b440890a98b71207f50eb5524a,308adcb65957ec472646a83b02ba7ddd6fa89225,25a68b5450f8a92990beb694bb0fc751eac757e45d94f80aa0a6e31a37d3355b,2026-09-04T16:27:33+00:00,13.0.1
210202,90019100,9,SLI---1200,8.24984542819577,6792234516446485b95f4111f3826eb5d0cc03b440890a98b71207f50eb5524a,308adcb65957ec472646a83b02ba7ddd6fa89225,25a68b5450f8a92990beb694bb0fc751eac757e45d94f80aa0a6e31a37d3355b,2026-09-04T16:27:33+00:00,13.0.1
210202,90019100,10,BAC---1041,3.2857142857142856,6792234516446485b95f4111f3826eb5d0cc03b440890a98b71207f50eb5524a,308adcb65957ec472646a83b02ba7ddd6fa89225,25a68b5450f8a92990beb694bb0fc751eac757e45d94f80aa0a6e31a37d3355b,2026-09-04T16:27:33+00:00,13.0.1
210202,90019100,10,BAC-O-4312,14.72931187409447,6792234516446485b95f4111f3826eb5d0cc03b440890a98b71207f50eb5524a,308adcb65957ec472646a83b02ba7ddd6fa89225,25a68b5450f8a92990beb694bb0fc751eac757e45d94f80aa0a6e31a37d3355b,2026-09-04T16:27:33+00:00,13.0.1
210202,90019100,10,BAC-O-4325,0.18672871465885632,6792234516446485b95f4111f3826eb5d0cc03b440890a98b71207f50eb5524a,308adcb65957ec472646a83b02ba7ddd6fa89225,25a68b5450f8a92990beb694bb0fc751eac757e45d94f80aa0a6e31a37d3355b,2026-09-04T16:27:33+00:00,13.0.1
210202,90019100,10,BAC-O-6423,0.0,6792234516446485b95f4111f3826eb5d0cc03b440890a98b71207f50eb5524a,308adcb65957ec472646a83b02ba7ddd6fa89225,25a68b5450f8a92990beb694bb0fc751eac757e45d94f80aa0a6e31a37d3355b,2026-09-04T16:27:33+00:00,13.0.1
210202,90019100,10,BAC-O-6433,0.0,6792234516446485b95f4111f3826eb5d0cc03b440890a98b71207f50eb5524a,308adcb65957ec472646a83b02ba7ddd6fa89225,25a68b5450f8a92990beb694bb0fc751eac757e45d94f80aa0a6e31a37d3355b,2026-09-04T16:27:33+00:00,13.0.1
210202,90019100,10,CON-S-0130,0.0,6792234516446485b95f4111f3826eb5d0cc03b440890a98b71207f50eb5524a,308adcb65957ec472646a83b02ba7ddd6fa89225,25a68b5450f8a92990beb694bb0fc751eac757e45d94f80aa0a6e31a37d3355b,2026-09-04T16:27:33+00:00,13.0.1
210202,90019100,10,SLI---0770,0.0,6792234516446485b95f4111f3826eb5d0cc03b440890a98b71207f50eb5524a,308adcb65957ec472646a83b02ba7ddd6fa89225,25a68b5450f8a92990beb694bb0fc751eac757e45d94f80aa0a6e31a37d3355b,2026-09-04T16:27:33+00:00,13.0.1
210202,90019100,10,SLI---1200,0.0,6792234516446485b95f4111f3826eb5d0cc03b440890a98b71207f50eb5524a,308adcb65957ec472646a83b02ba7ddd6fa89225,25a68b5450f8a92990beb694bb0fc751eac757e45d94f80aa0a6e31a37d3355b,2026-09-04T16:27:33+00:00,13.0.1
210202,90019100,11,BAC---1041,1.6562543370150298,6792234516446485b95f4111f3826eb5d0cc03b440890a98b71207f50eb5524a,308adcb65957ec472646a83b02ba7ddd6fa89225,25a68b5450f8a92990beb694bb0fc751eac757e45d94f80aa0a6e31a37d3355b,2026-09-04T16:27:33+00:00,13.0.1
210202,90019100,11,BAC-O-4312,0.0,6792234516446485b95f4111f3826eb5d0cc03b440890a98b71207f50eb5524a,308adcb65957ec472646a83b02ba7ddd6fa89225,25a68b5450f8a92990beb694bb0fc751eac757e45d94f80aa0a6e31a37d3355b,2026-09-04T16:27:33+00:00,13.0.1
210202,90019100,11,BAC-O-4325,0.0,6792234516446485b95f4111f3826eb5d0cc03b440890a98b71207f50eb5524a,308adcb65957ec472646a83b02ba7ddd6fa89225,25a68b5450f8a92990beb694bb0fc751eac757e45d94f80aa0a6e31a37d3355b,2026-09-04T16:27:33+00:00,13.0.1
210202,90019100,11,BAC-O-6423,0.0,6792234516446485b95f4111f3826eb5d0cc03b440890a98b71207f50eb5524a,308adcb65957ec472646a83b02ba7ddd6fa89225,25a68b5450f8a92990beb694bb0fc751eac757e45d94f80aa0a6e31a37d3355b,2026-09-04T16:27:33+00:00,13.0.1
210202,90019100,11,BAC-O-6433,0.0,6792234516446485b95f4111f3826eb5d0cc03b440890a98b71207f50eb5524a,308adcb65957ec472646a83b02ba7ddd6fa89225,25a68b5450f8a92990beb694bb0fc751eac757e45d94f80aa0a6e31a37d3355b,2026-09-04T16:27:33+00:00,13.0.1
210202,90019100,11,CON-S-0130,0.0,6792234516446485b95f4111f3826eb5d0cc03b440890a98b71207f50eb5524a,308adcb65957ec472646a83b02ba7ddd6fa89225,25a68b5450f8a92990beb694bb0fc751eac757e45d94f80aa0a6e31a37d3355b,2026-09-04T16:27:33+00:00,13.0.1
210202,90019100,11,SLI---0770,0.0,6792234516446485b95f4111f3826eb5d0cc03b440890a98b71207f50eb5524a,308adcb65957ec472646a83b02ba7ddd6fa89225,25a68b5450f8a92990beb694bb0fc751eac757e45d94f80aa0a6e31a37d3355b,2026-09-04T16:27:33+00:00,13.0.1
210202,90019100,11,SLI---1200,0.0,6792234516446485b95f4111f3826eb5d0cc03b440890a98b71207f50eb5524a,308adcb65957ec472646a83b02ba7ddd6fa89225,25a68b5450f8a92990beb694bb0fc751eac757e45d94f80aa0a6e31a37d3355b,2026-09-04T16:27:33+00:00,13.0.1
210202,90019100,12,BAC---1041,0.0,6792234516446485b95f4111f3826eb5d0cc03b440890a98b71207f50eb5524a,308adcb65957ec472646a83b02ba7ddd6fa89225,25a68b5450f8a92990beb694bb0fc751eac757e45d94f80aa0a6e31a37d3355b,2026-09-04T16:27:33+00:00,13.0.1
210202,90019100,12,BAC-O-4312,0.0,6792234516446485b95f4111f3826eb5d0cc03b440890a98b71207f50eb5524a,308adcb65957ec472646a83b02ba7ddd6fa89225,25a68b5450f8a92990beb694bb0fc751eac757e45d94f80aa0a6e31a37d3355b,2026-09-04T16:27:33+00:00,13.0.1
210202,90019100,12,BAC-O-4325,0.0,6792234516446485b95f4111f3826eb5d0cc03b440890a98b71207f50eb5524a,308adcb65957ec472646a83b02ba7ddd6fa89225,25a68b5450f8a92990beb694bb0fc751eac757e45d94f80aa0a6e31a37d3355b,2026-09-04T16:27:33+00:00,13.0.1
210202,90019100,12,BAC-O-6423,0.0,6792234516446485b95f4111f3826eb5d0cc03b440890a98b71207f50eb5524a,308adcb65957ec472646a83b02ba7ddd6fa89225,25a68b5450f8a92990beb694bb0fc751eac757e45d94f80aa0a6e31a37d3355b,2026-09-04T16:27:33+00:00,13.0.1
210202,90019100,12,BAC-O-6433,0.0,6792234516446485b95f4111f3826eb5d0cc03b440890a98b71207f50eb5524a,308adcb65957ec472646a83b02ba7ddd6fa89225,25a68b5450f8a92990beb694bb0fc751eac757e45d94f80aa0a6e31a37d3355b,2026-09-04T16:27:33+00:00,13.0.1
210202,90019100,12,CON-S-0130,0.0,6792234516446485b95f4111f3826eb5d0cc03b440890a98b71207f50eb5524a,308adcb65957ec472646a83b02ba7ddd6fa89225,25a68b5450f8a92990beb694bb0fc751eac757e45d94f80aa0a6e31a37d3355b,2026-09-04T16:27:33+00:00,13.0.1
210202,90019100,12,SLI---0770,0.0,6792234516446485b95f4111f3826eb5d0cc03b440890a98b71207f50eb5524a,308adcb65957ec472646a83b02ba7ddd6fa89225,25a68b5450f8a92990beb694bb0fc751eac757e45d94f80aa0a6e31a37d3355b,2026-09-04T16:27:33+00:00,13.0.1
210202,90019100,12,SLI---1200,0.0,6792234516446485b95f4111f3826eb5d0cc03b440890a98b71207f50eb5524a,308adcb65957ec472646a83b02ba7ddd6fa89225,25a68b5450f8a92990beb694bb0fc751eac757e45d94f80aa0a6e31a37d3355b,2026-09-04T16:27:33+00:00,13.0.1
210202,91017200,1,BAC---1041,1.6433783714507122,6792234516446485b95f4111f3826eb5d0cc03b440890a98b71207f50eb5524a,308adcb65957ec472646a83b02ba7ddd6fa89225,25a68b5450f8a92990beb694bb0fc751eac757e45d94f80aa0a6e31a37d3355b,2026-09-04T16:27:33+00:00,13.0.1
210202,91017200,1,BAC-O-4312,0.0,6792234516446485b95f4111f3826eb5d0cc03b440890a98b71207f50eb5524a,308adcb65957ec472646a83b02ba7ddd6fa89225,25a68b5450f8a92990beb694bb0fc751eac757e45d94f80aa0a6e31a37d3355b,2026-09-04T16:27:33+00:00,13.0.1
210202,91017200,1,BAC-O-4325,0.0,6792234516446485b95f4111f3826eb5d0cc03b440890a98b71207f50eb5524a,308adcb65957ec472646a83b02ba7ddd6fa89225,25a68b5450f8a92990beb694bb0fc751eac757e45d94f80aa0a6e31a37d3355b,2026-09-04T16:27:33+00:00,13.0.1
210202,91017200,1,BAC-O-6423,0.0,6792234516446485b95f4111f3826eb5d0cc03b440890a98b71207f50eb5524a,308adcb65957ec472646a83b02ba7ddd6fa89225,25a68b5450f8a92990beb694bb0fc751eac757e45d94f80aa0a6e31a37d3355b,2026-09-04T16:27:33+00:00,13.0.1
210202,91017200,1,BAC-O-6433,0.0,6792234516446485b95f4111f3826eb5d0cc03b440890a98b71207f50eb5524a,308adcb65957ec472646a83b02ba7ddd6fa89225,25a68b5450f8a92990beb694bb0fc751eac757e45d94f80aa0a6e31a37d3355b,2026-09-04T16:27:33+00:00,13.0.1
210202,91017200,1,CON-S-0130,0.0,6792234516446485b95f4111f3826eb5d0cc03b440890a98b71207f50eb5524a,308adcb65957ec472646a83b02ba7ddd6fa89225,25a68b5450f8a92990beb694bb0fc751eac757e45d94f80aa0a6e31a37d3355b,2026-09-04T16:27:33+00:00,13.0.1
210202,91017200,1,SLI---0770,0.0,6792234516446485b95f4111f3826eb5d0cc03b440890a98b71207f50eb5524a,308adcb65957ec472646a83b02ba7ddd6fa89225,25a68b5450f8a92990beb694bb0fc751eac757e45d94f80aa0a6e31a37d3355b,2026-09-04T16:27:33+00:00,13.0.1
210202,91017200,1,SLI---1200,0.0,6792234516446485b95f4111f3826eb5d0cc03b440890a98b71207f50eb5524a,308adcb65957ec472646a83b02ba7ddd6fa89225,25a68b5450f8a92990beb694bb0fc751eac757e45d94f80aa0a6e31a37d3355b,2026-09-04T16:27:33+00:00,13.0.1
210202,91017200,2,BAC---1041,0.0,6792234516446485b95f4111f3826eb5d0cc03b440890a98b71207f50eb5524a,308adcb65957ec472646a83b02ba7ddd6fa89225,25a68b5450f8a92990beb694bb0fc751eac757e45d94f80aa0a6e31a37d3355b,2026-09-04T16:27:33+00:00,13.0.1
210202,91017200,2,BAC-O-4312,0.0,6792234516446485b95f4111f3826eb5d0cc03b440890a98b71207f50eb5524a,308adcb65957ec472646a83b02ba7ddd6fa89225,25a68b5450f8a92990beb694bb0fc751eac757e45d94f80aa0a6e31a37d3355b,2026-09-04T16:27:33+00:00,13.0.1
210202,91017200,2,BAC-O-4325,0.0,6792234516446485b95f4111f3826eb5d0cc03b440890a98b71207f50eb5524a,308adcb65957ec472646a83b02ba7ddd6fa89225,25a68b5450f8a92990beb694bb0fc751eac757e45d94f80aa0a6e31a37d3355b,2026-09-04T16:27:33+00:00,13.0.1
210202,91017200,2,BAC-O-6423,0.0,6792234516446485b95f4111f3826eb5d0cc03b440890a98b71207f50eb5524a,308adcb65957ec472646a83b02ba7ddd6fa89225,25a68b5450f8a92990beb694bb0fc751eac757e45d94f80aa0a6e31a37d3355b,2026-09-04T16:27:33+00:00,13.0.1
210202,91017200,2,BAC-O-6433,0.0,6792234516446485b95f4111f3826eb5d0cc03b440890a98b71207f50eb5524a,308adcb65957ec472646a83b02ba7ddd6fa89225,25a68b5450f8a92990beb694bb0fc751eac757e45d94f80aa0a6e31a37d3355b,2026-09-04T16:27:33+00:00,13.0.1
210202,91017200,2,CON-S-0130,0.0,6792234516446485b95f4111f3826eb5d0cc03b440890a98b71207f50eb5524a,308adcb65957ec472646a83b02ba7ddd6fa89225,25a68b5450f8a92990beb694bb0fc751eac757e45d94f80aa0a6e31a37d3355b,2026-09-04T16:27:33+00:00,13.0.1
210202,91017200,2,SLI---0770,0.0,6792234516446485b95f4111f3826eb5d0cc03b440890a98b71207f50eb5524a,308adcb65957ec472646a83b02ba7ddd6fa89225,25a68b5450f8a92990beb694bb0fc751eac757e45d94f80aa0a6e31a37d3355b,2026-09-04T16:27:33+00:00,13.0.1
210202,91017200,2,SLI---1200,0.0,6792234516446485b95f4111f3826eb5d0cc03b440890a98b71207f50eb5524a,308adcb65957ec472646a83b02ba7ddd6fa89225,25a68b5450f8a92990beb694bb0fc751eac757e45d94f80aa0a6e31a37d3355b,2026-09-04T16:27:33+00:00,13.0.1
210202,91017200,3,BAC---1041,25.428571428571427,6792234516446485b95f4111f3826eb5d0cc03b440890a98b71207f50eb5524a,308adcb65957ec472646a83b02ba7ddd6fa89225,25a68b5450f8a92990beb694bb0fc751eac757e45d94f80aa0a6e31a37d3355b,2026-09-04T16:27:33+00:00,13.0.1
210202,91017200,3,BAC-O-4312,23.455147139133384,6792234516446485b95f4111f3826eb5d0cc03b440890a98b71207f50eb5524a,308adcb65957ec472646a83b02ba7ddd6fa89225,25a68b5450f8a92990beb694bb0fc751eac757e45d94f80aa0a6e31a37d3355b,2026-09-04T16:27:33+00:00,13.0.1
210202,91017200,3,BAC-O-4325,8.110483786880504,6792234516446485b95f4111f3826eb5d0cc03b440890a98b71207f50eb5524a,308adcb65957ec472646a83b02ba7ddd6fa89225,25a68b5450f8a92990beb694bb0fc751eac757e45d94f80aa0a6e31a37d3355b,2026-09-04T16:27:33+00:00,13.0.1
210202,91017200,3,BAC-O-6423,59.37504255713402,6792234516446485b95f4111f3826eb5d0cc03b440890a98b71207f50eb5524a,308adcb65957ec472646a83b02ba7ddd6fa89225,25a68b5450f8a92990beb694bb0fc751eac757e45d94f80aa0a6e31a37d3355b,2026-09-04T16:27:33+00:00,13.0.1
210202,91017200,3,BAC-O-6433,0.0,6792234516446485b95f4111f3826eb5d0cc03b440890a98b71207f50eb5524a,308adcb65957ec472646a83b02ba7ddd6fa89225,25a68b5450f8a92990beb694bb0fc751eac757e45d94f80aa0a6e31a37d3355b,2026-09-04T16:27:33+00:00,13.0.1
210202,91017200,3,CON-S-0130,59.222041611463794,6792234516446485b95f4111f3826eb5d0cc03b440890a98b71207f50eb5524a,308adcb65957ec472646a83b02ba7ddd6fa89225,25a68b5450f8a92990beb694bb0fc751eac757e45d94f80aa0a6e31a37d3355b,2026-09-04T16:27:33+00:00,13.0.1
210202,91017200,3,SLI---0770,64.72505269656953,6792234516446485b95f4111f3826eb5d0cc03b440890a98b71207f50eb5524a,308adcb65957ec472646a83b02ba7ddd6fa89225,25a68b5450f8a92990beb694bb0fc751eac757e45d94f80aa0a6e31a37d3355b,2026-09-04T16:27:33+00:00,13.0.1
210202,91017200,3,SLI---1200,0.0,6792234516446485b95f4111f3826eb5d0cc03b440890a98b71207f50eb5524a,308adcb65957ec472646a83b02ba7ddd6fa89225,25a68b5450f8a92990beb694bb0fc751eac757e45d94f80aa0a6e31a37d3355b,2026-09-04T16:27:33+00:00,13.0.1
210202,91017200,4,BAC---1041,0.0,6792234516446485b95f4111f3826eb5d0cc03b440890a98b71207f50eb5524a,308adcb65957ec472646a83b02ba7ddd6fa89225,25a68b5450f8a92990beb694bb0fc751eac757e45d94f80aa0a6e31a37d3355b,2026-09-04T16:27:33+00:00,13.0.1
210202,91017200,4,BAC-O-4312,0.0,6792234516446485b95f4111f3826eb5d0cc03b440890a98b71207f50eb5524a,308adcb65957ec472646a83b02ba7ddd6fa89225,25a68b5450f8a92990beb694bb0fc751eac757e45d94f80aa0a6e31a37d3355b,2026-09-04T16:27:33+00:00,13.0.1
210202,91017200,4,BAC-O-4325,0.0,6792234516446485b95f4111f3826eb5d0cc03b440890a98b71207f50eb5524a,308adcb65957ec472646a83b02ba7ddd6fa89225,25a68b5450f8a92990beb694bb0fc751eac757e45d94f80aa0a6e31a37d3355b,2026-09-04T16:27:33+00:00,13.0.1
210202,91017200,4,BAC-O-6423,0.0,6792234516446485b95f4111f3826eb5d0cc03b440890a98b71207f50eb5524a,308adcb65957ec472646a83b02ba7ddd6fa89225,25a68b5450f8a92990beb694bb0fc751eac757e45d94f80aa0a6e31a37d3355b,2026-09-04T16:27:33+00:00,13.0.1
210202,91017200,4,BAC-O-6433,0.0,6792234516446485b95f4111f3826eb5d0cc03b440890a98b71207f50eb5524a,308adcb65957ec472646a83b02ba7ddd6fa89225,25a68b5450f8a92990beb694bb0fc751eac757e45d94f80aa0a6e31a37d3355b,2026-09-04T16:27:33+00:00,13.0.1
210202,91017200,4,CON-S-0130,0.0,6792234516446485b95f4111f3826eb5d0cc03b440890a98b71207f50eb5524a,308adcb65957ec472646a83b02ba7ddd6fa89225,25a68b5450f8a92990beb694bb0fc751eac757e45d94f80aa0a6e31a37d3355b,2026-09-04T16:27:33+00:00,13.0.1
210202,91017200,4,SLI---0770,0.0,6792234516446485b95f4111f3826eb5d0cc03b440890a98b71207f50eb5524a,308adcb65957ec472646a83b02ba7ddd6fa89225,25a68b5450f8a92990beb694bb0fc751eac757e45d94f80aa0a6e31a37d3355b,2026-09-04T16:27:33+00:00,13.0.1
210202,91017200,4,SLI---1200,0.0,6792234516446485b95f4111f3826eb5d0cc03b440890a98b71207f50eb5524a,308adcb65957ec472646a83b02ba7ddd6fa89225,25a68b5450f8a92990beb694bb0fc751eac757e45d94f80aa0a6e31a37d3355b,2026-09-04T16:27:33+00:00,13.0.1
210202,91017200,5,BAC---1041,0.0,6792234516446485b95f4111f3826eb5d0cc03b440890a98b71207f50eb5524a,308adcb65957ec472646a83b02ba7ddd6fa89225,25a68b5450f8a92990beb694bb0fc751eac757e45d94f80aa0a6e31a37d3355b,2026-09-04T16:27:33+00:00,13.0.1
210202,91017200,5,BAC-O-4312,0.0,6792234516446485b95f4111f3826eb5d0cc03b440890a98b71207f50eb5524a,308adcb65957ec472646a83b02ba7ddd6fa89225,25a68b5450f8a92990beb694bb0fc751eac757e45d94f80aa0a6e31a37d3355b,2026-09-04T16:27:33+00:00,13.0.1
210202,91017200,5,BAC-O-4325,0.0,6792234516446485b95f4111f3826eb5d0cc03b440890a98b71207f50eb5524a,308adcb65957ec472646a83b02ba7ddd6fa89225,25a68b5450f8a92990beb694bb0fc751eac757e45d94f80aa0a6e31a37d3355b,2026-09-04T16:27:33+00:00,13.0.1
210202,91017200,5,BAC-O-6423,0.0,6792234516446485b95f4111f3826eb5d0cc03b440890a98b71207f50eb5524a,308adcb65957ec472646a83b02ba7ddd6fa89225,25a68b5450f8a92990beb694bb0fc751eac757e45d94f80aa0a6e31a37d3355b,2026-09-04T16:27:33+00:00,13.0.1
210202,91017200,5,BAC-O-6433,0.0,6792234516446485b95f4111f3826eb5d0cc03b440890a98b71207f50eb5524a,308adcb65957ec472646a83b02ba7ddd6fa89225,25a68b5450f8a92990beb694bb0fc751eac757e45d94f80aa0a6e31a37d3355b,2026-09-04T16:27:33+00:00,13.0.1
210202,91017200,5,CON-S-0130,0.0,6792234516446485b95f4111f3826eb5d0cc03b440890a98b71207f50eb5524a,308adcb65957ec472646a83b02ba7ddd6fa89225,25a68b5450f8a92990beb694bb0fc751eac757e45d94f80aa0a6e31a37d3355b,2026-09-04T16:27:33+00:00,13.0.1
210202,91017200,5,SLI---0770,0.0,6792234516446485b95f4111f3826eb5d0cc03b440890a98b71207f50eb5524a,308adcb65957ec472646a83b02ba7ddd6fa89225,25a68b5450f8a92990beb694bb0fc751eac757e45d94f80aa0a6e31a37d3355b,2026-09-04T16:27:33+00:00,13.0.1
210202,91017200,5,SLI---1200,0.0,6792234516446485b95f4111f3826eb5d0cc03b440890a98b71207f50eb5524a,308adcb65957ec472646a83b02ba7ddd6fa89225,25a68b5450f8a92990beb694bb0fc751eac757e45d94f80aa0a6e31a37d3355b,2026-09-04T16:27:33+00:00,13.0.1
210202,91017200,6,BAC---1041,10.822253575017047,6792234516446485b95f4111f3826eb5d0cc03b440890a98b71207f50eb5524a,308adcb65957ec472646a83b02ba7ddd6fa89225,25a68b5450f8a92990beb694bb0fc751eac757e45d94f80aa0a6e31a37d3355b,2026-09-04T16:27:33+00:00,13.0.1
210202,91017200,6,BAC-O-4312,15.642857142857142,6792234516446485b95f4111f3826eb5d0cc03b440890a98b71207f50eb5524a,308adcb65957ec472646a83b02ba7ddd6fa89225,25a68b5450f8a92990beb694bb0fc751eac757e45d94f80aa0a6e31a37d3355b,2026-09-04T16:27:33+00:00,13.0.1
210202,91017200,6,BAC-O-4325,51.13615823762021,6792234516446485b95f4111f3826eb5d0cc03b440890a98b71207f50eb5524a,308adcb65957ec472646a83b02ba7ddd6fa89225,25a68b5450f8a92990beb694bb0fc751eac757e45d94f80aa0a6e31a37d3355b,2026-09-04T16:27:33+00:00,13.0.1
210202,91017200,6,BAC-O-6423,67.60687177863004,6792234516446485b95f4111f3826eb5d0cc03b440890a98b71207f50eb5524a,308adcb65957ec472646a83b02ba7ddd6fa89225,25a68b5450f8a92990beb694bb0fc751eac757e45d94f80aa0a6e31a37d3355b,2026-09-04T16:27:33+00:00,13.0.1
210202,91017200,6,BAC-O-6433,123.4181417637245,6792234516446485b95f4111f3826eb5d0cc03b440890a98b71207f50eb5524a,308adcb65957ec472646a83b02ba7ddd6fa89225,25a68b5450f8a92990beb694bb0fc751eac757e45d94f80aa0a6e31a37d3355b,2026-09-04T16:27:33+00:00,13.0.1
210202,91017200,6,CON-S-0130,17.214285714285715,6792234516446485b95f4111f3826eb5d0cc03b440890a98b71207f50eb5524a,308adcb65957ec472646a83b02ba7ddd6fa89225,25a68b5450f8a92990beb694bb0fc751eac757e45d94f80aa0a6e31a37d3355b,2026-09-04T16:27:33+00:00,13.0.1
210202,91017200,6,SLI---0770,63.25134127921167,6792234516446485b95f4111f3826eb5d0cc03b440890a98b71207f50eb5524a,308adcb65957ec472646a83b02ba7ddd6fa89225,25a68b5450f8a92990beb694bb0fc751eac757e45d94f80aa0a6e31a37d3355b,2026-09-04T16:27:33+00:00,13.0.1
210202,91017200,6,SLI---1200,28.044449904918945,6792234516446485b95f4111f3826eb5d0cc03b440890a98b71207f50eb5524a,308adcb65957ec472646a83b02ba7ddd6fa89225,25a68b5450f8a92990beb694bb0fc751eac757e45d94f80aa0a6e31a37d3355b,2026-09-04T16:27:33+00:00,13.0.1
210202,91017200,7,BAC---1041,0.0,6792234516446485b95f4111f3826eb5d0cc03b440890a98b71207f50eb5524a,308adcb65957ec472646a83b02ba7ddd6fa89225,25a68b5450f8a92990beb694bb0fc751eac757e45d94f80aa0a6e31a37d3355b,2026-09-04T16:27:33+00:00,13.0.1
210202,91017200,7,BAC-O-4312,0.0,6792234516446485b95f4111f3826eb5d0cc03b440890a98b71207f50eb5524a,308adcb65957ec472646a83b02ba7ddd6fa89225,25a68b5450f8a92990beb694bb0fc751eac757e45d94f80aa0a6e31a37d3355b,2026-09-04T16:27:33+00:00,13.0.1
210202,91017200,7,BAC-O-4325,0.0,6792234516446485b95f4111f3826eb5d0cc03b440890a98b71207f50eb5524a,308adcb65957ec472646a83b02ba7ddd6fa89225,25a68b5450f8a92990beb694bb0fc751eac757e45d94f80aa0a6e31a37d3355b,2026-09-04T16:27:33+00:00,13.0.1
210202,91017200,7,BAC-O-6423,0.0,6792234516446485b95f4111f3826eb5d0cc03b440890a98b71207f50eb5524a,308adcb65957ec472646a83b02ba7ddd6fa89225,25a68b5450f8a92990beb694bb0fc751eac757e45d94f80aa0a6e31a37d3355b,2026-09-04T16:27:33+00:00,13.0.1
210202,91017200,7,BAC-O-6433,0.0,6792234516446485b95f4111f3826eb5d0cc03b440890a98b71207f50eb5524a,308adcb65957ec472646a83b02ba7ddd6fa89225,25a68b5450f8a92990beb694bb0fc751eac757e45d94f80aa0a6e31a37d3355b,2026-09-04T16:27:33+00:00,13.0.1
210202,91017200,7,CON-S-0130,0.0,6792234516446485b95f4111f3826eb5d0cc03b440890a98b71207f50eb5524a,308adcb65957ec472646a83b02ba7ddd6fa89225,25a68b5450f8a92990beb694bb0fc751eac757e45d94f80aa0a6e31a37d3355b,2026-09-04T16:27:33+00:00,13.0.1
210202,91017200,7,SLI---0770,0.0,6792234516446485b95f4111f3826eb5d0cc03b440890a98b71207f50eb5524a,308adcb65957ec472646a83b02ba7ddd6fa89225,25a68b5450f8a92990beb694bb0fc751eac757e45d94f80aa0a6e31a37d3355b,2026-09-04T16:27:33+00:00,13.0.1
210202,91017200,7,SLI---1200,0.0,6792234516446485b95f4111f3826eb5d0cc03b440890a98b71207f50eb5524a,308adcb65957ec472646a83b02ba7ddd6fa89225,25a68b5450f8a92990beb694bb0fc751eac757e45d94f80aa0a6e31a37d3355b,2026-09-04T16:27:33+00:00,13.0.1
210202,91017200,8,BAC---1041,0.0,6792234516446485b95f4111f3826eb5d0cc03b440890a98b71207f50eb5524a,308adcb65957ec472646a83b02ba7ddd6fa89225,25a68b5450f8a92990beb694bb0fc751eac757e45d94f80aa0a6e31a37d3355b,2026-09-04T16:27:33+00:00,13.0.1
210202,91017200,8,BAC-O-4312,0.0,6792234516446485b95f4111f3826eb5d0cc03b440890a98b71207f50eb5524a,308adcb65957ec472646a83b02ba7ddd6fa89225,25a68b5450f8a92990beb694bb0fc751eac757e45d94f80aa0a6e31a37d3355b,2026-09-04T16:27:33+00:00,13.0.1
210202,91017200,8,BAC-O-4325,0.0,6792234516446485b95f4111f3826eb5d0cc03b440890a98b71207f50eb5524a,308adcb65957ec472646a83b02ba7ddd6fa89225,25a68b5450f8a92990beb694bb0fc751eac757e45d94f80aa0a6e31a37d3355b,2026-09-04T16:27:33+00:00,13.0.1
210202,91017200,8,BAC-O-6423,0.0,6792234516446485b95f4111f3826eb5d0cc03b440890a98b71207f50eb5524a,308adcb65957ec472646a83b02ba7ddd6fa89225,25a68b5450f8a92990beb694bb0fc751eac757e45d94f80aa0a6e31a37d3355b,2026-09-04T16:27:33+00:00,13.0.1
210202,91017200,8,BAC-O-6433,0.0,6792234516446485b95f4111f3826eb5d0cc03b440890a98b71207f50eb5524a,308adcb65957ec472646a83b02ba7ddd6fa89225,25a68b5450f8a92990beb694bb0fc751eac757e45d94f80aa0a6e31a37d3355b,2026-09-04T16:27:33+00:00,13.0.1
210202,91017200,8,CON-S-0130,0.39711792145804026,6792234516446485b95f4111f3826eb5d0cc03b440890a98b71207f50eb5524a,308adcb65957ec472646a83b02ba7ddd6fa89225,25a68b5450f8a92990beb694bb0fc751eac757e45d94f80aa0a6e31a37d3355b,2026-09-04T16:27:33+00:00,13.0.1
210202,91017200,8,SLI---0770,0.0,6792234516446485b95f4111f3826eb5d0cc03b440890a98b71207f50eb5524a,308adcb65957ec472646a83b02ba7ddd6fa89225,25a68b5450f8a92990beb694bb0fc751eac757e45d94f80aa0a6e31a37d3355b,2026-09-04T16:27:33+00:00,13.0.1
210202,91017200,8,SLI---1200,0.0,6792234516446485b95f4111f3826eb5d0cc03b440890a98b71207f50eb5524a,308adcb65957ec472646a83b02ba7ddd6fa89225,25a68b5450f8a92990beb694bb0fc751eac757e45d94f80aa0a6e31a37d3355b,2026-09-04T16:27:33+00:00,13.0.1
210202,91017200,9,BAC---1041,0.0,6792234516446485b95f4111f3826eb5d0cc03b440890a98b71207f50eb5524a,308adcb65957ec472646a83b02ba7ddd6fa89225,25a68b5450f8a92990beb694bb0fc751eac757e45d94f80aa0a6e31a37d3355b,2026-09-04T16:27:33+00:00,13.0.1
210202,91017200,9,BAC-O-4312,0.0,6792234516446485b95f4111f3826eb5d0cc03b440890a98b71207f50eb5524a,308adcb65957ec472646a83b02ba7ddd6fa89225,25a68b5450f8a92990beb694bb0fc751eac757e45d94f80aa0a6e31a37d3355b,2026-09-04T16:27:33+00:00,13.0.1
210202,91017200,9,BAC-O-4325,0.0,6792234516446485b95f4111f3826eb5d0cc03b440890a98b71207f50eb5524a,308adcb65957ec472646a83b02ba7ddd6fa89225,25a68b5450f8a92990beb694bb0fc751eac757e45d94f80aa0a6e31a37d3355b,2026-09-04T16:27:33+00:00,13.0.1
210202,91017200,9,BAC-O-6423,0.0,6792234516446485b95f4111f3826eb5d0cc03b440890a98b71207f50eb5524a,308adcb65957ec472646a83b02ba7ddd6fa89225,25a68b5450f8a92990beb694bb0fc751eac757e45d94f80aa0a6e31a37d3355b,2026-09-04T16:27:33+00:00,13.0.1
210202,91017200,9,BAC-O-6433,0.0,6792234516446485b95f4111f3826eb5d0cc03b440890a98b71207f50eb5524a,308adcb65957ec472646a83b02ba7ddd6fa89225,25a68b5450f8a92990beb694bb0fc751eac757e45d94f80aa0a6e31a37d3355b,2026-09-04T16:27:33+00:00,13.0.1
210202,91017200,9,CON-S-0130,0.0,6792234516446485b95f4111f3826eb5d0cc03b440890a98b71207f50eb5524a,308adcb65957ec472646a83b02ba7ddd6fa89225,25a68b5450f8a92990beb694bb0fc751eac757e45d94f80aa0a6e31a37d3355b,2026-09-04T16:27:33+00:00,13.0.1
210202,91017200,9,SLI---0770,0.0,6792234516446485b95f4111f3826eb5d0cc03b440890a98b71207f50eb5524a,308adcb65957ec472646a83b02ba7ddd6fa89225,25a68b5450f8a92990beb694bb0fc751eac757e45d94f80aa0a6e31a37d3355b,2026-09-04T16:27:33+00:00,13.0.1
210202,91017200,9,SLI---1200,0.0,6792234516446485b95f4111f3826eb5d0cc03b440890a98b71207f50eb5524a,308adcb65957ec472646a83b02ba7ddd6fa89225,25a68b5450f8a92990beb694bb0fc751eac757e45d94f80aa0a6e31a37d3355b,2026-09-04T16:27:33+00:00,13.0.1
210202,91017200,10,BAC---1041,0.0,6792234516446485b95f4111f3826eb5d0cc03b440890a98b71207f50eb5524a,308adcb65957ec472646a83b02ba7ddd6fa89225,25a68b5450f8a92990beb694bb0fc751eac757e45d94f80aa0a6e31a37d3355b,2026-09-04T16:27:33+00:00,13.0.1
210202,91017200,10,BAC-O-4312,0.0,6792234516446485b95f4111f3826eb5d0cc03b440890a98b71207f50eb5524a,308adcb65957ec472646a83b02ba7ddd6fa89225,25a68b5450f8a92990beb694bb0fc751eac757e45d94f80aa0a6e31a37d3355b,2026-09-04T16:27:33+00:00,13.0.1
210202,91017200,10,BAC-O-4325,0.0,6792234516446485b95f4111f3826eb5d0cc03b440890a98b71207f50eb5524a,308adcb65957ec472646a83b02ba7ddd6fa89225,25a68b5450f8a92990beb694bb0fc751eac757e45d94f80aa0a6e31a37d3355b,2026-09-04T16:27:33+00:00,13.0.1
210202,91017200,10,BAC-O-6423,0.0,6792234516446485b95f4111f3826eb5d0cc03b440890a98b71207f50eb5524a,308adcb65957ec472646a83b02ba7ddd6fa89225,25a68b5450f8a92990beb694bb0fc751eac757e45d94f80aa0a6e31a37d3355b,2026-09-04T16:27:33+00:00,13.0.1
210202,91017200,10,BAC-O-6433,0.0,6792234516446485b95f4111f3826eb5d0cc03b440890a98b71207f50eb5524a,308adcb65957ec472646a83b02ba7ddd6fa89225,25a68b5450f8a92990beb694bb0fc751eac757e45d94f80aa0a6e31a37d3355b,2026-09-04T16:27:33+00:00,13.0.1
210202,91017200,10,CON-S-0130,0.0,6792234516446485b95f4111f3826eb5d0cc03b440890a98b71207f50eb5524a,308adcb65957ec472646a83b02ba7ddd6fa89225,25a68b5450f8a92990beb694bb0fc751eac757e45d94f80aa0a6e31a37d3355b,2026-09-04T16:27:33+00:00,13.0.1
210202,91017200,10,SLI---0770,0.0,6792234516446485b95f4111f3826eb5d0cc03b440890a98b71207f50eb5524a,308adcb65957ec472646a83b02ba7ddd6fa89225,25a68b5450f8a92990beb694bb0fc751eac757e45d94f80aa0a6e31a37d3355b,2026-09-04T16:27:33+00:00,13.0.1
210202,91017200,10,SLI---1200,0.0,6792234516446485b95f4111f3826eb5d0cc03b440890a98b71207f50eb5524a,308adcb65957ec472646a83b02ba7ddd6fa89225,25a68b5450f8a92990beb694bb0fc751eac757e45d94f80aa0a6e31a37d3355b,2026-09-04T16:27:33+00:00,13.0.1
210202,91017200,11,BAC---1041,0.0,6792234516446485b95f4111f3826eb5d0cc03b440890a98b71207f50eb5524a,308adcb65957ec472646a83b02ba7ddd6fa89225,25a68b5450f8a92990beb694bb0fc751eac757e45d94f80aa0a6e31a37d3355b,2026-09-04T16:27:33+00:00,13.0.1
210202,91017200,11,BAC-O-4312,0.0,6792234516446485b95f4111f3826eb5d0cc03b440890a98b71207f50eb5524a,308adcb65957ec472646a83b02ba7ddd6fa89225,25a68b5450f8a92990beb694bb0fc751eac757e45d94f80aa0a6e31a37d3355b,2026-09-04T16:27:33+00:00,13.0.1
210202,91017200,11,BAC-O-4325,0.0,6792234516446485b95f4111f3826eb5d0cc03b440890a98b71207f50eb5524a,308adcb65957ec472646a83b02ba7ddd6fa89225,25a68b5450f8a92990beb694bb0fc751eac757e45d94f80aa0a6e31a37d3355b,2026-09-04T16:27:33+00:00,13.0.1
210202,91017200,11,BAC-O-6423,0.0,6792234516446485b95f4111f3826eb5d0cc03b440890a98b71207f50eb5524a,308adcb65957ec472646a83b02ba7ddd6fa89225,25a68b5450f8a92990beb694bb0fc751eac757e45d94f80aa0a6e31a37d3355b,2026-09-04T16:27:33+00:00,13.0.1
210202,91017200,11,BAC-O-6433,0.0,6792234516446485b95f4111f3826eb5d0cc03b440890a98b71207f50eb5524a,308adcb65957ec472646a83b02ba7ddd6fa89225,25a68b5450f8a92990beb694bb0fc751eac757e45d94f80aa0a6e31a37d3355b,2026-09-04T16:27:33+00:00,13.0.1
210202,91017200,11,CON-S-0130,0.0,6792234516446485b95f4111f3826eb5d0cc03b440890a98b71207f50eb5524a,308adcb65957ec472646a83b02ba7ddd6fa89225,25a68b5450f8a92990beb694bb0fc751eac757e45d94f80aa0a6e31a37d3355b,2026-09-04T16:27:33+00:00,13.0.1
210202,91017200,11,SLI---0770,0.0,6792234516446485b95f4111f3826eb5d0cc03b440890a98b71207f50eb5524a,308adcb65957ec472646a83b02ba7ddd6fa89225,25a68b5450f8a92990beb694bb0fc751eac757e45d94f80aa0a6e31a37d3355b,2026-09-04T16:27:33+00:00,13.0.1
210202,91017200,11,SLI---1200,0.0,6792234516446485b95f4111f3826eb5d0cc03b440890a98b71207f50eb5524a,308adcb65957ec472646a83b02ba7ddd6fa89225,25a68b5450f8a92990beb694bb0fc751eac757e45d94f80aa0a6e31a37d3355b,2026-09-04T16:27:33+00:00,13.0.1
210202,91017200,12,BAC---1041,0.0,6792234516446485b95f4111f3826eb5d0cc03b440890a98b71207f50eb5524a,308adcb65957ec472646a83b02ba7ddd6fa89225,25a68b5450f8a92990beb694bb0fc751eac757e45d94f80aa0a6e31a37d3355b,2026-09-04T16:27:33+00:00,13.0.1
210202,91017200,12,BAC-O-4312,0.0,6792234516446485b95f4111f3826eb5d0cc03b440890a98b71207f50eb5524a,308adcb65957ec472646a83b02ba7ddd6fa89225,25a68b5450f8a92990beb694bb0fc751eac757e45d94f80aa0a6e31a37d3355b,2026-09-04T16:27:33+00:00,13.0.1
210202,91017200,12,BAC-O-4325,0.0,6792234516446485b95f4111f3826eb5d0cc03b440890a98b71207f50eb5524a,308adcb65957ec472646a83b02ba7ddd6fa89225,25a68b5450f8a92990beb694bb0fc751eac757e45d94f80aa0a6e31a37d3355b,2026-09-04T16:27:33+00:00,13.0.1
210202,91017200,12,BAC-O-6423,0.0,6792234516446485b95f4111f3826eb5d0cc03b440890a98b71207f50eb5524a,308adcb65957ec472646a83b02ba7ddd6fa89225,25a68b5450f8a92990beb694bb0fc751eac757e45d94f80aa0a6e31a37d3355b,2026-09-04T16:27:33+00:00,13.0.1
210202,91017200,12,BAC-O-6433,0.0,6792234516446485b95f4111f3826eb5d0cc03b440890a98b71207f50eb5524a,308adcb65957ec472646a83b02ba7ddd6fa89225,25a68b5450f8a92990beb694bb0fc751eac757e45d94f80aa0a6e31a37d3355b,2026-09-04T16:27:33+00:00,13.0.1
210202,91017200,12,CON-S-0130,0.0,6792234516446485b95f4111f3826eb5d0cc03b440890a98b71207f50eb5524a,308adcb65957ec472646a83b02ba7ddd6fa89225,25a68b5450f8a92990beb694bb0fc751eac757e45d94f80aa0a6e31a37d3355b,2026-09-04T16:27:33+00:00,13.0.1
210202,91017200,12,SLI---0770,0.0,6792234516446485b95f4111f3826eb5d0cc03b440890a98b71207f50eb5524a,308adcb65957ec472646a83b02ba7ddd6fa89225,25a68b5450f8a92990beb694bb0fc751eac757e45d94f80aa0a6e31a37d3355b,2026-09-04T16:27:33+00:00,13.0.1
210202,91017200,12,SLI---1200,0.0,6792234516446485b95f4111f3826eb5d0cc03b440890a98b71207f50eb5524a,308adcb65957ec472646a83b02ba7ddd6fa89225,25a68b5450f8a92990beb694bb0fc751eac757e45d94f80aa0a6e31a37d3355b,2026-09-04T16:27:33+00:00,13.0.1
210202,91017300,1,BAC---1041,0.0,6792234516446485b95f4111f3826eb5d0cc03b440890a98b71207f50eb5524a,308adcb65957ec472646a83b02ba7ddd6fa89225,25a68b5450f8a92990beb694bb0fc751eac757e45d94f80aa0a6e31a37d3355b,2026-09-04T16:27:33+00:00,13.0.1
210202,91017300,1,BAC-O-4312,0.0,6792234516446485b95f4111f3826eb5d0cc03b440890a98b71207f50eb5524a,308adcb65957ec472646a83b02ba7ddd6fa89225,25a68b5450f8a92990beb694bb0fc751eac757e45d94f80aa0a6e31a37d3355b,2026-09-04T16:27:33+00:00,13.0.1
210202,91017300,1,BAC-O-4325,0.0,6792234516446485b95f4111f3826eb5d0cc03b440890a98b71207f50eb5524a,308adcb65957ec472646a83b02ba7ddd6fa89225,25a68b5450f8a92990beb694bb0fc751eac757e45d94f80aa0a6e31a37d3355b,2026-09-04T16:27:33+00:00,13.0.1
210202,91017300,1,BAC-O-6423,0.0,6792234516446485b95f4111f3826eb5d0cc03b440890a98b71207f50eb5524a,308adcb65957ec472646a83b02ba7ddd6fa89225,25a68b5450f8a92990beb694bb0fc751eac757e45d94f80aa0a6e31a37d3355b,2026-09-04T16:27:33+00:00,13.0.1
210202,91017300,1,BAC-O-6433,0.0,6792234516446485b95f4111f3826eb5d0cc03b440890a98b71207f50eb5524a,308adcb65957ec472646a83b02ba7ddd6fa89225,25a68b5450f8a92990beb694bb0fc751eac757e45d94f80aa0a6e31a37d3355b,2026-09-04T16:27:33+00:00,13.0.1
210202,91017300,1,CON-S-0130,0.0,6792234516446485b95f4111f3826eb5d0cc03b440890a98b71207f50eb5524a,308adcb65957ec472646a83b02ba7ddd6fa89225,25a68b5450f8a92990beb694bb0fc751eac757e45d94f80aa0a6e31a37d3355b,2026-09-04T16:27:33+00:00,13.0.1
210202,91017300,1,SLI---0770,0.0,6792234516446485b95f4111f3826eb5d0cc03b440890a98b71207f50eb5524a,308adcb65957ec472646a83b02ba7ddd6fa89225,25a68b5450f8a92990beb694bb0fc751eac757e45d94f80aa0a6e31a37d3355b,2026-09-04T16:27:33+00:00,13.0.1
210202,91017300,1,SLI---1200,0.0,6792234516446485b95f4111f3826eb5d0cc03b440890a98b71207f50eb5524a,308adcb65957ec472646a83b02ba7ddd6fa89225,25a68b5450f8a92990beb694bb0fc751eac757e45d94f80aa0a6e31a37d3355b,2026-09-04T16:27:33+00:00,13.0.1
210202,91017300,2,BAC---1041,0.0,6792234516446485b95f4111f3826eb5d0cc03b440890a98b71207f50eb5524a,308adcb65957ec472646a83b02ba7ddd6fa89225,25a68b5450f8a92990beb694bb0fc751eac757e45d94f80aa0a6e31a37d3355b,2026-09-04T16:27:33+00:00,13.0.1
210202,91017300,2,BAC-O-4312,0.0,6792234516446485b95f4111f3826eb5d0cc03b440890a98b71207f50eb5524a,308adcb65957ec472646a83b02ba7ddd6fa89225,25a68b5450f8a92990beb694bb0fc751eac757e45d94f80aa0a6e31a37d3355b,2026-09-04T16:27:33+00:00,13.0.1
210202,91017300,2,BAC-O-4325,0.0,6792234516446485b95f4111f3826eb5d0cc03b440890a98b71207f50eb5524a,308adcb65957ec472646a83b02ba7ddd6fa89225,25a68b5450f8a92990beb694bb0fc751eac757e45d94f80aa0a6e31a37d3355b,2026-09-04T16:27:33+00:00,13.0.1
210202,91017300,2,BAC-O-6423,0.0,6792234516446485b95f4111f3826eb5d0cc03b440890a98b71207f50eb5524a,308adcb65957ec472646a83b02ba7ddd6fa89225,25a68b5450f8a92990beb694bb0fc751eac757e45d94f80aa0a6e31a37d3355b,2026-09-04T16:27:33+00:00,13.0.1
210202,91017300,2,BAC-O-6433,0.0,6792234516446485b95f4111f3826eb5d0cc03b440890a98b71207f50eb5524a,308adcb65957ec472646a83b02ba7ddd6fa89225,25a68b5450f8a92990beb694bb0fc751eac757e45d94f80aa0a6e31a37d3355b,2026-09-04T16:27:33+00:00,13.0.1
210202,91017300,2,CON-S-0130,0.0,6792234516446485b95f4111f3826eb5d0cc03b440890a98b71207f50eb5524a,308adcb65957ec472646a83b02ba7ddd6fa89225,25a68b5450f8a92990beb694bb0fc751eac757e45d94f80aa0a6e31a37d3355b,2026-09-04T16:27:33+00:00,13.0.1
210202,91017300,2,SLI---0770,0.0,6792234516446485b95f4111f3826eb5d0cc03b440890a98b71207f50eb5524a,308adcb65957ec472646a83b02ba7ddd6fa89225,25a68b5450f8a92990beb694bb0fc751eac757e45d94f80aa0a6e31a37d3355b,2026-09-04T16:27:33+00:00,13.0.1
210202,91017300,2,SLI---1200,0.0,6792234516446485b95f4111f3826eb5d0cc03b440890a98b71207f50eb5524a,308adcb65957ec472646a83b02ba7ddd6fa89225,25a68b5450f8a92990beb694bb0fc751eac757e45d94f80aa0a6e31a37d3355b,2026-09-04T16:27:33+00:00,13.0.1
210202,91017300,3,BAC---1041,0.0,6792234516446485b95f4111f3826eb5d0cc03b440890a98b71207f50eb5524a,308adcb65957ec472646a83b02ba7ddd6fa89225,25a68b5450f8a92990beb694bb0fc751eac757e45d94f80aa0a6e31a37d3355b,2026-09-04T16:27:33+00:00,13.0.1
210202,91017300,3,BAC-O-4312,0.0,6792234516446485b95f4111f3826eb5d0cc03b440890a98b71207f50eb5524a,308adcb65957ec472646a83b02ba7ddd6fa89225,25a68b5450f8a92990beb694bb0fc751eac757e45d94f80aa0a6e31a37d3355b,2026-09-04T16:27:33+00:00,13.0.1
210202,91017300,3,BAC-O-4325,0.0,6792234516446485b95f4111f3826eb5d0cc03b440890a98b71207f50eb5524a,308adcb65957ec472646a83b02ba7ddd6fa89225,25a68b5450f8a92990beb694bb0fc751eac757e45d94f80aa0a6e31a37d3355b,2026-09-04T16:27:33+00:00,13.0.1
210202,91017300,3,BAC-O-6423,0.0,6792234516446485b95f4111f3826eb5d0cc03b440890a98b71207f50eb5524a,308adcb65957ec472646a83b02ba7ddd6fa89225,25a68b5450f8a92990beb694bb0fc751eac757e45d94f80aa0a6e31a37d3355b,2026-09-04T16:27:33+00:00,13.0.1
210202,91017300,3,BAC-O-6433,0.0,6792234516446485b95f4111f3826eb5d0cc03b440890a98b71207f50eb5524a,308adcb65957ec472646a83b02ba7ddd6fa89225,25a68b5450f8a92990beb694bb0fc751eac757e45d94f80aa0a6e31a37d3355b,2026-09-04T16:27:33+00:00,13.0.1
210202,91017300,3,CON-S-0130,0.0,6792234516446485b95f4111f3826eb5d0cc03b440890a98b71207f50eb5524a,308adcb65957ec472646a83b02ba7ddd6fa89225,25a68b5450f8a92990beb694bb0fc751eac757e45d94f80aa0a6e31a37d3355b,2026-09-04T16:27:33+00:00,13.0.1
210202,91017300,3,SLI---0770,0.0,6792234516446485b95f4111f3826eb5d0cc03b440890a98b71207f50eb5524a,308adcb65957ec472646a83b02ba7ddd6fa89225,25a68b5450f8a92990beb694bb0fc751eac757e45d94f80aa0a6e31a37d3355b,2026-09-04T16:27:33+00:00,13.0.1
210202,91017300,3,SLI---1200,0.0,6792234516446485b95f4111f3826eb5d0cc03b440890a98b71207f50eb5524a,308adcb65957ec472646a83b02ba7ddd6fa89225,25a68b5450f8a92990beb694bb0fc751eac757e45d94f80aa0a6e31a37d3355b,2026-09-04T16:27:33+00:00,13.0.1
210202,91017300,4,BAC---1041,0.0,6792234516446485b95f4111f3826eb5d0cc03b440890a98b71207f50eb5524a,308adcb65957ec472646a83b02ba7ddd6fa89225,25a68b5450f8a92990beb694bb0fc751eac757e45d94f80aa0a6e31a37d3355b,2026-09-04T16:27:33+00:00,13.0.1
210202,91017300,4,BAC-O-4312,0.0,6792234516446485b95f4111f3826eb5d0cc03b440890a98b71207f50eb5524a,308adcb65957ec472646a83b02ba7ddd6fa89225,25a68b5450f8a92990beb694bb0fc751eac757e45d94f80aa0a6e31a37d3355b,2026-09-04T16:27:33+00:00,13.0.1
210202,91017300,4,BAC-O-4325,0.0,6792234516446485b95f4111f3826eb5d0cc03b440890a98b71207f50eb5524a,308adcb65957ec472646a83b02ba7ddd6fa89225,25a68b5450f8a92990beb694bb0fc751eac757e45d94f80aa0a6e31a37d3355b,2026-09-04T16:27:33+00:00,13.0.1
210202,91017300,4,BAC-O-6423,0.0,6792234516446485b95f4111f3826eb5d0cc03b440890a98b71207f50eb5524a,308adcb65957ec472646a83b02ba7ddd6fa89225,25a68b5450f8a92990beb694bb0fc751eac757e45d94f80aa0a6e31a37d3355b,2026-09-04T16:27:33+00:00,13.0.1
210202,91017300,4,BAC-O-6433,0.0,6792234516446485b95f4111f3826eb5d0cc03b440890a98b71207f50eb5524a,308adcb65957ec472646a83b02ba7ddd6fa89225,25a68b5450f8a92990beb694bb0fc751eac757e45d94f80aa0a6e31a37d3355b,2026-09-04T16:27:33+00:00,13.0.1
210202,91017300,4,CON-S-0130,0.0,6792234516446485b95f4111f3826eb5d0cc03b440890a98b71207f50eb5524a,308adcb65957ec472646a83b02ba7ddd6fa89225,25a68b5450f8a92990beb694bb0fc751eac757e45d94f80aa0a6e31a37d3355b,2026-09-04T16:27:33+00:00,13.0.1
210202,91017300,4,SLI---0770,0.0,6792234516446485b95f4111f3826eb5d0cc03b440890a98b71207f50eb5524a,308adcb65957ec472646a83b02ba7ddd6fa89225,25a68b5450f8a92990beb694bb0fc751eac757e45d94f80aa0a6e31a37d3355b,2026-09-04T16:27:33+00:00,13.0.1
210202,91017300,4,SLI---1200,0.0,6792234516446485b95f4111f3826eb5d0cc03b440890a98b71207f50eb5524a,308adcb65957ec472646a83b02ba7ddd6fa89225,25a68b5450f8a92990beb694bb0fc751eac757e45d94f80aa0a6e31a37d3355b,2026-09-04T16:27:33+00:00,13.0.1
210202,91017300,5,BAC---1041,0.0,6792234516446485b95f4111f3826eb5d0cc03b440890a98b71207f50eb5524a,308adcb65957ec472646a83b02ba7ddd6fa89225,25a68b5450f8a92990beb694bb0fc751eac757e45d94f80aa0a6e31a37d3355b,2026-09-04T16:27:33+00:00,13.0.1
210202,91017300,5,BAC-O-4312,0.0,6792234516446485b95f4111f3826eb5d0cc03b440890a98b71207f50eb5524a,308adcb65957ec472646a83b02ba7ddd6fa89225,25a68b5450f8a92990beb694bb0fc751eac757e45d94f80aa0a6e31a37d3355b,2026-09-04T16:27:33+00:00,13.0.1
210202,91017300,5,BAC-O-4325,0.0,6792234516446485b95f4111f3826eb5d0cc03b440890a98b71207f50eb5524a,308adcb65957ec472646a83b02ba7ddd6fa89225,25a68b5450f8a92990beb694bb0fc751eac757e45d94f80aa0a6e31a37d3355b,2026-09-04T16:27:33+00:00,13.0.1
210202,91017300,5,BAC-O-6423,0.0,6792234516446485b95f4111f3826eb5d0cc03b440890a98b71207f50eb5524a,308adcb65957ec472646a83b02ba7ddd6fa89225,25a68b5450f8a92990beb694bb0fc751eac757e45d94f80aa0a6e31a37d3355b,2026-09-04T16:27:33+00:00,13.0.1
210202,91017300,5,BAC-O-6433,0.0,6792234516446485b95f4111f3826eb5d0cc03b440890a98b71207f50eb5524a,308adcb65957ec472646a83b02ba7ddd6fa89225,25a68b5450f8a92990beb694bb0fc751eac757e45d94f80aa0a6e31a37d3355b,2026-09-04T16:27:33+00:00,13.0.1
210202,91017300,5,CON-S-0130,0.0,6792234516446485b95f4111f3826eb5d0cc03b440890a98b71207f50eb5524a,308adcb65957ec472646a83b02ba7ddd6fa89225,25a68b5450f8a92990beb694bb0fc751eac757e45d94f80aa0a6e31a37d3355b,2026-09-04T16:27:33+00:00,13.0.1
210202,91017300,5,SLI---0770,0.0,6792234516446485b95f4111f3826eb5d0cc03b440890a98b71207f50eb5524a,308adcb65957ec472646a83b02ba7ddd6fa89225,25a68b5450f8a92990beb694bb0fc751eac757e45d94f80aa0a6e31a37d3355b,2026-09-04T16:27:33+00:00,13.0.1
210202,91017300,5,SLI---1200,0.0,6792234516446485b95f4111f3826eb5d0cc03b440890a98b71207f50eb5524a,308adcb65957ec472646a83b02ba7ddd6fa89225,25a68b5450f8a92990beb694bb0fc751eac757e45d94f80aa0a6e31a37d3355b,2026-09-04T16:27:33+00:00,13.0.1
210202,91017300,6,BAC---1041,0.0,6792234516446485b95f4111f3826eb5d0cc03b440890a98b71207f50eb5524a,308adcb65957ec472646a83b02ba7ddd6fa89225,25a68b5450f8a92990beb694bb0fc751eac757e45d94f80aa0a6e31a37d3355b,2026-09-04T16:27:33+00:00,13.0.1
210202,91017300,6,BAC-O-4312,0.0,6792234516446485b95f4111f3826eb5d0cc03b440890a98b71207f50eb5524a,308adcb65957ec472646a83b02ba7ddd6fa89225,25a68b5450f8a92990beb694bb0fc751eac757e45d94f80aa0a6e31a37d3355b,2026-09-04T16:27:33+00:00,13.0.1
210202,91017300,6,BAC-O-4325,0.0,6792234516446485b95f4111f3826eb5d0cc03b440890a98b71207f50eb5524a,308adcb65957ec472646a83b02ba7ddd6fa89225,25a68b5450f8a92990beb694bb0fc751eac757e45d94f80aa0a6e31a37d3355b,2026-09-04T16:27:33+00:00,13.0.1
210202,91017300,6,BAC-O-6423,0.0,6792234516446485b95f4111f3826eb5d0cc03b440890a98b71207f50eb5524a,308adcb65957ec472646a83b02ba7ddd6fa89225,25a68b5450f8a92990beb694bb0fc751eac757e45d94f80aa0a6e31a37d3355b,2026-09-04T16:27:33+00:00,13.0.1
210202,91017300,6,BAC-O-6433,0.0,6792234516446485b95f4111f3826eb5d0cc03b440890a98b71207f50eb5524a,308adcb65957ec472646a83b02ba7ddd6fa89225,25a68b5450f8a92990beb694bb0fc751eac757e45d94f80aa0a6e31a37d3355b,2026-09-04T16:27:33+00:00,13.0.1
210202,91017300,6,CON-S-0130,0.0,6792234516446485b95f4111f3826eb5d0cc03b440890a98b71207f50eb5524a,308adcb65957ec472646a83b02ba7ddd6fa89225,25a68b5450f8a92990beb694bb0fc751eac757e45d94f80aa0a6e31a37d3355b,2026-09-04T16:27:33+00:00,13.0.1
210202,91017300,6,SLI---0770,0.0,6792234516446485b95f4111f3826eb5d0cc03b440890a98b71207f50eb5524a,308adcb65957ec472646a83b02ba7ddd6fa89225,25a68b5450f8a92990beb694bb0fc751eac757e45d94f80aa0a6e31a37d3355b,2026-09-04T16:27:33+00:00,13.0.1
210202,91017300,6,SLI---1200,0.0,6792234516446485b95f4111f3826eb5d0cc03b440890a98b71207f50eb5524a,308adcb65957ec472646a83b02ba7ddd6fa89225,25a68b5450f8a92990beb694bb0fc751eac757e45d94f80aa0a6e31a37d3355b,2026-09-04T16:27:33+00:00,13.0.1
210202,91017300,7,BAC---1041,0.0,6792234516446485b95f4111f3826eb5d0cc03b440890a98b71207f50eb5524a,308adcb65957ec472646a83b02ba7ddd6fa89225,25a68b5450f8a92990beb694bb0fc751eac757e45d94f80aa0a6e31a37d3355b,2026-09-04T16:27:33+00:00,13.0.1
210202,91017300,7,BAC-O-4312,0.0,6792234516446485b95f4111f3826eb5d0cc03b440890a98b71207f50eb5524a,308adcb65957ec472646a83b02ba7ddd6fa89225,25a68b5450f8a92990beb694bb0fc751eac757e45d94f80aa0a6e31a37d3355b,2026-09-04T16:27:33+00:00,13.0.1
210202,91017300,7,BAC-O-4325,0.0,6792234516446485b95f4111f3826eb5d0cc03b440890a98b71207f50eb5524a,308adcb65957ec472646a83b02ba7ddd6fa89225,25a68b5450f8a92990beb694bb0fc751eac757e45d94f80aa0a6e31a37d3355b,2026-09-04T16:27:33+00:00,13.0.1
210202,91017300,7,BAC-O-6423,0.0,6792234516446485b95f4111f3826eb5d0cc03b440890a98b71207f50eb5524a,308adcb65957ec472646a83b02ba7ddd6fa89225,25a68b5450f8a92990beb694bb0fc751eac757e45d94f80aa0a6e31a37d3355b,2026-09-04T16:27:33+00:00,13.0.1
210202,91017300,7,BAC-O-6433,0.0,6792234516446485b95f4111f3826eb5d0cc03b440890a98b71207f50eb5524a,308adcb65957ec472646a83b02ba7ddd6fa89225,25a68b5450f8a92990beb694bb0fc751eac757e45d94f80aa0a6e31a37d3355b,2026-09-04T16:27:33+00:00,13.0.1
210202,91017300,7,CON-S-0130,0.0,6792234516446485b95f4111f3826eb5d0cc03b440890a98b71207f50eb5524a,308adcb65957ec472646a83b02ba7ddd6fa89225,25a68b5450f8a92990beb694bb0fc751eac757e45d94f80aa0a6e31a37d3355b,2026-09-04T16:27:33+00:00,13.0.1
210202,91017300,7,SLI---0770,0.0,6792234516446485b95f4111f3826eb5d0cc03b440890a98b71207f50eb5524a,308adcb65957ec472646a83b02ba7ddd6fa89225,25a68b5450f8a92990beb694bb0fc751eac757e45d94f80aa0a6e31a37d3355b,2026-09-04T16:27:33+00:00,13.0.1
210202,91017300,7,SLI---1200,0.0,6792234516446485b95f4111f3826eb5d0cc03b440890a98b71207f50eb5524a,308adcb65957ec472646a83b02ba7ddd6fa89225,25a68b5450f8a92990beb694bb0fc751eac757e45d94f80aa0a6e31a37d3355b,2026-09-04T16:27:33+00:00,13.0.1
210202,91017300,8,BAC---1041,0.0,6792234516446485b95f4111f3826eb5d0cc03b440890a98b71207f50eb5524a,308adcb65957ec472646a83b02ba7ddd6fa89225,25a68b5450f8a92990beb694bb0fc751eac757e45d94f80aa0a6e31a37d3355b,2026-09-04T16:27:33+00:00,13.0.1
210202,91017300,8,BAC-O-4312,0.0,6792234516446485b95f4111f3826eb5d0cc03b440890a98b71207f50eb5524a,308adcb65957ec472646a83b02ba7ddd6fa89225,25a68b5450f8a92990beb694bb0fc751eac757e45d94f80aa0a6e31a37d3355b,2026-09-04T16:27:33+00:00,13.0.1
210202,91017300,8,BAC-O-4325,0.0,6792234516446485b95f4111f3826eb5d0cc03b440890a98b71207f50eb5524a,308adcb65957ec472646a83b02ba7ddd6fa89225,25a68b5450f8a92990beb694bb0fc751eac757e45d94f80aa0a6e31a37d3355b,2026-09-04T16:27:33+00:00,13.0.1
210202,91017300,8,BAC-O-6423,0.0,6792234516446485b95f4111f3826eb5d0cc03b440890a98b71207f50eb5524a,308adcb65957ec472646a83b02ba7ddd6fa89225,25a68b5450f8a92990beb694bb0fc751eac757e45d94f80aa0a6e31a37d3355b,2026-09-04T16:27:33+00:00,13.0.1
210202,91017300,8,BAC-O-6433,0.0,6792234516446485b95f4111f3826eb5d0cc03b440890a98b71207f50eb5524a,308adcb65957ec472646a83b02ba7ddd6fa89225,25a68b5450f8a92990beb694bb0fc751eac757e45d94f80aa0a6e31a37d3355b,2026-09-04T16:27:33+00:00,13.0.1
210202,91017300,8,CON-S-0130,0.0,6792234516446485b95f4111f3826eb5d0cc03b440890a98b71207f50eb5524a,308adcb65957ec472646a83b02ba7ddd6fa89225,25a68b5450f8a92990beb694bb0fc751eac757e45d94f80aa0a6e31a37d3355b,2026-09-04T16:27:33+00:00,13.0.1
210202,91017300,8,SLI---0770,0.0,6792234516446485b95f4111f3826eb5d0cc03b440890a98b71207f50eb5524a,308adcb65957ec472646a83b02ba7ddd6fa89225,25a68b5450f8a92990beb694bb0fc751eac757e45d94f80aa0a6e31a37d3355b,2026-09-04T16:27:33+00:00,13.0.1
210202,91017300,8,SLI---1200,0.0,6792234516446485b95f4111f3826eb5d0cc03b440890a98b71207f50eb5524a,308adcb65957ec472646a83b02ba7ddd6fa89225,25a68b5450f8a92990beb694bb0fc751eac757e45d94f80aa0a6e31a37d3355b,2026-09-04T16:27:33+00:00,13.0.1
210202,91017300,9,BAC---1041,0.0,6792234516446485b95f4111f3826eb5d0cc03b440890a98b71207f50eb5524a,308adcb65957ec472646a83b02ba7ddd6fa89225,25a68b5450f8a92990beb694bb0fc751eac757e45d94f80aa0a6e31a37d3355b,2026-09-04T16:27:33+00:00,13.0.1
210202,91017300,9,BAC-O-4312,0.0,6792234516446485b95f4111f3826eb5d0cc03b440890a98b71207f50eb5524a,308adcb65957ec472646a83b02ba7ddd6fa89225,25a68b5450f8a92990beb694bb0fc751eac757e45d94f80aa0a6e31a37d3355b,2026-09-04T16:27:33+00:00,13.0.1
210202,91017300,9,BAC-O-4325,0.0,6792234516446485b95f4111f3826eb5d0cc03b440890a98b71207f50eb5524a,308adcb65957ec472646a83b02ba7ddd6fa89225,25a68b5450f8a92990beb694bb0fc751eac757e45d94f80aa0a6e31a37d3355b,2026-09-04T16:27:33+00:00,13.0.1
210202,91017300,9,BAC-O-6423,0.0,6792234516446485b95f4111f3826eb5d0cc03b440890a98b71207f50eb5524a,308adcb65957ec472646a83b02ba7ddd6fa89225,25a68b5450f8a92990beb694bb0fc751eac757e45d94f80aa0a6e31a37d3355b,2026-09-04T16:27:33+00:00,13.0.1
210202,91017300,9,BAC-O-6433,0.0,6792234516446485b95f4111f3826eb5d0cc03b440890a98b71207f50eb5524a,308adcb65957ec472646a83b02ba7ddd6fa89225,25a68b5450f8a92990beb694bb0fc751eac757e45d94f80aa0a6e31a37d3355b,2026-09-04T16:27:33+00:00,13.0.1
210202,91017300,9,CON-S-0130,0.0,6792234516446485b95f4111f3826eb5d0cc03b440890a98b71207f50eb5524a,308adcb65957ec472646a83b02ba7ddd6fa89225,25a68b5450f8a92990beb694bb0fc751eac757e45d94f80aa0a6e31a37d3355b,2026-09-04T16:27:33+00:00,13.0.1
210202,91017300,9,SLI---0770,0.0,6792234516446485b95f4111f3826eb5d0cc03b440890a98b71207f50eb5524a,308adcb65957ec472646a83b02ba7ddd6fa89225,25a68b5450f8a92990beb694bb0fc751eac757e45d94f80aa0a6e31a37d3355b,2026-09-04T16:27:33+00:00,13.0.1
210202,91017300,9,SLI---1200,0.0,6792234516446485b95f4111f3826eb5d0cc03b440890a98b71207f50eb5524a,308adcb65957ec472646a83b02ba7ddd6fa89225,25a68b5450f8a92990beb694bb0fc751eac757e45d94f80aa0a6e31a37d3355b,2026-09-04T16:27:33+00:00,13.0.1
210202,91017300,10,BAC---1041,0.0,6792234516446485b95f4111f3826eb5d0cc03b440890a98b71207f50eb5524a,308adcb65957ec472646a83b02ba7ddd6fa89225,25a68b5450f8a92990beb694bb0fc751eac757e45d94f80aa0a6e31a37d3355b,2026-09-04T16:27:33+00:00,13.0.1
210202,91017300,10,BAC-O-4312,0.0,6792234516446485b95f4111f3826eb5d0cc03b440890a98b71207f50eb5524a,308adcb65957ec472646a83b02ba7ddd6fa89225,25a68b5450f8a92990beb694bb0fc751eac757e45d94f80aa0a6e31a37d3355b,2026-09-04T16:27:33+00:00,13.0.1
210202,91017300,10,BAC-O-4325,0.0,6792234516446485b95f4111f3826eb5d0cc03b440890a98b71207f50eb5524a,308adcb65957ec472646a83b02ba7ddd6fa89225,25a68b5450f8a92990beb694bb0fc751eac757e45d94f80aa0a6e31a37d3355b,2026-09-04T16:27:33+00:00,13.0.1
210202,91017300,10,BAC-O-6423,0.0,6792234516446485b95f4111f3826eb5d0cc03b440890a98b71207f50eb5524a,308adcb65957ec472646a83b02ba7ddd6fa89225,25a68b5450f8a92990beb694bb0fc751eac757e45d94f80aa0a6e31a37d3355b,2026-09-04T16:27:33+00:00,13.0.1
210202,91017300,10,BAC-O-6433,0.0,6792234516446485b95f4111f3826eb5d0cc03b440890a98b71207f50eb5524a,308adcb65957ec472646a83b02ba7ddd6fa89225,25a68b5450f8a92990beb694bb0fc751eac757e45d94f80aa0a6e31a37d3355b,2026-09-04T16:27:33+00:00,13.0.1
210202,91017300,10,CON-S-0130,0.0,6792234516446485b95f4111f3826eb5d0cc03b440890a98b71207f50eb5524a,308adcb65957ec472646a83b02ba7ddd6fa89225,25a68b5450f8a92990beb694bb0fc751eac757e45d94f80aa0a6e31a37d3355b,2026-09-04T16:27:33+00:00,13.0.1
210202,91017300,10,SLI---0770,0.0,6792234516446485b95f4111f3826eb5d0cc03b440890a98b71207f50eb5524a,308adcb65957ec472646a83b02ba7ddd6fa89225,25a68b5450f8a92990beb694bb0fc751eac757e45d94f80aa0a6e31a37d3355b,2026-09-04T16:27:33+00:00,13.0.1
210202,91017300,10,SLI---1200,0.0,6792234516446485b95f4111f3826eb5d0cc03b440890a98b71207f50eb5524a,308adcb65957ec472646a83b02ba7ddd6fa89225,25a68b5450f8a92990beb694bb0fc751eac757e45d94f80aa0a6e31a37d3355b,2026-09-04T16:27:33+00:00,13.0.1
210202,91017300,11,BAC---1041,0.0,6792234516446485b95f4111f3826eb5d0cc03b440890a98b71207f50eb5524a,308adcb65957ec472646a83b02ba7ddd6fa89225,25a68b5450f8a92990beb694bb0fc751eac757e45d94f80aa0a6e31a37d3355b,2026-09-04T16:27:33+00:00,13.0.1
210202,91017300,11,BAC-O-4312,0.0,6792234516446485b95f4111f3826eb5d0cc03b440890a98b71207f50eb5524a,308adcb65957ec472646a83b02ba7ddd6fa89225,25a68b5450f8a92990beb694bb0fc751eac757e45d94f80aa0a6e31a37d3355b,2026-09-04T16:27:33+00:00,13.0.1
210202,91017300,11,BAC-O-4325,0.0,6792234516446485b95f4111f3826eb5d0cc03b440890a98b71207f50eb5524a,308adcb65957ec472646a83b02ba7ddd6fa89225,25a68b5450f8a92990beb694bb0fc751eac757e45d94f80aa0a6e31a37d3355b,2026-09-04T16:27:33+00:00,13.0.1
210202,91017300,11,BAC-O-6423,0.0,6792234516446485b95f4111f3826eb5d0cc03b440890a98b71207f50eb5524a,308adcb65957ec472646a83b02ba7ddd6fa89225,25a68b5450f8a92990beb694bb0fc751eac757e45d94f80aa0a6e31a37d3355b,2026-09-04T16:27:33+00:00,13.0.1
210202,91017300,11,BAC-O-6433,0.0,6792234516446485b95f4111f3826eb5d0cc03b440890a98b71207f50eb5524a,308adcb65957ec472646a83b02ba7ddd6fa89225,25a68b5450f8a92990beb694bb0fc751eac757e45d94f80aa0a6e31a37d3355b,2026-09-04T16:27:33+00:00,13.0.1
210202,91017300,11,CON-S-0130,0.0,6792234516446485b95f4111f3826eb5d0cc03b440890a98b71207f50eb5524a,308adcb65957ec472646a83b02ba7ddd6fa89225,25a68b5450f8a92990beb694bb0fc751eac757e45d94f80aa0a6e31a37d3355b,2026-09-04T16:27:33+00:00,13.0.1
210202,91017300,11,SLI---0770,0.0,6792234516446485b95f4111f3826eb5d0cc03b440890a98b71207f50eb5524a,308adcb65957ec472646a83b02ba7ddd6fa89225,25a68b5450f8a92990beb694bb0fc751eac757e45d94f80aa0a6e31a37d3355b,2026-09-04T16:27:33+00:00,13.0.1
210202,91017300,11,SLI---1200,0.0,6792234516446485b95f4111f3826eb5d0cc03b440890a98b71207f50eb5524a,308adcb65957ec472646a83b02ba7ddd6fa89225,25a68b5450f8a92990beb694bb0fc751eac757e45d94f80aa0a6e31a37d3355b,2026-09-04T16:27:33+00:00,13.0.1
210202,91017300,12,BAC---1041,0.0,6792234516446485b95f4111f3826eb5d0cc03b440890a98b71207f50eb5524a,308adcb65957ec472646a83b02ba7ddd6fa89225,25a68b5450f8a92990beb694bb0fc751eac757e45d94f80aa0a6e31a37d3355b,2026-09-04T16:27:33+00:00,13.0.1
210202,91017300,12,BAC-O-4312,0.0,6792234516446485b95f4111f3826eb5d0cc03b440890a98b71207f50eb5524a,308adcb65957ec472646a83b02ba7ddd6fa89225,25a68b5450f8a92990beb694bb0fc751eac757e45d94f80aa0a6e31a37d3355b,2026-09-04T16:27:33+00:00,13.0.1
210202,91017300,12,BAC-O-4325,0.0,6792234516446485b95f4111f3826eb5d0cc03b440890a98b71207f50eb5524a,308adcb65957ec472646a83b02ba7ddd6fa89225,25a68b5450f8a92990beb694bb0fc751eac757e45d94f80aa0a6e31a37d3355b,2026-09-04T16:27:33+00:00,13.0.1
210202,91017300,12,BAC-O-6423,0.0,6792234516446485b95f4111f3826eb5d0cc03b440890a98b71207f50eb5524a,308adcb65957ec472646a83b02ba7ddd6fa89225,25a68b5450f8a92990beb694bb0fc751eac757e45d94f80aa0a6e31a37d3355b,2026-09-04T16:27:33+00:00,13.0.1
210202,91017300,12,BAC-O-6433,0.0,6792234516446485b95f4111f3826eb5d0cc03b440890a98b71207f50eb5524a,308adcb65957ec472646a83b02ba7ddd6fa89225,25a68b5450f8a92990beb694bb0fc751eac757e45d94f80aa0a6e31a37d3355b,2026-09-04T16:27:33+00:00,13.0.1
210202,91017300,12,CON-S-0130,0.0,6792234516446485b95f4111f3826eb5d0cc03b440890a98b71207f50eb5524a,308adcb65957ec472646a83b02ba7ddd6fa89225,25a68b5450f8a92990beb694bb0fc751eac757e45d94f80aa0a6e31a37d3355b,2026-09-04T16:27:33+00:00,13.0.1
210202,91017300,12,SLI---0770,0.0,6792234516446485b95f4111f3826eb5d0cc03b440890a98b71207f50eb5524a,308adcb65957ec472646a83b02ba7ddd6fa89225,25a68b5450f8a92990beb694bb0fc751eac757e45d94f80aa0a6e31a37d3355b,2026-09-04T16:27:33+00:00,13.0.1
210202,91017300,12,SLI---1200,0.0,6792234516446485b95f4111f3826eb5d0cc03b440890a98b71207f50eb5524a,308adcb65957ec472646a83b02ba7ddd6fa89225,25a68b5450f8a92990beb694bb0fc751eac757e45d94f80aa0a6e31a37d3355b,2026-09-04T16:27:33+00:00,13.0.1
210202,91017500,1,BAC---1041,0.0,6792234516446485b95f4111f3826eb5d0cc03b440890a98b71207f50eb5524a,308adcb65957ec472646a83b02ba7ddd6fa89225,25a68b5450f8a92990beb694bb0fc751eac757e45d94f80aa0a6e31a37d3355b,2026-09-04T16:27:33+00:00,13.0.1
210202,91017500,1,BAC-O-4312,0.0,6792234516446485b95f4111f3826eb5d0cc03b440890a98b71207f50eb5524a,308adcb65957ec472646a83b02ba7ddd6fa89225,25a68b5450f8a92990beb694bb0fc751eac757e45d94f80aa0a6e31a37d3355b,2026-09-04T16:27:33+00:00,13.0.1
210202,91017500,1,BAC-O-4325,0.0,6792234516446485b95f4111f3826eb5d0cc03b440890a98b71207f50eb5524a,308adcb65957ec472646a83b02ba7ddd6fa89225,25a68b5450f8a92990beb694bb0fc751eac757e45d94f80aa0a6e31a37d3355b,2026-09-04T16:27:33+00:00,13.0.1
210202,91017500,1,BAC-O-6423,0.9730504906455142,6792234516446485b95f4111f3826eb5d0cc03b440890a98b71207f50eb5524a,308adcb65957ec472646a83b02ba7ddd6fa89225,25a68b5450f8a92990beb694bb0fc751eac757e45d94f80aa0a6e31a37d3355b,2026-09-04T16:27:33+00:00,13.0.1
210202,91017500,1,BAC-O-6433,46.272038109020336,6792234516446485b95f4111f3826eb5d0cc03b440890a98b71207f50eb5524a,308adcb65957ec472646a83b02ba7ddd6fa89225,25a68b5450f8a92990beb694bb0fc751eac757e45d94f80aa0a6e31a37d3355b,2026-09-04T16:27:33+00:00,13.0.1
210202,91017500,1,CON-S-0130,1.6334138759279888,6792234516446485b95f4111f3826eb5d0cc03b440890a98b71207f50eb5524a,308adcb65957ec472646a83b02ba7ddd6fa89225,25a68b5450f8a92990beb694bb0fc751eac757e45d94f80aa0a6e31a37d3355b,2026-09-04T16:27:33+00:00,13.0.1
210202,91017500,1,SLI---0770,3.1893003819693053,6792234516446485b95f4111f3826eb5d0cc03b440890a98b71207f50eb5524a,308adcb65957ec472646a83b02ba7ddd6fa89225,25a68b5450f8a92990beb694bb0fc751eac757e45d94f80aa0a6e31a37d3355b,2026-09-04T16:27:33+00:00,13.0.1
210202,91017500,1,SLI---1200,0.0,6792234516446485b95f4111f3826eb5d0cc03b440890a98b71207f50eb5524a,308adcb65957ec472646a83b02ba7ddd6fa89225,25a68b5450f8a92990beb694bb0fc751eac757e45d94f80aa0a6e31a37d3355b,2026-09-04T16:27:33+00:00,13.0.1
210202,91017500,2,BAC---1041,0.0,6792234516446485b95f4111f3826eb5d0cc03b440890a98b71207f50eb5524a,308adcb65957ec472646a83b02ba7ddd6fa89225,25a68b5450f8a92990beb694bb0fc751eac757e45d94f80aa0a6e31a37d3355b,2026-09-04T16:27:33+00:00,13.0.1
210202,91017500,2,BAC-O-4312,2.7857142857142856,6792234516446485b95f4111f3826eb5d0cc03b440890a98b71207f50eb5524a,308adcb65957ec472646a83b02ba7ddd6fa89225,25a68b5450f8a92990beb694bb0fc751eac757e45d94f80aa0a6e31a37d3355b,2026-09-04T16:27:33+00:00,13.0.1
210202,91017500,2,BAC-O-4325,5.499534074714659,6792234516446485b95f4111f3826eb5d0cc03b440890a98b71207f50eb5524a,308adcb65957ec472646a83b02ba7ddd6fa89225,25a68b5450f8a92990beb694bb0fc751eac757e45d94f80aa0a6e31a37d3355b,2026-09-04T16:27:33+00:00,13.0.1
210202,91017500,2,BAC-O-6423,13.357142857142858,6792234516446485b95f4111f3826eb5d0cc03b440890a98b71207f50eb5524a,308adcb65957ec472646a83b02ba7ddd6fa89225,25a68b5450f8a92990beb694bb0fc751eac757e45d94f80aa0a6e31a37d3355b,2026-09-04T16:27:33+00:00,13.0.1
210202,91017500,2,BAC-O-6433,4.357142857142857,6792234516446485b95f4111f3826eb5d0cc03b440890a98b71207f50eb5524a,308adcb65957ec472646a83b02ba7ddd6fa89225,25a68b5450f8a92990beb694bb0fc751eac757e45d94f80aa0a6e31a37d3355b,2026-09-04T16:27:33+00:00,13.0.1
210202,91017500,2,CON-S-0130,5.428571428571429,6792234516446485b95f4111f3826eb5d0cc03b440890a98b71207f50eb5524a,308adcb65957ec472646a83b02ba7ddd6fa89225,25a68b5450f8a92990beb694bb0fc751eac757e45d94f80aa0a6e31a37d3355b,2026-09-04T16:27:33+00:00,13.0.1
210202,91017500,2,SLI---0770,8.928571428571429,6792234516446485b95f4111f3826eb5d0cc03b440890a98b71207f50eb5524a,308adcb65957ec472646a83b02ba7ddd6fa89225,25a68b5450f8a92990beb694bb0fc751eac757e45d94f80aa0a6e31a37d3355b,2026-09-04T16:27:33+00:00,13.0.1
210202,91017500,2,SLI---1200,1.9716064953304637,6792234516446485b95f4111f3826eb5d0cc03b440890a98b71207f50eb5524a,308adcb65957ec472646a83b02ba7ddd6fa89225,25a68b5450f8a92990beb694bb0fc751eac757e45d94f80aa0a6e31a37d3355b,2026-09-04T16:27:33+00:00,13.0.1
210202,91017500,3,BAC---1041,0.0,6792234516446485b95f4111f3826eb5d0cc03b440890a98b71207f50eb5524a,308adcb65957ec472646a83b02ba7ddd6fa89225,25a68b5450f8a92990beb694bb0fc751eac757e45d94f80aa0a6e31a37d3355b,2026-09-04T16:27:33+00:00,13.0.1
210202,91017500,3,BAC-O-4312,0.0,6792234516446485b95f4111f3826eb5d0cc03b440890a98b71207f50eb5524a,308adcb65957ec472646a83b02ba7ddd6fa89225,25a68b5450f8a92990beb694bb0fc751eac757e45d94f80aa0a6e31a37d3355b,2026-09-04T16:27:33+00:00,13.0.1
210202,91017500,3,BAC-O-4325,0.0,6792234516446485b95f4111f3826eb5d0cc03b440890a98b71207f50eb5524a,308adcb65957ec472646a83b02ba7ddd6fa89225,25a68b5450f8a92990beb694bb0fc751eac757e45d94f80aa0a6e31a37d3355b,2026-09-04T16:27:33+00:00,13.0.1
210202,91017500,3,BAC-O-6423,0.0,6792234516446485b95f4111f3826eb5d0cc03b440890a98b71207f50eb5524a,308adcb65957ec472646a83b02ba7ddd6fa89225,25a68b5450f8a92990beb694bb0fc751eac757e45d94f80aa0a6e31a37d3355b,2026-09-04T16:27:33+00:00,13.0.1
210202,91017500,3,BAC-O-6433,0.0,6792234516446485b95f4111f3826eb5d0cc03b440890a98b71207f50eb5524a,308adcb65957ec472646a83b02ba7ddd6fa89225,25a68b5450f8a92990beb694bb0fc751eac757e45d94f80aa0a6e31a37d3355b,2026-09-04T16:27:33+00:00,13.0.1
210202,91017500,3,CON-S-0130,0.0,6792234516446485b95f4111f3826eb5d0cc03b440890a98b71207f50eb5524a,308adcb65957ec472646a83b02ba7ddd6fa89225,25a68b5450f8a92990beb694bb0fc751eac757e45d94f80aa0a6e31a37d3355b,2026-09-04T16:27:33+00:00,13.0.1
210202,91017500,3,SLI---0770,0.0,6792234516446485b95f4111f3826eb5d0cc03b440890a98b71207f50eb5524a,308adcb65957ec472646a83b02ba7ddd6fa89225,25a68b5450f8a92990beb694bb0fc751eac757e45d94f80aa0a6e31a37d3355b,2026-09-04T16:27:33+00:00,13.0.1
210202,91017500,3,SLI---1200,0.0,6792234516446485b95f4111f3826eb5d0cc03b440890a98b71207f50eb5524a,308adcb65957ec472646a83b02ba7ddd6fa89225,25a68b5450f8a92990beb694bb0fc751eac757e45d94f80aa0a6e31a37d3355b,2026-09-04T16:27:33+00:00,13.0.1
210202,91017500,4,BAC---1041,0.0,6792234516446485b95f4111f3826eb5d0cc03b440890a98b71207f50eb5524a,308adcb65957ec472646a83b02ba7ddd6fa89225,25a68b5450f8a92990beb694bb0fc751eac757e45d94f80aa0a6e31a37d3355b,2026-09-04T16:27:33+00:00,13.0.1
210202,91017500,4,BAC-O-4312,0.0,6792234516446485b95f4111f3826eb5d0cc03b440890a98b71207f50eb5524a,308adcb65957ec472646a83b02ba7ddd6fa89225,25a68b5450f8a92990beb694bb0fc751eac757e45d94f80aa0a6e31a37d3355b,2026-09-04T16:27:33+00:00,13.0.1
210202,91017500,4,BAC-O-4325,0.0,6792234516446485b95f4111f3826eb5d0cc03b440890a98b71207f50eb5524a,308adcb65957ec472646a83b02ba7ddd6fa89225,25a68b5450f8a92990beb694bb0fc751eac757e45d94f80aa0a6e31a37d3355b,2026-09-04T16:27:33+00:00,13.0.1
210202,91017500,4,BAC-O-6423,0.0,6792234516446485b95f4111f3826eb5d0cc03b440890a98b71207f50eb5524a,308adcb65957ec472646a83b02ba7ddd6fa89225,25a68b5450f8a92990beb694bb0fc751eac757e45d94f80aa0a6e31a37d3355b,2026-09-04T16:27:33+00:00,13.0.1
210202,91017500,4,BAC-O-6433,0.0,6792234516446485b95f4111f3826eb5d0cc03b440890a98b71207f50eb5524a,308adcb65957ec472646a83b02ba7ddd6fa89225,25a68b5450f8a92990beb694bb0fc751eac757e45d94f80aa0a6e31a37d3355b,2026-09-04T16:27:33+00:00,13.0.1
210202,91017500,4,CON-S-0130,0.0,6792234516446485b95f4111f3826eb5d0cc03b440890a98b71207f50eb5524a,308adcb65957ec472646a83b02ba7ddd6fa89225,25a68b5450f8a92990beb694bb0fc751eac757e45d94f80aa0a6e31a37d3355b,2026-09-04T16:27:33+00:00,13.0.1
210202,91017500,4,SLI---0770,0.0,6792234516446485b95f4111f3826eb5d0cc03b440890a98b71207f50eb5524a,308adcb65957ec472646a83b02ba7ddd6fa89225,25a68b5450f8a92990beb694bb0fc751eac757e45d94f80aa0a6e31a37d3355b,2026-09-04T16:27:33+00:00,13.0.1
210202,91017500,4,SLI---1200,0.0,6792234516446485b95f4111f3826eb5d0cc03b440890a98b71207f50eb5524a,308adcb65957ec472646a83b02ba7ddd6fa89225,25a68b5450f8a92990beb694bb0fc751eac757e45d94f80aa0a6e31a37d3355b,2026-09-04T16:27:33+00:00,13.0.1
210202,91017500,5,BAC---1041,0.0,6792234516446485b95f4111f3826eb5d0cc03b440890a98b71207f50eb5524a,308adcb65957ec472646a83b02ba7ddd6fa89225,25a68b5450f8a92990beb694bb0fc751eac757e45d94f80aa0a6e31a37d3355b,2026-09-04T16:27:33+00:00,13.0.1
210202,91017500,5,BAC-O-4312,0.0,6792234516446485b95f4111f3826eb5d0cc03b440890a98b71207f50eb5524a,308adcb65957ec472646a83b02ba7ddd6fa89225,25a68b5450f8a92990beb694bb0fc751eac757e45d94f80aa0a6e31a37d3355b,2026-09-04T16:27:33+00:00,13.0.1
210202,91017500,5,BAC-O-4325,0.0,6792234516446485b95f4111f3826eb5d0cc03b440890a98b71207f50eb5524a,308adcb65957ec472646a83b02ba7ddd6fa89225,25a68b5450f8a92990beb694bb0fc751eac757e45d94f80aa0a6e31a37d3355b,2026-09-04T16:27:33+00:00,13.0.1
210202,91017500,5,BAC-O-6423,0.0,6792234516446485b95f4111f3826eb5d0cc03b440890a98b71207f50eb5524a,308adcb65957ec472646a83b02ba7ddd6fa89225,25a68b5450f8a92990beb694bb0fc751eac757e45d94f80aa0a6e31a37d3355b,2026-09-04T16:27:33+00:00,13.0.1
210202,91017500,5,BAC-O-6433,0.0,6792234516446485b95f4111f3826eb5d0cc03b440890a98b71207f50eb5524a,308adcb65957ec472646a83b02ba7ddd6fa89225,25a68b5450f8a92990beb694bb0fc751eac757e45d94f80aa0a6e31a37d3355b,2026-09-04T16:27:33+00:00,13.0.1
210202,91017500,5,CON-S-0130,0.0,6792234516446485b95f4111f3826eb5d0cc03b440890a98b71207f50eb5524a,308adcb65957ec472646a83b02ba7ddd6fa89225,25a68b5450f8a92990beb694bb0fc751eac757e45d94f80aa0a6e31a37d3355b,2026-09-04T16:27:33+00:00,13.0.1
210202,91017500,5,SLI---0770,0.0,6792234516446485b95f4111f3826eb5d0cc03b440890a98b71207f50eb5524a,308adcb65957ec472646a83b02ba7ddd6fa89225,25a68b5450f8a92990beb694bb0fc751eac757e45d94f80aa0a6e31a37d3355b,2026-09-04T16:27:33+00:00,13.0.1
210202,91017500,5,SLI---1200,0.0,6792234516446485b95f4111f3826eb5d0cc03b440890a98b71207f50eb5524a,308adcb65957ec472646a83b02ba7ddd6fa89225,25a68b5450f8a92990beb694bb0fc751eac757e45d94f80aa0a6e31a37d3355b,2026-09-04T16:27:33+00:00,13.0.1
210202,91017500,6,BAC---1041,0.0,6792234516446485b95f4111f3826eb5d0cc03b440890a98b71207f50eb5524a,308adcb65957ec472646a83b02ba7ddd6fa89225,25a68b5450f8a92990beb694bb0fc751eac757e45d94f80aa0a6e31a37d3355b,2026-09-04T16:27:33+00:00,13.0.1
210202,91017500,6,BAC-O-4312,0.0,6792234516446485b95f4111f3826eb5d0cc03b440890a98b71207f50eb5524a,308adcb65957ec472646a83b02ba7ddd6fa89225,25a68b5450f8a92990beb694bb0fc751eac757e45d94f80aa0a6e31a37d3355b,2026-09-04T16:27:33+00:00,13.0.1
210202,91017500,6,BAC-O-4325,0.0,6792234516446485b95f4111f3826eb5d0cc03b440890a98b71207f50eb5524a,308adcb65957ec472646a83b02ba7ddd6fa89225,25a68b5450f8a92990beb694bb0fc751eac757e45d94f80aa0a6e31a37d3355b,2026-09-04T16:27:33+00:00,13.0.1
210202,91017500,6,BAC-O-6423,0.0,6792234516446485b95f4111f3826eb5d0cc03b440890a98b71207f50eb5524a,308adcb65957ec472646a83b02ba7ddd6fa89225,25a68b5450f8a92990beb694bb0fc751eac757e45d94f80aa0a6e31a37d3355b,2026-09-04T16:27:33+00:00,13.0.1
210202,91017500,6,BAC-O-6433,0.0,6792234516446485b95f4111f3826eb5d0cc03b440890a98b71207f50eb5524a,308adcb65957ec472646a83b02ba7ddd6fa89225,25a68b5450f8a92990beb694bb0fc751eac757e45d94f80aa0a6e31a37d3355b,2026-09-04T16:27:33+00:00,13.0.1
210202,91017500,6,CON-S-0130,0.0,6792234516446485b95f4111f3826eb5d0cc03b440890a98b71207f50eb5524a,308adcb65957ec472646a83b02ba7ddd6fa89225,25a68b5450f8a92990beb694bb0fc751eac757e45d94f80aa0a6e31a37d3355b,2026-09-04T16:27:33+00:00,13.0.1
210202,91017500,6,SLI---0770,0.0,6792234516446485b95f4111f3826eb5d0cc03b440890a98b71207f50eb5524a,308adcb65957ec472646a83b02ba7ddd6fa89225,25a68b5450f8a92990beb694bb0fc751eac757e45d94f80aa0a6e31a37d3355b,2026-09-04T16:27:33+00:00,13.0.1
210202,91017500,6,SLI---1200,0.0,6792234516446485b95f4111f3826eb5d0cc03b440890a98b71207f50eb5524a,308adcb65957ec472646a83b02ba7ddd6fa89225,25a68b5450f8a92990beb694bb0fc751eac757e45d94f80aa0a6e31a37d3355b,2026-09-04T16:27:33+00:00,13.0.1
210202,91017500,7,BAC---1041,0.0,6792234516446485b95f4111f3826eb5d0cc03b440890a98b71207f50eb5524a,308adcb65957ec472646a83b02ba7ddd6fa89225,25a68b5450f8a92990beb694bb0fc751eac757e45d94f80aa0a6e31a37d3355b,2026-09-04T16:27:33+00:00,13.0.1
210202,91017500,7,BAC-O-4312,0.0,6792234516446485b95f4111f3826eb5d0cc03b440890a98b71207f50eb5524a,308adcb65957ec472646a83b02ba7ddd6fa89225,25a68b5450f8a92990beb694bb0fc751eac757e45d94f80aa0a6e31a37d3355b,2026-09-04T16:27:33+00:00,13.0.1
210202,91017500,7,BAC-O-4325,0.0,6792234516446485b95f4111f3826eb5d0cc03b440890a98b71207f50eb5524a,308adcb65957ec472646a83b02ba7ddd6fa89225,25a68b5450f8a92990beb694bb0fc751eac757e45d94f80aa0a6e31a37d3355b,2026-09-04T16:27:33+00:00,13.0.1
210202,91017500,7,BAC-O-6423,0.0,6792234516446485b95f4111f3826eb5d0cc03b440890a98b71207f50eb5524a,308adcb65957ec472646a83b02ba7ddd6fa89225,25a68b5450f8a92990beb694bb0fc751eac757e45d94f80aa0a6e31a37d3355b,2026-09-04T16:27:33+00:00,13.0.1
210202,91017500,7,BAC-O-6433,0.0,6792234516446485b95f4111f3826eb5d0cc03b440890a98b71207f50eb5524a,308adcb65957ec472646a83b02ba7ddd6fa89225,25a68b5450f8a92990beb694bb0fc751eac757e45d94f80aa0a6e31a37d3355b,2026-09-04T16:27:33+00:00,13.0.1
210202,91017500,7,CON-S-0130,0.0,6792234516446485b95f4111f3826eb5d0cc03b440890a98b71207f50eb5524a,308adcb65957ec472646a83b02ba7ddd6fa89225,25a68b5450f8a92990beb694bb0fc751eac757e45d94f80aa0a6e31a37d3355b,2026-09-04T16:27:33+00:00,13.0.1
210202,91017500,7,SLI---0770,0.0,6792234516446485b95f4111f3826eb5d0cc03b440890a98b71207f50eb5524a,308adcb65957ec472646a83b02ba7ddd6fa89225,25a68b5450f8a92990beb694bb0fc751eac757e45d94f80aa0a6e31a37d3355b,2026-09-04T16:27:33+00:00,13.0.1
210202,91017500,7,SLI---1200,0.0,6792234516446485b95f4111f3826eb5d0cc03b440890a98b71207f50eb5524a,308adcb65957ec472646a83b02ba7ddd6fa89225,25a68b5450f8a92990beb694bb0fc751eac757e45d94f80aa0a6e31a37d3355b,2026-09-04T16:27:33+00:00,13.0.1
210202,91017500,8,BAC---1041,0.0,6792234516446485b95f4111f3826eb5d0cc03b440890a98b71207f50eb5524a,308adcb65957ec472646a83b02ba7ddd6fa89225,25a68b5450f8a92990beb694bb0fc751eac757e45d94f80aa0a6e31a37d3355b,2026-09-04T16:27:33+00:00,13.0.1
210202,91017500,8,BAC-O-4312,0.0,6792234516446485b95f4111f3826eb5d0cc03b440890a98b71207f50eb5524a,308adcb65957ec472646a83b02ba7ddd6fa89225,25a68b5450f8a92990beb694bb0fc751eac757e45d94f80aa0a6e31a37d3355b,2026-09-04T16:27:33+00:00,13.0.1
210202,91017500,8,BAC-O-4325,0.0,6792234516446485b95f4111f3826eb5d0cc03b440890a98b71207f50eb5524a,308adcb65957ec472646a83b02ba7ddd6fa89225,25a68b5450f8a92990beb694bb0fc751eac757e45d94f80aa0a6e31a37d3355b,2026-09-04T16:27:33+00:00,13.0.1
210202,91017500,8,BAC-O-6423,0.0,6792234516446485b95f4111f3826eb5d0cc03b440890a98b71207f50eb5524a,308adcb65957ec472646a83b02ba7ddd6fa89225,25a68b5450f8a92990beb694bb0fc751eac757e45d94f80aa0a6e31a37d3355b,2026-09-04T16:27:33+00:00,13.0.1
210202,91017500,8,BAC-O-6433,0.0,6792234516446485b95f4111f3826eb5d0cc03b440890a98b71207f50eb5524a,308adcb65957ec472646a83b02ba7ddd6fa89225,25a68b5450f8a92990beb694bb0fc751eac757e45d94f80aa0a6e31a37d3355b,2026-09-04T16:27:33+00:00,13.0.1
210202,91017500,8,CON-S-0130,0.0,6792234516446485b95f4111f3826eb5d0cc03b440890a98b71207f50eb5524a,308adcb65957ec472646a83b02ba7ddd6fa89225,25a68b5450f8a92990beb694bb0fc751eac757e45d94f80aa0a6e31a37d3355b,2026-09-04T16:27:33+00:00,13.0.1
210202,91017500,8,SLI---0770,0.0,6792234516446485b95f4111f3826eb5d0cc03b440890a98b71207f50eb5524a,308adcb65957ec472646a83b02ba7ddd6fa89225,25a68b5450f8a92990beb694bb0fc751eac757e45d94f80aa0a6e31a37d3355b,2026-09-04T16:27:33+00:00,13.0.1
210202,91017500,8,SLI---1200,0.0,6792234516446485b95f4111f3826eb5d0cc03b440890a98b71207f50eb5524a,308adcb65957ec472646a83b02ba7ddd6fa89225,25a68b5450f8a92990beb694bb0fc751eac757e45d94f80aa0a6e31a37d3355b,2026-09-04T16:27:33+00:00,13.0.1
210202,91017500,9,BAC---1041,0.0,6792234516446485b95f4111f3826eb5d0cc03b440890a98b71207f50eb5524a,308adcb65957ec472646a83b02ba7ddd6fa89225,25a68b5450f8a92990beb694bb0fc751eac757e45d94f80aa0a6e31a37d3355b,2026-09-04T16:27:33+00:00,13.0.1
210202,91017500,9,BAC-O-4312,0.0,6792234516446485b95f4111f3826eb5d0cc03b440890a98b71207f50eb5524a,308adcb65957ec472646a83b02ba7ddd6fa89225,25a68b5450f8a92990beb694bb0fc751eac757e45d94f80aa0a6e31a37d3355b,2026-09-04T16:27:33+00:00,13.0.1
210202,91017500,9,BAC-O-4325,0.0,6792234516446485b95f4111f3826eb5d0cc03b440890a98b71207f50eb5524a,308adcb65957ec472646a83b02ba7ddd6fa89225,25a68b5450f8a92990beb694bb0fc751eac757e45d94f80aa0a6e31a37d3355b,2026-09-04T16:27:33+00:00,13.0.1
210202,91017500,9,BAC-O-6423,0.0,6792234516446485b95f4111f3826eb5d0cc03b440890a98b71207f50eb5524a,308adcb65957ec472646a83b02ba7ddd6fa89225,25a68b5450f8a92990beb694bb0fc751eac757e45d94f80aa0a6e31a37d3355b,2026-09-04T16:27:33+00:00,13.0.1
210202,91017500,9,BAC-O-6433,0.0,6792234516446485b95f4111f3826eb5d0cc03b440890a98b71207f50eb5524a,308adcb65957ec472646a83b02ba7ddd6fa89225,25a68b5450f8a92990beb694bb0fc751eac757e45d94f80aa0a6e31a37d3355b,2026-09-04T16:27:33+00:00,13.0.1
210202,91017500,9,CON-S-0130,0.0,6792234516446485b95f4111f3826eb5d0cc03b440890a98b71207f50eb5524a,308adcb65957ec472646a83b02ba7ddd6fa89225,25a68b5450f8a92990beb694bb0fc751eac757e45d94f80aa0a6e31a37d3355b,2026-09-04T16:27:33+00:00,13.0.1
210202,91017500,9,SLI---0770,0.0,6792234516446485b95f4111f3826eb5d0cc03b440890a98b71207f50eb5524a,308adcb65957ec472646a83b02ba7ddd6fa89225,25a68b5450f8a92990beb694bb0fc751eac757e45d94f80aa0a6e31a37d3355b,2026-09-04T16:27:33+00:00,13.0.1
210202,91017500,9,SLI---1200,0.0,6792234516446485b95f4111f3826eb5d0cc03b440890a98b71207f50eb5524a,308adcb65957ec472646a83b02ba7ddd6fa89225,25a68b5450f8a92990beb694bb0fc751eac757e45d94f80aa0a6e31a37d3355b,2026-09-04T16:27:33+00:00,13.0.1
210202,91017500,10,BAC---1041,0.0,6792234516446485b95f4111f3826eb5d0cc03b440890a98b71207f50eb5524a,308adcb65957ec472646a83b02ba7ddd6fa89225,25a68b5450f8a92990beb694bb0fc751eac757e45d94f80aa0a6e31a37d3355b,2026-09-04T16:27:33+00:00,13.0.1
210202,91017500,10,BAC-O-4312,0.0,6792234516446485b95f4111f3826eb5d0cc03b440890a98b71207f50eb5524a,308adcb65957ec472646a83b02ba7ddd6fa89225,25a68b5450f8a92990beb694bb0fc751eac757e45d94f80aa0a6e31a37d3355b,2026-09-04T16:27:33+00:00,13.0.1
210202,91017500,10,BAC-O-4325,0.0,6792234516446485b95f4111f3826eb5d0cc03b440890a98b71207f50eb5524a,308adcb65957ec472646a83b02ba7ddd6fa89225,25a68b5450f8a92990beb694bb0fc751eac757e45d94f80aa0a6e31a37d3355b,2026-09-04T16:27:33+00:00,13.0.1
210202,91017500,10,BAC-O-6423,0.0,6792234516446485b95f4111f3826eb5d0cc03b440890a98b71207f50eb5524a,308adcb65957ec472646a83b02ba7ddd6fa89225,25a68b5450f8a92990beb694bb0fc751eac757e45d94f80aa0a6e31a37d3355b,2026-09-04T16:27:33+00:00,13.0.1
210202,91017500,10,BAC-O-6433,0.0,6792234516446485b95f4111f3826eb5d0cc03b440890a98b71207f50eb5524a,308adcb65957ec472646a83b02ba7ddd6fa89225,25a68b5450f8a92990beb694bb0fc751eac757e45d94f80aa0a6e31a37d3355b,2026-09-04T16:27:33+00:00,13.0.1
210202,91017500,10,CON-S-0130,0.0,6792234516446485b95f4111f3826eb5d0cc03b440890a98b71207f50eb5524a,308adcb65957ec472646a83b02ba7ddd6fa89225,25a68b5450f8a92990beb694bb0fc751eac757e45d94f80aa0a6e31a37d3355b,2026-09-04T16:27:33+00:00,13.0.1
210202,91017500,10,SLI---0770,0.0,6792234516446485b95f4111f3826eb5d0cc03b440890a98b71207f50eb5524a,308adcb65957ec472646a83b02ba7ddd6fa89225,25a68b5450f8a92990beb694bb0fc751eac757e45d94f80aa0a6e31a37d3355b,2026-09-04T16:27:33+00:00,13.0.1
210202,91017500,10,SLI---1200,0.0,6792234516446485b95f4111f3826eb5d0cc03b440890a98b71207f50eb5524a,308adcb65957ec472646a83b02ba7ddd6fa89225,25a68b5450f8a92990beb694bb0fc751eac757e45d94f80aa0a6e31a37d3355b,2026-09-04T16:27:33+00:00,13.0.1
210202,91017500,11,BAC---1041,0.0,6792234516446485b95f4111f3826eb5d0cc03b440890a98b71207f50eb5524a,308adcb65957ec472646a83b02ba7ddd6fa89225,25a68b5450f8a92990beb694bb0fc751eac757e45d94f80aa0a6e31a37d3355b,2026-09-04T16:27:33+00:00,13.0.1
210202,91017500,11,BAC-O-4312,0.0,6792234516446485b95f4111f3826eb5d0cc03b440890a98b71207f50eb5524a,308adcb65957ec472646a83b02ba7ddd6fa89225,25a68b5450f8a92990beb694bb0fc751eac757e45d94f80aa0a6e31a37d3355b,2026-09-04T16:27:33+00:00,13.0.1
210202,91017500,11,BAC-O-4325,0.0,6792234516446485b95f4111f3826eb5d0cc03b440890a98b71207f50eb5524a,308adcb65957ec472646a83b02ba7ddd6fa89225,25a68b5450f8a92990beb694bb0fc751eac757e45d94f80aa0a6e31a37d3355b,2026-09-04T16:27:33+00:00,13.0.1
210202,91017500,11,BAC-O-6423,0.0,6792234516446485b95f4111f3826eb5d0cc03b440890a98b71207f50eb5524a,308adcb65957ec472646a83b02ba7ddd6fa89225,25a68b5450f8a92990beb694bb0fc751eac757e45d94f80aa0a6e31a37d3355b,2026-09-04T16:27:33+00:00,13.0.1
210202,91017500,11,BAC-O-6433,0.0,6792234516446485b95f4111f3826eb5d0cc03b440890a98b71207f50eb5524a,308adcb65957ec472646a83b02ba7ddd6fa89225,25a68b5450f8a92990beb694bb0fc751eac757e45d94f80aa0a6e31a37d3355b,2026-09-04T16:27:33+00:00,13.0.1
210202,91017500,11,CON-S-0130,0.0,6792234516446485b95f4111f3826eb5d0cc03b440890a98b71207f50eb5524a,308adcb65957ec472646a83b02ba7ddd6fa89225,25a68b5450f8a92990beb694bb0fc751eac757e45d94f80aa0a6e31a37d3355b,2026-09-04T16:27:33+00:00,13.0.1
210202,91017500,11,SLI---0770,0.0,6792234516446485b95f4111f3826eb5d0cc03b440890a98b71207f50eb5524a,308adcb65957ec472646a83b02ba7ddd6fa89225,25a68b5450f8a92990beb694bb0fc751eac757e45d94f80aa0a6e31a37d3355b,2026-09-04T16:27:33+00:00,13.0.1
210202,91017500,11,SLI---1200,0.0,6792234516446485b95f4111f3826eb5d0cc03b440890a98b71207f50eb5524a,308adcb65957ec472646a83b02ba7ddd6fa89225,25a68b5450f8a92990beb694bb0fc751eac757e45d94f80aa0a6e31a37d3355b,2026-09-04T16:27:33+00:00,13.0.1
210202,91017500,12,BAC---1041,0.0,6792234516446485b95f4111f3826eb5d0cc03b440890a98b71207f50eb5524a,308adcb65957ec472646a83b02ba7ddd6fa89225,25a68b5450f8a92990beb694bb0fc751eac757e45d94f80aa0a6e31a37d3355b,2026-09-04T16:27:33+00:00,13.0.1
210202,91017500,12,BAC-O-4312,0.0,6792234516446485b95f4111f3826eb5d0cc03b440890a98b71207f50eb5524a,308adcb65957ec472646a83b02ba7ddd6fa89225,25a68b5450f8a92990beb694bb0fc751eac757e45d94f80aa0a6e31a37d3355b,2026-09-04T16:27:33+00:00,13.0.1
210202,91017500,12,BAC-O-4325,0.0,6792234516446485b95f4111f3826eb5d0cc03b440890a98b71207f50eb5524a,308adcb65957ec472646a83b02ba7ddd6fa89225,25a68b5450f8a92990beb694bb0fc751eac757e45d94f80aa0a6e31a37d3355b,2026-09-04T16:27:33+00:00,13.0.1
210202,91017500,12,BAC-O-6423,0.0,6792234516446485b95f4111f3826eb5d0cc03b440890a98b71207f50eb5524a,308adcb65957ec472646a83b02ba7ddd6fa89225,25a68b5450f8a92990beb694bb0fc751eac757e45d94f80aa0a6e31a37d3355b,2026-09-04T16:27:33+00:00,13.0.1
210202,91017500,12,BAC-O-6433,0.0,6792234516446485b95f4111f3826eb5d0cc03b440890a98b71207f50eb5524a,308adcb65957ec472646a83b02ba7ddd6fa89225,25a68b5450f8a92990beb694bb0fc751eac757e45d94f80aa0a6e31a37d3355b,2026-09-04T16:27:33+00:00,13.0.1
210202,91017500,12,CON-S-0130,0.0,6792234516446485b95f4111f3826eb5d0cc03b440890a98b71207f50eb5524a,308adcb65957ec472646a83b02ba7ddd6fa89225,25a68b5450f8a92990beb694bb0fc751eac757e45d94f80aa0a6e31a37d3355b,2026-09-04T16:27:33+00:00,13.0.1
210202,91017500,12,SLI---0770,0.0,6792234516446485b95f4111f3826eb5d0cc03b440890a98b71207f50eb5524a,308adcb65957ec472646a83b02ba7ddd6fa89225,25a68b5450f8a92990beb694bb0fc751eac757e45d94f80aa0a6e31a37d3355b,2026-09-04T16:27:33+00:00,13.0.1
210202,91017500,12,SLI---1200,0.0,6792234516446485b95f4111f3826eb5d0cc03b440890a98b71207f50eb5524a,308adcb65957ec472646a83b02ba7ddd6fa89225,25a68b5450f8a92990beb694bb0fc751eac757e45d94f80aa0a6e31a37d3355b,2026-09-04T16:27:33+00:00,13.0.1
210202,91017600,1,BAC---1041,0.0,6792234516446485b95f4111f3826eb5d0cc03b440890a98b71207f50eb5524a,308adcb65957ec472646a83b02ba7ddd6fa89225,25a68b5450f8a92990beb694bb0fc751eac757e45d94f80aa0a6e31a37d3355b,2026-09-04T16:27:33+00:00,13.0.1
210202,91017600,1,BAC-O-4312,0.0,6792234516446485b95f4111f3826eb5d0cc03b440890a98b71207f50eb5524a,308adcb65957ec472646a83b02ba7ddd6fa89225,25a68b5450f8a92990beb694bb0fc751eac757e45d94f80aa0a6e31a37d3355b,2026-09-04T16:27:33+00:00,13.0.1
210202,91017600,1,BAC-O-4325,0.0,6792234516446485b95f4111f3826eb5d0cc03b440890a98b71207f50eb5524a,308adcb65957ec472646a83b02ba7ddd6fa89225,25a68b5450f8a92990beb694bb0fc751eac757e45d94f80aa0a6e31a37d3355b,2026-09-04T16:27:33+00:00,13.0.1
210202,91017600,1,BAC-O-6423,0.0,6792234516446485b95f4111f3826eb5d0cc03b440890a98b71207f50eb5524a,308adcb65957ec472646a83b02ba7ddd6fa89225,25a68b5450f8a92990beb694bb0fc751eac757e45d94f80aa0a6e31a37d3355b,2026-09-04T16:27:33+00:00,13.0.1
210202,91017600,1,BAC-O-6433,0.0,6792234516446485b95f4111f3826eb5d0cc03b440890a98b71207f50eb5524a,308adcb65957ec472646a83b02ba7ddd6fa89225,25a68b5450f8a92990beb694bb0fc751eac757e45d94f80aa0a6e31a37d3355b,2026-09-04T16:27:33+00:00,13.0.1
210202,91017600,1,CON-S-0130,0.0,6792234516446485b95f4111f3826eb5d0cc03b440890a98b71207f50eb5524a,308adcb65957ec472646a83b02ba7ddd6fa89225,25a68b5450f8a92990beb694bb0fc751eac757e45d94f80aa0a6e31a37d3355b,2026-09-04T16:27:33+00:00,13.0.1
210202,91017600,1,SLI---0770,0.0,6792234516446485b95f4111f3826eb5d0cc03b440890a98b71207f50eb5524a,308adcb65957ec472646a83b02ba7ddd6fa89225,25a68b5450f8a92990beb694bb0fc751eac757e45d94f80aa0a6e31a37d3355b,2026-09-04T16:27:33+00:00,13.0.1
210202,91017600,1,SLI---1200,0.0,6792234516446485b95f4111f3826eb5d0cc03b440890a98b71207f50eb5524a,308adcb65957ec472646a83b02ba7ddd6fa89225,25a68b5450f8a92990beb694bb0fc751eac757e45d94f80aa0a6e31a37d3355b,2026-09-04T16:27:33+00:00,13.0.1
210202,91017600,2,BAC---1041,0.0,6792234516446485b95f4111f3826eb5d0cc03b440890a98b71207f50eb5524a,308adcb65957ec472646a83b02ba7ddd6fa89225,25a68b5450f8a92990beb694bb0fc751eac757e45d94f80aa0a6e31a37d3355b,2026-09-04T16:27:33+00:00,13.0.1
210202,91017600,2,BAC-O-4312,0.0,6792234516446485b95f4111f3826eb5d0cc03b440890a98b71207f50eb5524a,308adcb65957ec472646a83b02ba7ddd6fa89225,25a68b5450f8a92990beb694bb0fc751eac757e45d94f80aa0a6e31a37d3355b,2026-09-04T16:27:33+00:00,13.0.1
210202,91017600,2,BAC-O-4325,0.0,6792234516446485b95f4111f3826eb5d0cc03b440890a98b71207f50eb5524a,308adcb65957ec472646a83b02ba7ddd6fa89225,25a68b5450f8a92990beb694bb0fc751eac757e45d94f80aa0a6e31a37d3355b,2026-09-04T16:27:33+00:00,13.0.1
210202,91017600,2,BAC-O-6423,0.0,6792234516446485b95f4111f3826eb5d0cc03b440890a98b71207f50eb5524a,308adcb65957ec472646a83b02ba7ddd6fa89225,25a68b5450f8a92990beb694bb0fc751eac757e45d94f80aa0a6e31a37d3355b,2026-09-04T16:27:33+00:00,13.0.1
210202,91017600,2,BAC-O-6433,0.0,6792234516446485b95f4111f3826eb5d0cc03b440890a98b71207f50eb5524a,308adcb65957ec472646a83b02ba7ddd6fa89225,25a68b5450f8a92990beb694bb0fc751eac757e45d94f80aa0a6e31a37d3355b,2026-09-04T16:27:33+00:00,13.0.1
210202,91017600,2,CON-S-0130,0.0,6792234516446485b95f4111f3826eb5d0cc03b440890a98b71207f50eb5524a,308adcb65957ec472646a83b02ba7ddd6fa89225,25a68b5450f8a92990beb694bb0fc751eac757e45d94f80aa0a6e31a37d3355b,2026-09-04T16:27:33+00:00,13.0.1
210202,91017600,2,SLI---0770,0.0,6792234516446485b95f4111f3826eb5d0cc03b440890a98b71207f50eb5524a,308adcb65957ec472646a83b02ba7ddd6fa89225,25a68b5450f8a92990beb694bb0fc751eac757e45d94f80aa0a6e31a37d3355b,2026-09-04T16:27:33+00:00,13.0.1
210202,91017600,2,SLI---1200,0.0,6792234516446485b95f4111f3826eb5d0cc03b440890a98b71207f50eb5524a,308adcb65957ec472646a83b02ba7ddd6fa89225,25a68b5450f8a92990beb694bb0fc751eac757e45d94f80aa0a6e31a37d3355b,2026-09-04T16:27:33+00:00,13.0.1
210202,91017600,3,BAC---1041,0.0,6792234516446485b95f4111f3826eb5d0cc03b440890a98b71207f50eb5524a,308adcb65957ec472646a83b02ba7ddd6fa89225,25a68b5450f8a92990beb694bb0fc751eac757e45d94f80aa0a6e31a37d3355b,2026-09-04T16:27:33+00:00,13.0.1
210202,91017600,3,BAC-O-4312,0.0,6792234516446485b95f4111f3826eb5d0cc03b440890a98b71207f50eb5524a,308adcb65957ec472646a83b02ba7ddd6fa89225,25a68b5450f8a92990beb694bb0fc751eac757e45d94f80aa0a6e31a37d3355b,2026-09-04T16:27:33+00:00,13.0.1
210202,91017600,3,BAC-O-4325,0.0,6792234516446485b95f4111f3826eb5d0cc03b440890a98b71207f50eb5524a,308adcb65957ec472646a83b02ba7ddd6fa89225,25a68b5450f8a92990beb694bb0fc751eac757e45d94f80aa0a6e31a37d3355b,2026-09-04T16:27:33+00:00,13.0.1
210202,91017600,3,BAC-O-6423,0.0,6792234516446485b95f4111f3826eb5d0cc03b440890a98b71207f50eb5524a,308adcb65957ec472646a83b02ba7ddd6fa89225,25a68b5450f8a92990beb694bb0fc751eac757e45d94f80aa0a6e31a37d3355b,2026-09-04T16:27:33+00:00,13.0.1
210202,91017600,3,BAC-O-6433,0.0,6792234516446485b95f4111f3826eb5d0cc03b440890a98b71207f50eb5524a,308adcb65957ec472646a83b02ba7ddd6fa89225,25a68b5450f8a92990beb694bb0fc751eac757e45d94f80aa0a6e31a37d3355b,2026-09-04T16:27:33+00:00,13.0.1
210202,91017600,3,CON-S-0130,0.0,6792234516446485b95f4111f3826eb5d0cc03b440890a98b71207f50eb5524a,308adcb65957ec472646a83b02ba7ddd6fa89225,25a68b5450f8a92990beb694bb0fc751eac757e45d94f80aa0a6e31a37d3355b,2026-09-04T16:27:33+00:00,13.0.1
210202,91017600,3,SLI---0770,0.0,6792234516446485b95f4111f3826eb5d0cc03b440890a98b71207f50eb5524a,308adcb65957ec472646a83b02ba7ddd6fa89225,25a68b5450f8a92990beb694bb0fc751eac757e45d94f80aa0a6e31a37d3355b,2026-09-04T16:27:33+00:00,13.0.1
210202,91017600,3,SLI---1200,0.0,6792234516446485b95f4111f3826eb5d0cc03b440890a98b71207f50eb5524a,308adcb65957ec472646a83b02ba7ddd6fa89225,25a68b5450f8a92990beb694bb0fc751eac757e45d94f80aa0a6e31a37d3355b,2026-09-04T16:27:33+00:00,13.0.1
210202,91017600,4,BAC---1041,0.0,6792234516446485b95f4111f3826eb5d0cc03b440890a98b71207f50eb5524a,308adcb65957ec472646a83b02ba7ddd6fa89225,25a68b5450f8a92990beb694bb0fc751eac757e45d94f80aa0a6e31a37d3355b,2026-09-04T16:27:33+00:00,13.0.1
210202,91017600,4,BAC-O-4312,0.0,6792234516446485b95f4111f3826eb5d0cc03b440890a98b71207f50eb5524a,308adcb65957ec472646a83b02ba7ddd6fa89225,25a68b5450f8a92990beb694bb0fc751eac757e45d94f80aa0a6e31a37d3355b,2026-09-04T16:27:33+00:00,13.0.1
210202,91017600,4,BAC-O-4325,0.0,6792234516446485b95f4111f3826eb5d0cc03b440890a98b71207f50eb5524a,308adcb65957ec472646a83b02ba7ddd6fa89225,25a68b5450f8a92990beb694bb0fc751eac757e45d94f80aa0a6e31a37d3355b,2026-09-04T16:27:33+00:00,13.0.1
210202,91017600,4,BAC-O-6423,0.0,6792234516446485b95f4111f3826eb5d0cc03b440890a98b71207f50eb5524a,308adcb65957ec472646a83b02ba7ddd6fa89225,25a68b5450f8a92990beb694bb0fc751eac757e45d94f80aa0a6e31a37d3355b,2026-09-04T16:27:33+00:00,13.0.1
210202,91017600,4,BAC-O-6433,0.0,6792234516446485b95f4111f3826eb5d0cc03b440890a98b71207f50eb5524a,308adcb65957ec472646a83b02ba7ddd6fa89225,25a68b5450f8a92990beb694bb0fc751eac757e45d94f80aa0a6e31a37d3355b,2026-09-04T16:27:33+00:00,13.0.1
210202,91017600,4,CON-S-0130,0.0,6792234516446485b95f4111f3826eb5d0cc03b440890a98b71207f50eb5524a,308adcb65957ec472646a83b02ba7ddd6fa89225,25a68b5450f8a92990beb694bb0fc751eac757e45d94f80aa0a6e31a37d3355b,2026-09-04T16:27:33+00:00,13.0.1
210202,91017600,4,SLI---0770,0.0,6792234516446485b95f4111f3826eb5d0cc03b440890a98b71207f50eb5524a,308adcb65957ec472646a83b02ba7ddd6fa89225,25a68b5450f8a92990beb694bb0fc751eac757e45d94f80aa0a6e31a37d3355b,2026-09-04T16:27:33+00:00,13.0.1
210202,91017600,4,SLI---1200,0.0,6792234516446485b95f4111f3826eb5d0cc03b440890a98b71207f50eb5524a,308adcb65957ec472646a83b02ba7ddd6fa89225,25a68b5450f8a92990beb694bb0fc751eac757e45d94f80aa0a6e31a37d3355b,2026-09-04T16:27:33+00:00,13.0.1
210202,91017600,5,BAC---1041,0.0,6792234516446485b95f4111f3826eb5d0cc03b440890a98b71207f50eb5524a,308adcb65957ec472646a83b02ba7ddd6fa89225,25a68b5450f8a92990beb694bb0fc751eac757e45d94f80aa0a6e31a37d3355b,2026-09-04T16:27:33+00:00,13.0.1
210202,91017600,5,BAC-O-4312,0.0,6792234516446485b95f4111f3826eb5d0cc03b440890a98b71207f50eb5524a,308adcb65957ec472646a83b02ba7ddd6fa89225,25a68b5450f8a92990beb694bb0fc751eac757e45d94f80aa0a6e31a37d3355b,2026-09-04T16:27:33+00:00,13.0.1
210202,91017600,5,BAC-O-4325,0.0,6792234516446485b95f4111f3826eb5d0cc03b440890a98b71207f50eb5524a,308adcb65957ec472646a83b02ba7ddd6fa89225,25a68b5450f8a92990beb694bb0fc751eac757e45d94f80aa0a6e31a37d3355b,2026-09-04T16:27:33+00:00,13.0.1
210202,91017600,5,BAC-O-6423,0.0,6792234516446485b95f4111f3826eb5d0cc03b440890a98b71207f50eb5524a,308adcb65957ec472646a83b02ba7ddd6fa89225,25a68b5450f8a92990beb694bb0fc751eac757e45d94f80aa0a6e31a37d3355b,2026-09-04T16:27:33+00:00,13.0.1
210202,91017600,5,BAC-O-6433,0.0,6792234516446485b95f4111f3826eb5d0cc03b440890a98b71207f50eb5524a,308adcb65957ec472646a83b02ba7ddd6fa89225,25a68b5450f8a92990beb694bb0fc751eac757e45d94f80aa0a6e31a37d3355b,2026-09-04T16:27:33+00:00,13.0.1
210202,91017600,5,CON-S-0130,0.0,6792234516446485b95f4111f3826eb5d0cc03b440890a98b71207f50eb5524a,308adcb65957ec472646a83b02ba7ddd6fa89225,25a68b5450f8a92990beb694bb0fc751eac757e45d94f80aa0a6e31a37d3355b,2026-09-04T16:27:33+00:00,13.0.1
210202,91017600,5,SLI---0770,0.0,6792234516446485b95f4111f3826eb5d0cc03b440890a98b71207f50eb5524a,308adcb65957ec472646a83b02ba7ddd6fa89225,25a68b5450f8a92990beb694bb0fc751eac757e45d94f80aa0a6e31a37d3355b,2026-09-04T16:27:33+00:00,13.0.1
210202,91017600,5,SLI---1200,0.0,6792234516446485b95f4111f3826eb5d0cc03b440890a98b71207f50eb5524a,308adcb65957ec472646a83b02ba7ddd6fa89225,25a68b5450f8a92990beb694bb0fc751eac757e45d94f80aa0a6e31a37d3355b,2026-09-04T16:27:33+00:00,13.0.1
210202,91017600,6,BAC---1041,0.0,6792234516446485b95f4111f3826eb5d0cc03b440890a98b71207f50eb5524a,308adcb65957ec472646a83b02ba7ddd6fa89225,25a68b5450f8a92990beb694bb0fc751eac757e45d94f80aa0a6e31a37d3355b,2026-09-04T16:27:33+00:00,13.0.1
210202,91017600,6,BAC-O-4312,0.0,6792234516446485b95f4111f3826eb5d0cc03b440890a98b71207f50eb5524a,308adcb65957ec472646a83b02ba7ddd6fa89225,25a68b5450f8a92990beb694bb0fc751eac757e45d94f80aa0a6e31a37d3355b,2026-09-04T16:27:33+00:00,13.0.1
210202,91017600,6,BAC-O-4325,0.0,6792234516446485b95f4111f3826eb5d0cc03b440890a98b71207f50eb5524a,308adcb65957ec472646a83b02ba7ddd6fa89225,25a68b5450f8a92990beb694bb0fc751eac757e45d94f80aa0a6e31a37d3355b,2026-09-04T16:27:33+00:00,13.0.1
210202,91017600,6,BAC-O-6423,0.0,6792234516446485b95f4111f3826eb5d0cc03b440890a98b71207f50eb5524a,308adcb65957ec472646a83b02ba7ddd6fa89225,25a68b5450f8a92990beb694bb0fc751eac757e45d94f80aa0a6e31a37d3355b,2026-09-04T16:27:33+00:00,13.0.1
210202,91017600,6,BAC-O-6433,0.0,6792234516446485b95f4111f3826eb5d0cc03b440890a98b71207f50eb5524a,308adcb65957ec472646a83b02ba7ddd6fa89225,25a68b5450f8a92990beb694bb0fc751eac757e45d94f80aa0a6e31a37d3355b,2026-09-04T16:27:33+00:00,13.0.1
210202,91017600,6,CON-S-0130,0.0,6792234516446485b95f4111f3826eb5d0cc03b440890a98b71207f50eb5524a,308adcb65957ec472646a83b02ba7ddd6fa89225,25a68b5450f8a92990beb694bb0fc751eac757e45d94f80aa0a6e31a37d3355b,2026-09-04T16:27:33+00:00,13.0.1
210202,91017600,6,SLI---0770,0.0,6792234516446485b95f4111f3826eb5d0cc03b440890a98b71207f50eb5524a,308adcb65957ec472646a83b02ba7ddd6fa89225,25a68b5450f8a92990beb694bb0fc751eac757e45d94f80aa0a6e31a37d3355b,2026-09-04T16:27:33+00:00,13.0.1
210202,91017600,6,SLI---1200,0.0,6792234516446485b95f4111f3826eb5d0cc03b440890a98b71207f50eb5524a,308adcb65957ec472646a83b02ba7ddd6fa89225,25a68b5450f8a92990beb694bb0fc751eac757e45d94f80aa0a6e31a37d3355b,2026-09-04T16:27:33+00:00,13.0.1
210202,91017600,7,BAC---1041,0.0,6792234516446485b95f4111f3826eb5d0cc03b440890a98b71207f50eb5524a,308adcb65957ec472646a83b02ba7ddd6fa89225,25a68b5450f8a92990beb694bb0fc751eac757e45d94f80aa0a6e31a37d3355b,2026-09-04T16:27:33+00:00,13.0.1
210202,91017600,7,BAC-O-4312,0.0,6792234516446485b95f4111f3826eb5d0cc03b440890a98b71207f50eb5524a,308adcb65957ec472646a83b02ba7ddd6fa89225,25a68b5450f8a92990beb694bb0fc751eac757e45d94f80aa0a6e31a37d3355b,2026-09-04T16:27:33+00:00,13.0.1
210202,91017600,7,BAC-O-4325,0.0,6792234516446485b95f4111f3826eb5d0cc03b440890a98b71207f50eb5524a,308adcb65957ec472646a83b02ba7ddd6fa89225,25a68b5450f8a92990beb694bb0fc751eac757e45d94f80aa0a6e31a37d3355b,2026-09-04T16:27:33+00:00,13.0.1
210202,91017600,7,BAC-O-6423,0.0,6792234516446485b95f4111f3826eb5d0cc03b440890a98b71207f50eb5524a,308adcb65957ec472646a83b02ba7ddd6fa89225,25a68b5450f8a92990beb694bb0fc751eac757e45d94f80aa0a6e31a37d3355b,2026-09-04T16:27:33+00:00,13.0.1
210202,91017600,7,BAC-O-6433,0.0,6792234516446485b95f4111f3826eb5d0cc03b440890a98b71207f50eb5524a,308adcb65957ec472646a83b02ba7ddd6fa89225,25a68b5450f8a92990beb694bb0fc751eac757e45d94f80aa0a6e31a37d3355b,2026-09-04T16:27:33+00:00,13.0.1
210202,91017600,7,CON-S-0130,0.0,6792234516446485b95f4111f3826eb5d0cc03b440890a98b71207f50eb5524a,308adcb65957ec472646a83b02ba7ddd6fa89225,25a68b5450f8a92990beb694bb0fc751eac757e45d94f80aa0a6e31a37d3355b,2026-09-04T16:27:33+00:00,13.0.1
210202,91017600,7,SLI---0770,0.0,6792234516446485b95f4111f3826eb5d0cc03b440890a98b71207f50eb5524a,308adcb65957ec472646a83b02ba7ddd6fa89225,25a68b5450f8a92990beb694bb0fc751eac757e45d94f80aa0a6e31a37d3355b,2026-09-04T16:27:33+00:00,13.0.1
210202,91017600,7,SLI---1200,0.0,6792234516446485b95f4111f3826eb5d0cc03b440890a98b71207f50eb5524a,308adcb65957ec472646a83b02ba7ddd6fa89225,25a68b5450f8a92990beb694bb0fc751eac757e45d94f80aa0a6e31a37d3355b,2026-09-04T16:27:33+00:00,13.0.1
210202,91017600,8,BAC---1041,0.0,6792234516446485b95f4111f3826eb5d0cc03b440890a98b71207f50eb5524a,308adcb65957ec472646a83b02ba7ddd6fa89225,25a68b5450f8a92990beb694bb0fc751eac757e45d94f80aa0a6e31a37d3355b,2026-09-04T16:27:33+00:00,13.0.1
210202,91017600,8,BAC-O-4312,0.0,6792234516446485b95f4111f3826eb5d0cc03b440890a98b71207f50eb5524a,308adcb65957ec472646a83b02ba7ddd6fa89225,25a68b5450f8a92990beb694bb0fc751eac757e45d94f80aa0a6e31a37d3355b,2026-09-04T16:27:33+00:00,13.0.1
210202,91017600,8,BAC-O-4325,0.0,6792234516446485b95f4111f3826eb5d0cc03b440890a98b71207f50eb5524a,308adcb65957ec472646a83b02ba7ddd6fa89225,25a68b5450f8a92990beb694bb0fc751eac757e45d94f80aa0a6e31a37d3355b,2026-09-04T16:27:33+00:00,13.0.1
210202,91017600,8,BAC-O-6423,0.0,6792234516446485b95f4111f3826eb5d0cc03b440890a98b71207f50eb5524a,308adcb65957ec472646a83b02ba7ddd6fa89225,25a68b5450f8a92990beb694bb0fc751eac757e45d94f80aa0a6e31a37d3355b,2026-09-04T16:27:33+00:00,13.0.1
210202,91017600,8,BAC-O-6433,0.0,6792234516446485b95f4111f3826eb5d0cc03b440890a98b71207f50eb5524a,308adcb65957ec472646a83b02ba7ddd6fa89225,25a68b5450f8a92990beb694bb0fc751eac757e45d94f80aa0a6e31a37d3355b,2026-09-04T16:27:33+00:00,13.0.1
210202,91017600,8,CON-S-0130,0.0,6792234516446485b95f4111f3826eb5d0cc03b440890a98b71207f50eb5524a,308adcb65957ec472646a83b02ba7ddd6fa89225,25a68b5450f8a92990beb694bb0fc751eac757e45d94f80aa0a6e31a37d3355b,2026-09-04T16:27:33+00:00,13.0.1
210202,91017600,8,SLI---0770,0.0,6792234516446485b95f4111f3826eb5d0cc03b440890a98b71207f50eb5524a,308adcb65957ec472646a83b02ba7ddd6fa89225,25a68b5450f8a92990beb694bb0fc751eac757e45d94f80aa0a6e31a37d3355b,2026-09-04T16:27:33+00:00,13.0.1
210202,91017600,8,SLI---1200,0.0,6792234516446485b95f4111f3826eb5d0cc03b440890a98b71207f50eb5524a,308adcb65957ec472646a83b02ba7ddd6fa89225,25a68b5450f8a92990beb694bb0fc751eac757e45d94f80aa0a6e31a37d3355b,2026-09-04T16:27:33+00:00,13.0.1
210202,91017600,9,BAC---1041,0.0,6792234516446485b95f4111f3826eb5d0cc03b440890a98b71207f50eb5524a,308adcb65957ec472646a83b02ba7ddd6fa89225,25a68b5450f8a92990beb694bb0fc751eac757e45d94f80aa0a6e31a37d3355b,2026-09-04T16:27:33+00:00,13.0.1
210202,91017600,9,BAC-O-4312,0.0,6792234516446485b95f4111f3826eb5d0cc03b440890a98b71207f50eb5524a,308adcb65957ec472646a83b02ba7ddd6fa89225,25a68b5450f8a92990beb694bb0fc751eac757e45d94f80aa0a6e31a37d3355b,2026-09-04T16:27:33+00:00,13.0.1
210202,91017600,9,BAC-O-4325,0.0,6792234516446485b95f4111f3826eb5d0cc03b440890a98b71207f50eb5524a,308adcb65957ec472646a83b02ba7ddd6fa89225,25a68b5450f8a92990beb694bb0fc751eac757e45d94f80aa0a6e31a37d3355b,2026-09-04T16:27:33+00:00,13.0.1
210202,91017600,9,BAC-O-6423,0.0,6792234516446485b95f4111f3826eb5d0cc03b440890a98b71207f50eb5524a,308adcb65957ec472646a83b02ba7ddd6fa89225,25a68b5450f8a92990beb694bb0fc751eac757e45d94f80aa0a6e31a37d3355b,2026-09-04T16:27:33+00:00,13.0.1
210202,91017600,9,BAC-O-6433,0.0,6792234516446485b95f4111f3826eb5d0cc03b440890a98b71207f50eb5524a,308adcb65957ec472646a83b02ba7ddd6fa89225,25a68b5450f8a92990beb694bb0fc751eac757e45d94f80aa0a6e31a37d3355b,2026-09-04T16:27:33+00:00,13.0.1
210202,91017600,9,CON-S-0130,0.0,6792234516446485b95f4111f3826eb5d0cc03b440890a98b71207f50eb5524a,308adcb65957ec472646a83b02ba7ddd6fa89225,25a68b5450f8a92990beb694bb0fc751eac757e45d94f80aa0a6e31a37d3355b,2026-09-04T16:27:33+00:00,13.0.1
210202,91017600,9,SLI---0770,0.0,6792234516446485b95f4111f3826eb5d0cc03b440890a98b71207f50eb5524a,308adcb65957ec472646a83b02ba7ddd6fa89225,25a68b5450f8a92990beb694bb0fc751eac757e45d94f80aa0a6e31a37d3355b,2026-09-04T16:27:33+00:00,13.0.1
210202,91017600,9,SLI---1200,0.0,6792234516446485b95f4111f3826eb5d0cc03b440890a98b71207f50eb5524a,308adcb65957ec472646a83b02ba7ddd6fa89225,25a68b5450f8a92990beb694bb0fc751eac757e45d94f80aa0a6e31a37d3355b,2026-09-04T16:27:33+00:00,13.0.1
210202,91017600,10,BAC---1041,0.0,6792234516446485b95f4111f3826eb5d0cc03b440890a98b71207f50eb5524a,308adcb65957ec472646a83b02ba7ddd6fa89225,25a68b5450f8a92990beb694bb0fc751eac757e45d94f80aa0a6e31a37d3355b,2026-09-04T16:27:33+00:00,13.0.1
210202,91017600,10,BAC-O-4312,0.0,6792234516446485b95f4111f3826eb5d0cc03b440890a98b71207f50eb5524a,308adcb65957ec472646a83b02ba7ddd6fa89225,25a68b5450f8a92990beb694bb0fc751eac757e45d94f80aa0a6e31a37d3355b,2026-09-04T16:27:33+00:00,13.0.1
210202,91017600,10,BAC-O-4325,0.0,6792234516446485b95f4111f3826eb5d0cc03b440890a98b71207f50eb5524a,308adcb65957ec472646a83b02ba7ddd6fa89225,25a68b5450f8a92990beb694bb0fc751eac757e45d94f80aa0a6e31a37d3355b,2026-09-04T16:27:33+00:00,13.0.1
210202,91017600,10,BAC-O-6423,0.0,6792234516446485b95f4111f3826eb5d0cc03b440890a98b71207f50eb5524a,308adcb65957ec472646a83b02ba7ddd6fa89225,25a68b5450f8a92990beb694bb0fc751eac757e45d94f80aa0a6e31a37d3355b,2026-09-04T16:27:33+00:00,13.0.1
210202,91017600,10,BAC-O-6433,0.0,6792234516446485b95f4111f3826eb5d0cc03b440890a98b71207f50eb5524a,308adcb65957ec472646a83b02ba7ddd6fa89225,25a68b5450f8a92990beb694bb0fc751eac757e45d94f80aa0a6e31a37d3355b,2026-09-04T16:27:33+00:00,13.0.1
210202,91017600,10,CON-S-0130,0.0,6792234516446485b95f4111f3826eb5d0cc03b440890a98b71207f50eb5524a,308adcb65957ec472646a83b02ba7ddd6fa89225,25a68b5450f8a92990beb694bb0fc751eac757e45d94f80aa0a6e31a37d3355b,2026-09-04T16:27:33+00:00,13.0.1
210202,91017600,10,SLI---0770,0.0,6792234516446485b95f4111f3826eb5d0cc03b440890a98b71207f50eb5524a,308adcb65957ec472646a83b02ba7ddd6fa89225,25a68b5450f8a92990beb694bb0fc751eac757e45d94f80aa0a6e31a37d3355b,2026-09-04T16:27:33+00:00,13.0.1
210202,91017600,10,SLI---1200,0.0,6792234516446485b95f4111f3826eb5d0cc03b440890a98b71207f50eb5524a,308adcb65957ec472646a83b02ba7ddd6fa89225,25a68b5450f8a92990beb694bb0fc751eac757e45d94f80aa0a6e31a37d3355b,2026-09-04T16:27:33+00:00,13.0.1
210202,91017600,11,BAC---1041,0.0,6792234516446485b95f4111f3826eb5d0cc03b440890a98b71207f50eb5524a,308adcb65957ec472646a83b02ba7ddd6fa89225,25a68b5450f8a92990beb694bb0fc751eac757e45d94f80aa0a6e31a37d3355b,2026-09-04T16:27:33+00:00,13.0.1
210202,91017600,11,BAC-O-4312,0.0,6792234516446485b95f4111f3826eb5d0cc03b440890a98b71207f50eb5524a,308adcb65957ec472646a83b02ba7ddd6fa89225,25a68b5450f8a92990beb694bb0fc751eac757e45d94f80aa0a6e31a37d3355b,2026-09-04T16:27:33+00:00,13.0.1
210202,91017600,11,BAC-O-4325,0.0,6792234516446485b95f4111f3826eb5d0cc03b440890a98b71207f50eb5524a,308adcb65957ec472646a83b02ba7ddd6fa89225,25a68b5450f8a92990beb694bb0fc751eac757e45d94f80aa0a6e31a37d3355b,2026-09-04T16:27:33+00:00,13.0.1
210202,91017600,11,BAC-O-6423,0.0,6792234516446485b95f4111f3826eb5d0cc03b440890a98b71207f50eb5524a,308adcb65957ec472646a83b02ba7ddd6fa89225,25a68b5450f8a92990beb694bb0fc751eac757e45d94f80aa0a6e31a37d3355b,2026-09-04T16:27:33+00:00,13.0.1
210202,91017600,11,BAC-O-6433,0.0,6792234516446485b95f4111f3826eb5d0cc03b440890a98b71207f50eb5524a,308adcb65957ec472646a83b02ba7ddd6fa89225,25a68b5450f8a92990beb694bb0fc751eac757e45d94f80aa0a6e31a37d3355b,2026-09-04T16:27:33+00:00,13.0.1
210202,91017600,11,CON-S-0130,0.0,6792234516446485b95f4111f3826eb5d0cc03b440890a98b71207f50eb5524a,308adcb65957ec472646a83b02ba7ddd6fa89225,25a68b5450f8a92990beb694bb0fc751eac757e45d94f80aa0a6e31a37d3355b,2026-09-04T16:27:33+00:00,13.0.1
210202,91017600,11,SLI---0770,0.0,6792234516446485b95f4111f3826eb5d0cc03b440890a98b71207f50eb5524a,308adcb65957ec472646a83b02ba7ddd6fa89225,25a68b5450f8a92990beb694bb0fc751eac757e45d94f80aa0a6e31a37d3355b,2026-09-04T16:27:33+00:00,13.0.1
210202,91017600,11,SLI---1200,0.0,6792234516446485b95f4111f3826eb5d0cc03b440890a98b71207f50eb5524a,308adcb65957ec472646a83b02ba7ddd6fa89225,25a68b5450f8a92990beb694bb0fc751eac757e45d94f80aa0a6e31a37d3355b,2026-09-04T16:27:33+00:00,13.0.1
210202,91017600,12,BAC---1041,0.0,6792234516446485b95f4111f3826eb5d0cc03b440890a98b71207f50eb5524a,308adcb65957ec472646a83b02ba7ddd6fa89225,25a68b5450f8a92990beb694bb0fc751eac757e45d94f80aa0a6e31a37d3355b,2026-09-04T16:27:33+00:00,13.0.1
210202,91017600,12,BAC-O-4312,0.0,6792234516446485b95f4111f3826eb5d0cc03b440890a98b71207f50eb5524a,308adcb65957ec472646a83b02ba7ddd6fa89225,25a68b5450f8a92990beb694bb0fc751eac757e45d94f80aa0a6e31a37d3355b,2026-09-04T16:27:33+00:00,13.0.1
210202,91017600,12,BAC-O-4325,0.0,6792234516446485b95f4111f3826eb5d0cc03b440890a98b71207f50eb5524a,308adcb65957ec472646a83b02ba7ddd6fa89225,25a68b5450f8a92990beb694bb0fc751eac757e45d94f80aa0a6e31a37d3355b,2026-09-04T16:27:33+00:00,13.0.1
210202,91017600,12,BAC-O-6423,0.0,6792234516446485b95f4111f3826eb5d0cc03b440890a98b71207f50eb5524a,308adcb65957ec472646a83b02ba7ddd6fa89225,25a68b5450f8a92990beb694bb0fc751eac757e45d94f80aa0a6e31a37d3355b,2026-09-04T16:27:33+00:00,13.0.1
210202,91017600,12,BAC-O-6433,0.0,6792234516446485b95f4111f3826eb5d0cc03b440890a98b71207f50eb5524a,308adcb65957ec472646a83b02ba7ddd6fa89225,25a68b5450f8a92990beb694bb0fc751eac757e45d94f80aa0a6e31a37d3355b,2026-09-04T16:27:33+00:00,13.0.1
210202,91017600,12,CON-S-0130,0.0,6792234516446485b95f4111f3826eb5d0cc03b440890a98b71207f50eb5524a,308adcb65957ec472646a83b02ba7ddd6fa89225,25a68b5450f8a92990beb694bb0fc751eac757e45d94f80aa0a6e31a37d3355b,2026-09-04T16:27:33+00:00,13.0.1
210202,91017600,12,SLI---0770,0.0,6792234516446485b95f4111f3826eb5d0cc03b440890a98b71207f50eb5524a,308adcb65957ec472646a83b02ba7ddd6fa89225,25a68b5450f8a92990beb694bb0fc751eac757e45d94f80aa0a6e31a37d3355b,2026-09-04T16:27:33+00:00,13.0.1
210202,91017600,12,SLI---1200,0.0,6792234516446485b95f4111f3826eb5d0cc03b440890a98b71207f50eb5524a,308adcb65957ec472646a83b02ba7ddd6fa89225,25a68b5450f8a92990beb694bb0fc751eac757e45d94f80aa0a6e31a37d3355b,2026-09-04T16:27:33+00:00,13.0.1
210202,91017700,1,BAC---1041,20.42805019997786,6792234516446485b95f4111f3826eb5d0cc03b440890a98b71207f50eb5524a,308adcb65957ec472646a83b02ba7ddd6fa89225,25a68b5450f8a92990beb694bb0fc751eac757e45d94f80aa0a6e31a37d3355b,2026-09-04T16:27:33+00:00,13.0.1
210202,91017700,1,BAC-O-4312,6.285714285714286,6792234516446485b95f4111f3826eb5d0cc03b440890a98b71207f50eb5524a,308adcb65957ec472646a83b02ba7ddd6fa89225,25a68b5450f8a92990beb694bb0fc751eac757e45d94f80aa0a6e31a37d3355b,2026-09-04T16:27:33+00:00,13.0.1
210202,91017700,1,BAC-O-4325,1.3997672821272964,6792234516446485b95f4111f3826eb5d0cc03b440890a98b71207f50eb5524a,308adcb65957ec472646a83b02ba7ddd6fa89225,25a68b5450f8a92990beb694bb0fc751eac757e45d94f80aa0a6e31a37d3355b,2026-09-04T16:27:33+00:00,13.0.1
210202,91017700,1,BAC-O-6423,75.1639181376529,6792234516446485b95f4111f3826eb5d0cc03b440890a98b71207f50eb5524a,308adcb65957ec472646a83b02ba7ddd6fa89225,25a68b5450f8a92990beb694bb0fc751eac757e45d94f80aa0a6e31a37d3355b,2026-09-04T16:27:33+00:00,13.0.1
210202,91017700,1,BAC-O-6433,93.93457686106717,6792234516446485b95f4111f3826eb5d0cc03b440890a98b71207f50eb5524a,308adcb65957ec472646a83b02ba7ddd6fa89225,25a68b5450f8a92990beb694bb0fc751eac757e45d94f80aa0a6e31a37d3355b,2026-09-04T16:27:33+00:00,13.0.1
210202,91017700,1,CON-S-0130,22.047291701866342,6792234516446485b95f4111f3826eb5d0cc03b440890a98b71207f50eb5524a,308adcb65957ec472646a83b02ba7ddd6fa89225,25a68b5450f8a92990beb694bb0fc751eac757e45d94f80aa0a6e31a37d3355b,2026-09-04T16:27:33+00:00,13.0.1
210202,91017700,1,SLI---0770,72.25119113503543,6792234516446485b95f4111f3826eb5d0cc03b440890a98b71207f50eb5524a,308adcb65957ec472646a83b02ba7ddd6fa89225,25a68b5450f8a92990beb694bb0fc751eac757e45d94f80aa0a6e31a37d3355b,2026-09-04T16:27:33+00:00,13.0.1
210202,91017700,1,SLI---1200,25.99323665481941,6792234516446485b95f4111f3826eb5d0cc03b440890a98b71207f50eb5524a,308adcb65957ec472646a83b02ba7ddd6fa89225,25a68b5450f8a92990beb694bb0fc751eac757e45d94f80aa0a6e31a37d3355b,2026-09-04T16:27:33+00:00,13.0.1
210202,91017700,2,BAC---1041,0.0,6792234516446485b95f4111f3826eb5d0cc03b440890a98b71207f50eb5524a,308adcb65957ec472646a83b02ba7ddd6fa89225,25a68b5450f8a92990beb694bb0fc751eac757e45d94f80aa0a6e31a37d3355b,2026-09-04T16:27:33+00:00,13.0.1
210202,91017700,2,BAC-O-4312,0.0,6792234516446485b95f4111f3826eb5d0cc03b440890a98b71207f50eb5524a,308adcb65957ec472646a83b02ba7ddd6fa89225,25a68b5450f8a92990beb694bb0fc751eac757e45d94f80aa0a6e31a37d3355b,2026-09-04T16:27:33+00:00,13.0.1
210202,91017700,2,BAC-O-4325,0.28618021099962654,6792234516446485b95f4111f3826eb5d0cc03b440890a98b71207f50eb5524a,308adcb65957ec472646a83b02ba7ddd6fa89225,25a68b5450f8a92990beb694bb0fc751eac757e45d94f80aa0a6e31a37d3355b,2026-09-04T16:27:33+00:00,13.0.1
210202,91017700,2,BAC-O-6423,0.0,6792234516446485b95f4111f3826eb5d0cc03b440890a98b71207f50eb5524a,308adcb65957ec472646a83b02ba7ddd6fa89225,25a68b5450f8a92990beb694bb0fc751eac757e45d94f80aa0a6e31a37d3355b,2026-09-04T16:27:33+00:00,13.0.1
210202,91017700,2,BAC-O-6433,0.0,6792234516446485b95f4111f3826eb5d0cc03b440890a98b71207f50eb5524a,308adcb65957ec472646a83b02ba7ddd6fa89225,25a68b5450f8a92990beb694bb0fc751eac757e45d94f80aa0a6e31a37d3355b,2026-09-04T16:27:33+00:00,13.0.1
210202,91017700,2,CON-S-0130,0.0,6792234516446485b95f4111f3826eb5d0cc03b440890a98b71207f50eb5524a,308adcb65957ec472646a83b02ba7ddd6fa89225,25a68b5450f8a92990beb694bb0fc751eac757e45d94f80aa0a6e31a37d3355b,2026-09-04T16:27:33+00:00,13.0.1
210202,91017700,2,SLI---0770,0.0,6792234516446485b95f4111f3826eb5d0cc03b440890a98b71207f50eb5524a,308adcb65957ec472646a83b02ba7ddd6fa89225,25a68b5450f8a92990beb694bb0fc751eac757e45d94f80aa0a6e31a37d3355b,2026-09-04T16:27:33+00:00,13.0.1
210202,91017700,2,SLI---1200,0.028393504669536274,6792234516446485b95f4111f3826eb5d0cc03b440890a98b71207f50eb5524a,308adcb65957ec472646a83b02ba7ddd6fa89225,25a68b5450f8a92990beb694bb0fc751eac757e45d94f80aa0a6e31a37d3355b,2026-09-04T16:27:33+00:00,13.0.1
210202,91017700,3,BAC---1041,0.0,6792234516446485b95f4111f3826eb5d0cc03b440890a98b71207f50eb5524a,308adcb65957ec472646a83b02ba7ddd6fa89225,25a68b5450f8a92990beb694bb0fc751eac757e45d94f80aa0a6e31a37d3355b,2026-09-04T16:27:33+00:00,13.0.1
210202,91017700,3,BAC-O-4312,0.6877100037237582,6792234516446485b95f4111f3826eb5d0cc03b440890a98b71207f50eb5524a,308adcb65957ec472646a83b02ba7ddd6fa89225,25a68b5450f8a92990beb694bb0fc751eac757e45d94f80aa0a6e31a37d3355b,2026-09-04T16:27:33+00:00,13.0.1
210202,91017700,3,BAC-O-4325,17.889516213119496,6792234516446485b95f4111f3826eb5d0cc03b440890a98b71207f50eb5524a,308adcb65957ec472646a83b02ba7ddd6fa89225,25a68b5450f8a92990beb694bb0fc751eac757e45d94f80aa0a6e31a37d3355b,2026-09-04T16:27:33+00:00,13.0.1
210202,91017700,3,BAC-O-6423,9.910671728580269,6792234516446485b95f4111f3826eb5d0cc03b440890a98b71207f50eb5524a,308adcb65957ec472646a83b02ba7ddd6fa89225,25a68b5450f8a92990beb694bb0fc751eac757e45d94f80aa0a6e31a37d3355b,2026-09-04T16:27:33+00:00,13.0.1
210202,91017700,3,BAC-O-6433,125.57142857142857,6792234516446485b95f4111f3826eb5d0cc03b440890a98b71207f50eb5524a,308adcb65957ec472646a83b02ba7ddd6fa89225,25a68b5450f8a92990beb694bb0fc751eac757e45d94f80aa0a6e31a37d3355b,2026-09-04T16:27:33+00:00,13.0.1
210202,91017700,3,CON-S-0130,13.349386959964775,6792234516446485b95f4111f3826eb5d0cc03b440890a98b71207f50eb5524a,308adcb65957ec472646a83b02ba7ddd6fa89225,25a68b5450f8a92990beb694bb0fc751eac757e45d94f80aa0a6e31a37d3355b,2026-09-04T16:27:33+00:00,13.0.1
210202,91017700,3,SLI---0770,27.560661589144757,6792234516446485b95f4111f3826eb5d0cc03b440890a98b71207f50eb5524a,308adcb65957ec472646a83b02ba7ddd6fa89225,25a68b5450f8a92990beb694bb0fc751eac757e45d94f80aa0a6e31a37d3355b,2026-09-04T16:27:33+00:00,13.0.1
210202,91017700,3,SLI---1200,130.64285714285714,6792234516446485b95f4111f3826eb5d0cc03b440890a98b71207f50eb5524a,308adcb65957ec472646a83b02ba7ddd6fa89225,25a68b5450f8a92990beb694bb0fc751eac757e45d94f80aa0a6e31a37d3355b,2026-09-04T16:27:33+00:00,13.0.1
210202,91017700,4,BAC---1041,0.0,6792234516446485b95f4111f3826eb5d0cc03b440890a98b71207f50eb5524a,308adcb65957ec472646a83b02ba7ddd6fa89225,25a68b5450f8a92990beb694bb0fc751eac757e45d94f80aa0a6e31a37d3355b,2026-09-04T16:27:33+00:00,13.0.1
210202,91017700,4,BAC-O-4312,0.0,6792234516446485b95f4111f3826eb5d0cc03b440890a98b71207f50eb5524a,308adcb65957ec472646a83b02ba7ddd6fa89225,25a68b5450f8a92990beb694bb0fc751eac757e45d94f80aa0a6e31a37d3355b,2026-09-04T16:27:33+00:00,13.0.1
210202,91017700,4,BAC-O-4325,0.0,6792234516446485b95f4111f3826eb5d0cc03b440890a98b71207f50eb5524a,308adcb65957ec472646a83b02ba7ddd6fa89225,25a68b5450f8a92990beb694bb0fc751eac757e45d94f80aa0a6e31a37d3355b,2026-09-04T16:27:33+00:00,13.0.1
210202,91017700,4,BAC-O-6423,0.0,6792234516446485b95f4111f3826eb5d0cc03b440890a98b71207f50eb5524a,308adcb65957ec472646a83b02ba7ddd6fa89225,25a68b5450f8a92990beb694bb0fc751eac757e45d94f80aa0a6e31a37d3355b,2026-09-04T16:27:33+00:00,13.0.1
210202,91017700,4,BAC-O-6433,0.0,6792234516446485b95f4111f3826eb5d0cc03b440890a98b71207f50eb5524a,308adcb65957ec472646a83b02ba7ddd6fa89225,25a68b5450f8a92990beb694bb0fc751eac757e45d94f80aa0a6e31a37d3355b,2026-09-04T16:27:33+00:00,13.0.1
210202,91017700,4,CON-S-0130,0.0,6792234516446485b95f4111f3826eb5d0cc03b440890a98b71207f50eb5524a,308adcb65957ec472646a83b02ba7ddd6fa89225,25a68b5450f8a92990beb694bb0fc751eac757e45d94f80aa0a6e31a37d3355b,2026-09-04T16:27:33+00:00,13.0.1
210202,91017700,4,SLI---0770,0.0,6792234516446485b95f4111f3826eb5d0cc03b440890a98b71207f50eb5524a,308adcb65957ec472646a83b02ba7ddd6fa89225,25a68b5450f8a92990beb694bb0fc751eac757e45d94f80aa0a6e31a37d3355b,2026-09-04T16:27:33+00:00,13.0.1
210202,91017700,4,SLI---1200,0.0,6792234516446485b95f4111f3826eb5d0cc03b440890a98b71207f50eb5524a,308adcb65957ec472646a83b02ba7ddd6fa89225,25a68b5450f8a92990beb694bb0fc751eac757e45d94f80aa0a6e31a37d3355b,2026-09-04T16:27:33+00:00,13.0.1
210202,91017700,5,BAC---1041,0.0,6792234516446485b95f4111f3826eb5d0cc03b440890a98b71207f50eb5524a,308adcb65957ec472646a83b02ba7ddd6fa89225,25a68b5450f8a92990beb694bb0fc751eac757e45d94f80aa0a6e31a37d3355b,2026-09-04T16:27:33+00:00,13.0.1
210202,91017700,5,BAC-O-4312,0.0,6792234516446485b95f4111f3826eb5d0cc03b440890a98b71207f50eb5524a,308adcb65957ec472646a83b02ba7ddd6fa89225,25a68b5450f8a92990beb694bb0fc751eac757e45d94f80aa0a6e31a37d3355b,2026-09-04T16:27:33+00:00,13.0.1
210202,91017700,5,BAC-O-4325,0.0,6792234516446485b95f4111f3826eb5d0cc03b440890a98b71207f50eb5524a,308adcb65957ec472646a83b02ba7ddd6fa89225,25a68b5450f8a92990beb694bb0fc751eac757e45d94f80aa0a6e31a37d3355b,2026-09-04T16:27:33+00:00,13.0.1
210202,91017700,5,BAC-O-6423,0.0,6792234516446485b95f4111f3826eb5d0cc03b440890a98b71207f50eb5524a,308adcb65957ec472646a83b02ba7ddd6fa89225,25a68b5450f8a92990beb694bb0fc751eac757e45d94f80aa0a6e31a37d3355b,2026-09-04T16:27:33+00:00,13.0.1
210202,91017700,5,BAC-O-6433,0.0,6792234516446485b95f4111f3826eb5d0cc03b440890a98b71207f50eb5524a,308adcb65957ec472646a83b02ba7ddd6fa89225,25a68b5450f8a92990beb694bb0fc751eac757e45d94f80aa0a6e31a37d3355b,2026-09-04T16:27:33+00:00,13.0.1
210202,91017700,5,CON-S-0130,0.0,6792234516446485b95f4111f3826eb5d0cc03b440890a98b71207f50eb5524a,308adcb65957ec472646a83b02ba7ddd6fa89225,25a68b5450f8a92990beb694bb0fc751eac757e45d94f80aa0a6e31a37d3355b,2026-09-04T16:27:33+00:00,13.0.1
210202,91017700,5,SLI---0770,0.0,6792234516446485b95f4111f3826eb5d0cc03b440890a98b71207f50eb5524a,308adcb65957ec472646a83b02ba7ddd6fa89225,25a68b5450f8a92990beb694bb0fc751eac757e45d94f80aa0a6e31a37d3355b,2026-09-04T16:27:33+00:00,13.0.1
210202,91017700,5,SLI---1200,0.0,6792234516446485b95f4111f3826eb5d0cc03b440890a98b71207f50eb5524a,308adcb65957ec472646a83b02ba7ddd6fa89225,25a68b5450f8a92990beb694bb0fc751eac757e45d94f80aa0a6e31a37d3355b,2026-09-04T16:27:33+00:00,13.0.1
210202,91017700,6,BAC---1041,0.0,6792234516446485b95f4111f3826eb5d0cc03b440890a98b71207f50eb5524a,308adcb65957ec472646a83b02ba7ddd6fa89225,25a68b5450f8a92990beb694bb0fc751eac757e45d94f80aa0a6e31a37d3355b,2026-09-04T16:27:33+00:00,13.0.1
210202,91017700,6,BAC-O-4312,0.0,6792234516446485b95f4111f3826eb5d0cc03b440890a98b71207f50eb5524a,308adcb65957ec472646a83b02ba7ddd6fa89225,25a68b5450f8a92990beb694bb0fc751eac757e45d94f80aa0a6e31a37d3355b,2026-09-04T16:27:33+00:00,13.0.1
210202,91017700,6,BAC-O-4325,0.0,6792234516446485b95f4111f3826eb5d0cc03b440890a98b71207f50eb5524a,308adcb65957ec472646a83b02ba7ddd6fa89225,25a68b5450f8a92990beb694bb0fc751eac757e45d94f80aa0a6e31a37d3355b,2026-09-04T16:27:33+00:00,13.0.1
210202,91017700,6,BAC-O-6423,0.0,6792234516446485b95f4111f3826eb5d0cc03b440890a98b71207f50eb5524a,308adcb65957ec472646a83b02ba7ddd6fa89225,25a68b5450f8a92990beb694bb0fc751eac757e45d94f80aa0a6e31a37d3355b,2026-09-04T16:27:33+00:00,13.0.1
210202,91017700,6,BAC-O-6433,1.1639920787284694,6792234516446485b95f4111f3826eb5d0cc03b440890a98b71207f50eb5524a,308adcb65957ec472646a83b02ba7ddd6fa89225,25a68b5450f8a92990beb694bb0fc751eac757e45d94f80aa0a6e31a37d3355b,2026-09-04T16:27:33+00:00,13.0.1
210202,91017700,6,CON-S-0130,0.0,6792234516446485b95f4111f3826eb5d0cc03b440890a98b71207f50eb5524a,308adcb65957ec472646a83b02ba7ddd6fa89225,25a68b5450f8a92990beb694bb0fc751eac757e45d94f80aa0a6e31a37d3355b,2026-09-04T16:27:33+00:00,13.0.1
210202,91017700,6,SLI---0770,0.0,6792234516446485b95f4111f3826eb5d0cc03b440890a98b71207f50eb5524a,308adcb65957ec472646a83b02ba7ddd6fa89225,25a68b5450f8a92990beb694bb0fc751eac757e45d94f80aa0a6e31a37d3355b,2026-09-04T16:27:33+00:00,13.0.1
210202,91017700,6,SLI---1200,9.455550095081055,6792234516446485b95f4111f3826eb5d0cc03b440890a98b71207f50eb5524a,308adcb65957ec472646a83b02ba7ddd6fa89225,25a68b5450f8a92990beb694bb0fc751eac757e45d94f80aa0a6e31a37d3355b,2026-09-04T16:27:33+00:00,13.0.1
210202,91017700,7,BAC---1041,0.0,6792234516446485b95f4111f3826eb5d0cc03b440890a98b71207f50eb5524a,308adcb65957ec472646a83b02ba7ddd6fa89225,25a68b5450f8a92990beb694bb0fc751eac757e45d94f80aa0a6e31a37d3355b,2026-09-04T16:27:33+00:00,13.0.1
210202,91017700,7,BAC-O-4312,0.0,6792234516446485b95f4111f3826eb5d0cc03b440890a98b71207f50eb5524a,308adcb65957ec472646a83b02ba7ddd6fa89225,25a68b5450f8a92990beb694bb0fc751eac757e45d94f80aa0a6e31a37d3355b,2026-09-04T16:27:33+00:00,13.0.1
210202,91017700,7,BAC-O-4325,0.0,6792234516446485b95f4111f3826eb5d0cc03b440890a98b71207f50eb5524a,308adcb65957ec472646a83b02ba7ddd6fa89225,25a68b5450f8a92990beb694bb0fc751eac757e45d94f80aa0a6e31a37d3355b,2026-09-04T16:27:33+00:00,13.0.1
210202,91017700,7,BAC-O-6423,0.0,6792234516446485b95f4111f3826eb5d0cc03b440890a98b71207f50eb5524a,308adcb65957ec472646a83b02ba7ddd6fa89225,25a68b5450f8a92990beb694bb0fc751eac757e45d94f80aa0a6e31a37d3355b,2026-09-04T16:27:33+00:00,13.0.1
210202,91017700,7,BAC-O-6433,0.0,6792234516446485b95f4111f3826eb5d0cc03b440890a98b71207f50eb5524a,308adcb65957ec472646a83b02ba7ddd6fa89225,25a68b5450f8a92990beb694bb0fc751eac757e45d94f80aa0a6e31a37d3355b,2026-09-04T16:27:33+00:00,13.0.1
210202,91017700,7,CON-S-0130,0.0,6792234516446485b95f4111f3826eb5d0cc03b440890a98b71207f50eb5524a,308adcb65957ec472646a83b02ba7ddd6fa89225,25a68b5450f8a92990beb694bb0fc751eac757e45d94f80aa0a6e31a37d3355b,2026-09-04T16:27:33+00:00,13.0.1
210202,91017700,7,SLI---0770,0.0,6792234516446485b95f4111f3826eb5d0cc03b440890a98b71207f50eb5524a,308adcb65957ec472646a83b02ba7ddd6fa89225,25a68b5450f8a92990beb694bb0fc751eac757e45d94f80aa0a6e31a37d3355b,2026-09-04T16:27:33+00:00,13.0.1
210202,91017700,7,SLI---1200,0.0,6792234516446485b95f4111f3826eb5d0cc03b440890a98b71207f50eb5524a,308adcb65957ec472646a83b02ba7ddd6fa89225,25a68b5450f8a92990beb694bb0fc751eac757e45d94f80aa0a6e31a37d3355b,2026-09-04T16:27:33+00:00,13.0.1
210202,91017700,8,BAC---1041,0.0,6792234516446485b95f4111f3826eb5d0cc03b440890a98b71207f50eb5524a,308adcb65957ec472646a83b02ba7ddd6fa89225,25a68b5450f8a92990beb694bb0fc751eac757e45d94f80aa0a6e31a37d3355b,2026-09-04T16:27:33+00:00,13.0.1
210202,91017700,8,BAC-O-4312,0.0,6792234516446485b95f4111f3826eb5d0cc03b440890a98b71207f50eb5524a,308adcb65957ec472646a83b02ba7ddd6fa89225,25a68b5450f8a92990beb694bb0fc751eac757e45d94f80aa0a6e31a37d3355b,2026-09-04T16:27:33+00:00,13.0.1
210202,91017700,8,BAC-O-4325,0.0,6792234516446485b95f4111f3826eb5d0cc03b440890a98b71207f50eb5524a,308adcb65957ec472646a83b02ba7ddd6fa89225,25a68b5450f8a92990beb694bb0fc751eac757e45d94f80aa0a6e31a37d3355b,2026-09-04T16:27:33+00:00,13.0.1
210202,91017700,8,BAC-O-6423,0.0,6792234516446485b95f4111f3826eb5d0cc03b440890a98b71207f50eb5524a,308adcb65957ec472646a83b02ba7ddd6fa89225,25a68b5450f8a92990beb694bb0fc751eac757e45d94f80aa0a6e31a37d3355b,2026-09-04T16:27:33+00:00,13.0.1
210202,91017700,8,BAC-O-6433,0.0,6792234516446485b95f4111f3826eb5d0cc03b440890a98b71207f50eb5524a,308adcb65957ec472646a83b02ba7ddd6fa89225,25a68b5450f8a92990beb694bb0fc751eac757e45d94f80aa0a6e31a37d3355b,2026-09-04T16:27:33+00:00,13.0.1
210202,91017700,8,CON-S-0130,0.0,6792234516446485b95f4111f3826eb5d0cc03b440890a98b71207f50eb5524a,308adcb65957ec472646a83b02ba7ddd6fa89225,25a68b5450f8a92990beb694bb0fc751eac757e45d94f80aa0a6e31a37d3355b,2026-09-04T16:27:33+00:00,13.0.1
210202,91017700,8,SLI---0770,0.0,6792234516446485b95f4111f3826eb5d0cc03b440890a98b71207f50eb5524a,308adcb65957ec472646a83b02ba7ddd6fa89225,25a68b5450f8a92990beb694bb0fc751eac757e45d94f80aa0a6e31a37d3355b,2026-09-04T16:27:33+00:00,13.0.1
210202,91017700,8,SLI---1200,0.0,6792234516446485b95f4111f3826eb5d0cc03b440890a98b71207f50eb5524a,308adcb65957ec472646a83b02ba7ddd6fa89225,25a68b5450f8a92990beb694bb0fc751eac757e45d94f80aa0a6e31a37d3355b,2026-09-04T16:27:33+00:00,13.0.1
210202,91017700,9,BAC---1041,0.0,6792234516446485b95f4111f3826eb5d0cc03b440890a98b71207f50eb5524a,308adcb65957ec472646a83b02ba7ddd6fa89225,25a68b5450f8a92990beb694bb0fc751eac757e45d94f80aa0a6e31a37d3355b,2026-09-04T16:27:33+00:00,13.0.1
210202,91017700,9,BAC-O-4312,0.0,6792234516446485b95f4111f3826eb5d0cc03b440890a98b71207f50eb5524a,308adcb65957ec472646a83b02ba7ddd6fa89225,25a68b5450f8a92990beb694bb0fc751eac757e45d94f80aa0a6e31a37d3355b,2026-09-04T16:27:33+00:00,13.0.1
210202,91017700,9,BAC-O-4325,0.0,6792234516446485b95f4111f3826eb5d0cc03b440890a98b71207f50eb5524a,308adcb65957ec472646a83b02ba7ddd6fa89225,25a68b5450f8a92990beb694bb0fc751eac757e45d94f80aa0a6e31a37d3355b,2026-09-04T16:27:33+00:00,13.0.1
210202,91017700,9,BAC-O-6423,0.0,6792234516446485b95f4111f3826eb5d0cc03b440890a98b71207f50eb5524a,308adcb65957ec472646a83b02ba7ddd6fa89225,25a68b5450f8a92990beb694bb0fc751eac757e45d94f80aa0a6e31a37d3355b,2026-09-04T16:27:33+00:00,13.0.1
210202,91017700,9,BAC-O-6433,0.0,6792234516446485b95f4111f3826eb5d0cc03b440890a98b71207f50eb5524a,308adcb65957ec472646a83b02ba7ddd6fa89225,25a68b5450f8a92990beb694bb0fc751eac757e45d94f80aa0a6e31a37d3355b,2026-09-04T16:27:33+00:00,13.0.1
210202,91017700,9,CON-S-0130,0.0,6792234516446485b95f4111f3826eb5d0cc03b440890a98b71207f50eb5524a,308adcb65957ec472646a83b02ba7ddd6fa89225,25a68b5450f8a92990beb694bb0fc751eac757e45d94f80aa0a6e31a37d3355b,2026-09-04T16:27:33+00:00,13.0.1
210202,91017700,9,SLI---0770,0.0,6792234516446485b95f4111f3826eb5d0cc03b440890a98b71207f50eb5524a,308adcb65957ec472646a83b02ba7ddd6fa89225,25a68b5450f8a92990beb694bb0fc751eac757e45d94f80aa0a6e31a37d3355b,2026-09-04T16:27:33+00:00,13.0.1
210202,91017700,9,SLI---1200,0.0,6792234516446485b95f4111f3826eb5d0cc03b440890a98b71207f50eb5524a,308adcb65957ec472646a83b02ba7ddd6fa89225,25a68b5450f8a92990beb694bb0fc751eac757e45d94f80aa0a6e31a37d3355b,2026-09-04T16:27:33+00:00,13.0.1
210202,91017700,10,BAC---1041,0.0,6792234516446485b95f4111f3826eb5d0cc03b440890a98b71207f50eb5524a,308adcb65957ec472646a83b02ba7ddd6fa89225,25a68b5450f8a92990beb694bb0fc751eac757e45d94f80aa0a6e31a37d3355b,2026-09-04T16:27:33+00:00,13.0.1
210202,91017700,10,BAC-O-4312,0.0,6792234516446485b95f4111f3826eb5d0cc03b440890a98b71207f50eb5524a,308adcb65957ec472646a83b02ba7ddd6fa89225,25a68b5450f8a92990beb694bb0fc751eac757e45d94f80aa0a6e31a37d3355b,2026-09-04T16:27:33+00:00,13.0.1
210202,91017700,10,BAC-O-4325,0.0,6792234516446485b95f4111f3826eb5d0cc03b440890a98b71207f50eb5524a,308adcb65957ec472646a83b02ba7ddd6fa89225,25a68b5450f8a92990beb694bb0fc751eac757e45d94f80aa0a6e31a37d3355b,2026-09-04T16:27:33+00:00,13.0.1
210202,91017700,10,BAC-O-6423,0.0,6792234516446485b95f4111f3826eb5d0cc03b440890a98b71207f50eb5524a,308adcb65957ec472646a83b02ba7ddd6fa89225,25a68b5450f8a92990beb694bb0fc751eac757e45d94f80aa0a6e31a37d3355b,2026-09-04T16:27:33+00:00,13.0.1
210202,91017700,10,BAC-O-6433,0.0,6792234516446485b95f4111f3826eb5d0cc03b440890a98b71207f50eb5524a,308adcb65957ec472646a83b02ba7ddd6fa89225,25a68b5450f8a92990beb694bb0fc751eac757e45d94f80aa0a6e31a37d3355b,2026-09-04T16:27:33+00:00,13.0.1
210202,91017700,10,CON-S-0130,0.0,6792234516446485b95f4111f3826eb5d0cc03b440890a98b71207f50eb5524a,308adcb65957ec472646a83b02ba7ddd6fa89225,25a68b5450f8a92990beb694bb0fc751eac757e45d94f80aa0a6e31a37d3355b,2026-09-04T16:27:33+00:00,13.0.1
210202,91017700,10,SLI---0770,0.0,6792234516446485b95f4111f3826eb5d0cc03b440890a98b71207f50eb5524a,308adcb65957ec472646a83b02ba7ddd6fa89225,25a68b5450f8a92990beb694bb0fc751eac757e45d94f80aa0a6e31a37d3355b,2026-09-04T16:27:33+00:00,13.0.1
210202,91017700,10,SLI---1200,0.0,6792234516446485b95f4111f3826eb5d0cc03b440890a98b71207f50eb5524a,308adcb65957ec472646a83b02ba7ddd6fa89225,25a68b5450f8a92990beb694bb0fc751eac757e45d94f80aa0a6e31a37d3355b,2026-09-04T16:27:33+00:00,13.0.1
210202,91017700,11,BAC---1041,0.0,6792234516446485b95f4111f3826eb5d0cc03b440890a98b71207f50eb5524a,308adcb65957ec472646a83b02ba7ddd6fa89225,25a68b5450f8a92990beb694bb0fc751eac757e45d94f80aa0a6e31a37d3355b,2026-09-04T16:27:33+00:00,13.0.1
210202,91017700,11,BAC-O-4312,0.0,6792234516446485b95f4111f3826eb5d0cc03b440890a98b71207f50eb5524a,308adcb65957ec472646a83b02ba7ddd6fa89225,25a68b5450f8a92990beb694bb0fc751eac757e45d94f80aa0a6e31a37d3355b,2026-09-04T16:27:33+00:00,13.0.1
210202,91017700,11,BAC-O-4325,0.0,6792234516446485b95f4111f3826eb5d0cc03b440890a98b71207f50eb5524a,308adcb65957ec472646a83b02ba7ddd6fa89225,25a68b5450f8a92990beb694bb0fc751eac757e45d94f80aa0a6e31a37d3355b,2026-09-04T16:27:33+00:00,13.0.1
210202,91017700,11,BAC-O-6423,0.0,6792234516446485b95f4111f3826eb5d0cc03b440890a98b71207f50eb5524a,308adcb65957ec472646a83b02ba7ddd6fa89225,25a68b5450f8a92990beb694bb0fc751eac757e45d94f80aa0a6e31a37d3355b,2026-09-04T16:27:33+00:00,13.0.1
210202,91017700,11,BAC-O-6433,0.0,6792234516446485b95f4111f3826eb5d0cc03b440890a98b71207f50eb5524a,308adcb65957ec472646a83b02ba7ddd6fa89225,25a68b5450f8a92990beb694bb0fc751eac757e45d94f80aa0a6e31a37d3355b,2026-09-04T16:27:33+00:00,13.0.1
210202,91017700,11,CON-S-0130,0.0,6792234516446485b95f4111f3826eb5d0cc03b440890a98b71207f50eb5524a,308adcb65957ec472646a83b02ba7ddd6fa89225,25a68b5450f8a92990beb694bb0fc751eac757e45d94f80aa0a6e31a37d3355b,2026-09-04T16:27:33+00:00,13.0.1
210202,91017700,11,SLI---0770,0.0,6792234516446485b95f4111f3826eb5d0cc03b440890a98b71207f50eb5524a,308adcb65957ec472646a83b02ba7ddd6fa89225,25a68b5450f8a92990beb694bb0fc751eac757e45d94f80aa0a6e31a37d3355b,2026-09-04T16:27:33+00:00,13.0.1
210202,91017700,11,SLI---1200,0.0,6792234516446485b95f4111f3826eb5d0cc03b440890a98b71207f50eb5524a,308adcb65957ec472646a83b02ba7ddd6fa89225,25a68b5450f8a92990beb694bb0fc751eac757e45d94f80aa0a6e31a37d3355b,2026-09-04T16:27:33+00:00,13.0.1
210202,91017700,12,BAC---1041,0.0,6792234516446485b95f4111f3826eb5d0cc03b440890a98b71207f50eb5524a,308adcb65957ec472646a83b02ba7ddd6fa89225,25a68b5450f8a92990beb694bb0fc751eac757e45d94f80aa0a6e31a37d3355b,2026-09-04T16:27:33+00:00,13.0.1
210202,91017700,12,BAC-O-4312,0.0,6792234516446485b95f4111f3826eb5d0cc03b440890a98b71207f50eb5524a,308adcb65957ec472646a83b02ba7ddd6fa89225,25a68b5450f8a92990beb694bb0fc751eac757e45d94f80aa0a6e31a37d3355b,2026-09-04T16:27:33+00:00,13.0.1
210202,91017700,12,BAC-O-4325,0.0,6792234516446485b95f4111f3826eb5d0cc03b440890a98b71207f50eb5524a,308adcb65957ec472646a83b02ba7ddd6fa89225,25a68b5450f8a92990beb694bb0fc751eac757e45d94f80aa0a6e31a37d3355b,2026-09-04T16:27:33+00:00,13.0.1
210202,91017700,12,BAC-O-6423,0.0,6792234516446485b95f4111f3826eb5d0cc03b440890a98b71207f50eb5524a,308adcb65957ec472646a83b02ba7ddd6fa89225,25a68b5450f8a92990beb694bb0fc751eac757e45d94f80aa0a6e31a37d3355b,2026-09-04T16:27:33+00:00,13.0.1
210202,91017700,12,BAC-O-6433,0.0,6792234516446485b95f4111f3826eb5d0cc03b440890a98b71207f50eb5524a,308adcb65957ec472646a83b02ba7ddd6fa89225,25a68b5450f8a92990beb694bb0fc751eac757e45d94f80aa0a6e31a37d3355b,2026-09-04T16:27:33+00:00,13.0.1
210202,91017700,12,CON-S-0130,0.0,6792234516446485b95f4111f3826eb5d0cc03b440890a98b71207f50eb5524a,308adcb65957ec472646a83b02ba7ddd6fa89225,25a68b5450f8a92990beb694bb0fc751eac757e45d94f80aa0a6e31a37d3355b,2026-09-04T16:27:33+00:00,13.0.1
210202,91017700,12,SLI---0770,0.0,6792234516446485b95f4111f3826eb5d0cc03b440890a98b71207f50eb5524a,308adcb65957ec472646a83b02ba7ddd6fa89225,25a68b5450f8a92990beb694bb0fc751eac757e45d94f80aa0a6e31a37d3355b,2026-09-04T16:27:33+00:00,13.0.1
210202,91017700,12,SLI---1200,0.0,6792234516446485b95f4111f3826eb5d0cc03b440890a98b71207f50eb5524a,308adcb65957ec472646a83b02ba7ddd6fa89225,25a68b5450f8a92990beb694bb0fc751eac757e45d94f80aa0a6e31a37d3355b,2026-09-04T16:27:33+00:00,13.0.1
210202,9624708,1,BAC---1041,0.0,6792234516446485b95f4111f3826eb5d0cc03b440890a98b71207f50eb5524a,308adcb65957ec472646a83b02ba7ddd6fa89225,25a68b5450f8a92990beb694bb0fc751eac757e45d94f80aa0a6e31a37d3355b,2026-09-04T16:27:33+00:00,13.0.1
210202,9624708,1,BAC-O-4312,0.0,6792234516446485b95f4111f3826eb5d0cc03b440890a98b71207f50eb5524a,308adcb65957ec472646a83b02ba7ddd6fa89225,25a68b5450f8a92990beb694bb0fc751eac757e45d94f80aa0a6e31a37d3355b,2026-09-04T16:27:33+00:00,13.0.1
210202,9624708,1,BAC-O-4325,0.0,6792234516446485b95f4111f3826eb5d0cc03b440890a98b71207f50eb5524a,308adcb65957ec472646a83b02ba7ddd6fa89225,25a68b5450f8a92990beb694bb0fc751eac757e45d94f80aa0a6e31a37d3355b,2026-09-04T16:27:33+00:00,13.0.1
210202,9624708,1,BAC-O-6423,0.0,6792234516446485b95f4111f3826eb5d0cc03b440890a98b71207f50eb5524a,308adcb65957ec472646a83b02ba7ddd6fa89225,25a68b5450f8a92990beb694bb0fc751eac757e45d94f80aa0a6e31a37d3355b,2026-09-04T16:27:33+00:00,13.0.1
210202,9624708,1,BAC-O-6433,0.0,6792234516446485b95f4111f3826eb5d0cc03b440890a98b71207f50eb5524a,308adcb65957ec472646a83b02ba7ddd6fa89225,25a68b5450f8a92990beb694bb0fc751eac757e45d94f80aa0a6e31a37d3355b,2026-09-04T16:27:33+00:00,13.0.1
210202,9624708,1,CON-S-0130,0.0,6792234516446485b95f4111f3826eb5d0cc03b440890a98b71207f50eb5524a,308adcb65957ec472646a83b02ba7ddd6fa89225,25a68b5450f8a92990beb694bb0fc751eac757e45d94f80aa0a6e31a37d3355b,2026-09-04T16:27:33+00:00,13.0.1
210202,9624708,1,SLI---0770,0.0,6792234516446485b95f4111f3826eb5d0cc03b440890a98b71207f50eb5524a,308adcb65957ec472646a83b02ba7ddd6fa89225,25a68b5450f8a92990beb694bb0fc751eac757e45d94f80aa0a6e31a37d3355b,2026-09-04T16:27:33+00:00,13.0.1
210202,9624708,1,SLI---1200,0.0,6792234516446485b95f4111f3826eb5d0cc03b440890a98b71207f50eb5524a,308adcb65957ec472646a83b02ba7ddd6fa89225,25a68b5450f8a92990beb694bb0fc751eac757e45d94f80aa0a6e31a37d3355b,2026-09-04T16:27:33+00:00,13.0.1
210202,9624708,2,BAC---1041,0.0,6792234516446485b95f4111f3826eb5d0cc03b440890a98b71207f50eb5524a,308adcb65957ec472646a83b02ba7ddd6fa89225,25a68b5450f8a92990beb694bb0fc751eac757e45d94f80aa0a6e31a37d3355b,2026-09-04T16:27:33+00:00,13.0.1
210202,9624708,2,BAC-O-4312,0.0,6792234516446485b95f4111f3826eb5d0cc03b440890a98b71207f50eb5524a,308adcb65957ec472646a83b02ba7ddd6fa89225,25a68b5450f8a92990beb694bb0fc751eac757e45d94f80aa0a6e31a37d3355b,2026-09-04T16:27:33+00:00,13.0.1
210202,9624708,2,BAC-O-4325,0.0,6792234516446485b95f4111f3826eb5d0cc03b440890a98b71207f50eb5524a,308adcb65957ec472646a83b02ba7ddd6fa89225,25a68b5450f8a92990beb694bb0fc751eac757e45d94f80aa0a6e31a37d3355b,2026-09-04T16:27:33+00:00,13.0.1
210202,9624708,2,BAC-O-6423,0.0,6792234516446485b95f4111f3826eb5d0cc03b440890a98b71207f50eb5524a,308adcb65957ec472646a83b02ba7ddd6fa89225,25a68b5450f8a92990beb694bb0fc751eac757e45d94f80aa0a6e31a37d3355b,2026-09-04T16:27:33+00:00,13.0.1
210202,9624708,2,BAC-O-6433,0.0,6792234516446485b95f4111f3826eb5d0cc03b440890a98b71207f50eb5524a,308adcb65957ec472646a83b02ba7ddd6fa89225,25a68b5450f8a92990beb694bb0fc751eac757e45d94f80aa0a6e31a37d3355b,2026-09-04T16:27:33+00:00,13.0.1
210202,9624708,2,CON-S-0130,0.0,6792234516446485b95f4111f3826eb5d0cc03b440890a98b71207f50eb5524a,308adcb65957ec472646a83b02ba7ddd6fa89225,25a68b5450f8a92990beb694bb0fc751eac757e45d94f80aa0a6e31a37d3355b,2026-09-04T16:27:33+00:00,13.0.1
210202,9624708,2,SLI---0770,0.0,6792234516446485b95f4111f3826eb5d0cc03b440890a98b71207f50eb5524a,308adcb65957ec472646a83b02ba7ddd6fa89225,25a68b5450f8a92990beb694bb0fc751eac757e45d94f80aa0a6e31a37d3355b,2026-09-04T16:27:33+00:00,13.0.1
210202,9624708,2,SLI---1200,0.0,6792234516446485b95f4111f3826eb5d0cc03b440890a98b71207f50eb5524a,308adcb65957ec472646a83b02ba7ddd6fa89225,25a68b5450f8a92990beb694bb0fc751eac757e45d94f80aa0a6e31a37d3355b,2026-09-04T16:27:33+00:00,13.0.1
210202,9624708,3,BAC---1041,0.0,6792234516446485b95f4111f3826eb5d0cc03b440890a98b71207f50eb5524a,308adcb65957ec472646a83b02ba7ddd6fa89225,25a68b5450f8a92990beb694bb0fc751eac757e45d94f80aa0a6e31a37d3355b,2026-09-04T16:27:33+00:00,13.0.1
210202,9624708,3,BAC-O-4312,0.0,6792234516446485b95f4111f3826eb5d0cc03b440890a98b71207f50eb5524a,308adcb65957ec472646a83b02ba7ddd6fa89225,25a68b5450f8a92990beb694bb0fc751eac757e45d94f80aa0a6e31a37d3355b,2026-09-04T16:27:33+00:00,13.0.1
210202,9624708,3,BAC-O-4325,0.0,6792234516446485b95f4111f3826eb5d0cc03b440890a98b71207f50eb5524a,308adcb65957ec472646a83b02ba7ddd6fa89225,25a68b5450f8a92990beb694bb0fc751eac757e45d94f80aa0a6e31a37d3355b,2026-09-04T16:27:33+00:00,13.0.1
210202,9624708,3,BAC-O-6423,0.0,6792234516446485b95f4111f3826eb5d0cc03b440890a98b71207f50eb5524a,308adcb65957ec472646a83b02ba7ddd6fa89225,25a68b5450f8a92990beb694bb0fc751eac757e45d94f80aa0a6e31a37d3355b,2026-09-04T16:27:33+00:00,13.0.1
210202,9624708,3,BAC-O-6433,0.0,6792234516446485b95f4111f3826eb5d0cc03b440890a98b71207f50eb5524a,308adcb65957ec472646a83b02ba7ddd6fa89225,25a68b5450f8a92990beb694bb0fc751eac757e45d94f80aa0a6e31a37d3355b,2026-09-04T16:27:33+00:00,13.0.1
210202,9624708,3,CON-S-0130,0.0,6792234516446485b95f4111f3826eb5d0cc03b440890a98b71207f50eb5524a,308adcb65957ec472646a83b02ba7ddd6fa89225,25a68b5450f8a92990beb694bb0fc751eac757e45d94f80aa0a6e31a37d3355b,2026-09-04T16:27:33+00:00,13.0.1
210202,9624708,3,SLI---0770,0.0,6792234516446485b95f4111f3826eb5d0cc03b440890a98b71207f50eb5524a,308adcb65957ec472646a83b02ba7ddd6fa89225,25a68b5450f8a92990beb694bb0fc751eac757e45d94f80aa0a6e31a37d3355b,2026-09-04T16:27:33+00:00,13.0.1
210202,9624708,3,SLI---1200,0.0,6792234516446485b95f4111f3826eb5d0cc03b440890a98b71207f50eb5524a,308adcb65957ec472646a83b02ba7ddd6fa89225,25a68b5450f8a92990beb694bb0fc751eac757e45d94f80aa0a6e31a37d3355b,2026-09-04T16:27:33+00:00,13.0.1
210202,9624708,4,BAC---1041,0.0,6792234516446485b95f4111f3826eb5d0cc03b440890a98b71207f50eb5524a,308adcb65957ec472646a83b02ba7ddd6fa89225,25a68b5450f8a92990beb694bb0fc751eac757e45d94f80aa0a6e31a37d3355b,2026-09-04T16:27:33+00:00,13.0.1
210202,9624708,4,BAC-O-4312,0.0,6792234516446485b95f4111f3826eb5d0cc03b440890a98b71207f50eb5524a,308adcb65957ec472646a83b02ba7ddd6fa89225,25a68b5450f8a92990beb694bb0fc751eac757e45d94f80aa0a6e31a37d3355b,2026-09-04T16:27:33+00:00,13.0.1
210202,9624708,4,BAC-O-4325,0.0,6792234516446485b95f4111f3826eb5d0cc03b440890a98b71207f50eb5524a,308adcb65957ec472646a83b02ba7ddd6fa89225,25a68b5450f8a92990beb694bb0fc751eac757e45d94f80aa0a6e31a37d3355b,2026-09-04T16:27:33+00:00,13.0.1
210202,9624708,4,BAC-O-6423,0.0,6792234516446485b95f4111f3826eb5d0cc03b440890a98b71207f50eb5524a,308adcb65957ec472646a83b02ba7ddd6fa89225,25a68b5450f8a92990beb694bb0fc751eac757e45d94f80aa0a6e31a37d3355b,2026-09-04T16:27:33+00:00,13.0.1
210202,9624708,4,BAC-O-6433,0.0,6792234516446485b95f4111f3826eb5d0cc03b440890a98b71207f50eb5524a,308adcb65957ec472646a83b02ba7ddd6fa89225,25a68b5450f8a92990beb694bb0fc751eac757e45d94f80aa0a6e31a37d3355b,2026-09-04T16:27:33+00:00,13.0.1
210202,9624708,4,CON-S-0130,0.0,6792234516446485b95f4111f3826eb5d0cc03b440890a98b71207f50eb5524a,308adcb65957ec472646a83b02ba7ddd6fa89225,25a68b5450f8a92990beb694bb0fc751eac757e45d94f80aa0a6e31a37d3355b,2026-09-04T16:27:33+00:00,13.0.1
210202,9624708,4,SLI---0770,0.0,6792234516446485b95f4111f3826eb5d0cc03b440890a98b71207f50eb5524a,308adcb65957ec472646a83b02ba7ddd6fa89225,25a68b5450f8a92990beb694bb0fc751eac757e45d94f80aa0a6e31a37d3355b,2026-09-04T16:27:33+00:00,13.0.1
210202,9624708,4,SLI---1200,0.0,6792234516446485b95f4111f3826eb5d0cc03b440890a98b71207f50eb5524a,308adcb65957ec472646a83b02ba7ddd6fa89225,25a68b5450f8a92990beb694bb0fc751eac757e45d94f80aa0a6e31a37d3355b,2026-09-04T16:27:33+00:00,13.0.1
210202,9624708,5,BAC---1041,0.0,6792234516446485b95f4111f3826eb5d0cc03b440890a98b71207f50eb5524a,308adcb65957ec472646a83b02ba7ddd6fa89225,25a68b5450f8a92990beb694bb0fc751eac757e45d94f80aa0a6e31a37d3355b,2026-09-04T16:27:33+00:00,13.0.1
210202,9624708,5,BAC-O-4312,0.0,6792234516446485b95f4111f3826eb5d0cc03b440890a98b71207f50eb5524a,308adcb65957ec472646a83b02ba7ddd6fa89225,25a68b5450f8a92990beb694bb0fc751eac757e45d94f80aa0a6e31a37d3355b,2026-09-04T16:27:33+00:00,13.0.1
210202,9624708,5,BAC-O-4325,0.0,6792234516446485b95f4111f3826eb5d0cc03b440890a98b71207f50eb5524a,308adcb65957ec472646a83b02ba7ddd6fa89225,25a68b5450f8a92990beb694bb0fc751eac757e45d94f80aa0a6e31a37d3355b,2026-09-04T16:27:33+00:00,13.0.1
210202,9624708,5,BAC-O-6423,0.0,6792234516446485b95f4111f3826eb5d0cc03b440890a98b71207f50eb5524a,308adcb65957ec472646a83b02ba7ddd6fa89225,25a68b5450f8a92990beb694bb0fc751eac757e45d94f80aa0a6e31a37d3355b,2026-09-04T16:27:33+00:00,13.0.1
210202,9624708,5,BAC-O-6433,0.0,6792234516446485b95f4111f3826eb5d0cc03b440890a98b71207f50eb5524a,308adcb65957ec472646a83b02ba7ddd6fa89225,25a68b5450f8a92990beb694bb0fc751eac757e45d94f80aa0a6e31a37d3355b,2026-09-04T16:27:33+00:00,13.0.1
210202,9624708,5,CON-S-0130,0.0,6792234516446485b95f4111f3826eb5d0cc03b440890a98b71207f50eb5524a,308adcb65957ec472646a83b02ba7ddd6fa89225,25a68b5450f8a92990beb694bb0fc751eac757e45d94f80aa0a6e31a37d3355b,2026-09-04T16:27:33+00:00,13.0.1
210202,9624708,5,SLI---0770,0.0,6792234516446485b95f4111f3826eb5d0cc03b440890a98b71207f50eb5524a,308adcb65957ec472646a83b02ba7ddd6fa89225,25a68b5450f8a92990beb694bb0fc751eac757e45d94f80aa0a6e31a37d3355b,2026-09-04T16:27:33+00:00,13.0.1
210202,9624708,5,SLI---1200,0.0,6792234516446485b95f4111f3826eb5d0cc03b440890a98b71207f50eb5524a,308adcb65957ec472646a83b02ba7ddd6fa89225,25a68b5450f8a92990beb694bb0fc751eac757e45d94f80aa0a6e31a37d3355b,2026-09-04T16:27:33+00:00,13.0.1
210202,9624708,6,BAC---1041,0.0,6792234516446485b95f4111f3826eb5d0cc03b440890a98b71207f50eb5524a,308adcb65957ec472646a83b02ba7ddd6fa89225,25a68b5450f8a92990beb694bb0fc751eac757e45d94f80aa0a6e31a37d3355b,2026-09-04T16:27:33+00:00,13.0.1
210202,9624708,6,BAC-O-4312,0.0,6792234516446485b95f4111f3826eb5d0cc03b440890a98b71207f50eb5524a,308adcb65957ec472646a83b02ba7ddd6fa89225,25a68b5450f8a92990beb694bb0fc751eac757e45d94f80aa0a6e31a37d3355b,2026-09-04T16:27:33+00:00,13.0.1
210202,9624708,6,BAC-O-4325,0.0,6792234516446485b95f4111f3826eb5d0cc03b440890a98b71207f50eb5524a,308adcb65957ec472646a83b02ba7ddd6fa89225,25a68b5450f8a92990beb694bb0fc751eac757e45d94f80aa0a6e31a37d3355b,2026-09-04T16:27:33+00:00,13.0.1
210202,9624708,6,BAC-O-6423,0.0,6792234516446485b95f4111f3826eb5d0cc03b440890a98b71207f50eb5524a,308adcb65957ec472646a83b02ba7ddd6fa89225,25a68b5450f8a92990beb694bb0fc751eac757e45d94f80aa0a6e31a37d3355b,2026-09-04T16:27:33+00:00,13.0.1
210202,9624708,6,BAC-O-6433,0.0,6792234516446485b95f4111f3826eb5d0cc03b440890a98b71207f50eb5524a,308adcb65957ec472646a83b02ba7ddd6fa89225,25a68b5450f8a92990beb694bb0fc751eac757e45d94f80aa0a6e31a37d3355b,2026-09-04T16:27:33+00:00,13.0.1
210202,9624708,6,CON-S-0130,0.0,6792234516446485b95f4111f3826eb5d0cc03b440890a98b71207f50eb5524a,308adcb65957ec472646a83b02ba7ddd6fa89225,25a68b5450f8a92990beb694bb0fc751eac757e45d94f80aa0a6e31a37d3355b,2026-09-04T16:27:33+00:00,13.0.1
210202,9624708,6,SLI---0770,0.0,6792234516446485b95f4111f3826eb5d0cc03b440890a98b71207f50eb5524a,308adcb65957ec472646a83b02ba7ddd6fa89225,25a68b5450f8a92990beb694bb0fc751eac757e45d94f80aa0a6e31a37d3355b,2026-09-04T16:27:33+00:00,13.0.1
210202,9624708,6,SLI---1200,0.0,6792234516446485b95f4111f3826eb5d0cc03b440890a98b71207f50eb5524a,308adcb65957ec472646a83b02ba7ddd6fa89225,25a68b5450f8a92990beb694bb0fc751eac757e45d94f80aa0a6e31a37d3355b,2026-09-04T16:27:33+00:00,13.0.1
210202,9624708,7,BAC---1041,0.0,6792234516446485b95f4111f3826eb5d0cc03b440890a98b71207f50eb5524a,308adcb65957ec472646a83b02ba7ddd6fa89225,25a68b5450f8a92990beb694bb0fc751eac757e45d94f80aa0a6e31a37d3355b,2026-09-04T16:27:33+00:00,13.0.1
210202,9624708,7,BAC-O-4312,0.0,6792234516446485b95f4111f3826eb5d0cc03b440890a98b71207f50eb5524a,308adcb65957ec472646a83b02ba7ddd6fa89225,25a68b5450f8a92990beb694bb0fc751eac757e45d94f80aa0a6e31a37d3355b,2026-09-04T16:27:33+00:00,13.0.1
210202,9624708,7,BAC-O-4325,0.0,6792234516446485b95f4111f3826eb5d0cc03b440890a98b71207f50eb5524a,308adcb65957ec472646a83b02ba7ddd6fa89225,25a68b5450f8a92990beb694bb0fc751eac757e45d94f80aa0a6e31a37d3355b,2026-09-04T16:27:33+00:00,13.0.1
210202,9624708,7,BAC-O-6423,0.0,6792234516446485b95f4111f3826eb5d0cc03b440890a98b71207f50eb5524a,308adcb65957ec472646a83b02ba7ddd6fa89225,25a68b5450f8a92990beb694bb0fc751eac757e45d94f80aa0a6e31a37d3355b,2026-09-04T16:27:33+00:00,13.0.1
210202,9624708,7,BAC-O-6433,0.0,6792234516446485b95f4111f3826eb5d0cc03b440890a98b71207f50eb5524a,308adcb65957ec472646a83b02ba7ddd6fa89225,25a68b5450f8a92990beb694bb0fc751eac757e45d94f80aa0a6e31a37d3355b,2026-09-04T16:27:33+00:00,13.0.1
210202,9624708,7,CON-S-0130,0.0,6792234516446485b95f4111f3826eb5d0cc03b440890a98b71207f50eb5524a,308adcb65957ec472646a83b02ba7ddd6fa89225,25a68b5450f8a92990beb694bb0fc751eac757e45d94f80aa0a6e31a37d3355b,2026-09-04T16:27:33+00:00,13.0.1
210202,9624708,7,SLI---0770,0.0,6792234516446485b95f4111f3826eb5d0cc03b440890a98b71207f50eb5524a,308adcb65957ec472646a83b02ba7ddd6fa89225,25a68b5450f8a92990beb694bb0fc751eac757e45d94f80aa0a6e31a37d3355b,2026-09-04T16:27:33+00:00,13.0.1
210202,9624708,7,SLI---1200,0.0,6792234516446485b95f4111f3826eb5d0cc03b440890a98b71207f50eb5524a,308adcb65957ec472646a83b02ba7ddd6fa89225,25a68b5450f8a92990beb694bb0fc751eac757e45d94f80aa0a6e31a37d3355b,2026-09-04T16:27:33+00:00,13.0.1
210202,9624708,8,BAC---1041,0.4972769583040442,6792234516446485b95f4111f3826eb5d0cc03b440890a98b71207f50eb5524a,308adcb65957ec472646a83b02ba7ddd6fa89225,25a68b5450f8a92990beb694bb0fc751eac757e45d94f80aa0a6e31a37d3355b,2026-09-04T16:27:33+00:00,13.0.1
210202,9624708,8,BAC-O-4312,0.2659846224088859,6792234516446485b95f4111f3826eb5d0cc03b440890a98b71207f50eb5524a,308adcb65957ec472646a83b02ba7ddd6fa89225,25a68b5450f8a92990beb694bb0fc751eac757e45d94f80aa0a6e31a37d3355b,2026-09-04T16:27:33+00:00,13.0.1
210202,9624708,8,BAC-O-4325,0.3321287594860916,6792234516446485b95f4111f3826eb5d0cc03b440890a98b71207f50eb5524a,308adcb65957ec472646a83b02ba7ddd6fa89225,25a68b5450f8a92990beb694bb0fc751eac757e45d94f80aa0a6e31a37d3355b,2026-09-04T16:27:33+00:00,13.0.1
210202,9624708,8,BAC-O-6423,0.6756841035216894,6792234516446485b95f4111f3826eb5d0cc03b440890a98b71207f50eb5524a,308adcb65957ec472646a83b02ba7ddd6fa89225,25a68b5450f8a92990beb694bb0fc751eac757e45d94f80aa0a6e31a37d3355b,2026-09-04T16:27:33+00:00,13.0.1
210202,9624708,8,BAC-O-6433,8.058947285004493,6792234516446485b95f4111f3826eb5d0cc03b440890a98b71207f50eb5524a,308adcb65957ec472646a83b02ba7ddd6fa89225,25a68b5450f8a92990beb694bb0fc751eac757e45d94f80aa0a6e31a37d3355b,2026-09-04T16:27:33+00:00,13.0.1
210202,9624708,8,CON-S-0130,0.04105201350325834,6792234516446485b95f4111f3826eb5d0cc03b440890a98b71207f50eb5524a,308adcb65957ec472646a83b02ba7ddd6fa89225,25a68b5450f8a92990beb694bb0fc751eac757e45d94f80aa0a6e31a37d3355b,2026-09-04T16:27:33+00:00,13.0.1
210202,9624708,8,SLI---0770,0.0035066761350271204,6792234516446485b95f4111f3826eb5d0cc03b440890a98b71207f50eb5524a,308adcb65957ec472646a83b02ba7ddd6fa89225,25a68b5450f8a92990beb694bb0fc751eac757e45d94f80aa0a6e31a37d3355b,2026-09-04T16:27:33+00:00,13.0.1
210202,9624708,8,SLI---1200,0.010181770781059273,6792234516446485b95f4111f3826eb5d0cc03b440890a98b71207f50eb5524a,308adcb65957ec472646a83b02ba7ddd6fa89225,25a68b5450f8a92990beb694bb0fc751eac757e45d94f80aa0a6e31a37d3355b,2026-09-04T16:27:33+00:00,13.0.1
210202,9624708,9,BAC---1041,0.0,6792234516446485b95f4111f3826eb5d0cc03b440890a98b71207f50eb5524a,308adcb65957ec472646a83b02ba7ddd6fa89225,25a68b5450f8a92990beb694bb0fc751eac757e45d94f80aa0a6e31a37d3355b,2026-09-04T16:27:33+00:00,13.0.1
210202,9624708,9,BAC-O-4312,0.0,6792234516446485b95f4111f3826eb5d0cc03b440890a98b71207f50eb5524a,308adcb65957ec472646a83b02ba7ddd6fa89225,25a68b5450f8a92990beb694bb0fc751eac757e45d94f80aa0a6e31a37d3355b,2026-09-04T16:27:33+00:00,13.0.1
210202,9624708,9,BAC-O-4325,0.0,6792234516446485b95f4111f3826eb5d0cc03b440890a98b71207f50eb5524a,308adcb65957ec472646a83b02ba7ddd6fa89225,25a68b5450f8a92990beb694bb0fc751eac757e45d94f80aa0a6e31a37d3355b,2026-09-04T16:27:33+00:00,13.0.1
210202,9624708,9,BAC-O-6423,0.0,6792234516446485b95f4111f3826eb5d0cc03b440890a98b71207f50eb5524a,308adcb65957ec472646a83b02ba7ddd6fa89225,25a68b5450f8a92990beb694bb0fc751eac757e45d94f80aa0a6e31a37d3355b,2026-09-04T16:27:33+00:00,13.0.1
210202,9624708,9,BAC-O-6433,0.0,6792234516446485b95f4111f3826eb5d0cc03b440890a98b71207f50eb5524a,308adcb65957ec472646a83b02ba7ddd6fa89225,25a68b5450f8a92990beb694bb0fc751eac757e45d94f80aa0a6e31a37d3355b,2026-09-04T16:27:33+00:00,13.0.1
210202,9624708,9,CON-S-0130,0.0,6792234516446485b95f4111f3826eb5d0cc03b440890a98b71207f50eb5524a,308adcb65957ec472646a83b02ba7ddd6fa89225,25a68b5450f8a92990beb694bb0fc751eac757e45d94f80aa0a6e31a37d3355b,2026-09-04T16:27:33+00:00,13.0.1
210202,9624708,9,SLI---0770,0.0,6792234516446485b95f4111f3826eb5d0cc03b440890a98b71207f50eb5524a,308adcb65957ec472646a83b02ba7ddd6fa89225,25a68b5450f8a92990beb694bb0fc751eac757e45d94f80aa0a6e31a37d3355b,2026-09-04T16:27:33+00:00,13.0.1
210202,9624708,9,SLI---1200,0.0,6792234516446485b95f4111f3826eb5d0cc03b440890a98b71207f50eb5524a,308adcb65957ec472646a83b02ba7ddd6fa89225,25a68b5450f8a92990beb694bb0fc751eac757e45d94f80aa0a6e31a37d3355b,2026-09-04T16:27:33+00:00,13.0.1
210202,9624708,10,BAC---1041,0.0,6792234516446485b95f4111f3826eb5d0cc03b440890a98b71207f50eb5524a,308adcb65957ec472646a83b02ba7ddd6fa89225,25a68b5450f8a92990beb694bb0fc751eac757e45d94f80aa0a6e31a37d3355b,2026-09-04T16:27:33+00:00,13.0.1
210202,9624708,10,BAC-O-4312,0.0,6792234516446485b95f4111f3826eb5d0cc03b440890a98b71207f50eb5524a,308adcb65957ec472646a83b02ba7ddd6fa89225,25a68b5450f8a92990beb694bb0fc751eac757e45d94f80aa0a6e31a37d3355b,2026-09-04T16:27:33+00:00,13.0.1
210202,9624708,10,BAC-O-4325,0.0,6792234516446485b95f4111f3826eb5d0cc03b440890a98b71207f50eb5524a,308adcb65957ec472646a83b02ba7ddd6fa89225,25a68b5450f8a92990beb694bb0fc751eac757e45d94f80aa0a6e31a37d3355b,2026-09-04T16:27:33+00:00,13.0.1
210202,9624708,10,BAC-O-6423,0.0,6792234516446485b95f4111f3826eb5d0cc03b440890a98b71207f50eb5524a,308adcb65957ec472646a83b02ba7ddd6fa89225,25a68b5450f8a92990beb694bb0fc751eac757e45d94f80aa0a6e31a37d3355b,2026-09-04T16:27:33+00:00,13.0.1
210202,9624708,10,BAC-O-6433,0.0,6792234516446485b95f4111f3826eb5d0cc03b440890a98b71207f50eb5524a,308adcb65957ec472646a83b02ba7ddd6fa89225,25a68b5450f8a92990beb694bb0fc751eac757e45d94f80aa0a6e31a37d3355b,2026-09-04T16:27:33+00:00,13.0.1
210202,9624708,10,CON-S-0130,0.0,6792234516446485b95f4111f3826eb5d0cc03b440890a98b71207f50eb5524a,308adcb65957ec472646a83b02ba7ddd6fa89225,25a68b5450f8a92990beb694bb0fc751eac757e45d94f80aa0a6e31a37d3355b,2026-09-04T16:27:33+00:00,13.0.1
210202,9624708,10,SLI---0770,0.0,6792234516446485b95f4111f3826eb5d0cc03b440890a98b71207f50eb5524a,308adcb65957ec472646a83b02ba7ddd6fa89225,25a68b5450f8a92990beb694bb0fc751eac757e45d94f80aa0a6e31a37d3355b,2026-09-04T16:27:33+00:00,13.0.1
210202,9624708,10,SLI---1200,0.0,6792234516446485b95f4111f3826eb5d0cc03b440890a98b71207f50eb5524a,308adcb65957ec472646a83b02ba7ddd6fa89225,25a68b5450f8a92990beb694bb0fc751eac757e45d94f80aa0a6e31a37d3355b,2026-09-04T16:27:33+00:00,13.0.1
210202,9624708,11,BAC---1041,0.0,6792234516446485b95f4111f3826eb5d0cc03b440890a98b71207f50eb5524a,308adcb65957ec472646a83b02ba7ddd6fa89225,25a68b5450f8a92990beb694bb0fc751eac757e45d94f80aa0a6e31a37d3355b,2026-09-04T16:27:33+00:00,13.0.1
210202,9624708,11,BAC-O-4312,0.0,6792234516446485b95f4111f3826eb5d0cc03b440890a98b71207f50eb5524a,308adcb65957ec472646a83b02ba7ddd6fa89225,25a68b5450f8a92990beb694bb0fc751eac757e45d94f80aa0a6e31a37d3355b,2026-09-04T16:27:33+00:00,13.0.1
210202,9624708,11,BAC-O-4325,0.0,6792234516446485b95f4111f3826eb5d0cc03b440890a98b71207f50eb5524a,308adcb65957ec472646a83b02ba7ddd6fa89225,25a68b5450f8a92990beb694bb0fc751eac757e45d94f80aa0a6e31a37d3355b,2026-09-04T16:27:33+00:00,13.0.1
210202,9624708,11,BAC-O-6423,0.0,6792234516446485b95f4111f3826eb5d0cc03b440890a98b71207f50eb5524a,308adcb65957ec472646a83b02ba7ddd6fa89225,25a68b5450f8a92990beb694bb0fc751eac757e45d94f80aa0a6e31a37d3355b,2026-09-04T16:27:33+00:00,13.0.1
210202,9624708,11,BAC-O-6433,0.0,6792234516446485b95f4111f3826eb5d0cc03b440890a98b71207f50eb5524a,308adcb65957ec472646a83b02ba7ddd6fa89225,25a68b5450f8a92990beb694bb0fc751eac757e45d94f80aa0a6e31a37d3355b,2026-09-04T16:27:33+00:00,13.0.1
210202,9624708,11,CON-S-0130,0.0,6792234516446485b95f4111f3826eb5d0cc03b440890a98b71207f50eb5524a,308adcb65957ec472646a83b02ba7ddd6fa89225,25a68b5450f8a92990beb694bb0fc751eac757e45d94f80aa0a6e31a37d3355b,2026-09-04T16:27:33+00:00,13.0.1
210202,9624708,11,SLI---0770,0.0,6792234516446485b95f4111f3826eb5d0cc03b440890a98b71207f50eb5524a,308adcb65957ec472646a83b02ba7ddd6fa89225,25a68b5450f8a92990beb694bb0fc751eac757e45d94f80aa0a6e31a37d3355b,2026-09-04T16:27:33+00:00,13.0.1
210202,9624708,11,SLI---1200,0.0,6792234516446485b95f4111f3826eb5d0cc03b440890a98b71207f50eb5524a,308adcb65957ec472646a83b02ba7ddd6fa89225,25a68b5450f8a92990beb694bb0fc751eac757e45d94f80aa0a6e31a37d3355b,2026-09-04T16:27:33+00:00,13.0.1
210202,9624708,12,BAC---1041,0.0,6792234516446485b95f4111f3826eb5d0cc03b440890a98b71207f50eb5524a,308adcb65957ec472646a83b02ba7ddd6fa89225,25a68b5450f8a92990beb694bb0fc751eac757e45d94f80aa0a6e31a37d3355b,2026-09-04T16:27:33+00:00,13.0.1
210202,9624708,12,BAC-O-4312,0.0,6792234516446485b95f4111f3826eb5d0cc03b440890a98b71207f50eb5524a,308adcb65957ec472646a83b02ba7ddd6fa89225,25a68b5450f8a92990beb694bb0fc751eac757e45d94f80aa0a6e31a37d3355b,2026-09-04T16:27:33+00:00,13.0.1
210202,9624708,12,BAC-O-4325,0.0,6792234516446485b95f4111f3826eb5d0cc03b440890a98b71207f50eb5524a,308adcb65957ec472646a83b02ba7ddd6fa89225,25a68b5450f8a92990beb694bb0fc751eac757e45d94f80aa0a6e31a37d3355b,2026-09-04T16:27:33+00:00,13.0.1
210202,9624708,12,BAC-O-6423,0.0,6792234516446485b95f4111f3826eb5d0cc03b440890a98b71207f50eb5524a,308adcb65957ec472646a83b02ba7ddd6fa89225,25a68b5450f8a92990beb694bb0fc751eac757e45d94f80aa0a6e31a37d3355b,2026-09-04T16:27:33+00:00,13.0.1
210202,9624708,12,BAC-O-6433,0.0,6792234516446485b95f4111f3826eb5d0cc03b440890a98b71207f50eb5524a,308adcb65957ec472646a83b02ba7ddd6fa89225,25a68b5450f8a92990beb694bb0fc751eac757e45d94f80aa0a6e31a37d3355b,2026-09-04T16:27:33+00:00,13.0.1
210202,9624708,12,CON-S-0130,0.0,6792234516446485b95f4111f3826eb5d0cc03b440890a98b71207f50eb5524a,308adcb65957ec472646a83b02ba7ddd6fa89225,25a68b5450f8a92990beb694bb0fc751eac757e45d94f80aa0a6e31a37d3355b,2026-09-04T16:27:33+00:00,13.0.1
210202,9624708,12,SLI---0770,0.0,6792234516446485b95f4111f3826eb5d0cc03b440890a98b71207f50eb5524a,308adcb65957ec472646a83b02ba7ddd6fa89225,25a68b5450f8a92990beb694bb0fc751eac757e45d94f80aa0a6e31a37d3355b,2026-09-04T16:27:33+00:00,13.0.1
210202,9624708,12,SLI---1200,0.0,6792234516446485b95f4111f3826eb5d0cc03b440890a98b71207f50eb5524a,308adcb65957ec472646a83b02ba7ddd6fa89225,25a68b5450f8a92990beb694bb0fc751eac757e45d94f80aa0a6e31a37d3355b,2026-09-04T16:27:33+00:00,13.0.1
