iteration,previous_iteration,elapsed_time,LB,UB,gap,master_runtime,cumulative_cuts,y_hamming,y_hamming_normalized,y_added,y_removed,y_exact_same,unique_y_patterns_to_date,y_pattern,x_l1,x_l2,x_normalized_l1,x_normalized_l2,x_rounded_hash,lb_improvement,gap_reduction,y_cycle_p2,x_cycle_p2,x_return_relative_l1_p2,y_cycle_p3,x_cycle_p3,x_return_relative_l1_p3,y_cycle_p4,x_cycle_p4,x_return_relative_l1_p4,y_cycle_p5,x_cycle_p5,x_return_relative_l1_p5
2,1,0.07227339991368353,31207.757764582693,993072.1250916738,0.9685745305138821,0.0047519998624920845,2,9,0.6,9,0,False,2,110010011101011,3957.690644110276,1677.2253276764243,2.0,1677.2253276764243,0debe3fa31a3135dfe17423fca9cbebf2b2be9626b6a5db9a648ef7744ca916a,31207.757764582693,0.03142546948611791,False,False,,False,False,,False,False,,False,False,
3,2,0.11740330001339316,33156.997135846424,993072.1250916738,0.9666116928488093,0.006626200163736939,3,11,0.7333333333333333,5,6,False,3,011101101010001,6747.049772394241,2233.8131227428826,1.7047946338188433,1.3318503398929336,4692d1855c41c034c8fba9f239fa489ad10ce75ad0425091245427d63bd24a04,1949.2393712637313,0.0019628376650727697,False,False,1.0,False,False,,False,False,,False,False,
4,3,0.16560329985804856,56738.2372285672,696483.4039638,0.9185361246145124,0.005055599845945835,4,7,0.4666666666666667,5,2,False,4,011011111001111,7413.734146418538,2057.4684258038264,1.9982545661913935,1.1976860323049652,e22147710b3ce78007358b102e76d6e8c6de3b1a01c8badeecdaa0a87db2531e,23581.24009272078,0.04807556823429693,False,False,1.8056210800882577,False,False,1.0,False,False,,False,False,
5,4,0.2104396999347955,56738.2372285672,693461.9071039963,0.9181811767202688,0.003504800144582987,5,0,0.0,0,0,True,4,011011111001111,3483.2738622203074,1108.3118596677264,1.0054740032918639,0.976728921259762,616b3b71cd90bb3e857db71b6391cdab9723f45a581fe7da0f8c579a7c51306a,0.0,0.00035494789424361795,False,False,1.8056027637656258,False,False,2.141827785431499,False,False,1.0,False,False,
6,5,0.2943520999979228,56894.91451917697,683992.3361229376,0.9168193684132875,0.0070050000213086605,6,2,0.13333333333333333,2,0,False,5,111011111101111,3519.717376640915,1091.5896694223538,0.9356920962273811,1.0117216778978408,bbe6633deaa7c11305a2ca11af2f778e1dea258e800f7ea7ebf86bbb524faa32,156.67729060976853,0.0013618083069812936,False,False,0.8164277546130473,False,False,1.723013364681706,False,False,1.940440237824927,False,False,1.0
7,6,0.34200399997644126,57792.41116121287,646130.3806060803,0.9105561154592319,0.006284999893978238,7,3,0.2,2,1,False,6,011111111111111,5087.060186459134,1361.567285082951,1.1294761167549892,1.1788213831076733,7ea8d41fa1991ff9deb019cb6c19d7ce82bf0e0a7d495efcbaf1fcf7da636f00,897.4966420358978,0.006263252954055609,False,False,0.9719741611804195,False,False,0.8871682264995152,False,False,1.7981147482644546,False,False,1.5634530091261285
8,7,0.39007139997556806,69910.54213347896,367558.9877597187,0.8097977618243387,0.004043699940666556,8,0,0.0,0,0,True,6,011111111111111,7235.963738198992,1694.3577752498231,1.3876306615967915,1.247656796072646,934b732fb9e9dc3ca4e1335af38318622d81cc0be003f0057232cdde34343cb7,12118.130972266088,0.10075835363489316,False,False,1.1568374513712,False,False,1.08096098050658,False,False,1.11382302092196,False,False,1.5096787237372786
9,8,0.4596456999424845,73121.87808994722,243473.04357211565,0.6996715652084546,0.012857499998062849,9,6,0.4,1,5,False,7,111100011001111,7549.331575815382,1789.2857573771853,1.7847327232311458,1.2035133046329254,37db87149624ec96632a5370f3d7aaa23efd22107a166088d70ca7c0e217e775,3211.3359564682614,0.11012619661588408,False,False,2.4522934334925335,False,False,2.3607674504251093,False,False,1.7795135775368964,False,False,2.147679651818288
10,9,0.5145316999405622,73121.87808994722,243473.04357211565,0.6996715652084546,0.004496699897572398,10,0,0.0,0,0,True,7,111100011001111,1549.2278528262163,652.3221615913898,0.5195649260820561,0.5760142503888983,376bba4a30749a6af0c291a2b2bc9a7d66427be06ba5f78cc2e00b9ba10f99bc,0.0,0.0,False,False,2.4551485251616554,False,False,2.450868287665832,False,False,2.264943069169409,False,False,1.7619054351379342
11,10,0.5716246999800205,73121.87808994722,241753.17620378197,0.6975349849041474,0.004954099887982011,11,0,0.0,0,0,True,7,111100011001111,1572.4554208205452,615.1676900491773,0.5268721496798057,0.6118222832874896,d63b8e2c04171fed80ec5b24d4fa261d30d11c5d27207e33b651ae0e07c9258f,0.0,0.0021365803043071896,False,False,0.5577953761008322,False,False,2.4241739036083203,False,False,2.4406060152556046,False,False,2.2491043493263656
12,11,0.6280989998485893,73121.87808994722,237031.74431377935,0.6915101886389129,0.004628600087016821,12,0,0.0,0,0,True,7,111100011001111,1623.3429379500528,502.327060841815,0.5394144453517142,0.5132600754858625,dae3dc7a5a2193ce13bdab5ad115b72002a70cd816b016c3b0fd2833f4bedea0,0.0,0.0060247962652345555,False,False,0.6111486442613702,False,False,0.5682137160343255,False,False,2.4799943699378475,False,False,2.424190614730818
13,12,0.6910871998406947,73981.12495878765,224281.13684570353,0.6701411184227959,0.011057799914851785,13,3,0.2,2,1,False,8,110110011101111,4284.229142312822,1157.073011095294,1.4236854280755011,1.1934476766694022,2aebd17ad41132cd69ef105187623953f3dc4a2c59da602c296c18bbf3a57da8,859.2468688404333,0.021369070216117003,False,False,1.4422698187579392,False,False,1.13192335510527,False,False,1.382385038319223,False,False,2.5153915629194388
14,13,0.7493743998929858,75646.90853732965,224281.13684570353,0.6627139062997898,0.005362600088119507,14,0,0.0,0,0,True,8,110110011101111,4908.381974742957,1291.3376307529095,1.50936783799508,1.374274999231591,89d7947ea217895a0808df6d2045a7b5d74dbbdf56c98503447f6672628cdcce,1665.783578542003,0.007427212123006122,False,False,1.5201894016678146,False,False,1.2317626296875372,False,False,1.4944407890210538,False,False,1.4251359866689934
15,14,0.8355693998746574,77032.93532507893,224281.13684570353,0.6565340429049344,0.010662199929356575,15,5,0.3333333333333333,4,1,False,9,111111111011111,8391.269915759996,2034.0860451277028,1.7623234962554957,1.834800349876532,c286c766062b09dfbbc8df53c32df1f8cc7ac9644abebd1ecd089aab739f74a9,1386.0267877492734,0.006179863394855323,False,False,1.2554601186511234,False,False,1.209670848314195,False,False,1.1591240191583485,False,False,1.1389844752680272
16,15,0.8856438999064267,77032.93532507893,224281.13684570353,0.6565340429049344,0.006382300052791834,16,0,0.0,0,0,True,9,111111111011111,11402.081735112517,2714.0488828912676,1.7554243635911464,1.5207165628795418,6a288be832b62dcdc667520d729243ade2a9a5311eff2d5fc4b4dbad8dce5651,0.0,0.0,False,False,1.1676592257505531,False,False,1.2708676349993884,False,False,1.301872179924215,False,False,1.2179760172545087
17,16,0.9443861998151988,77561.46861958489,224281.13684570353,0.654177476936261,0.011111600091680884,17,2,0.13333333333333333,0,2,False,10,111111011001111,9036.083140831663,2305.500463734164,1.6334479668138748,1.0555978634807515,d5f1a9c5b5aa758683a1dfbb768f2fc01838d536acb49fc22853ba13730fa021,528.5332945059636,0.0023565659686733964,False,False,1.5986806090984738,False,False,1.570695878862273,False,False,1.3375942114467876,False,False,1.3987525206920035
18,17,1.0114019999746233,78042.22874404315,171044.52488615003,0.5437315003447827,0.009977299952879548,18,2,0.13333333333333333,2,0,False,11,111111011111111,8185.755756814364,1863.5868703039416,1.8046400595858292,1.5006561306079076,87668f0e2ffb10c7cf786ff12cc2bfee09c5dca2e5efb630264ddb4b4a4753cc,480.760124458262,0.11044597659147837,False,False,2.2128146711766443,False,False,2.0491629679758887,False,False,1.597387492242298,False,False,1.5260156960781834
19,18,1.0846135998144746,78042.22874404315,171044.52488615003,0.5437315003447827,0.006627700058743358,19,0,0.0,0,0,True,11,111111011111111,7493.353758221739,1954.5910937005206,1.372754617542645,1.321356477604652,3f52efe483f286658720c09140d0c44b0259f0fd8b43c71ee321f8d51cb6a179,0.0,0.0,False,False,1.3236336882714355,False,False,1.7025050044719243,False,False,1.6602645847823005,False,False,1.465941607510681
20,19,1.1344408998265862,79772.02596246274,171044.52488615003,0.5336183603914813,0.00791790010407567,20,0,0.0,0,0,True,11,111111011111111,9442.853720535868,2275.869357631027,1.4944694669613992,1.2604928260819186,ed4207469399756f58b934f6fb7fe89b9bbde3c0883df54456a6816bb9983f77,1729.7972184195824,0.010113139953301431,False,False,1.0461726451202478,False,False,1.5467024194491028,False,False,1.4731757391279257,False,False,1.8401945982286505
21,20,1.2168462998233736,80906.4655061238,164764.31559394093,0.5089563828522402,0.008640999905765057,21,0,0.0,0,0,True,11,111111011111111,6625.950839009962,1679.1525012553564,1.047990794866097,0.8633895989479662,a080dd5f764fc5c9680b6e22d03d5455467876ce5a6cb50a8d67549147fc1a08,1134.4395436610648,0.024661977539241042,False,False,1.7013041845871806,False,False,1.6291846520910367,False,False,1.635960923382622,False,False,1.570251336808395
22,21,1.2813257998786867,81726.17881194336,164764.31559394093,0.5039813170871522,0.008125599939376116,22,1,0.06666666666666667,0,1,False,12,101111011111111,6201.303424484005,1609.0427943244604,1.1265257475355388,0.9626277755302085,020b3cfc11b45e953ba5dc41e06e2913a69d9990be69417cd12eee328f8f171e,819.7133058195614,0.004975065765087994,False,False,1.3674084019360724,False,False,1.8357928434244066,False,False,1.7115117391828156,False,False,1.242721053442174
23,22,1.3400979998987168,84475.46132662533,164764.31559394093,0.4872951644771567,0.012924500042572618,23,2,0.13333333333333333,1,1,False,13,111111011101111,8949.613257636163,2163.4278249764434,1.6535837735882601,1.4132276787047795,1ab8004fd251fb72ace811d9b51a6ae5c2583100e3f87688562652229c32d9aa,2749.282514681967,0.016686152609995508,False,False,1.3665272407369917,False,False,1.6162879232917324,False,False,0.9763161558614043,False,False,1.7179967447805837
24,23,1.4052479998208582,84586.2160937895,164764.31559394093,0.4866229632983704,0.009414500091224909,24,0,0.0,0,0,True,13,111111011101111,5571.162149074679,1595.808600858892,1.0467211120191415,0.8598541709082431,b839734bf62e5ebebcac95d3c9bd44134b589aa8c38a5c692efdae5d0d182095,110.75476716416597,0.0006722011787863025,False,False,1.7767031757802134,False,False,1.8664675038777616,False,False,2.1411425123473515,False,False,1.60285002479558
25,24,1.5009792998898774,87887.52913349854,141380.44594385044,0.37836149442898726,0.018936399836093187,25,1,0.06666666666666667,1,0,False,13,111111011111111,7864.412742154439,1903.0827720072348,1.3729316916501144,1.3179135055519977,b3f530302d09afaaa1417952a8f075ef179f2009ebdc0a86d23de33b3c6b2f4e,3301.3130397090426,0.10826146886938315,False,False,1.1054451283632476,False,False,1.331387941338148,True,False,1.5891693620498017,True,False,1.7148629890458174
26,25,1.566017499892041,95178.09654272694,141380.44594385044,0.32679448061348504,0.011906599858775735,26,0,0.0,0,0,True,13,111111011111111,11065.72925151431,2337.273536817442,1.7545209439293683,1.2571369254467313,c8786131ad5ccfd9cb9ee9ca6be020cdfc9490a156ad80a1c337b2597113262c,7290.5674092284025,0.051567013815502216,False,False,1.4526702517451968,False,False,1.4165814464969837,False,False,1.2643765000780605,False,False,1.064903509904432
27,26,1.6322031000163406,97318.28025401669,141380.44594385044,0.31165671741715356,0.016621400136500597,27,3,0.2,1,2,False,14,111111101101111,8087.896088274905,1961.8223247295925,1.3677163907169847,1.2080814129860578,6bbe51bf64ff374835670acec01c47f11dd17ee3d222463c5e77e36304990cba,2140.1837112897483,0.015137763196331477,False,False,1.5912051075691493,False,False,1.6023099388603468,False,False,1.459927944658639,False,False,1.3784334058418728
28,27,1.7031488998327404,97318.28025401669,141380.44594385044,0.31165671741715356,0.00977999996393919,28,0,0.0,0,0,True,14,111111101101111,8453.692007649213,1879.18183032091,1.4630347042180984,1.1134871503242583,3261f0dad8a6d6074773d44a06d13c1b2373260258bec347d41c7a69a9b0e8e2,0.0,0.0,False,False,1.7785312565945388,False,False,1.3551919299331145,False,False,1.371193206437114,False,False,1.2859574653321886
29,28,1.7792155998758972,97519.70808863337,141380.44594385044,0.3102319953965661,0.008942699991166592,29,0,0.0,0,0,True,14,111111101101111,6683.989055326603,1525.8488524720344,1.1697405960724578,0.9592126451215266,461dfc120cfc41910f7897b678cc5ff3b7a6076e40dba8c11edb284b7c304d0c,201.42783461668296,0.0014247220205874656,False,False,1.4215693814212549,False,False,1.8380104086971971,False,False,1.589637279734677,False,False,1.4291735227351978
30,29,1.8421306998934597,98370.71124193432,141380.44594385044,0.3042127531483211,0.014419300016015768,30,3,0.2,2,1,False,14,111111111011111,9862.77979780956,2300.0553417011015,1.6582480578659873,1.4563916809021327,fd7e8229b11f759ca0002fdba8955996fdd1359907da506481196fd9b9c02f34,851.003153300946,0.006019242248245016,False,False,1.5371500045936999,False,False,1.1938337351496127,False,False,1.4362815805470357,False,False,1.7932292270917198
31,30,1.9176390999928117,100595.70420762469,139609.45574863127,0.27944920587077837,0.016964499838650227,31,2,0.13333333333333333,0,2,False,15,111111010011111,8991.931815534033,2096.2078373723257,1.4945672793345175,1.1244241483168327,0f64feed1e1805d75b5cd610357da4e1ccab76d2ea1bb3b0d3e77d043c8e187c,2224.9929656903696,0.024763547277542708,False,False,1.6123638833495013,False,False,1.8945389529669538,False,False,1.411031965151003,False,False,1.2193946171569818
32,31,1.9817257998511195,101828.07962896336,138256.49025982182,0.26348427160561866,0.0065963000524789095,32,0,0.0,0,0,True,15,111111010011111,7019.1312564995405,1526.0981524567262,1.214983039617638,0.8693611390841081,4c45847ada38ac04ea706afe2e94dec9e67d935a2dc9620a0e258d561b5601c8,1232.375421338671,0.015964934265159714,False,False,1.5593547012451134,False,False,1.542749486514623,False,False,1.701404412336014,False,False,1.4649234894015306
33,32,2.065226199803874,102591.35096791048,138256.49025982182,0.25796358076851783,0.007500399835407734,33,0,0.0,0,0,True,15,111111010011111,8052.522632301445,1870.20098169014,1.4049912405152927,1.180420153613302,208a109c56bc910d6b3f23419cd23b2302e4b8c2a89fef562d6bf81023672d42,763.2713389471173,0.005520690837100828,False,False,1.6939893893318823,False,False,1.7708713602963198,False,False,1.39837965124705,False,False,1.1496167921876914
34,33,2.1477574999444187,104422.01804873253,137514.26722722902,0.2406459332966139,0.007292599882930517,34,0,0.0,0,0,True,15,111111010011111,9242.838394695615,2251.4243163408405,1.6121999903851605,1.4012854943435749,3e737566d01d38e197da0037f7fbc5d1e383f1ffcbdcf38c272d1727544cd603,1830.6670808220515,0.017317647471903924,False,False,1.3127947194434726,False,False,1.2115041712233716,False,False,1.545850822715776,False,False,1.7723093045137317
35,34,2.277983999811113,106421.42679533582,136027.71682768728,0.21764895216064786,0.006461100187152624,35,0,0.0,0,0,True,15,111111010011111,8367.15576051667,2024.0480564534623,1.4496184031712187,1.1047026188098408,f494ed86311dd3effddf340d357c3ecc2c0baa0194755363f869cc9972f5a83f,1999.4087466032943,0.022996981135966044,False,False,1.1869883643556496,False,False,1.380829659983061,False,False,1.3172493197717383,False,False,1.5883390784276163
36,35,2.3417862998321652,106421.42679533582,136027.71682768728,0.21764895216064786,0.006265300093218684,36,0,0.0,0,0,True,15,111111010011111,7015.180979118815,1691.463744914573,1.2175274733317516,1.0697094404703635,e4b491dde5d8872a1a3736ad38daf9a0d2d68d5c693981a849834b294e809f2a,0.0,0.0,False,False,1.7099344186912286,False,False,1.446488831954009,False,False,1.7596385741324083,False,False,1.2777433231298634
37,36,2.4069605998229235,106954.3754143041,136027.71682768728,0.2137310107925413,0.006791600026190281,37,0,0.0,0,0,True,15,111111010011111,5151.429730601925,1328.9742439525448,0.8984692499504378,0.8868310640565868,7532f9777411ab3a1c31964e42b2627dbffe29f7376c4e69b90dbc093f790fc6,532.9486189682793,0.003917941368106553,False,False,1.2221388606313808,False,False,1.9293143181731454,False,False,1.5763414689062694,False,False,1.5938371098470956
38,37,2.471690099919215,107336.0343785578,135241.50426660836,0.2063380619683075,0.006498500006273389,38,0,0.0,0,0,True,15,111111010011111,6376.073280365358,1797.9034244017885,1.0998251534560595,1.0820390983169341,94206e27d044764e45c2ada98137c57c5434aa05148a1f9928c470c2d5950915,381.6589642537001,0.007392948824233803,False,False,1.1126500795452434,False,False,1.228745401834962,False,False,1.5985301799580207,False,False,1.526668114682978
39,38,2.5697911998722702,107700.73423253704,135131.3398703899,0.20299218274726422,0.008568299934267998,39,0,0.0,0,0,True,15,111111010011111,8073.1229051374885,1904.5705634892154,1.3913535205308574,1.071321686112218,9d0f221e9e242fc99fdaac6518de8032f6f0eb8666cf1b3753dbf77c6a3906da,364.6998539792403,0.003345879221043291,False,False,1.4949480172670708,False,False,1.2891933888788876,False,False,1.5288648387712813,False,False,1.471805873285013
40,39,2.6719568998087198,108056.29371454174,130408.69870612441,0.1714027147986021,0.007294800132513046,40,0,0.0,0,0,True,15,111111010011111,5660.9396077969795,1520.0980970632934,0.9869710214405056,0.9332141167217644,b38650d1ea57ac156ee1a594ace1ea7c15a5bf7803b6c5713157ab41f7c9e281,355.5594820046972,0.0315894679486621,False,False,1.7021766866268697,False,False,1.5819573562909777,False,False,1.5699742107178434,False,False,1.3814795222349965
41,40,2.7314826999790967,108283.58048169783,130408.69870612441,0.16965983438179583,0.006923699984326959,41,0,0.0,0,0,True,15,111111010011111,7318.083295898428,1665.0536537049873,1.2586201187196717,0.9814839723631019,80b9c3a2596977c657f0c2d1255c54eb2364b333fa3ed5e5e837bbadf21f22e1,227.28676715609618,0.0017428804168062861,False,False,1.0666733962235841,False,False,1.4789387439574362,False,False,1.5059240404900718,False,False,1.0736027508323966
42,41,2.862131599802524,108283.58048169783,128760.85877934376,0.1590334088462212,0.007329500047490001,42,0,0.0,0,0,True,15,111111010011111,6256.959643950822,1485.4490542790427,1.0785906789347606,0.9217878787769058,93faabf031ba7c23a02b1cb6ed2542468b8263a95a37800c5df4cb63c3cc3a19,0.0,0.010626425535574635,False,False,1.397266875841733,False,False,1.0822056933585025,False,False,1.5900533457271249,False,False,1.5824624574630888
43,42,2.9720468998420984,108480.21751471506,128760.85877934376,0.1575062597196827,0.008242999901995063,43,0,0.0,0,0,True,15,111111010011111,6160.346531070455,1582.4477119259197,1.0752977775061052,1.0154788693139236,a02a117712ec67f3857c9bfd59bbada6b7ed84d7899c2c5af97615fd6a34d4fa,196.63703301722126,0.0015271491265384796,False,False,1.1335846726259096,False,False,1.4748364113664172,False,False,1.220626251514601,False,False,1.1995405799115966
44,43,3.03934339992702,108480.21751471506,128760.85877934376,0.1575062597196827,0.006639600032940507,44,0,0.0,0,0,True,15,111111010011111,5883.967540840085,1573.871516154464,1.0229707639465688,0.9891829474415427,48614f074c0cb6cf23464dc02ea8caa9e2b83d83f83b2365917d30a614e6da72,0.0,0.0,False,False,0.5303572871897608,False,False,0.8072321585052049,False,False,1.3519013941671478,False,False,1.0870360489233537
45,44,3.164949099998921,108564.72625073827,126145.8029812274,0.13937107945720154,0.006976400036364794,45,0,0.0,0,0,True,15,111111010011111,5116.774989214732,1227.1403125514007,0.8885615672824324,0.7850506373196626,c4ed895e13ab8ffa9aad43a10ca8297ea44eb48ff3b3e1fbe8e39381ed21b459,84.50873602321371,0.018135180262481176,False,False,0.9770500864272355,False,False,0.8925287515098853,False,False,1.089162063048592,False,False,1.451856348828164
46,45,3.2919385000132024,108771.8369626493,126145.8029812274,0.13772924352595103,0.007123599993065,46,0,0.0,0,0,True,15,111111010011111,8152.89404687227,1828.430258269341,1.415931223004709,1.2356472206713565,c4c3be87a54a827b2d660eed0e2295322cc8c978ec637f99c5ba75b197cbb9fa,207.11071191102383,0.0016418359312505015,False,False,1.0865263987353366,False,False,1.4133674379603958,False,False,1.366081001257207,False,False,1.5069865944702006
47,46,3.3796319998800755,108846.1440719414,126145.8029812274,0.13714018620072907,0.011366199934855103,47,4,0.26666666666666666,3,1,False,16,111111111101111,8292.712937942608,1813.54289917825,1.4295706992869381,1.1915098266156952,7f68ae7f7c5f5cd6d4ca8e9f541b93c1e31e20e8a9946a69eaae708bcaef2692,74.30710929210181,0.0005890573252219644,False,False,1.1749658957789992,False,False,0.8336700023553502,False,False,1.4386762910265174,False,False,0.9819657947367921
48,47,3.4750506998971105,108846.1440719414,125889.60848430419,0.13538420380811464,0.007520799990743399,48,0,0.0,0,0,True,16,111111111101111,197.71553070511334,82.23424659254253,0.03389935567513038,0.04963757484243921,24766d79579f6fe0266c65c4a8c028618a6f72e9f7db1ffbdbcf8ebf78d3765a,0.0,0.0017559823926144302,False,False,1.4185499348025905,False,False,1.1625757718398244,False,False,0.8255980133797108,False,False,1.430529002346069
49,48,3.5664383999537677,108846.1440719414,125219.19688949015,0.13075513359184443,0.007870499975979328,49,0,0.0,0,0,True,16,111111111101111,1265.8963060461847,402.89132090129925,0.21703141885659355,0.24571507058580283,8daca17fa540f9119623a8477ed9a080a67cfbadaa3210b752c26112a3164b8e,0.0,0.004629070216270209,False,False,0.23346282990032022,False,False,1.3988069537098846,False,False,1.090754860447983,False,False,0.9026997610324312
50,49,3.666512999916449,108846.1440719414,125219.19688949015,0.13075513359184443,0.008153899805620313,50,0,0.0,0,0,True,16,111111111101111,5582.187765009596,1224.077173936274,0.9584482337594805,0.7816752130423602,f336ebc3f023112fc0b9d9bd889b57c9203ddfc10a1084a67ef6f8a95e856ff1,0.0,0.0,False,False,0.9190973356813016,False,False,0.92448195797885,False,False,1.3372835201330437,False,False,1.03410498337556
51,50,3.735366699984297,108846.1440719414,125219.19688949015,0.13075513359184443,0.008720200043171644,51,0,0.0,0,0,True,16,111111111101111,8986.402072600107,2031.143699385226,1.5467007774624733,1.3438302735907344,31e749737d8c2ba0724b93f6ef63631bf83f3978450c40e298014f98f1b1a32f,0.0,0.0,False,False,1.0674390164256349,False,False,1.058738789870341,False,False,1.071974812467049,False,False,1.2620310214195167
52,51,3.799441199982539,108846.1440719414,125219.19688949015,0.13075513359184443,0.008223599987104535,52,0,0.0,0,0,True,16,111111111101111,7795.886572669668,1831.632137544603,1.3409698869770474,1.1489574839743348,9ebb46cda598fc0374012ec5cefa8739f604b028bc9cb3fade9b5635dd2c225a,0.0,0.0,False,False,1.1423443995321967,False,False,0.9715645955657787,False,False,1.0616346706740607,False,False,1.0405185105785177
53,52,3.8734154999256134,108846.1440719414,125219.19688949015,0.13075513359184443,0.008069999981671572,53,0,0.0,0,0,True,16,111111111101111,10219.87979502402,2063.6312111406446,1.7577124585329251,1.273662255245121,9af8a1dd7bb7adf6a37335af2e06ef9af642b58d9083d4376b15bd5460e87bfa,0.0,0.0,False,False,1.634861644073222,False,False,1.706467832911975,False,False,1.8765308492602688,False,False,1.883023680274014
54,53,3.9346929998137057,108846.1440719414,125219.19688949015,0.13075513359184443,0.008524700067937374,54,0,0.0,0,0,True,16,111111111101111,6568.19163852136,1453.988644011943,1.124762356241306,0.9785067185577444,03b64e39a441ff11575baf4c23e842a2669a4828d9c67f7c6afd0ced0cc708b5,0.0,0.0,False,False,1.6932676194454463,False,False,1.5151517415995093,False,False,1.650134401516914,False,False,1.6929248911295154
55,54,4.023207799997181,108885.9061829187,125219.19688949015,0.13043759353436912,0.009288900066167116,55,0,0.0,0,0,True,16,111111111101111,2167.876215672418,604.874442613247,0.3691797559079576,0.3736377197011905,67e836349883e216c5c720858eb358b6764ed60ea222ee1cc075fc423a201410,39.762110977302655,0.00031754005747530734,False,False,1.172717598840949,False,False,1.7366234448072915,False,False,1.4695584514588709,False,False,1.5490930911751297
56,55,4.092784399865195,108885.9061829187,125219.19688949015,0.13043759353436912,0.00917389988899231,56,0,0.0,0,0,True,16,111111111101111,1478.3230461763837,518.8712248788685,0.2517975028451078,0.31525521555680125,87bdff40bfd33ad975dfc6f822959d0d2e6f6eb6693f2eac0e9cef2b68c98352,0.0,0.0,False,False,0.4786955297492057,False,False,1.1291527078608043,False,False,1.7496664555198813,False,False,1.486457111032697
57,56,4.188236299902201,108992.57591880027,125118.14838710721,0.12888276142335078,0.009039100026711822,57,0,0.0,0,0,True,16,111111111101111,6533.603949454521,1526.5085459472728,1.1159440068180295,0.9753785879156947,e03d7d0608c159528a34e9b347b154af227a46cac95c7e31488e18e79f724aad,106.6697358815727,0.0015548321110183394,False,False,0.9796623471243926,False,False,0.893652301068786,False,False,1.3827031062893336,False,False,1.6895300198636907
58,57,4.265075499890372,109197.67331250725,123861.34714510402,0.11838781161824621,0.009361299918964505,58,0,0.0,0,0,True,16,111111111101111,7757.414608812354,1676.6785347757434,1.330233799184471,1.0961881140700178,8cfe092738c1b641693c3efb22e7595eaf5a6b8cfe4661f1bc15ecff1e23149b,205.09739370697935,0.01049494980510457,False,False,1.0760090350837526,False,False,1.170733871189202,False,False,1.1586675610905575,False,False,1.265939686617027
59,58,4.375904999906197,109722.46303964546,123861.34714510402,0.11415089881829567,0.011296299984678626,59,0,0.0,0,0,True,16,111111111101111,9625.049312857846,1865.049797212666,1.6571076828141336,1.2922169976596738,f0726159f3a0b23174669e02f23302410f15bcfc8e923cbd8c10a4e9a30d8d18,524.7897271382099,0.004236912799950546,False,False,1.2676869614387507,False,False,1.4424738351039268,False,False,1.5896712394796397,False,False,1.5340554314803678
60,59,4.51120930002071,109728.66165877189,123861.34714510402,0.11410085399584458,0.009287199936807156,60,0,0.0,0,0,True,16,111111111101111,1977.5458580429372,551.2899757462727,0.3406645130562269,0.3592686910668266,88531316644c6f6f7ec9ec66dcc7d5847595dc8f32f67d55648ddb4db2063a14,6.1986191264295485,5.004482245109243e-05,False,False,1.48410155538846,False,False,1.3538948193632443,False,False,1.287706680776379,False,False,1.4367375141474232
61,60,4.640398199902847,109921.4225638085,123861.34714510402,0.11254459040369427,0.009853699943050742,61,0,0.0,0,0,True,16,111111111101111,6170.368507859119,1412.7711451985156,1.0598048499040087,0.9288804731716667,41a9cb053954fa47e2924cf8488abde1d0518e8d9a89c82a2788f52c507f6239,192.76090503661544,0.0015562635921503032,False,False,1.0401531674826496,False,False,1.7149836916661239,False,False,1.4596577819614223,False,False,1.5730989078876572
62,61,4.746564199915156,109954.41936736318,123861.34714510402,0.11227818926794672,0.009760400047525764,62,0,0.0,0,0,True,16,111111111101111,3969.734486656871,908.3304696728428,0.6852105361983472,0.595335118329783,02cfe5277ccd63933ed4b93fdda252169ce485493c5abccf970a78feff96bddb,32.99680355467717,0.00026640113574755153,False,False,1.1582552403421724,False,False,1.1409057665506532,False,False,1.7690462372457372,False,False,1.3839892026687461
63,62,4.82052639988251,110060.25654300053,123861.34714510402,0.11142370820442847,0.010244600009173155,63,0,0.0,0,0,True,16,111111111101111,4106.611462122132,922.1994622891938,0.709149618324721,0.623035978880085,44778455d923fdf724baf0f8e4118dbcb1ba566d1b7508c3b0f2589cde018eb0,105.83717563735263,0.0008544810635182504,False,False,0.7875005461219876,False,False,0.9879497777689515,False,False,1.011716604058824,False,False,1.6972195492993591
64,63,4.948701899964362,110188.55030432157,123861.34714510402,0.11038792291484381,0.01096390001475811,64,0,0.0,0,0,True,16,111111111101111,7469.500100561104,1500.9522094426989,1.2837833105645506,1.0322124171516829,5e4c0dd0f67c366619b47885483a26396f3a8af3f3a0996692c212f062a85779,128.2937613210379,0.0010357852895846592,False,False,1.1256391675288315,False,False,0.9897965192780834,False,False,1.059396021537379,False,False,1.0163341767861875
65,64,5.082925699884072,110385.21442875668,123861.34714510402,0.10880014651027498,0.010382400127127767,65,0,0.0,0,0,True,16,111111111101111,8650.976862725453,1730.916753473715,1.4920795102658113,1.2264916704478441,55cd33dd23abd2ae45a12a4fac4e6081ebaca960cea0a452a95e911b70ac804d,196.6641244351049,0.0015877764045688358,False,False,1.1105161214865056,False,False,1.0166630433684898,False,False,1.141392764076777,False,False,1.1579871662423653
66,65,5.2039826000109315,110408.26381165953,123861.34714510402,0.10861405630994918,0.010607199976220727,66,0,0.0,0,0,True,16,111111111101111,1069.269970728919,275.3078139821148,0.18499267857208226,0.18982924090847145,0d4d56480a3b27f8e59781ddfa263e1892910d2e989e90d472ee94c4c7c51a33,23.04938290285645,0.00018609020032579748,False,False,1.5013834091204221,False,False,1.1868938942956895,False,False,1.1157762266721798,False,False,1.2127805209615679
67,66,5.3339523000177,110517.49354086036,123861.34714510402,0.10773218531695192,0.011682800017297268,67,0,0.0,0,0,True,16,111111111101111,5037.528548854018,1226.383834635129,0.8714608382234093,0.8563170062932707,36e2d5a2480a64438fa10afca09bcda1ec7b2b40305d8bb3c03e9c7b0fe673b0,109.22972920082975,0.0008818709929972607,False,False,0.8998973294399466,False,False,1.4182834404711655,False,False,1.4241633703780148,False,False,1.3973783912532995
68,67,5.4602657000068575,110568.5450637597,123295.9947576675,0.10322678947457307,0.010509700048714876,68,0,0.0,0,0,True,16,111111111101111,6543.750681787051,1399.4522393536813,1.1282409422340383,1.0198033536449556,aea3dfca05497d2750599dac65fc093491cb4365180df2295e0714808dfa3bb9,51.05152289933176,0.004505395842378843,False,False,0.9729068825423655,False,False,1.014324052847148,False,False,1.3273724409805752,False,False,1.6354333784268071
69,68,5.583190499804914,110590.30876622116,123295.9947576675,0.10305027358284242,0.014320899965241551,69,0,0.0,0,0,True,16,111111111101111,5186.916124882979,1039.8408154451772,0.8950167559934405,0.7846170513836552,03c9b65cea71e08879fd46a4ac53d1168f08f0df2f84cdd948f0f87902a30ee8,21.76370246146689,0.00017651589173064974,False,False,1.313622597017772,False,False,1.220403937571375,False,False,1.281512238298521,False,False,1.2006672683618258
70,69,5.713373699923977,110735.16550595102,123142.91816183312,0.1007589623592967,0.011519899824634194,70,0,0.0,0,0,True,16,111111111101111,2177.1360542035945,485.619200360971,0.37697696527622254,0.35560723417791595,89faea37e95252db1597baea2aac15a3a27197b625c7a75d18a6a663d4b9a54e,144.85673972986115,0.002291311223545728,False,False,1.0439940194729802,False,False,1.341601325070444,False,False,1.3597583865288936,False,False,1.4212498554094124
71,70,5.812190399970859,110879.89294320285,123142.91816183312,0.0995836821287143,0.011312599992379546,71,0,0.0,0,0,True,16,111111111101111,7732.267265384667,1572.751250044702,1.3349718826451784,1.1537618851573057,2252c5c49b04dc805d8c080d6e4ddd6a3ed0a411e26ffef2945af46a35994650,144.72743725182954,0.0011752802305824012,False,False,1.3548182082521174,False,False,1.2550442909314872,False,False,1.3007778028539174,False,False,1.1191235926439222
72,71,5.926343400031328,111430.41617768962,123142.91816183312,0.09511307803142242,0.01063039992004633,72,0,0.0,0,0,True,16,111111111101111,7676.3717916684855,1730.5848379853,1.321474243617004,1.1904241701085136,0bebdb1219ddc8de4adf0afe14c3558ea1e0165972ff06c8b2e2c175c55e682f,550.5232344867691,0.004470604097291872,False,False,1.434394627544221,False,False,1.4077471857752446,False,False,1.3504080856420966,False,False,1.5432473084845777
73,72,6.0462220998015255,111430.41617768962,123142.91816183312,0.09511307803142242,0.010760900098830462,73,0,0.0,0,0,True,16,111111111101111,1884.7147973965948,481.5756315203273,0.324349045342581,0.32614075024621003,8b51170bac78e6506da65ee636efca11f2f716043488f69cd817c9673439c56d,0.0,0.0,False,False,1.3949235236176343,False,False,1.5138352678624645,False,False,1.4957867389762542,False,False,1.3868275566617776
74,73,6.14595519984141,111449.4891156472,123142.91816183312,0.09495819346118255,0.010914199985563755,74,0,0.0,0,0,True,16,111111111101111,7654.613762955354,1581.1524529442945,1.316197781699346,1.1351486507147772,9caa4894ff474e12f0d7bd193b4548d622bf775af60f38d080f7242d9fc80685,19.072937957578688,0.00015488457023987712,False,False,1.2628839946567352,False,False,1.4413964350346697,False,False,1.459278307544055,False,False,1.4454919529356638
75,74,6.304078799905255,111572.01623617709,123142.91816183312,0.09396319413553016,0.012163500068709254,75,0,0.0,0,0,True,16,111111111101111,5335.785911907048,1093.7976393028177,0.9170343403302527,0.7281063833919521,b2070033bde7ad3db4c8e6d457dd3a0bf8346d105cf0993797be612b7c367b99,122.52712052989227,0.0009949993256523904,False,False,1.376135489586814,False,False,1.3366249992196593,False,False,1.6351810650534435,False,False,1.25838953350573
76,75,6.4297898998484015,111670.28588334372,122714.179258847,0.08999688090002912,0.011494900099933147,76,0,0.0,0,0,True,16,111111111101111,4927.076670092272,1058.801817877713,0.8488354235668111,0.6737111283867531,24b71dc8a4693daa27cd942af6c47c5f2b9c5dc37312d2420d88695f3b45ffe1,98.26964716662769,0.003966313235501034,False,False,1.055547722972647,False,False,1.400441002074865,False,False,1.3477466842650256,False,False,1.681858823711922
77,76,6.582204199861735,111782.58660314178,122714.179258847,0.08908174036389613,0.011476999847218394,77,0,0.0,0,0,True,16,111111111101111,5112.585863129946,1050.8661980726868,0.8805381082540003,0.7900740566329748,9ca026e969e150d8523c33b02865a9955d93b5de4c4dd6968eb2ab67f7779036,112.30071979806235,0.000915140536132994,False,False,1.04166468142018,False,False,1.015305292781035,False,False,1.2606654103733694,False,False,1.3143624504056721
78,77,6.666361499810591,112126.89511825892,122714.179258847,0.08627596423275424,0.012075900100171566,78,0,0.0,0,0,True,16,111111111101111,5975.75875547848,1368.4878910469104,1.0287411854520956,0.9687588050811058,6b2028ebe791d3ef00fb79538a56343da090c93e26ece0c1e5d6d48d30ce3766,344.3085151171399,0.002805776131141885,False,False,1.5011585339891533,False,False,1.5826634138695823,False,False,1.4391134718995655,False,False,1.3499911570084624
79,78,6.77373499982059,112126.89511825892,121248.85076668765,0.07523333698215084,0.012618800159543753,79,0,0.0,0,0,True,16,111111111101111,4864.646658376903,1083.1567672928368,0.8377403086783038,0.7529150310534003,2bc550d33fc90725efe32d4e4331b00bbdb2ef8e73294e1b4cea0ef8d16c261b,0.0,0.011042627250603398,False,False,1.245419589662606,False,False,1.380151649757421,False,False,1.6624149509195767,False,False,1.333890374254243
80,79,6.874012899817899,112126.89511825892,121248.85076668765,0.07523333698215084,0.012851200066506863,80,0,0.0,0,0,True,16,111111111101111,670.7018409678085,171.48510754242366,0.1152944060060297,0.12511032606497555,cf7fcb6ad77bd8cf0d24a1f17c6403b914f96be3ec4fc533585bb169bb51e897,0.0,0.0,False,False,0.8199357588647526,False,False,1.217470798998206,False,False,1.3689611293593733,False,False,1.6511484993114054
81,80,6.984606900019571,112126.89511825892,121248.85076668765,0.07523333698215084,0.012143499916419387,81,0,0.0,0,0,True,16,111111111101111,673.974919389271,165.904807809594,0.11578190774362064,0.12176323992812985,f51ef0a59d271af15f9772385c12d21126ce1c0c7ab41737290d8e7f4ebca263,0.0,0.0,False,False,0.19206709874667935,False,False,0.8351976420005187,False,False,1.196245255848171,False,False,1.3485731114521873
82,81,7.085869799833745,112126.89511825892,121248.85076668765,0.07523333698215084,0.01201740000396967,82,0,0.0,0,0,True,16,111111111101111,578.2998386785442,136.9649610759092,0.0993142352830822,0.10274220122728563,ccb877dc72233447f94f85ee0a23c0846c850ba8b6cb3e807922a26ac18c5a25,0.0,0.0,False,False,0.12167988009655814,False,False,0.19990855700885704,False,False,0.8475243569741581,False,False,1.2153047743058756
83,82,7.203145599924028,112126.89511825892,121248.85076668765,0.07523333698215084,0.013840899802744389,83,0,0.0,0,0,True,16,111111111101111,7762.062226837319,1504.201939186209,1.354331040161914,1.150160333097562,2c87cf758889d26fafbbe40a250ceb85284345db26d17dbfcf90bdcb85dbc245,0.0,0.0,False,False,1.4093248443173703,False,False,1.3635218525655255,False,False,1.3661596402304104,False,False,1.4279314778869117
84,83,7.33400689996779,112211.52108653284,121248.85076668765,0.07453538423671197,0.013725499855354428,84,0,0.0,0,0,True,16,111111111101111,6716.748647629134,1499.8387958696803,1.1759344683495474,1.0721198936841587,b571a35cfe2409727ecad161721287db2ee6a757d2ebe826b501736b313f0f92,84.62596827391826,0.000697952745438879,False,False,1.360371940041866,False,False,1.3451104338345623,False,False,1.3851933287261902,False,False,1.3430650868427765
85,84,7.477150099817663,112574.11275397433,121248.85076668765,0.07154490915056698,0.012406500056385994,85,0,0.0,0,0,True,16,111111111101111,57.317646719208255,21.753444831627256,0.009908425689760015,0.015572945938121316,d701cdeb29cdeda80ad78448e255408899d1d2d2aec698a74a68ed26b5388829,362.59166744149115,0.0029904750861449864,False,False,1.1581517854791425,False,False,1.3635461164269762,False,False,1.3482856122650244,False,False,1.388368746162278
86,85,7.6330279998946935,112623.5455701062,121248.85076668765,0.07113721195740355,0.013866599882021546,86,0,0.0,0,0,True,16,111111111101111,6343.728552545576,1347.4276521346403,1.094676090664659,0.9635948539311018,82a6b99a9dda0a43ea5c681ac0c9c797fba9ad82b9e3dfaffe3f19fe2fac6719,49.43281613186991,0.00040769719316342823,False,False,1.0899121471403534,False,False,1.4100075677651103,False,False,1.330206196618971,False,False,1.321982796995016
87,86,7.75968090002425,112623.5455701062,121248.85076668765,0.07113721195740355,0.014751499984413385,87,0,0.0,0,0,True,16,111111111101111,5845.448451971532,1303.7642155862181,1.0090275569073288,0.9580424434334381,e1a65b4e9822945097b8d89f22445c96ef1be25d7db13ae2da01260b71c95c16,0.0,0.0,False,False,1.2190529829832704,False,False,1.2155583224688744,False,False,1.5148259531485857,False,False,1.3633006101864855
88,87,7.840698099927977,112797.67211922836,121248.85076668765,0.06970110309516601,0.014263899996876717,88,0,0.0,0,0,True,16,111111111101111,6500.17810352646,1503.417099073436,1.1233405523488291,0.961308809970949,f83f0a7c51fb876c37b3e80513f9f8f2eea45cdb8056e10f2c18a0a629d5084d,174.12654912215658,0.0014361088622375368,False,False,1.3270213505460084,False,False,0.9111510978175021,False,False,0.9106898509997637,False,False,1.0880176131627681
89,88,7.955593799939379,112797.67211922836,121236.24836096722,0.06960439930980011,0.014748699963092804,89,0,0.0,0,0,True,16,111111111101111,4305.580986017931,1014.5617211761403,0.7448706524845409,0.7577051917368627,2642ca5c7178b1e2f0b76289b2ee0b4b557a0984e06dca56dc8699dcdb141154,0.0,9.670378536590085e-05,False,False,1.2251984532304512,False,False,1.1371056232088712,False,False,1.382624393345588,False,False,1.382780726362669
90,89,8.079727199859917,112797.67211922836,120673.27009971961,0.06526381504357318,0.01396239991299808,90,0,0.0,0,0,True,16,111111111101111,4742.494437348413,1011.8620570761524,0.8213364007418053,0.8024380688423022,af395c81940e5bff94141548f932a45324294b31e649936cbc51fe2392eff321,0.0,0.004340584266226938,False,False,0.7495878806888956,False,False,1.3100833447424651,False,False,1.3103874011174699,False,False,1.0007960780507192
91,90,8.219615399837494,112797.67211922836,120673.27009971961,0.06526381504357318,0.015141800045967102,91,0,0.0,0,0,True,16,111111111101111,4783.8954987280995,1034.9758334573428,0.8287002448820641,0.7705923891956619,981c4ae6daf5a268995a127de58b0a2cca909ca89df75cadf8645671fdf7d0cd,0.0,0.0,False,False,0.7876819246580653,False,False,0.8622096054191624,False,False,1.1797723161858824,False,False,1.325768673080958
92,91,8.335954600013793,112840.47124963319,120673.27009971961,0.06490914552670779,0.014069899916648865,92,0,0.0,0,0,True,16,111111111101111,3873.492991035593,828.0971416243807,0.6707959153604108,0.6174837589865042,978ffce9bd3a33bf2312705088983ebe4b16fe943c75d89b30463052cc809af6,42.799130404833704,0.0003546695168653857,False,False,0.83954894991366,False,False,0.9491746446201046,False,False,1.0316938509065876,False,False,1.2719655775206211
93,92,8.435428699944168,112917.12366884857,120673.27009971961,0.06427393924488554,0.014942199923098087,93,0,0.0,0,0,True,16,111111111101111,5369.535561424621,1133.431036095594,0.924413106856112,0.8629517313071127,8f434335402b84cd79e29e09d0c4b471e9270bfbc97f19bdd10b4fe6b97c3062,76.65241921537381,0.0006352062818222454,False,False,0.9528997875476324,False,False,1.101396222605404,False,False,0.8730733573666583,False,False,1.1398956901440256
94,93,8.561538700014353,112935.01869626078,120673.27009971961,0.06412564602802459,0.016491299960762262,94,0,0.0,0,0,True,16,111111111101111,6560.5713534999395,1302.7823995240653,1.1264157786142077,0.9138017609360207,2f590e5df46323234d8f27f53d71b5cf73d4881b9c07805b824b31b29490714e,17.89502741221804,0.00014829321686095354,False,False,1.1656487976025631,False,False,1.104914460404653,False,False,1.0826394821587764,False,False,1.014753307797588
95,94,8.734752499964088,113079.87756135334,120673.27009971961,0.06292522388836727,0.016025499906390905,95,0,0.0,0,0,True,16,111111111101111,5626.29180413457,1159.1612008444133,0.9730311280688239,0.915839794084692,b6b32232fd3c434963bc1c4416397007f4740d8ea3a554be3449997cbdff0ba8,144.85886509255215,0.00120042213965732,False,False,1.0761372657505182,False,False,1.147181579853128,False,False,1.1548863146382053,False,False,1.2747918833415435
96,95,8.867620699806139,113079.87756135334,119957.58479331246,0.05733449238586663,0.015405100071802735,96,0,0.0,0,0,True,16,111111111101111,5520.543732339904,1144.8960745606746,0.9554329093329363,0.8875831682660047,a056bd1d44520c11d894d16bcea22cba10b142564ec0bff443e4ece5f1242d77,0.0,0.00559073150250064,False,False,0.8433467115943803,False,False,0.9130063546639959,False,False,1.1252070467437945,False,False,1.1832424470368408
97,96,9.022685799980536,113241.46271704871,119957.58479331246,0.0559874733042989,0.01754939998500049,97,0,0.0,0,0,True,16,111111111101111,6342.105576875546,1275.951748212938,1.0968842421755496,1.0477030356086363,44259936051e4a1168d287baa49f69de176b8e813fd58a541017912b7d2774ef,161.5851556953712,0.0013470190815677296,False,False,1.2100036306727373,False,False,1.283712733574722,False,False,1.3496588555052444,False,False,1.502212293444732
98,97,9.145450099837035,113268.0034235152,119957.58479331246,0.05576622254710651,0.015320200007408857,98,0,0.0,0,0,True,16,111111111101111,6169.7274761271365,1363.9934492585644,1.0662369636277715,1.0168594095795642,3ad69447be35fa4aad94405539f1b380d875d512d079449e24f17a92487abc80,26.54070646649052,0.00022125075719239135,False,False,1.2115065498430615,False,False,1.1576086260683243,False,False,1.0272643994008843,False,False,1.353204523228583
99,98,9.26372339995578,113334.97690220804,119957.58479331246,0.05520791288450167,0.016631999984383583,99,0,0.0,0,0,True,16,111111111101111,6168.1853260386615,1328.4219792877557,1.0643456240182783,0.9637266080258792,054f50150e91ca6c19a66d71eb5930866de9b2be8cefd32338ee05fcdb4be962,66.97347869284567,0.0005583096626048389,False,False,1.1311192191142811,False,False,0.7985270807873561,False,False,0.9738433561065507,False,False,0.8289634782397302
100,99,9.383599399821833,113375.63385081297,119957.58479331246,0.054868985182056025,0.01716129994019866,100,0,0.0,0,0,True,16,111111111101111,7677.580374004128,1457.9151158265763,1.3237913259700473,1.170216620344604,33efc5346321cb5770bcadb72a7bb17b7a3f1bdb7821ee1141ba3cea978d2406,40.65694860492658,0.0003389277024456461,False,False,1.3358614810092815,False,False,1.6331404176336992,False,False,0.9601608059666283,False,False,1.3403480529381058
101,100,9.505955999949947,113521.7502596193,119957.58479331246,0.0536509179038753,0.017197899986058474,101,0,0.0,0,0,True,16,111111111101111,6042.67372253643,1215.3311201403621,1.0414373459108055,0.9184689149939504,2776dbdaf2fdac22bb0a76993fb286aee41961672590d85e5c0f882bd0fb9d5f,146.1164088063233,0.0012180672781807247,False,False,1.2959682199592244,False,False,1.2631455783070036,False,False,1.2152421205395327,False,False,1.0225660675243642
102,101,9.626887599937618,113580.91474706537,119754.17537448398,0.05154943957581581,0.015984400175511837,102,0,0.0,0,0,True,16,111111111101111,6983.15794888624,1330.8761496416062,1.2059272976148139,1.0217279263549373,07b3b291beaf5b61e91cf52069f32ef1d18a2e3c912986182e770e46cc3b3684,59.16448744607624,0.002101478328059493,False,False,1.461684434935265,False,False,1.2352713890957685,False,False,1.3580127533849653,False,False,1.1768239235978242
103,102,9.767792499857023,113610.55560788822,119474.139461482,0.049078268150943044,0.01860160008072853,103,0,0.0,0,0,True,16,111111111101111,429.638538573787,113.98622665015965,0.0740677185959256,0.0934800111465549,301d2aa6fb6cd15530c66a77d73dda99c02d5536f132d019f3527f19b6b30891,29.64086082285212,0.002471171424872763,False,False,1.2085668046802367,False,False,1.472740671171798,False,False,1.2288735796593788,False,False,1.3466816380076032
104,103,9.880904099904,113739.0894090035,119474.139461482,0.04800243867274273,0.01665680017322302,104,0,0.0,0,0,True,16,111111111101111,7499.2243240127755,1484.010687262366,1.2968045275555522,1.2063746919652556,16eff02e2d381b6083a7fa152610a1caa4dca26a72a4a11a3e58014a271ee405,128.53380111527804,0.001075829478200313,False,False,1.296540557309892,False,False,1.380750897974886,False,False,1.52345019747139,False,False,1.524088829864525
105,104,10.035079799825326,113821.80914339646,119474.139461482,0.047310073490069646,0.031795000191777945,105,0,0.0,0,0,True,16,111111111101111,6171.524175082771,1277.884323645951,1.0703093787725195,0.8774064999354814,3363a1155402cf5852baaab55cec8f32693315d78f0ffed90db24067e6cd77e0,82.71973439295834,0.0006923651826730853,False,False,1.37514279934184,False,False,1.362717143171372,False,False,1.3256239033780997,False,False,1.2851380154554026
106,105,10.21612360002473,114001.12961393046,119474.139461482,0.045809158971310424,0.048032699851319194,106,4,0.26666666666666666,1,3,False,17,111111011011011,9112.364199311894,1634.2451430584074,1.581688155186991,1.2795102971445742,53a045205050ef561e9549b45cb43486de42fb2be4776028cf4da20641b8883e,179.3204705340031,0.001500914518759222,False,False,1.784180414599789,False,False,1.405745677701022,False,False,1.3662001113647229,False,False,1.527954477051264
107,106,10.339016899932176,114001.12961393046,119474.139461482,0.045809158971310424,0.01652269996702671,107,0,0.0,0,0,True,17,111111011011011,2451.211790388292,879.0635804370855,0.425892334765844,0.6158629955518359,931a552563c9480cee8cc74d190ef7158fbc97bc447775ac0e61044648e9f8ae,0.0,0.0,False,False,1.629667514437748,False,False,1.802532676998799,False,False,1.37639943061214,False,False,1.338159308350023
108,107,10.462485400028527,114001.12961393046,119474.139461482,0.045809158971310424,0.016239900141954422,108,0,0.0,0,0,True,17,111111011011011,4081.6932722394004,883.5099316299643,0.7096793255019125,0.6189259700578251,da0016c76977486a444a32f53f98e100f572b3e71b4e83827c64613e0e64f642,0.0,0.0,False,False,0.6316835178890298,False,False,1.2497811661690355,False,False,1.7336105200027614,False,False,1.365010136697581
109,108,10.595376299927011,114001.12961393046,119474.139461482,0.045809158971310424,0.01656969985924661,109,0,0.0,0,0,True,17,111111011011011,3712.1487288669114,823.8971720395296,0.644198215542842,0.6191962183527276,22110678f017827917ef5e228f2b82ea0a97fc954595065a04fd30d2c2f72fa4,0.0,0.0,False,False,0.9421600831189483,False,False,0.8736735606420719,False,False,1.454769047107406,False,False,1.8197756833730696
110,109,10.769648199900985,114001.12961393046,119474.139461482,0.045809158971310424,0.01644119992852211,110,0,0.0,0,0,True,17,111111011011011,7461.398551164099,1413.7974023089869,1.2962750836578845,1.0500060562791773,2adbde6088c260eba9dd6f796793740f7ca03e638a2be1288fb40a223fd4a096,0.0,0.0,False,False,1.3411960541949837,False,False,1.2293732530625874,False,False,1.2250072036247668,False,False,1.5829069246267764
111,110,10.913821999914944,114001.12961393046,119474.139461482,0.045809158971310424,0.015941999852657318,111,0,0.0,0,0,True,17,111111011011011,7965.393108054132,1718.9596011218075,1.3907522114568602,1.1924945440220691,45693e27a48db76e5f2bb5109de1766bbaefd68c0b7d637ae229dbc73c587350,0.0,0.0,False,False,1.28043346318165,False,False,1.2630068535582684,False,False,1.1111559970513887,False,False,1.3375395248892206
112,111,11.035369199933484,114001.12961393046,119474.139461482,0.045809158971310424,0.016501300036907196,112,0,0.0,0,0,True,17,111111011011011,7098.486927125356,1523.5482409205692,1.236346893984514,1.006876483793426,117288b37f1b5ca2209da174af83f5f3aa8f10dda44e6578447bdf663199a61a,0.0,0.0,False,False,1.149977023170595,False,False,1.316163950201952,False,False,1.2446115065042607,False,False,1.2720277481044082
113,112,11.142411999870092,114001.12961393046,119474.139461482,0.045809158971310424,0.017725500045344234,113,0,0.0,0,0,True,17,111111011011011,4410.364466288958,1117.7252713135838,0.7631603235618347,0.79715612492666,b2986cb8a2460cc7ccae44bfe9592796725ee9ab07684bd54f56f10fb2fd423c,0.0,0.0,False,False,1.3453703164371718,False,False,1.2214754976864188,False,False,1.242610387479481,False,False,1.1861442570724137
114,113,11.269889099989086,114001.12961393046,119474.139461482,0.045809158971310424,0.019079300109297037,114,0,0.0,0,0,True,17,111111011011011,5242.761080084198,1305.903922363613,0.9065964747765312,0.9780640476655634,1ad971c1889ba62dd33b76ccc40d71751f51e46d8c8b1d0fd961db6eab084c75,0.0,0.0,False,False,1.392915896680631,False,False,1.4910515202539916,False,False,1.3975069296542755,False,False,1.399189340116338
115,114,11.461976799881086,114578.8898358106,119474.139461482,0.040973298889084,0.05071060010232031,115,4,0.26666666666666666,2,2,False,18,111011111101011,8886.444298969825,1589.655432033522,1.5449081253182044,1.0531860307966134,7cd507c3df3bd918577777325da9bad5997c695a8f5e44c067384f1db0ce0aaf,577.760221880133,0.0048358600822264244,False,False,1.2902621163407737,False,False,1.5023949979922455,False,False,1.594640212576724,False,False,1.5872802069543201
116,115,11.602291899966076,114578.8898358106,119474.139461482,0.040973298889084,0.01759409997612238,116,0,0.0,0,0,True,18,111011111101011,8170.16795148926,1419.8263414322123,1.4236919609110017,1.1938307635439789,7e7f958025bbb11a2374eb4b62d77ee255e9c1f71c6cea8a44d74d152f100956,0.0,0.0,False,False,1.5777949186006484,False,False,1.3611561187023136,False,False,1.3088331140421625,False,False,1.5045496845462811
117,116,11.741238999878988,114578.8898358106,119474.139461482,0.040973298889084,0.018024699995294213,117,0,0.0,0,0,True,18,111011111101011,5422.28343576778,1049.7792375614472,0.9448874895175072,0.8256462968998508,2b623ebbbab4a5de320b7d16b62f9616588a7ec1058f077d48cd740554b9cc29,0.0,0.0,False,False,1.147321680460371,False,False,1.6112250225127156,False,False,1.3413090679949438,False,False,1.4251410192386347
118,117,11.890657600015402,114578.8898358106,119474.139461482,0.040973298889084,0.01894679991528392,118,0,0.0,0,0,True,18,111011111101011,7258.885682532484,1450.7949136806762,1.2656872579171121,1.1934878697658144,9862c37a68d61f9663a0079de19530eb4574d7ee21e03470031e7e37619165b7,0.0,0.0,False,False,0.7918875639184098,False,False,1.4188737400248561,False,False,1.4946204779183399,False,False,1.5115306549114624
119,118,12.04401099984534,114578.8898358106,119474.139461482,0.040973298889084,0.019433900015428662,119,0,0.0,0,0,True,18,111011111101011,8432.077929067098,1614.8738089697108,1.4703921707853729,1.1027308151456965,0c4652b94f78a995d9bbc08505b8e1848bf1bf39630f226af35444a57433d5d7,0.0,0.0,False,False,1.263740382729651,False,False,1.2854615205338982,False,False,1.1475620178719883,False,False,1.3678154672557203
120,119,12.191687599988654,114578.8898358106,119474.139461482,0.040973298889084,0.02051150007173419,120,0,0.0,0,0,True,18,111011111101011,6244.699209780515,1246.7157970084338,1.0879088743159075,1.0699279100208634,4e4924938a5c54c88a8a8ef15afc9065e9da3a3fb45fbfd93bbd5e04361a2ed2,0.0,0.0,False,False,1.314477654312635,False,False,1.4064105329193624,False,False,1.347528924537539,False,False,1.2932630290111657
121,120,12.359312199987471,114700.53262860377,119474.139461482,0.03995514723432864,0.053107500076293945,121,0,0.0,0,0,True,18,111011111101011,6768.730004738216,1399.1876951710885,1.177697079702834,1.0300416613006662,7ff6f08b44c7baafc8dbe8620fd2a3b0e37ec1aa17629d4b6d743d2f91c90f58,121.64279279317998,0.001018151654755356,False,False,1.1849660526729529,False,False,1.533514486653421,False,False,1.611075371536702,False,False,1.556863718367132
122,121,12.572191799990833,114715.89689108708,119474.139461482,0.0398265481705266,0.05900610005483031,122,0,0.0,0,0,True,18,111011111101011,6193.9034524215585,1467.6517713306255,1.0787988592193687,1.0415649225554373,f7cd0000ce511a739deb5e914e7efbd931c004844f96b088959cec68ee63ff43,15.36426248330099,0.00012859906380204011,False,False,1.494582823232481,False,False,1.2137916979459573,False,False,1.6076083086279942,False,False,1.540407479449914
123,122,12.759127999888733,114715.89689108708,119474.139461482,0.0398265481705266,0.05275189992971718,123,0,0.0,0,0,True,18,111011111101011,5193.0464881651,1275.6051705514735,0.9049350322876772,0.8546633565975108,40dbeb555a2df5841baf148108694032b368dc6b1df2dd37e1ac031e31e964b0,0.0,0.0,False,False,0.9343233023890092,False,False,1.1927495651343702,False,False,0.8650017084657131,False,False,1.7176988306268337
124,123,12.926551699871197,114749.5049514761,119474.139461482,0.03954524829642402,0.05529769998975098,124,4,0.26666666666666666,2,2,False,18,111111011011011,9573.386267451242,1798.0349812146155,1.6625368748223182,1.3285694531998689,1de515967e5f3ea1e35927ef35c41d1a51613cb4116afae4847f616ff8e4628e,33.60806038902956,0.0002812998741025807,False,False,1.5746364481513746,False,False,1.684005189947241,False,False,1.6147054172130533,False,False,1.348516335899517
125,124,13.107031499966979,114749.5049514761,119474.139461482,0.03954524829642402,0.04756089998409152,125,0,0.0,0,0,True,18,111111011011011,7636.0347638069925,1475.6626593775513,1.3231337147526814,1.0090566569268116,0b3e38895a895ef824b69824e2ea013d3701ac952afe02393cdef4877e5a5861,0.0,0.0,False,False,1.526258054496684,False,False,1.4720819915001344,False,False,1.5980205795329068,False,False,1.5203840112315603
126,125,13.254343400010839,114961.56990836954,119474.139461482,0.03777026202869032,0.05397900007665157,126,3,0.2,2,1,False,19,111111111101011,8364.195731489133,1547.663071975211,1.4476772277268124,1.1435186007306486,d6e30f2144d565cef60db77c0b3c6de4309db5441f7e36b31288b3eb38793d42,212.06495689343137,0.0017749862677337025,False,False,1.5561320097426812,False,False,1.406041023003055,False,False,1.6037816021187332,False,False,1.6767032890916258
127,126,13.401604699902236,114961.56990836954,119474.139461482,0.03777026202869032,0.020021599950268865,127,0,0.0,0,0,True,19,111111111101011,7361.440832237621,1550.0620524147666,1.2741163781037872,1.0774302211214009,c6904a63e5478e750da267ba1d4c7cfb0ca5345a626b7c54b9f4d849df05b3af,0.0,0.0,False,False,1.5622962927898696,False,False,1.5291836886859367,False,False,1.2568459025948586,False,False,1.2757013422912056
128,127,13.53766949987039,114961.56990836954,119474.139461482,0.03777026202869032,0.020085500087589025,128,0,0.0,0,0,True,19,111111111101011,3979.21641032819,777.1849619175646,0.6904334160229088,0.5649467265478022,46410e028e919ca9686f43a1b4f63495bca71f8011ecac6cbcc47dd1ba4904db,0.0,0.0,False,False,1.1353370366623916,False,False,1.4116522496440884,False,False,1.5166043749942224,False,False,1.182666928419349
129,128,13.712103500030935,114961.56990836954,119474.139461482,0.03777026202869032,0.03732319991104305,129,0,0.0,0,0,True,19,111111111101011,4020.6276084221126,747.87208143699,0.6978340239090066,0.604476149297355,ebb3869996b95e2f92b11d753d57112e5fced99f4daff8b2e346aa34004241ca,0.0,0.0,False,False,0.7872871649865982,False,False,1.3489775774649584,False,False,1.4412987309783207,False,False,1.4080224179381626
130,129,13.865359499817714,114961.56990836954,119437.6881239627,0.0374765979306922,0.04220349993556738,130,0,0.0,0,0,True,19,111111111101011,3735.9105758130654,849.3891946439975,0.6477219429145263,0.6922994079788556,3e33141773b1a6e1d67457af9e97d568a16ebdcfe0197e0e57978d1a11b2c0bd,0.0,0.00029366409799812254,False,False,0.9208755367774992,False,False,0.9078342761299726,False,False,1.3307575010265265,False,False,1.493964322153304
131,130,14.034724100027233,114961.56990836954,119437.6881239627,0.0374765979306922,0.05169769981876016,131,0,0.0,0,0,True,19,111111111101011,6108.295625794643,1231.309401064171,1.0577733477672564,0.9864757801524238,31d5ac8041bdef95b7444d4c4d15a455505338585759d2b0dc173dcea9b9f384,0.0,0.0,False,False,0.9550315236032492,False,False,1.247234529195377,False,False,1.2446123966300686,False,False,1.5404073355533054
132,131,14.232439999934286,114961.56990836954,119191.09230215708,0.035485222193160464,0.05745629989542067,132,0,0.0,0,0,True,19,111111111101011,5305.774110289925,1110.0568142010477,0.919170062769574,0.9049325427224013,da707556ee6e905c1f1fd07eb2aa95b8395b76105e8baf9dd427c55ee4c4e676,0.0,0.0019913757375317337,False,False,1.1497425884100791,False,False,1.1800413210519913,False,False,1.1085500149880627,False,False,1.1975337832930435
133,132,14.39278609980829,114961.56990836954,119087.5143431019,0.03464632255943423,0.051311800023540854,133,0,0.0,0,0,True,19,111111111101011,3379.773880679227,778.1437706648558,0.585473090598592,0.5937047610059122,5b2a9efd98097f9548d445e343ea3c459a43818b28e300f821a061e1c67a9749,0.0,0.0008388996337262353,False,False,0.8290834921613782,False,False,1.263069601371087,False,False,1.2273677627411026,False,False,1.1892229040168045
134,133,14.578098999802023,114961.56990836954,118681.08975830351,0.03134045918780198,0.04917689994908869,134,0,0.0,0,0,True,19,111111111101011,4040.0459688896694,895.6976762376428,0.6991927952689327,0.7487714993265413,bce5863aea134472163574bba2d5e414fdb7e0041b924abed79cb42f10299a1e,0.0,0.003305863371632245,False,False,0.7398432759529051,False,False,1.1634136446693812,False,False,1.2570078229431076,False,False,1.3986275050684132
135,134,14.782346999971196,114961.56990836954,118681.08975830351,0.03134045918780198,0.062444600043818355,135,0,0.0,0,0,True,19,111111111101011,5084.4381944081815,1062.0275241563006,0.880923160374618,0.8193418736379652,7ba45ae1aa6afe639c5a8b1146d6b00bf0a8b4d5b21daf91e5c7cdf5baa6709a,0.0,0.0,False,False,0.7869419302018377,False,False,0.9425288782800626,False,False,1.0486965216213333,False,False,1.3827363495062657
136,135,14.95905419997871,114961.56990836954,118681.08975830351,0.03134045918780198,0.046699700178578496,136,1,0.06666666666666667,1,0,False,19,111111111101111,7903.9028019332845,1456.2343584190953,1.3724878164604053,1.1788475489329115,041717dfbcb8f6c76865a44b042b3cb72accc405577619c1678aa8edc034700b,0.0,0.0,False,False,1.2712068343409424,False,False,1.074790415983458,False,False,1.1983037799499412,False,False,1.2523156261158102
137,136,15.138336399802938,114961.56990836954,118681.08975830351,0.03134045918780198,0.0482684001326561,137,0,0.0,0,0,True,19,111111111101111,70.72183709386381,25.666004993636335,0.012293750381740225,0.01985022929852582,f005f93ef5b6900acb296ce75bf3e0bfe6d290c1b0f4f10d8aa54d46f3ff89c3,0.0,0.0,False,False,1.3712087504844692,False,False,1.2762538452371024,False,False,1.0715137600833977,False,False,1.1944071443123332
138,137,15.318412899971008,114961.56990836954,118681.08975830351,0.03134045918780198,0.04905050015076995,138,0,0.0,0,0,True,19,111111111101111,832.1411696338581,221.60460693547165,0.14461922009074596,0.17161620562730223,28d9406555e1518d5ef53a64f2fd102bd7e612c3036f86f1d02ee0dbbefd2ac9,0.0,0.0,False,False,0.14945995514219818,False,False,1.3511893382784106,False,False,1.285390913569349,False,False,1.0921662118906248
139,138,15.510038299951702,114961.56990836954,118681.08975830351,0.03134045918780198,0.0579452000092715,139,0,0.0,0,0,True,19,111111111101111,2086.08399859203,774.1447878830877,0.36218711522766966,0.628563480181234,ab5269a6a6c2b67a014ec73f03edbf504dc0981f53e2c940e77c2da6288b0d5f,0.0,0.0,False,False,0.42982706010958344,False,False,0.42683706381166664,False,False,1.1626714604976152,False,False,1.188081185044079
140,139,15.668269400019199,114961.56990836954,118681.08975830351,0.03134045918780198,0.0447178001049906,140,0,0.0,0,0,True,19,111111111101111,6953.887467449784,1352.1022188280108,1.2040714127634384,1.0465818298416742,8e1dcb4233f8ad2133394b280f4fd04ae7ceab9ba8c01c535f7e2698f89b79bd,0.0,0.0,False,False,1.205074672589518,False,False,1.2433099646586923,False,False,1.2471093713628907,False,False,1.3045350251181347
141,140,15.850661400007084,115041.05216715518,118681.08975830351,0.030670746271047388,0.06426350004039705,141,0,0.0,0,0,True,19,111111111101111,5593.260383763656,1065.5296546488782,0.9647272596963397,0.7899457948931673,f6243cc7adcdad6b2949af354776155770806aaf93717df5d489a590e4d1a887,79.48225878564699,0.0006697129167545952,False,False,1.4944997493979673,False,False,1.4354469005233128,False,False,1.4884351909988076,False,False,1.490919095666009
142,141,16.030918499920517,115041.05216715518,118681.08975830351,0.030670746271047388,0.05398759990930557,142,0,0.0,0,0,True,19,111111111101111,5911.599565621331,1248.5821301585208,1.0222815325768233,0.9506954894351484,d96f0cdf85ef630cf7dfc3442bb78f2e0e324f7e47449724340365f56ca67d1d,0.0,0.0,False,False,1.2156806464039174,False,False,1.384969248376065,False,False,1.3250878702956155,False,False,1.4028276583822326
143,142,16.212568399962038,115045.6244911188,118681.08975830351,0.030632220133708025,0.0543610998429358,143,3,0.2,1,2,False,20,111111011011111,8235.547172566734,1444.4251142604744,1.4272552448180225,1.123766982782127,aafbd0535666713c66477969e74a991a77ed7ee444e5021f59ccae6bfef89a77,4.572323963613599,3.852613733936264e-05,False,False,1.5660938453814368,False,False,1.4037261361071698,False,False,1.52967833476084,False,False,1.459146613485587
144,143,16.388565599918365,115063.40064903274,118681.08975830351,0.030482439254966947,0.05740739987231791,144,0,0.0,0,0,True,20,111111011011111,1624.7189795377528,523.4390510356521,0.2809131772194746,0.38942447147100384,14b3abaf9755c97448fe8a4dee01c0d9116e23fa8ef98261b9453acf99806f2c,17.776157913947827,0.00014978087874107857,False,False,1.4937864061894477,False,False,1.5656008257607403,False,False,1.4335856969958334,False,False,1.4733354068580242
145,144,16.59646559995599,115063.40064903274,118681.08975830351,0.030482439254966947,0.05696179997175932,145,0,0.0,0,0,True,20,111111011011111,6940.245976977565,1496.278848169814,1.1966293288048333,1.0946401804092134,910fe04af9d2c3c7fcad11834e1f675f658727beadc3f1a324b81a6628808032,0.0,0.0,False,False,1.117743554215524,False,False,1.4615526514314843,False,False,1.6176035175206203,False,False,1.7455583179935985
146,145,16.824819299858063,115063.40064903274,118681.08975830351,0.030482439254966947,0.0668204000685364,146,5,0.3333333333333333,2,3,False,20,111011111101011,8872.801572293229,1696.4283245084484,1.536739778915346,1.0980988741425926,47c17f813601b39a0bc7f2eff65e14e9f3945bce8af53110d55fda6cca19cfc6,0.0,0.0,False,False,1.727921700309882,False,False,1.6486382713586845,False,False,1.364211709897859,False,False,1.6208203825759182
147,146,17.01152849989012,115065.25717313185,118681.08975830351,0.030466796290254693,0.06013919995166361,147,0,0.0,0,0,True,20,111011111101011,3507.3845373397794,704.6292314185404,0.6114837615576653,0.5175380558717612,0f2764e51354cdc7119dd1d5b8968c01b65b54233a419d4073eca135f98ee0ff,1.8565240991010796,1.5642964712254265e-05,False,False,1.5601682314257268,False,False,1.5016613121990372,False,False,1.42498896840469,False,False,1.1204227642919116
148,147,17.23967229994014,115153.51049802522,118681.08975830351,0.029723178877631453,0.0596386999823153,148,0,0.0,0,0,True,20,111011111101011,7070.062146358144,1311.482305620688,1.2305085244481404,1.029472463349321,1f000c3388aea46b8d256c302c0e39c4137fe8495cd65e4f0a080c2c69d30f24,88.25332489337598,0.0007436174126232396,False,False,1.1441946734136097,False,False,1.4693587051866934,False,False,1.4875889189160945,False,False,1.4227385051226014
149,148,17.4288990998175,115153.6168484541,118681.08975830351,0.029722282775067072,0.05555140017531812,149,0,0.0,0,0,True,20,111011111101011,2633.200722486678,618.4494165638935,0.4579122891740077,0.4632741204179673,cbf33a81a1df3f5aaf6912c03d4b8445dfc5a05bb45d061b4c32481bf2e54242,0.10635042887588497,8.961025643808296e-07,False,False,1.14771964672789,False,False,1.1665131548318448,False,False,1.396908748858021,False,False,1.3689130872150568
150,149,17.6194088999182,115321.19963642466,118681.08975830351,0.028310239893493884,0.06337620015256107,150,1,0.06666666666666667,1,0,False,20,111011111101111,7381.306204499953,1376.6113596246105,1.2798128655964993,1.0657443141527299,5576d60a38edb6bf798ac5c2157121e5f835908d57d6b789e420fee6909f132d,167.58278797056118,0.0014120428815731882,False,False,1.4068805528545445,False,False,1.2811901719678835,False,False,1.4468158544782952,False,False,1.5021284441961031
151,150,17.81302349991165,115364.36328320025,118681.08975830351,0.027946545501544056,0.05902399984188378,151,0,0.0,0,0,True,20,111011111101111,6054.947506238784,1138.1901079702284,1.0465823067867865,0.8922084521045685,d640de54f070375e2c5cdf0a996c87f5c54044c909919e0ec6c2da10030d2fea,43.16364677558886,0.00036369439194982797,False,False,1.0866618234361196,False,False,1.0446738178992372,False,False,1.4813992211011444,False,False,1.5451185776625134
152,151,17.977621200028807,115364.36328320025,118681.08975830351,0.027946545501544056,0.04366610012948513,152,0,0.0,0,0,True,20,111011111101111,3824.700136629768,919.2543464208374,0.6616590534689024,0.7075217871045318,7103dd3fea30d3e2ff0e3e79b3dc32c29e7e7d3a2f6f97cfc66c17c9e42bdbd4,0.0,0.0,False,False,1.064331648357484,False,False,0.859735993134482,False,False,1.0796590925540326,False,False,1.4943832901700072
153,152,18.170189099851996,115444.72799606601,118681.08975830351,0.027269397077735128,0.06199169997125864,153,0,0.0,0,0,True,20,111011111101111,5795.17380371445,1095.3658289294308,1.0027428984314417,0.8237811780719312,5ddcb73c6b14d354957da3ba760170ef81f1e552f0f3eae56e424b6571e0f4b1,80.36471286576125,0.0006771484238089279,False,False,1.0700813213941862,False,False,1.1446043789142217,False,False,1.1871992085818517,False,False,1.2438721900705811
154,153,18.317829799838364,115444.72799606601,118681.08975830351,0.027269397077735128,0.024625100195407867,154,0,0.0,0,0,True,20,111011111101111,5585.199778283279,955.0130085208169,0.9666714724977987,0.774781154521816,80a49e9d437a35d60e6dbf0b7277e51b959d3c4133a9c529e2cf973f780e5e1c,0.0,0.0,False,False,1.253656766083149,False,False,1.43465263900991,False,False,1.2777072622648689,False,False,1.2931545684844412
155,154,18.517175199929625,115444.72799606601,118681.08975830351,0.027269397077735128,0.02497110003605485,155,0,0.0,0,0,True,20,111011111101111,6460.924150439256,1283.7266004231672,1.1177724357330316,1.0257807506018992,d01f3d59ce5e0c23f5dd071adc3701913eca7ba4e211e299c09c0e044e35606f,0.0,0.0,False,False,1.2952157726659623,False,False,1.0071367673484346,False,False,1.0099288849997128,False,False,0.7366461601814701
156,155,18.66985969990492,115444.72799606601,118681.08975830351,0.027269397077735128,0.027981200022622943,156,0,0.0,0,0,True,20,111011111101111,4089.857870011733,907.0262408027064,0.7071768910571674,0.7376051927605873,11b0c7321fec7da1fc27ce1a6004e887b8d9968f755b34f0e12895ce04cba718,0.0,0.0,False,False,1.4455821567173146,False,False,1.501484549351753,False,False,1.2385069702377274,False,False,1.0373589228844715
157,156,18.823680899804458,115444.72799606601,118681.08975830351,0.027269397077735128,0.027614600025117397,157,0,0.0,0,0,True,20,111011111101111,6250.756099948188,1230.1201294350433,1.08148646916541,0.9565715442786108,fb59b8899796fb24935a53a8fcc474aead021b655be5b45fd548a89d1ecfbf0d,0.0,0.0,False,False,1.1761645451772718,False,False,1.1088329301689879,False,False,0.9877306223769763,False,False,0.9539374559911744
158,157,18.979839199921116,115444.72799606601,118681.08975830351,0.027269397077735128,0.024495000019669533,158,0,0.0,0,0,True,20,111011111101111,5130.893106008101,1061.5176615043279,0.8876150665800094,0.8718913310773964,9c50e6f393fe0824c01b026a45323fe9aaf8db671af6dd0261fd49e60cbedc3e,0.0,0.0,False,False,1.302716036732453,False,False,1.2456874885948173,False,False,1.0066752069201903,False,False,1.0930805413347409
159,158,19.12936139991507,115444.72799606601,118681.08975830351,0.027269397077735128,0.02573260013014078,159,0,0.0,0,0,True,20,111011111101111,5758.2624108441505,1271.366429151331,0.9955630547657087,0.9545281322683868,114c976670f494ae16d93be38c8806253108a422e77cd0d8ca779032a1f2dadb,0.0,0.0,False,False,1.1351655856498548,False,False,1.471063122049213,False,False,1.3256823128449482,False,False,1.075684403863938
160,159,19.285273500019684,115444.72799606601,118681.08975830351,0.027269397077735128,0.026869399938732386,160,0,0.0,0,0,True,20,111011111101111,5556.175435349254,1106.5900579055121,0.9606483631806808,0.8371044651995696,79705d408866cd676caf5ca077f1a5747484072fc44f511c7d3801b1feb96681,0.0,0.0,False,False,0.9683302234173755,False,False,1.368305211328636,False,False,1.4265013359808536,False,False,1.266359221858658
161,160,19.413178199902177,115444.72799606601,118681.08975830351,0.027269397077735128,0.028932899935171008,161,0,0.0,0,0,True,20,111011111101111,5057.072585835585,1014.2345966340167,0.8740578685864493,0.8279545810132616,765037540624ecf0860ec9b7c0e4b23ae13cf869fde6d5afac1c98f091bc5e0c,0.0,0.0,False,False,0.9537789906224639,False,False,1.081432720739458,False,False,1.3121522436349766,False,False,1.3497776469612561
162,161,19.556874899892136,115444.72799606601,118681.08975830351,0.027269397077735128,0.026428199838846922,162,0,0.0,0,0,True,20,111011111101111,4570.380066962845,956.7628301470434,0.7895832847390197,0.7633767672297175,0c6a294b560a415fce88026f018d1c81e3d5ea6dfdab9ae3a1dae2f56e2c565a,0.0,0.0,False,False,0.9703710602706743,False,False,1.0953487584897201,False,False,1.2347809039872997,False,False,1.3848442413901536
163,162,19.698391299927607,115444.72799606601,118681.08975830351,0.027269397077735128,0.02638590009883046,163,0,0.0,0,0,True,20,111011111101111,4482.827837481273,954.3785597069387,0.7748050180919185,0.7872489246585507,57f5ea295bd9b00665091a33adef95ba3bb7f08ec4d801b2d91a7f0f3c9f13bb,0.0,0.0,False,False,1.0166430718470045,False,False,1.0491798286896825,False,False,1.1345042071426477,False,False,1.127260654607685
164,163,19.865178199950606,115444.72799606601,118681.08975830351,0.027269397077735128,0.02873879997059703,164,0,0.0,0,0,True,20,111011111101111,4940.715924285781,1095.5703037898584,0.8544416337344941,0.8497859584847295,1e8707bb93ccd3d6bd7ddc50859e5a3c169498bf6964a5547b68cebaa3cae2b1,0.0,0.0,False,False,1.005918882407074,False,False,1.0347025941017736,False,False,1.0567220250247522,False,False,1.0392409468026425
165,164,20.057245299918577,115444.72799606601,118586.85034812469,0.026496380862082388,0.031122199958190322,165,0,0.0,0,0,True,20,111011111101111,7134.743402801706,1375.9556210565122,1.234755200832039,1.0348222576805122,23817f0923f92af7788b79e92ca003d0501af5b91b82c6d65ef6a060b705ea96,0.0,0.0007730162156527401,False,False,0.9856203695488533,False,False,1.0528390219072572,False,False,1.1395348480615715,False,False,1.2570181334073458
166,165,20.21431229985319,115444.72799606601,118586.85034812469,0.026496380862082388,0.02774160006083548,166,0,0.0,0,0,True,20,111011111101111,4368.355015101957,961.6496265974597,0.7553735302816248,0.7884269454384416,af8613d68fca2fdcf66c73a4ff7d3349bfc305f5e2870d6a354705cbc7c34494,0.0,0.0,False,False,1.0022989174918948,False,False,1.2095522353506267,False,False,0.9938143120318389,False,False,0.8882604488556465
167,166,20.364642299944535,115444.72799606601,118586.85034812469,0.026496380862082388,0.02791800000704825,167,0,0.0,0,0,True,20,111011111101111,4499.889026089513,815.0398104399649,0.7779942157610666,0.67586543799104,85dd07e708083f0f6308ed2d6220937ad9c50d7b1c6cb0b0dc6f13ce8f7255d3,0.0,0.0,False,False,1.174296495825071,False,False,1.1262393817986072,False,False,1.0334272230637158,False,False,1.03430745709761
168,167,20.516003399854526,115444.72799606601,118586.85034812469,0.026496380862082388,0.05211160006001592,168,0,0.0,0,0,True,20,111011111101111,8387.387622715953,1645.1835492768284,1.4489470413166918,1.2834497040429538,4b1e660a14b8cd5eadb3ca1ac6d082f409f2a9d763a280a8976fa04a8f5dcdce,0.0,0.0,False,False,1.2717607520526804,False,False,1.2959699167791656,False,False,1.2863007210963813,False,False,1.2652770205120438
169,168,20.71541679999791,115691.57200367928,118432.6463934016,0.02314458448067784,0.06121450010687113,169,2,0.13333333333333333,1,1,False,20,111111111101011,7591.797235834877,1422.829521061004,1.3123087929941648,1.0098707194115089,87d2343e6afd60509d27de3fda01b12ce29df64c7045b4e6f4d29ffd546d00c5,246.84400761326833,0.0033517963814045475,False,False,1.0921026065540274,False,False,1.018328517492137,False,False,0.8873855773707351,False,False,1.3265824863434748
170,169,20.910324399825186,115691.57200367928,118163.52812887557,0.020919789416749966,0.029558199923485518,170,0,0.0,0,0,True,20,111111111101011,6079.080230417806,1148.7183018632463,1.052449879929493,0.9492059292055812,f9f66728e69d3c57ecff6d92fc23a7435bbea3ce6a3a87aed134bad4b37821a4,0.0,0.002224795063927875,False,False,1.1592613879360327,False,False,0.997702830138488,False,False,1.1918673169217662,False,False,1.0975874245504278
171,170,21.062591299880296,115691.57200367928,118163.52812887557,0.020919789416749966,0.032722000032663345,171,0,0.0,0,0,True,20,111111111101011,4847.249043450797,870.7479529801385,0.838942165303862,0.7118989339005013,402ae41ca46354906f0c164efaa86ea1d37d2fe3bff292f7ce80228866b2f8fb,0.0,0.0,False,False,1.0788114691756536,False,False,1.320601500231979,False,False,1.1238146938246003,False,False,1.2930010952551843
172,171,21.251422599889338,115691.57200367928,118163.52812887557,0.020919789416749966,0.05766770010814071,172,0,0.0,0,0,True,20,111111111101011,4897.866021615675,901.2962443306038,0.8472455365891554,0.7669781015060906,eb48890e3960629c932b200cb074288f62d5fb7ce578724d63a707ba36be7818,0.0,0.0,False,False,1.0692594247791267,False,False,0.9928821161455452,False,False,1.413220753266559,False,False,1.0366659812482055
173,172,21.444626400014386,115691.57200367928,118163.52812887557,0.020919789416749966,0.06398450001142919,173,0,0.0,0,0,True,20,111111111101011,2416.598172247786,468.49490958279614,0.4177681991064685,0.40412232700782535,6fb561f0489510a5ab88196ffd6bae1152e3d2eb39279383a2cea2f51a06b232,0.0,0.0,False,False,0.9608651414603984,False,False,1.0089264472923565,False,False,0.9910918542430636,False,False,1.4315174002783244
174,173,21.619016599841416,115691.57200367928,118163.52812887557,0.020919789416749966,0.06879799999296665,174,0,0.0,0,0,True,20,111111111101011,6221.744805703711,1336.8039302093975,1.0768836835158466,1.1440503514276306,55973f9fb941667b0c0ac0e7fdd178081de7d292cb30fcd40637cb3a5d8f80e3,0.0,0.0,False,False,0.9427620779176537,False,False,0.8848630943046276,False,False,1.0535738696616965,False,False,1.3180079876213748
175,174,21.818925899919122,115691.57200367928,118026.89038008315,0.019786324700103688,0.05848459992557764,175,0,0.0,0,0,True,20,111111111101011,4776.286652719132,895.8054784578311,0.82735229539463,0.690651347351533,e27941ec790d581388aa47ebf93792d27f57aca9e9e5b6c7dcd4d959d9086893,0.0,0.0011334647166462777,False,False,1.2545772901281678,False,False,1.1503297543590516,False,False,1.0708375454387156,False,False,1.0591725803325613
176,175,21.994839299935848,115691.57200367928,118026.89038008315,0.019786324700103688,0.06353379995562136,176,0,0.0,0,0,True,20,111111111101011,3774.3001734693103,710.6837361367633,0.6534145261080513,0.5999980912104992,60b622ff64eb528ed31a9b056c87b4cac19eb83d844c64899128a64bc098d035,0.0,0.0,False,False,0.9605490153516656,False,False,1.4421294684105876,False,False,1.3205194769641082,False,False,1.2305449168875517
177,176,22.194240499986336,115691.57200367928,118026.89038008315,0.019786324700103688,0.07055830000899732,177,0,0.0,0,0,True,20,111111111101011,6508.6792076743,1245.1055572902148,1.1269419881272875,0.9950714435619943,2fa2d00ee10a50b39da580ab8c58f3792c0a73aa686e2bfb3415523ff2efd333,0.0,0.0,False,False,1.0476127399141633,False,False,1.1073188364432776,False,False,0.932949549640317,False,False,1.0045832281289404
178,177,22.42373209982179,115691.57200367928,118026.89038008315,0.019786324700103688,0.0772637000773102,178,0,0.0,0,0,True,20,111111111101011,5121.778925708,1013.104191346863,0.8876174888647705,0.7972776732792353,4d26e9ab35b9df361c77a98fb9439a9e9288df3ce43da3e16a2a1f8c04978e8d,0.0,0.0,False,False,1.038867597378459,False,False,1.0060314839439932,False,False,1.3672577291120775,False,False,1.2386949363985011
179,178,22.635772299952805,115691.57200367928,117872.39983872263,0.01850159866115599,0.06165539985522628,179,0,0.0,0,0,True,20,111111111101011,4507.664298875163,856.6688203846871,0.7811816260020179,0.7262141174460477,14c373cbba6dca438df45b723800eece54169f6f0d2d2b4f527a561f63664ccf,0.0,0.0012847260389476992,False,False,0.9227714258069847,False,False,1.030936528550062,False,False,0.9308593441601504,False,False,1.0803958908168614
180,179,22.86743829981424,115691.57200367928,117872.39983872263,0.01850159866115599,0.07228580000810325,180,0,0.0,0,0,True,20,111111111101011,6441.30658278234,1127.534498497514,1.1160972891350855,0.9403757646324166,9620e943a401e1c7ea51ac854dcfbf214355ee870cc5046b5ef1b36152bda25f,0.0,0.0,False,False,0.8048351849183519,False,False,0.8219303788869087,False,False,1.2975308729067634,False,False,1.2069931753973326
181,180,23.035958499880508,115691.57200367928,117768.25098196261,0.01763360634948549,0.0677485999185592,181,0,0.0,0,0,True,20,111111111101011,40.00492855421113,9.436399601314912,0.006934083971864789,0.0077927521350405005,e453517987ace79bef95b0def27e28f61ac0a039d9d8183b31ae2da33298cb1f,0.0,0.0008679923116704999,False,False,1.116788171282019,False,False,0.8053292638179563,False,False,0.8212196504323029,False,False,1.2971573742429063
182,181,23.251451599877328,115691.57200367928,117768.25098196261,0.01763360634948549,0.06860879994928837,182,0,0.0,0,0,True,20,111111111101011,3021.4218160355003,632.0243391822322,0.52367046276477,0.5223226617537812,72e4a6f5118b3529a03609b6559886ed0cafcbc1e591190504addad8bb3b55e5,0.0,0.0,False,False,0.5216482949596745,False,False,0.9754397130188375,False,False,0.8776014468541663,False,False,0.9586683966212847
183,182,23.447193899890408,115691.57200367928,117768.25098196261,0.01763360634948549,0.07430030009709299,183,0,0.0,0,0,True,20,111111111101011,5907.912078625906,1150.4857076000928,1.0240832439598075,1.0027316090677962,e6efaed20a4db2b82e222020910a0d3f1fc2de667640e18727bfd30c8e13cf41,0.0,0.0,False,False,0.7570103582861479,False,False,0.7583585276245982,False,False,1.216921796385534,False,False,0.7959380572406415
184,183,23.644138199975714,115691.57200367928,117768.25098196261,0.01763360634948549,0.07419269997626543,184,0,0.0,0,0,True,20,111111111101011,4961.078905730392,969.2234361176969,0.8596327482837576,0.7894865088436513,3d650296f61cb598ae6e3dddeb514585620a8d5e087d71d4033bcce92c095b4f,0.0,0.0,False,False,0.9614162240403954,False,False,1.0675077292129151,False,False,1.0712820706153472,False,False,1.1186154726921493
185,184,23.865884999977425,115691.57200367928,117768.25098196261,0.01763360634948549,0.07611840008758008,185,0,0.0,0,0,True,20,111111111101011,2179.4038064432825,436.6765538552466,0.37737291598366307,0.3561236976319263,e160f14d9da28103fc94367c4e66c46a4d00f8b87ba96e8a47a7c194865c51c7,0.0,0.0,False,False,0.8944861389705802,False,False,0.9510885562708893,False,False,0.9787087044903271,False,False,0.9813671283180064
186,185,24.06696999981068,115691.57200367928,117768.25098196261,0.01763360634948549,0.07514249999076128,186,0,0.0,0,0,True,20,111111111101011,3423.603244736271,690.4583297425291,0.5929334741192536,0.5523205271667653,187967f4b88be5e8406c8d53ea14813bacc7658dc71484ac8abce1eda81fa906,0.0,0.0,False,False,0.3743873739230248,False,False,0.7229456218360257,False,False,0.8963145972983514,False,False,0.9299513108051959
187,186,24.258426999906078,115691.57200367928,117768.25098196261,0.01763360634948549,0.07884809980168939,187,0,0.0,0,0,True,20,111111111101011,4101.771851179538,822.3788699060511,0.7104186280750948,0.6817962540726004,ce8c5a6cc66495c4c62906d222f4107bc61633949c69a77251b17d1b480c1507,0.0,0.0,False,False,0.7019967340035913,False,False,0.5308044376159519,False,False,0.7491784783565008,False,False,0.8960768834259395
188,187,24.45234279986471,115691.57200367928,117768.25098196261,0.01763360634948549,0.07199009996838868,188,0,0.0,0,0,True,20,111111111101011,5561.950733629639,1022.1301070030134,0.9638235874427715,0.8418667241641384,9b999844aa3714888898309980d34d316b6f3414a7ab1e635acc2075d284751e,0.0,0.0,False,False,0.896269600905077,False,False,0.9672011508612041,False,False,1.0063530808025853,False,False,1.039912142919713
189,188,24.647048499900848,115691.57200367928,117768.25098196261,0.01763360634948549,0.07434189994819462,189,0,0.0,0,0,True,20,111111111101011,4422.858191754839,901.0011815007648,0.7667469155667886,0.7471952222239947,b88e51188a6fd5bf17db0017cac748c9626a4c56186a96e86a70724295c04aa1,0.0,0.0,False,False,0.9936212039009652,False,False,0.7809232867239286,False,False,0.9225760405697457,False,False,0.9877809344934996
190,189,24.850670999847353,115691.57200367928,117768.25098196261,0.01763360634948549,0.08726789988577366,190,0,0.0,0,0,True,20,111111111101011,2861.22756164967,607.5309895780491,0.49583944230949856,0.524268458685575,ec35ad8eb223d2f67d6aedc5da3c9a6f4247547b904bf2c8094517bc0d79e5e5,0.0,0.0,False,False,0.9260964372107479,False,False,1.1481239909095855,False,False,0.8762724257167863,False,False,1.1176409340042583
191,190,25.059462199918926,115691.57200367928,117768.25098196261,0.01763360634948549,0.07932969997636974,191,0,0.0,0,0,True,20,111111111101011,3030.222186717612,670.8671298914378,0.5250145822138291,0.5336940672776354,b718942b79618d9140fea15dc5470c95c5dcdb6d59a31d3687d7e2268e780855,0.0,0.0,False,False,0.601228556092939,False,False,0.7427221614655506,False,False,1.0227423670373947,False,False,0.8056552898716302
192,191,25.244832399999723,115691.57200367928,117768.25098196261,0.01763360634948549,0.06777699990198016,192,0,0.0,0,0,True,20,111111111101011,4294.339802047094,848.9039719193942,0.7442661646852593,0.755343224104704,3b3c4d4f2b97fc7e895797efa8599dbfba4c11700d91319b7cc3615d39ca4681,0.0,0.0,False,False,0.48972920936872627,False,False,0.5506714246568273,False,False,1.0109364605484297,False,False,1.1241900446795026
193,192,25.45296619995497,115691.57200367928,117768.25098196261,0.01763360634948549,0.07729919999837875,193,0,0.0,0,0,True,20,111111111101011,4693.346953549207,996.0961369749584,0.8136579519641766,0.8149246810501893,8118eaf9add9693fbf61e47e27d9722f0be56223f0539ee5c06219fe9b6d6288,0.0,0.0,False,False,0.9230722561908622,False,False,0.8954188298136624,False,False,0.968944009359696,False,False,1.1069717296180603
194,193,25.65944099985063,115691.57200367928,117768.25098196261,0.01763360634948549,0.08074830006808043,194,0,0.0,0,0,True,20,111111111101011,3767.477947271518,728.3196220991267,0.6528282459784948,0.5945822611967115,4036a907541e148a13047257ddb8d4f4e2f35e3f1e5ee8c01d1976d24849cb0e,0.0,0.0,False,False,0.9240483810899434,False,False,0.8635284525914447,False,False,1.013855045062839,False,False,0.8882093545417769
195,194,25.88112079980783,115691.57200367928,117768.25098196261,0.01763360634948549,0.07706780009903014,195,0,0.0,0,0,True,20,111111111101011,68.22020283193321,17.078030447328583,0.011818593196767679,0.014604721049506216,9b8d742a5332b6a41fd44012c1c3b00dae599237f698d52218c7dabd6f5daa7f,0.0,0.0,False,False,0.6550123874137184,False,False,0.9237893732031746,False,False,0.8646025616508796,False,False,1.0151988313073057
196,195,26.06177209992893,115691.57200367928,117768.25098196261,0.01763360634948549,0.07364429999142885,196,0,0.0,0,0,True,20,111111111101011,56.684319313622375,15.909805705543832,0.009820092997840918,0.013621535868365882,86ef5b029222cf67f7f65440dcc7d483d883774eb3ef645d73c54a3ec26dad70,0.0,0.0,False,False,0.017253354318757134,False,False,0.6562651585323853,False,False,0.9273234815037908,False,False,0.8669497837724273
197,196,26.249196199933067,115691.57200367928,117768.25098196261,0.01763360634948549,0.06456479988992214,197,0,0.0,0,0,True,20,111111111101011,350.2651849264097,81.6052540575182,0.060680992787933166,0.06983848835264302,259b42ead5795db423ebe28180ba1925ce64cc3563d9475b1490c3e8b7027196,0.0,0.0,False,False,0.061818315212712645,False,False,0.06915577521793866,False,False,0.666979825391883,False,False,0.9297446971625598
198,197,26.49216609983705,115691.57200367928,117768.25098196261,0.01763360634948549,0.0851382000837475,198,0,0.0,0,0,True,20,111111111101011,3574.786098861002,750.569570643715,0.6193938484782291,0.643768835606328,b4f905bc07a4f9141354ca70055993194d334b25f10f3df4725a265f76091b77,0.0,0.0,False,False,0.6300549365449167,False,False,0.6269540722203109,False,False,0.6263734025571109,False,False,1.0215380188752679
199,198,26.69967919983901,115691.57200367928,117687.56170862929,0.01696007357083056,0.08162739989347756,199,0,0.0,0,0,True,20,111111111101011,4184.492282379452,780.8808777269732,0.7250136134264699,0.6928692887617526,877ac950fce6a75eba4b5d6798ec6889d459ae41861a8fa87e997ba7b249bdcb,0.0,0.0006735327786549297,False,False,0.5935913059836094,False,False,0.6337187823539169,False,False,0.6332383458625096,False,False,0.6377321711450584
200,199,26.892944699851796,115691.57200367928,117687.56170862929,0.01696007357083056,0.07450970006175339,200,0,0.0,0,0,True,20,111111111101011,5443.6939524875215,997.7679006542863,0.9431972955528042,0.8542027215663788,e6f08327bd4fd7286d54ba876ae466523ed1f611dd63a830b773481e497f97d5,0.0,0.0,False,False,0.9305784673169235,False,False,1.106909662989822,False,False,1.1355703534855233,False,False,1.1322493601846548
201,200,27.082805699901655,115691.57200367928,117652.27316666467,0.01666522125082863,0.07890999992378056,201,0,0.0,0,0,True,20,111111111101011,5926.53408578853,1055.9430443426625,1.0270637840549568,0.8982015113583561,2f67324e28de2104625e9d17f22472d330f1c1c07bf74d778164f739d88ac590,0.0,0.00029485232000192943,False,False,0.8372431624025791,False,False,0.8571845042113232,False,False,0.6816719000105386,False,False,0.6515455076673811
202,201,27.324504300020635,115691.57200367928,117652.27316666467,0.01666522125082863,0.08167450013570487,202,0,0.0,0,0,True,20,111111111101011,4688.792153197992,878.145958571511,0.8125492098532634,0.792936620375548,d270ef1d14072c447540b7c72a0671eb526f7591ec29764a485fcc0ad76b43d6,0.0,0.0,False,False,1.024657270169536,False,False,1.0909276083830022,False,False,0.7234473932412434,False,False,0.8240828450673475
203,202,27.567224900005385,115691.57200367928,117652.27316666467,0.01666522125082863,0.08291159989312291,203,0,0.0,0,0,True,20,111111111101011,6016.538998379983,1066.0020877326644,1.0428237575432842,0.9738987890362124,95ff1db2ed0ab27991cd5988bdbbcbd5740b16a641f11aca0fcbf4b3c73d4364,0.0,0.0,False,False,0.931087296469436,False,False,0.6154408927561992,False,False,1.243683938690601,False,False,1.0968919519903264
204,203,27.774769899901003,115691.57200367928,117652.27316666467,0.01666522125082863,0.08358550001867115,204,0,0.0,0,0,True,20,111111111101011,4317.858916072914,1012.6084780108133,0.7486519567552624,0.8284184526676343,857e8fb700ee468f915f569c78d331639f81b2c55993508f7c3773e2dde065e3,0.0,0.0,False,False,1.2543650460038596,False,False,0.9564906191210193,False,False,0.6494604174163966,False,False,1.0659423170868607
205,204,27.998848599847406,115691.57200367928,117652.27316666467,0.01666522125082863,0.08422600012272596,205,0,0.0,0,0,True,20,111111111101011,4405.754511100619,833.0062404818043,0.7638308469282378,0.684105313338929,0d7137a414cc46563d57f062d1ab1a2b998ec57af3bcca01a8e388e039cda717,0.0,0.0,False,False,0.8529359230368487,False,False,1.22784217134032,False,False,1.0167483059213032,False,False,0.8388903230790008
206,205,28.209669899893925,115691.57200367928,117652.27316666467,0.01666522125082863,0.0786167997866869,206,0,0.0,0,0,True,20,111111111101011,5811.757008971574,1013.3643147342402,1.0073240553911835,0.8913635395867089,d8ed588fea3e7397b8736529c3f29b6ebace3956c7f34daae9c796232a99d5fb,0.0,0.0,False,False,0.8170172628132204,False,False,1.020032565365813,False,False,1.0801680937065155,False,False,0.8765487060412598
207,206,28.429609999991953,115691.57200367928,117652.27316666467,0.01666522125082863,0.08011710015125573,207,0,0.0,0,0,True,20,111111111101011,51.7689187089298,14.15988104738779,0.008972262356499134,0.011353518625355344,09a94483939069a0bde28c713ab4a6ee610c27f42fbd0144e6e29338c878a46b,0.0,0.0,False,False,1.0072540918282835,False,False,0.8169151025594236,False,False,1.0180698859199324,False,False,1.079116977819462
208,207,28.639205199899152,115691.57200367928,117647.45267622938,0.01662493006060037,0.0825499000493437,208,0,0.0,0,0,True,20,111111111101011,4188.3663616375015,864.2337074938971,0.7259835368106563,0.6946152951297391,a3ad63c73b191bec1766be2adefea48d8fbfd45b78e61806007d9ef0722865e8,0.0,4.0291190228258084e-05,False,False,0.7295649422524656,False,False,1.17833402998516,False,False,0.9223112587122058,False,False,0.9391876363804376
209,208,28.857566399965435,115930.44982195651,117647.45267622938,0.014594475402694276,0.11176429991610348,209,3,0.2,1,2,False,21,111011101101111,7607.180740861636,1362.602609109892,1.3197417118063974,1.144392953186447,ecfc3b86698386bc0ab50eefc1a69dc8a03796b9f853038a95b8453ff75629b5,238.87781827723666,0.002030454657906095,False,False,1.238604641893954,False,False,1.2397762878038063,False,False,1.2523370740243183,False,False,1.23942844783359
210,209,29.105316799832508,115930.44982195651,117647.45267622938,0.014594475402694276,0.08868629997596145,210,0,0.0,0,0,True,21,111011101101111,423.20725235045757,99.25409373099721,0.07348423745399682,0.0776723212888019,a6ce2456e8d3fea58ceaa31a40300e47a8e8f783f008aaf451e5f7c581c9364f,0.0,0.0,False,False,1.3298460448059766,False,False,1.2463564376771883,False,False,1.2474258984566735,False,False,1.245348131229102
211,210,29.289540899917483,115930.44982195651,117647.45267622938,0.014594475402694276,0.08283299999311566,211,0,0.0,0,0,True,21,111011101101111,3192.923480824371,631.3812485495037,0.5545288773397007,0.4920482277650324,19a2c5237e4e0413f42672cfd696a5a57729f1335348bb77a4e8cd9b2ccc728a,0.0,0.0,False,False,0.5487109969359315,False,False,1.2530276708409227,False,False,1.1133821859625677,False,False,1.1143511787064793
212,211,29.47010809998028,115930.44982195651,117647.45267622938,0.014594475402694276,0.07813709997572005,212,0,0.0,0,0,True,21,111011101101111,3144.9200561061944,584.6073052440579,0.546615504431598,0.4541272020829908,d4165d5ffea6be2e04867877b43208c3de5cf52906f3c02ca4a3c4a608a5c8be,0.0,0.0,False,False,0.6331521604406513,False,False,0.6517769478433076,False,False,1.1321109168775976,False,False,1.136466594846066
213,212,29.68673499999568,115930.44982195651,117647.45267622938,0.014594475402694276,0.08619749988429248,213,0,0.0,0,0,True,21,111011101101111,5074.516154038727,966.0103867211266,0.8822448380646732,0.7396129780782583,b972cf757cb760c1d79b8e70a1666998b1d3a7eeee7095604728e883aaf091af,0.0,0.0,False,False,0.8492046194296207,False,False,0.9535769806603165,False,False,0.937529037993162,False,False,1.2948225791230956
214,213,29.907011499861255,115948.0094437937,117647.45267622938,0.014445219116750679,0.11592800007201731,214,0,0.0,0,0,True,21,111011101101111,5753.506655745065,1032.979835822914,1.0005354912759743,0.9102423308594796,b8fdd1e2fea756f36ea5f4f8d51be57640f067d8eec04faef2e37527f8f72131,17.559621837179293,0.00014925628594359731,False,False,1.06388300359771,False,False,1.057130689285713,False,False,1.1192263434785201,False,False,1.1206005030864796
215,214,30.21250249980949,115948.0094437937,117647.45267622938,0.014445219116750679,0.10981990001164377,215,0,0.0,0,0,True,21,111011101101111,2626.573271629183,583.1177945071042,0.4570757664159728,0.4915402043027089,87752b7d73e1ac12791f6b8f3c69949d4befe8e484d1f14d5bd2134a67882123,0.0,0.0,False,False,0.9730716286890972,False,False,1.0115809336279342,False,False,1.0040563269684233,False,False,0.9973133032084106
216,215,30.431359299924225,115948.0094437937,117647.45267622938,0.014445219116750679,0.12038209987804294,216,0,0.0,0,0,True,21,111011101101111,5587.724601974502,1075.9964551516794,0.9725285416476365,0.8607572004872084,4345ae8f258986d1e388f0a43732732ed82f710a8bf66a10c883975d92b503ce,0.0,0.0,False,False,0.980926304101089,False,False,1.0126299314831737,False,False,1.0902797958375654,False,False,1.0650048366004132
217,216,30.706314999843016,115948.0094437937,117647.45267622938,0.014445219116750679,0.11954250000417233,217,0,0.0,0,0,True,21,111011101101111,5647.933973307361,1123.4664525942062,0.9828733695746507,0.882532578290382,0d97b5256be1c4212b5a8de09bc660d4af7cb429ae0b7db5b0e8bb36d47cd2d2,0.0,0.0,False,False,0.8556496376664655,False,False,0.704204571997443,False,False,1.1184237147609104,False,False,1.1457801335235924
218,217,30.93312479997985,115948.0094437937,117647.45267622938,0.014445219116750679,0.11318859993480146,218,3,0.2,2,1,False,21,111111111101011,6739.222910175742,1181.8381031242143,1.170352449727461,0.9800690507345259,f942d1dbdb844bbcbc525f416b87cb6690372ffd9c2926824f36d577e8f69aab,0.0,0.0,False,False,1.273359225214421,False,False,1.2408879850948424,False,False,1.1386319035795673,False,False,1.2767575857367035
219,218,31.168523699976504,115948.0094437937,117620.76256515607,0.014221580313558595,0.12454309989698231,219,0,0.0,0,0,True,21,111111111101011,762.6258474457187,227.48197244289702,0.13219599045116837,0.1905796561259659,1417c17dc201243e2e3ec009c9f2ca60c7c50c870d680375e2a04f4d9fca28ba,0.0,0.00022363880319208398,False,False,1.1544028265580748,False,False,1.2180035902200999,False,False,1.213564833109384,False,False,1.1231096497477366
220,219,31.4226135998033,115948.0094437937,117521.20092090292,0.013386448273006127,0.12340679997578263,220,0,0.0,0,0,True,21,111111111101011,1062.0518252949523,209.5812047468564,0.18408170232815194,0.1745558896391126,fef34d39b234bd1e6ded371085edf69361a520c9e1801fc534067a0a10250a64,0.0,0.0008351320405524682,False,False,0.19957618698919097,False,False,1.1864768952962124,False,False,1.2727999935211618,False,False,1.2977282040284492
221,220,31.67357959994115,115948.0094437937,117521.20092090292,0.013386448273006127,0.12078989995643497,221,0,0.0,0,0,True,21,111111111101011,663.4803222200733,131.57456167886733,0.11498950173606563,0.11056162105714493,cdba85213b603925427fd311b9a9d3599ac2e24cfaa22bfd2264bb8d01edc647,0.0,0.0,False,False,0.12143888705226971,False,False,0.1859483785993165,False,False,1.1597606390936237,False,False,1.2264638738788742
222,221,31.913451599888504,115948.0094437937,117521.20092090292,0.013386448273006127,0.12218010006472468,222,0,0.0,0,0,True,21,111111111101011,888.622306062206,213.37627502174163,0.15402223272879637,0.18012072096011136,e6f89a039bd1f7137d498b08a0a4386afa15b330a92d5e4dd899d78fbd0ed7cb,0.0,0.0,False,False,0.16864161680743908,False,False,0.1298976237311101,False,False,0.05196676333864199,False,False,1.171968146092101
223,222,32.16070030000992,115952.38242764957,117495.95102789308,0.013137206744061106,0.12694480014033616,223,0,0.0,0,0,True,21,111111111101011,1088.4925398956757,218.39870500652603,0.18867744225068703,0.18318795908418165,87a6ca22f3edab907239a87fecc46ed87c179a30cd93e2081efb7c70579d3ef0,4.3729838558792835,0.00024924152894502047,False,False,0.2574371329098363,False,False,0.2813089034537215,False,False,0.24321941615976678,False,False,0.1952669771691147
224,223,32.42055329983123,115952.38242764957,117495.95102789308,0.013137206744061106,0.12488060002215207,224,0,0.0,0,0,True,21,111111111101011,3333.4664925672087,652.0366275093409,0.5777112527218442,0.5502153758372156,e0cfd680cd98b0ef6ba17499f248154121fb33f23eda4ba2faea13d519ed1cac,0.0,0.0,False,False,0.5766426439171154,False,False,0.6108269758050446,False,False,0.6175635004494007,False,False,0.6137891977918127
225,224,32.714233099948615,115955.73751325169,117495.95102789308,0.013108651840060022,0.12047159997746348,225,0,0.0,0,0,True,21,111111111101011,3970.8172582426123,696.1946031215355,0.6881422594299871,0.6010448326226641,b71ac57316cc398f48b6c304f4a6ab370f325ac0a692620dd108b32f8a2fff52,3.3550856021174695,2.855490400108414e-05,False,False,0.2397843511259749,False,False,0.2583115043812671,False,False,0.36700775325363333,False,False,0.31877691654568074
226,225,32.96868379996158,115955.73751325169,117495.95102789308,0.013108651840060022,0.1366177999880165,226,0,0.0,0,0,True,21,111111111101011,3985.2041410905053,782.4667624131192,0.6905983444002011,0.6576221789887582,d1926b37cccb00da4ad442c8318c23740ab93e0669088504664d1d0e65360045,0.0,0.0,False,False,0.6475040679996625,False,False,0.5907218737189252,False,False,0.6166110380882298,False,False,0.5591875079484161
227,226,33.23905520001426,115961.47752891098,117495.95102789308,0.013059798959521786,0.12572000012733042,227,0,0.0,0,0,True,21,111111111101011,5677.995409301495,1058.1711199167778,0.9838846124353714,0.9422983839870375,3197fecc29df507aac5464ada7db4407cb01b051ada7fbb0e7fb492ad9c78f4a,5.740015659292112,4.8852880538236346e-05,False,False,0.9067410530307707,False,False,0.7680190164315281,False,False,0.834703113243971,False,False,0.8664193253391419
228,227,33.503200999926776,115961.47752891098,117495.95102789308,0.013059798959521786,0.12834990001283586,228,0,0.0,0,0,True,21,111111111101011,19.67234208065116,5.458485829302604,0.003409316788887001,0.004363350227598365,7c62c40acdded7d9280d41ad607ca4f01ff941a503d1a1f24afb726d7bba05ef,0.0,0.0,False,False,0.9836458694884649,False,False,0.9076684034620115,False,False,0.7680735112055441,False,False,0.8356326700921494
229,228,33.76301719993353,115961.47752891098,117495.95102789308,0.013059798959521786,0.12661599996499717,229,0,0.0,0,0,True,21,111111111101011,2597.4831690508513,581.8857160046028,0.45015487695999534,0.46547156604468465,22fad712dd00bc169827f77925219f96bc4f921c80425989f8c1fb2727353af6,0.0,0.0,False,False,0.4491262340208574,False,False,0.8708445392944336,False,False,0.7213206902358494,False,False,0.7246427208507853
230,229,34.005671199876815,115961.47752891098,117495.95102789308,0.013059798959521786,0.11927870009094477,230,0,0.0,0,0,True,21,111111111101011,4455.648080320515,919.6456225815122,0.7721747974458238,0.7834810001248274,1bbf5ab34dc23fff10a325b6f18fe9843fa13bf722f34ab75f7273689b4805d2,0.0,0.0,False,False,0.8353231824850721,False,False,0.8352882639492217,False,False,0.813754112929673,False,False,0.7825803783071439
231,230,34.26639040000737,115963.85654634544,117495.95102789308,0.013039551304911998,0.11695789988152683,231,0,0.0,0,0,True,21,111111111101011,5726.081160669011,1093.198060573715,0.992245265970958,0.9751854800807123,b62781c49499fd36c6ada8d6022bde008bfa9b2fde08dcf41ff115bce426d81c,2.379017434461275,2.024765460978753e-05,False,False,1.0984574989376885,False,False,1.0192263929261738,False,False,1.0196604730142946,False,False,0.9422675400942625
232,231,34.544012399856,115987.43158691449,117495.95102789308,0.012838905747658268,0.13807850005105138,232,0,0.0,0,0,True,21,111111111101011,5234.080349354917,925.9588077186016,0.9070917311070288,0.8280677215983369,1e2e402eab6fd7f7776b981052bff69a4be51ae5807fa12937b4ebd0f74e3356,23.575040569048724,0.0002006455572537303,False,False,0.918548862568087,False,False,0.9111250872643522,False,False,0.9695066947369415,False,False,0.96865190566299
233,232,34.80143380002119,115997.01569843986,117495.95102789308,0.012757336030220973,0.12139260000549257,233,0,0.0,0,0,True,21,111111111101011,6789.646257577686,1240.7845140781947,1.1767620020494969,1.1018007768903557,6d1da1dcafef679ff76058e7cda65f377b461f8978718003906506689c2d93e7,9.584111525371554,8.156971743729542e-05,False,False,1.0380919261532122,False,False,1.1239156328367204,False,False,1.0025608525723417,False,False,1.1321024254234568
234,233,35.046840199967846,115997.01569843986,117495.95102789308,0.012757336030220973,0.11963080009445548,234,0,0.0,0,0,True,21,111111111101011,577.5985519845639,135.0991109848029,0.10009303569563455,0.11198425299124184,989ca7b0d965b4a1fecc890b12bdc23e34f5d4fb0112cbd56ec86bb852a91c70,0.0,0.0,False,False,1.175763395264188,False,False,1.0877255812835145,False,False,1.1048052501868677,False,False,1.001454719942466
235,234,35.329594099894166,115998.56648838408,117495.95102789308,0.01274413736311245,0.13238510000519454,235,0,0.0,0,0,True,21,111111111101011,4817.317997395404,837.3388272619667,0.8346088135719604,0.6978409581718179,89e76d1f1caa195f7ca9cdb351eb12c4c303453d089834852a8b7d45dadb8419,1.5507899442163762,1.3198667108521925e-05,False,False,0.809504566508549,False,False,1.3025064759383584,False,False,0.9501860784962459,False,False,1.2951737062642907
236,235,35.564898799872026,115998.56648838408,117495.95102789308,0.01274413736311245,0.11964969988912344,236,0,0.0,0,0,True,21,111111111101011,4718.795467235128,860.4731658206241,0.8173777411817142,0.7113343239646452,67ca756d7ba41e48b8053bf45a71228c47b7789673073583010c81696472a73b,0.0,0.0,False,False,0.8620163004930609,False,False,0.8688287212793399,False,False,1.501119084009544,False,False,1.2533425676619698
237,236,35.796451499918476,115998.56648838408,117495.95102789308,0.01274413736311245,0.12649989989586174,237,0,0.0,0,0,True,21,111111111101011,5522.846121013401,1171.6539254252973,0.9564201342423618,0.9170065216065114,9f48799f03d1adc1d94f96f8e7e2e9e238dea4dd8f7cff636512ae86cd2710da,0.0,0.0,False,False,1.0543148306326546,False,False,1.302001812313647,False,False,1.3176114263957643,False,False,1.2147475018461338
238,237,36.02965679997578,115998.56648838408,117495.95102789308,0.01274413736311245,0.12291250005364418,238,0,0.0,0,0,True,21,111111111101011,646.4418030052215,143.0554541748882,0.11191959953603699,0.12059765382793072,3ba687974f28810081cf5636ab0672222091f10912e8f6fecb429d435df10149,0.0,0.0,False,False,0.9545130682506381,False,False,1.0620022927793173,False,False,1.3046176033922001,False,False,1.3147997516067382
239,238,36.27924669999629,115998.56648838408,117495.95102789308,0.01274413736311245,0.13844709983095527,239,0,0.0,0,0,True,21,111111111101011,2016.4616509898847,379.6846605051733,0.34910028702738144,0.3221732510330503,e7e1064e48c596df0e28df6dc42e117223437b0a51183cc646d1e25c52368229,0.0,0.0,False,False,0.3780392431366426,False,False,0.9206744739099891,False,False,0.968858919855976,False,False,1.2265143532453948
240,239,36.5223453999497,116007.19116830568,117495.95102789308,0.0126707333024095,0.12572010001167655,240,0,0.0,0,0,True,21,111111111101011,4368.723616135734,833.3536718400617,0.7566099212360421,0.6995996790114456,b346cfc89c8b9862c4a5eaef149a69b0a2ad638b2e6cbdf0570d5bc8f53e64b7,8.624679921602365,7.340406070295048e-05,False,False,0.7535868521174038,False,False,0.7726467999895658,False,False,0.8826241022155773,False,False,0.8267613196563882
241,240,36.786119299940765,116007.19116830568,117484.4189811557,0.012573818942637519,0.13172269985079765,241,0,0.0,0,0,True,21,111111111101011,4314.939573845906,912.8792564025118,0.74748606464553,0.7969525317198999,f2451b0d6575546920332c076f9137dec548a9efda266410e453defeef42e9c1,0.0,9.691435977198133e-05,False,False,0.8664516855553894,False,False,0.8226972028733365,False,False,0.84407906937261,False,False,0.9057051924553622
242,241,37.02324220002629,116011.33912440026,117484.4189811557,0.012538512506851859,0.1250792001374066,242,0,0.0,0,0,True,21,111111111101011,4656.765305702107,885.7522906656164,0.8067033482583692,0.7697377645980009,7ec00c3fb70e28f3dc387753c5a97e5661e419691d9f811e24ed119a40c539e7,4.147956094573601,3.530643578565987e-05,False,False,0.7149799133446078,False,False,0.7906725924814242,False,False,0.7167633051916574,False,False,0.730579381875542
243,242,37.27488799998537,116011.33912440026,117484.4189811557,0.012538512506851859,0.12605650001205504,243,0,0.0,0,0,True,21,111111111101011,4517.451286160624,895.4564410215733,0.7827105189711261,0.7810671736676785,23d7f5707f82a9e3fe70cc6176c2a3f66b87c6ebfdcfafb5d200066c514915e2,0.0,0.0,False,False,0.8145727087046,False,False,0.8024673933652369,False,False,1.0478894310698894,False,False,1.1630688944448073
244,243,37.524450100027025,116011.33912440026,117484.4189811557,0.012538512506851859,0.1235632998868823,244,0,0.0,0,0,True,21,111111111101011,3234.4544323744703,589.7408214624162,0.5603382356814189,0.48563383568970325,bedf58a7218cf4b505a99c41870a0f760c4fde659a75664600440977b2117f21,0.0,0.0,False,False,1.0924208103019606,False,False,0.997336627552033,False,False,0.8827956829474504,False,False,1.162185950233281
245,244,37.81322559993714,116012.28608845494,117484.4189811557,0.01253045216946499,0.1347751000430435,245,0,0.0,0,0,True,21,111111111101011,4065.0501601711353,956.9715763900786,0.7042718825676619,0.7756559692566869,896c5a4fa6035524b3e368f4234afd16e51b49ed303a7e1fdc25cf958d47ca0f,0.9469640546885785,8.060337386869149e-06,False,False,0.6832830516883626,False,False,0.9359955506862359,False,False,1.1199320522116103,False,False,0.6922015360081407
246,245,38.06776889995672,116013.25464976067,117484.4189811557,0.012522208001309567,0.14330699993297458,246,0,0.0,0,0,True,21,111111111101011,4978.807509161406,1130.6179114209508,0.8624505494368346,0.9401968154258878,45e98ac3b98e8f2edf1fd6c59d13fd2a17e0a1fed36e56990e0e744543be5d94,0.9685613057226874,8.244168155422879e-06,False,False,0.6145432022382262,False,False,0.7166941778653333,False,False,0.9351128371533952,False,False,0.8812602979752941
247,246,38.305320099927485,116013.25464976067,117484.4189811557,0.012522208001309567,0.12055450002662838,247,2,0.13333333333333333,1,1,False,21,111011111101111,7212.896315413995,1254.6436573512092,1.2470430499224319,0.9955545089276251,9448a7c3e55a5c31bb109dc7bfe7eeb1035fdf59bd39c84fb01c33094799de03,0.0,0.0,False,False,1.2160698053660868,False,False,1.1175291794322209,False,False,1.0688460884521827,False,False,1.0703919621027005
248,247,38.53911249991506,116013.25464976067,117484.4189811557,0.012522208001309567,0.11576720001176,248,0,0.0,0,0,True,21,111011111101111,6284.692457021441,1197.6790925856055,1.0847462752385222,0.8948269318432253,5f57544dffefd3ba7289458e758da1b4c10679dece5e2c3aaa81203c1f46d4a3,0.0,0.0,False,False,1.1073175340202528,False,False,1.1972450718915533,False,False,1.0954990751177838,False,False,1.0871272614498233
249,248,38.80574329989031,116147.01313159143,117484.4189811557,0.01138368697025931,0.12245850008912385,249,0,0.0,0,0,True,21,111011111101111,5153.867439022877,1138.1314264274579,0.889860074932373,0.9368836046306867,269d9680221c64ed22dddbb8d87100d7fbe0dc8aa0e6d94b511ef6218cca820e,133.75848183076596,0.0011385210310502578,False,False,1.0390360424515657,False,False,1.3048472098035753,False,False,1.154853378378476,False,False,1.2271947521754918
250,249,39.04926109989174,116150.72915254427,117484.4189811557,0.01135205706575739,0.1239960000384599,250,2,0.13333333333333333,1,1,False,21,111111111101011,7925.651048128038,1450.4456224200824,1.3709358173807884,1.090901525565791,0ff90bf7740856e9293619741b4fdae4e2ce2a8ad6ae5f5e7271168d62eaf3e5,3.7160209528374253,3.1629904501919576e-05,False,False,1.2151022316206015,False,False,1.061272251145412,True,False,0.7401653694710726,True,False,0.9748844768459058
251,250,39.281446299981326,116150.72915254427,117484.4189811557,0.01135205706575739,0.1027349999640137,251,0,0.0,0,0,True,21,111111111101011,3954.725521877149,806.0644830834107,0.6850064085077533,0.7084931181320386,7c3353514257c632e9ea3de849c22b0c22e992c53f0780bee95a9987615e079b,0.0,0.0,False,False,1.390061873942562,False,False,1.2379192010316358,False,False,1.0822400712397315,False,False,0.6225531537871971
252,251,39.52890529995784,116157.61089480124,117484.4189811557,0.011293481279141176,0.12384960008785129,252,0,0.0,0,0,True,21,111111111101011,3538.2571952255794,722.9084531196082,0.6127902260274817,0.5983276490060103,8e5f5671c55bc54098603ad7aad509dc73867c120c69ae709512fbeb5777200d,6.881742256970028,5.8575786616213085e-05,False,False,0.7693148220599186,False,False,1.3307189469289256,False,False,1.1694546288789955,False,False,1.1028036924330946
253,252,39.76342620002106,116157.61089480124,117484.4189811557,0.011293481279141176,0.11929039983078837,253,0,0.0,0,0,True,21,111111111101011,3914.109604960886,863.58290334299,0.677829745730146,0.7226017598281286,58e57eae7fccfd46191e57df31f6995d3a94fbb0a0474fe30521f45b80b5ab4a,0.0,0.0,False,False,0.8377667245105981,False,False,0.9779988446048682,False,False,1.1465510610873613,False,False,1.0629098129275418
254,253,40.00523619982414,116157.61089480124,117484.4189811557,0.011293481279141176,0.10171870002523065,254,0,0.0,0,0,True,21,111111111101011,4074.805934508533,824.9643422326852,0.7058223997939831,0.6801014223373407,5988fb8d90fa7ce30b52a5052b4dfb2370e711c4785b77673408bf0a5cfd2552,0.0,0.0,False,False,0.6121859646632501,False,False,0.6504558251928539,False,False,0.8129486456231265,False,False,1.1552791950195158
255,254,40.29378379997797,116157.61089480124,117484.4189811557,0.011293481279141176,0.1163113999646157,255,0,0.0,0,0,True,21,111111111101011,5080.786265768055,979.8140460548184,0.8802777357328792,0.8454962566927984,3aa9eb213866d428e0644a7c91b5e2787feb1a69c56d5e6f297b4c86033bb811,0.0,0.0,False,False,0.9353666061083842,False,False,1.0074189843603902,False,False,1.1109617467619042,False,False,0.9493724545915678
256,255,40.55589869990945,116157.96602311329,117484.4189811557,0.011290458509695435,0.1340821001213044,256,0,0.0,0,0,True,21,111111111101011,3968.292912625732,740.699730814068,0.6873036314234798,0.6784696147519632,29862052d93366221c8089e6be3b6c28e11c2ac9519a586d078971b55eeb6024,0.35512831204687245,3.022769445741591e-06,False,False,0.6961382184249436,False,False,0.9544130318863506,False,False,0.9491141326227144,False,False,0.8780336111931525
257,256,40.829096799949184,116157.96602311329,117484.4189811557,0.011290458509695435,0.12712920014746487,257,0,0.0,0,0,True,21,111111111101011,5672.186871420486,983.8713792836045,0.9820989665410625,0.8792879718115565,8f6fcd038bf8f917c7a882d72b8d6f0b317ca7b4afb37853a39a4256524d6e19,0.0,0.0,False,False,0.765036820094382,False,False,1.02094265325188,False,False,0.9244273286944876,False,False,1.0499404913193302
258,257,41.07443579984829,116157.96602311335,117484.4189811557,0.011290458509694939,0.12410890008322895,258,0,0.0,0,0,True,21,111111111101011,1237.3567175559692,249.2796862522409,0.21424437433424673,0.2127322970101006,e53d1634777c158f0dea3e3d686c9280131649ee38999d9b8704d92c628691b0,5.820766091346741e-11,4.961309141293668e-16,False,False,0.9112695177925123,False,False,0.7667879073420837,False,False,0.9708830722276942,False,False,0.8202008310651833
259,258,41.33833820000291,116157.96602311335,117484.4189811557,0.011290458509694939,0.12537750019691885,259,0,0.0,0,0,True,21,111111111101011,4697.223817944368,940.2789598660152,0.8134393573320435,0.8122079138937808,2e1a72cd4efd3bcb17ecc098e7ea1725ae9a296863c22dce04360b398eadef1d,0.0,0.0,False,False,0.7615203800979675,False,False,1.0362198175732211,False,False,0.9265898720420486,False,False,0.9896816112910455
260,259,41.60795179987326,116157.96602311335,117484.4189811557,0.011290458509694939,0.12560220016166568,260,0,0.0,0,0,True,21,111111111101011,5027.997006222808,915.0387061902345,0.8708705570435475,0.8017965025818017,19def9e0ed1ea8c29550063923bfb0a27f52b08efd5435ea19d9c514e376db32,0.0,0.0,False,False,0.9811892387212616,False,False,0.9389833867089035,False,False,0.916037650567514,False,False,1.0627846703751302
261,260,41.8610369998496,116157.96602311335,117456.23152302313,0.011053185370205817,0.1262001998256892,261,0,0.0,0,0,True,21,111111111101011,3711.955605216781,738.5966806519311,0.6429049729651146,0.6346861635599944,5a69a4fafb5dcaaeb53d12a915fed0dc8b0a7a022169362060900de348e4883d,0.0,0.0002372731394891213,False,False,0.8772844612400941,False,False,0.9889273014998028,False,False,0.9111931544033238,False,False,1.0579957517611143
262,261,42.09462390001863,116157.96602311335,117415.26510854272,0.010708139902142061,0.11884230002760887,262,0,0.0,0,0,True,21,111111111101011,5042.201880698667,935.1537699410566,0.8732409223739095,0.8266106663040799,4bd12eb1e374393a23f1116a8fb1cc67a8d8d1d2726e06caaaf438282691aa6d,0.0,0.0003450454680637566,False,False,1.0016892382948286,False,False,0.8868517567823646,False,False,0.9628713698069137,False,False,0.96331377250109
263,262,42.3648327998817,116157.96602311335,117415.26510854272,0.010708139902142061,0.14306800020858645,263,0,0.0,0,0,True,21,111111111101011,2018.312318127558,404.4095674341253,0.3495495190648647,0.3786771088500066,855aa38969d568aee564445fceb1afd684da9a259990b6136dfed8cf9ff7400f,0.0,0.0,False,False,0.8735222719664579,False,False,1.036641415723674,False,False,0.8610608955582543,False,False,0.861382656697422
264,263,42.6265551999677,116157.96602311335,117415.26510854272,0.010708139902142061,0.13670530007220805,264,0,0.0,0,0,True,21,111111111101011,5160.191769693574,965.6109581727821,0.8939711872751134,0.8453197571501184,84419fb2f8bf674823ff7643f82d9a4869cbdc08b4449295b72b562715801078,0.0,0.0,False,False,0.9136869715455992,False,False,0.8275585578305672,False,False,0.6678668412693866,False,False,0.7810018474061904
265,264,42.930109799839556,116157.96602311335,117415.26510854272,0.010708139902142061,0.1387473999056965,265,0,0.0,0,0,True,21,111111111101011,3892.0200832568667,708.8975016319034,0.6741766739471007,0.6220619462831173,00005b7f64e29cdbe5b17405dc93b42ee24dbec9120cc265fb39d042a8abbb9f,0.0,0.0,False,False,0.9862411525544469,False,False,0.7993961901779084,False,False,1.0003586203542887,False,False,0.821784854961723
266,265,43.18025039997883,116157.96602311335,117415.26510854272,0.010708139902142061,0.13756359997205436,266,0,0.0,0,0,True,21,111111111101011,4549.867178059222,847.6710339392191,0.7880396831176869,0.7868710258261703,bffff73458a3a69083e45c777a9ab6aa26f6f0f1467093372b7d9b4b6341a7b5,0.0,0.0,False,False,1.0286767256995963,False,False,0.8577154683054227,False,False,0.8271853200489611,False,False,1.0664692577871187
267,266,43.43742759991437,116157.96602311335,117415.26510854272,0.010708139902142061,0.12639949982985854,267,0,0.0,0,0,True,21,111111111101011,3294.494235111145,835.2017580854991,0.5707164044990505,0.6950145950759923,da86456abf25aa6526d1006f4ff849a9785f72ec1d37068074c63ea7ef6f4470,0.0,0.0,False,False,0.8717844112089871,False,False,0.9577930364497419,False,False,0.9404314248853906,False,False,0.8864518437510658
268,267,43.68117499980144,116157.96602311335,117383.02202567554,0.010436398564472434,0.13481319998390973,268,0,0.0,0,0,True,21,111111111101011,658.7432788000897,156.36021243128351,0.11411033890938606,0.1394490998285589,fba087da7efc4b4c58d108f03396a821402770a79b44e81c0167b81adeb37d2b,0.0,0.0002717413376696273,False,False,0.5982255517008945,False,False,0.8820401002619391,False,False,0.9521311717166994,False,False,0.9427770581252678
269,268,43.94290589983575,116158.51615094491,117357.43718738627,0.010215978340827478,0.14410339994356036,269,0,0.0,0,0,True,21,111111111101011,843.5261003160504,164.13231281401278,0.1461236606490755,0.14532259560449226,b8138c4e61b6ffd8ff86d8af9ad12c65ead5f18979580d9ea935e0816e257f7c,0.5501278315641684,0.00022042022364495567,False,False,0.1600819469272851,False,False,0.5376426698890744,False,False,0.9006436100127472,False,False,0.9893717597449541
270,269,44.20130579988472,116158.51615094491,117357.43718738627,0.010215978340827478,0.1384918000549078,270,0,0.0,0,0,True,21,111111111101011,5734.807703113771,957.1481406817901,0.9936220215778995,0.850024911477681,08028cc0f90ee2622274debe3d31e47c26d601eb79be84cc643e3d0b54b8b95f,0.0,0.0,False,False,0.9607945715573967,False,False,0.9619721233228081,False,False,0.9619699747802684,False,False,0.9214146154298672
271,270,44.46738009992987,116158.51615094491,117357.43718738627,0.010215978340827478,0.13918510009534657,271,0,0.0,0,0,True,21,111111111101011,44.537418821178825,11.053992445858672,0.007718090342805685,0.010263333967393509,a8edcf70271a4ad1020a349362b596a08d53392ec373cdf1a545784dd2ce7f9a,0.0,0.0,False,False,0.9964627785850182,False,False,0.9630940285680221,False,False,0.9641457921890321,False,False,0.9596578785696978
272,271,44.72826509992592,116158.51615094491,117357.43718738627,0.010215978340827478,0.13401719997636974,272,0,0.0,0,0,True,21,111111111101011,4587.843047112245,856.2009531148008,0.7949599984897989,0.7953144188507718,eee27cfd1033c760823945766d2b28714c0c4676f88be07c318866c2c89db3b4,0.0,0.0,False,False,0.7953469852014537,False,False,0.8103142433873668,False,False,0.7937157106375478,False,False,0.8292502464019953
273,272,45.003757199971005,116158.51615094491,117357.43718738627,0.010215978340827478,0.1372990000527352,273,0,0.0,0,0,True,21,111111111101011,4004.74803926777,847.6257683203942,0.6938986639516203,0.7203999103910526,00292606983198e28f135ef92155c08703299c082f23db26f70f342dd96094e2,0.0,0.0,False,False,0.6505036066928392,False,False,0.6470171396079538,False,False,0.6678568977033847,False,False,0.6811655330855627
274,273,45.24802469997667,116158.51615094491,117357.43718738627,0.010215978340827478,0.1321366000920534,274,1,0.06666666666666667,1,0,False,21,111111111101111,6321.536753545854,1090.3187129035057,1.0915587496363601,0.973880349756891,6985cfb83bfe0027ae82757be2e62521177cca8d13f44d32eb222b92df2fc8dd,0.0,0.0,False,False,0.9821402087785823,False,False,1.06300567077897,False,False,1.0631918339235944,False,False,0.8717930767209331
275,274,45.52401459985413,116226.13701278799,117357.43718738627,0.009639782545625239,0.13759189983829856,275,0,0.0,0,0,True,21,111111111101111,5727.7112445341345,1225.6323541632169,0.9863789537466018,0.9569020238343569,b27445bf70cba49cbbf65637165336f4727a494742c3a0c556e9ad840d8bcd40,67.62086184308282,0.000576195795202239,False,False,1.0024077242386176,False,False,1.2836940876041403,False,False,1.020964386316913,False,False,1.0201825465113907
276,275,45.7777441998478,116236.83660502662,117357.43718738627,0.009548611568352256,0.13978959992527962,276,0,0.0,0,0,True,21,111111111101111,3297.396312664537,694.9463069535532,0.5680537828031308,0.5339686419765789,337a914f0a25d7128bc41b765373eb6bbfd1dd87c0608a1b19f4d85b4834ddb5,10.699592238626792,9.117097727298282e-05,False,False,0.8550521510791662,False,False,0.9473421366343977,False,False,1.1290225705743435,False,False,1.0460873137451916
277,276,46.02264290000312,116246.71992277865,117357.43718738627,0.009464396047044923,0.1350796001497656,277,0,0.0,0,0,True,21,111111111101111,5556.776244619341,1109.2726759840311,0.9580144829495654,0.8582124441297945,4574df7793f06d3511ea80e197f3698e233038358cfc50f8d6f043806e251c31,9.883317752028233,8.42155213073327e-05,False,False,0.7902664257609452,False,False,0.8827783530117065,False,False,0.8539085849362938,False,False,1.1362675537864508
278,277,46.27516769990325,116269.21308387462,117357.43718738627,0.009272732343107179,0.1371506000868976,278,0,0.0,0,0,True,21,111111111101111,1171.6014666789924,221.12338697500226,0.20227312226022695,0.19008339843887076,e300bf3fec51181922d63102663e915d8d3202289a965a20cf516c2fabe2fc7a,22.493161095975665,0.0001916637039377448,False,False,0.9310965183573792,False,False,0.7490875950513489,False,False,0.862444050886745,False,False,0.8385904505924473
279,278,46.53546639997512,116269.21308387462,117357.43718738627,0.009272732343107179,0.14496179996058345,279,0,0.0,0,0,True,21,111111111101111,4922.731504311834,929.1899599818771,0.8504018773906936,0.7989783723672629,ddc4bcc8948cdf66410a962a864deffe616abd156a4786c417cfa31f9b13be3e,0.0,0.0,False,False,0.7642596785448221,False,False,1.054921244361338,False,False,1.0491273587041219,False,False,0.693282543248417
280,279,46.785098999971524,116269.21308387462,117357.43718738627,0.009272732343107179,0.13928180001676083,280,1,0.06666666666666667,0,1,False,21,111111111101011,5718.717148583944,1104.5307207514197,0.9895164472838963,0.8992919861510532,270cc1f7069897074c4ce3716cb473874935bb198018d95df6e6369d221cd5ee,0.0,0.0,False,False,0.8201255935099957,False,False,0.9009587210970803,False,False,1.1512031415943187,False,False,1.0283257838435413
281,280,47.0815289998427,116269.21308387462,117357.43718738627,0.009272732343107179,0.13513420009985566,281,0,0.0,0,0,True,21,111111111101011,7029.613991419356,1323.5688848155899,1.2176906940706553,1.126949125875011,b246929048f1b8a2ad34a29ddc94302118f34630c0f2d1be412b4c7578961d04,0.0,0.0,False,False,0.9141577569755994,False,False,1.1702448053784849,False,False,1.1899308191041347,False,False,1.3449716557563784
282,281,47.38160869991407,116269.21308387462,117357.43718738627,0.009272732343107179,0.14918210008181632,282,0,0.0,0,0,True,21,111111111101011,4457.647546147982,960.2972128802639,0.7721298304447287,0.7777110086892924,17d4ba497785947aae3d979e2db05101b16b530d1d704767143a960c2056b28c,0.0,0.0,False,False,1.023325453192485,False,False,0.9327930907350305,False,False,0.9797849381684356,False,False,1.02464527761551
283,282,47.67636019992642,116269.21308387462,117357.43718738627,0.009272732343107179,0.1478709999937564,283,0,0.0,0,0,True,21,111111111101011,38.41424001214915,8.155805692062321,0.006654174878953422,0.007228931963290553,cafa5abd928b8cb9aba92bc2318244fe4c2381ce2f269d3207748612675edb7b,0.0,0.0,False,False,0.772821002747471,False,False,1.0228606326856042,False,False,0.9310300346698946,False,False,0.9761189090101186
284,283,47.92844799999148,116269.21308387462,117357.43718738627,0.009272732343107179,0.13904989999718964,284,0,0.0,0,0,True,21,111111111101011,4407.618125279181,796.1633137059839,0.7636785247881136,0.7065572106367816,65902d2e6d54ee00ce6bf6319a1587284610f93665682ec645708ae15fa55191,0.0,0.0,False,False,0.7641752131492432,False,False,0.881813986152936,False,False,1.019927954029717,False,False,1.106149843225944
285,284,48.2547188999597,116269.21308387462,117357.43718738627,0.009272732343107179,0.13764650002121925,285,0,0.0,0,0,True,21,111111111101011,3592.831090172523,707.0682703560931,0.6225418153513529,0.5908794773385005,ffb52b9969535debcc24352f4f2e5775262ed35c6102043b5aad4acaf7a43f5f,0.0,0.0,False,False,0.7748846301743619,False,False,0.7765465646462317,False,False,1.074131487282034,False,False,0.8888938597968445
286,285,48.539320999989286,116269.21308387462,117357.43718738627,0.009272732343107179,0.1715355000924319,286,7,0.4666666666666667,1,6,False,22,011011100010011,6765.598159515138,1205.4729768105012,1.1607840738554402,1.0546827997279054,d276edcd82780dfff8e43910df9e8d3ee2b6f139b88066421dc44168104034db,0.0,0.0,False,False,1.2198497879556573,False,False,1.2933041802354026,False,False,1.291141144428646,False,False,1.28059005564518
287,286,48.78064180002548,116269.21308387462,117357.43718738627,0.009272732343107179,0.1359896999783814,287,0,0.0,0,0,True,22,011011100010011,2201.1780718430864,795.6673705334583,0.37405410685174045,0.5544762487962207,7b5eec6453b7c8bd7431043997d6d34bf29165eb80035141f0aba7934d1f3fb4,0.0,0.0,False,False,1.2066619603293702,False,False,1.2931069067827528,False,False,1.3158708653443143,False,False,1.3142301407675887
288,287,49.060217999853194,116269.21308387462,117357.43718738627,0.009272732343107179,0.13477629981935024,288,7,0.4666666666666667,6,1,False,22,111011111101111,7501.2747159801565,1355.26102750921,1.2851661235549268,0.9347105846563931,969928b5033dcf6072e966e24915b5c3941477247725cf4b863c34575b9907e9,0.0,0.0,False,False,1.4359632469962393,False,False,1.1145685140320132,False,False,1.1249292143251857,False,False,1.0105263232054649
289,288,49.331304099876434,116288.93302989546,117357.43718738627,0.009104699140496008,0.14742120006121695,289,0,0.0,0,0,True,22,111011111101111,3642.4674876017484,696.5555948771589,0.6293958498446217,0.5903182108260948,88bb187f56bcd332df44ca4ebe1e3d007ab7462051c29d64a49f8773a0afeb31,19.719946020835778,0.00016803320261117062,False,False,1.1864021257427027,False,False,1.311668109777636,False,False,1.127969586677481,False,False,1.1761807852761383
290,289,49.60869779996574,116288.93302989546,117357.43718738627,0.009104699140496008,0.15009400015696883,290,0,0.0,0,0,True,22,111011111101111,3159.2563415799004,630.985534656034,0.5459875902542155,0.5533045276223789,58cdd27ff80b0a772e6862c387eead317b630b05c85ec4dd3ae2cac97fb1f178,0.0,0.0,False,False,0.38954145442917804,False,False,1.2934232608526928,False,False,1.4462666503607438,False,False,1.0081944677335808
291,290,49.85886559984647,116288.93302989546,117357.43718738627,0.009104699140496008,0.12097449996508658,291,0,0.0,0,0,True,22,111011111101111,2544.6416664678336,529.8371586306678,0.43962470097804623,0.46712967300309294,a7344be71ee49febf52880fa2e700dabd0d8e8193b1c518ba80991ae5a093968,0.0,0.0,False,False,0.5022970070877723,False,False,0.38445815358528745,False,False,1.185591247572089,False,False,1.3075252260042505
292,291,50.11474550003186,116288.93302989546,117357.43718738627,0.009104699140496008,0.12029120000079274,292,0,0.0,0,0,True,22,111011111101111,4700.445108760724,916.8430830882056,0.8122118784412541,0.779043500724353,e97b8ea89a7863a678f66556f7704ce17ab02fae844ed6e7f0c10a68753643e2,0.0,0.0,False,False,0.8359668727998725,False,False,0.6436095047795788,False,False,0.8953595488010794,False,False,1.3364331141031331
293,292,50.38778979983181,116323.12436816319,117357.43718738627,0.008813355540233703,0.14129079994745553,293,0,0.0,0,0,True,22,111011111101111,3005.2702207230104,594.5068827536412,0.5195155841026411,0.5181377524108006,f5011e080e8f5f86b5f2530b5b71c34f2f354cace4a8e57522451eb6b77c8f90,34.191338267730316,0.0002913436002623046,False,False,0.8873146975565841,False,False,0.7879785666990315,False,False,0.7294409159130968,False,False,0.9527686230587895
294,293,50.64185549993999,116324.81224608718,117357.43718738627,0.008798973171596109,0.13169170008040965,294,0,0.0,0,0,True,22,111011111101111,3781.340817866272,738.5175488076908,0.6536562084118567,0.6212271823539813,bd3fff443b7d63afd84d42182da4a23e2fe30da4c3cbd3198cdb61342f7db0e2,1.687877923992346,1.4382368637594692e-05,False,False,0.7591503647012365,False,False,0.8169832182811975,False,False,0.6574808570715419,False,False,0.821760788223752
295,294,50.95539259980433,116324.81224608718,117357.43718738627,0.008798973171596109,0.16066529997624457,295,0,0.0,0,0,True,22,111011111101111,3971.5716742091354,739.5592751981218,0.6866693249937538,0.6240747980584905,2e851c4bbd523579297121be1669f901260607793b5ce634a9cf085cc9402e70,0.0,0.0,False,False,0.7016972160147513,False,False,0.6376162157151485,False,False,0.8186958986436605,False,False,0.7831249575097116
296,295,51.21832389989868,116324.81224608718,117357.43718738627,0.008798973171596109,0.12492010020650923,296,0,0.0,0,0,True,22,111011111101111,3677.292125521727,709.7307971256105,0.6356652117703436,0.6143839240821803,39ebd655682bc292f08c204c08f7c9f70f774c87013ea6772d52f25d2e2ddc32,0.0,0.0,False,False,0.8950596466987184,False,False,0.8372172107858221,False,False,0.7879110125376486,False,False,0.7939992980720234
297,296,51.46850309986621,116324.81224608718,117357.43718738627,0.008798973171596109,0.1393099999986589,297,0,0.0,0,0,True,22,111011111101111,4470.218488268996,853.8356636216697,0.7725248506094747,0.7380953673821363,02c1a49286f4ea4c91d7a06520e94364327298cedc0b18b5f5dcb39dfe9f1ca7,0.0,0.0,False,False,1.017953494493324,False,False,0.9426481015556409,False,False,0.7394818605202694,False,False,0.8241332694126815
298,297,51.734318799804896,116324.81224608718,117357.43718738627,0.008798973171596109,0.16645030002109706,298,5,0.3333333333333333,2,3,False,22,111111011011011,6999.720761035108,1169.8293410397516,1.2127322706450878,0.9871548176471201,ab6228d49556dafa1603f0a904c6856fcfe11e24af59e2c96626ea4df91a1553,0.0,0.0,False,False,1.3895231886520232,False,False,1.333816200080274,False,False,1.3085666641762999,False,False,1.3192821892699724
299,298,52.048187899868935,116325.6751290887,117357.43718738627,0.008791620565555944,0.2137067001312971,299,0,0.0,0,0,True,22,111111011011011,1243.1456396106537,384.60047601001094,0.2158837362505381,0.28795826128522417,b0901006e8c55492f6a6405cc15122658ba8b6d959c28ea534ec6e2a5ae696c1,0.8628830015222775,7.352606040164633e-06,False,False,1.2542645015405227,False,False,1.426445352958565,False,False,1.3367205922199672,False,False,1.2866563485500173
300,299,52.421305699972436,116327.35564387483,117357.43718738627,0.008777300938045272,0.23478400008752942,300,0,0.0,0,0,True,22,111111011011011,1336.315668253087,606.5345285435059,0.2320684338460715,0.44647444247711415,15f4e4fb7b69db50e023a93eff8f7a8e3476b2300e607ef00312499997f4ef5b,1.6805147861305159,1.431962751067238e-05,False,False,0.4092604979539166,False,False,1.3430247730621123,False,False,1.4282900211166443,False,False,1.3246436095449314
301,300,52.71034189988859,116327.35564387483,117301.15227336378,0.008301679997307868,0.16528349998407066,301,3,0.2,2,1,False,22,111111111101011,7631.376362631278,1293.3085336103527,1.3236930978878645,0.9533447857637611,fe274235d676b90e3c64508832679c8c51b377f981382fc7a6292985410a560e,0.0,0.00047562094073740416,False,False,1.2730587819113017,False,False,1.3112734868389586,False,False,0.7603002654256822,False,False,1.0345674047914362
302,301,53.04512090003118,116327.35564387483,117224.41335551874,0.007652481987035484,0.17184489988721907,302,0,0.0,0,0,True,22,111111111101011,1138.923700865435,280.1366981879733,0.19731869153517897,0.24095160662515197,05cc35f475b31f74d4edceec6b8952e2fbf5ca2fdde2c985bdde4a27a26c3e40,0.0,0.0006491980102723838,False,False,1.2901452568880922,False,False,1.2428806738974527,False,False,1.2784457426767666,False,False,0.7386040721616416
303,302,53.342366099823266,116327.35564387483,117224.41335551874,0.007652481987035484,0.1705831999424845,303,0,0.0,0,0,True,22,111111111101011,3832.7575823056263,679.5735429087717,0.6639837485110611,0.605564256468805,051a8f7c4b794a386a0ed622cc947aba137c1b8b5cbf39b9fa1749761d6d9ba3,0.0,0.0,False,False,0.6648912831050191,False,False,1.2530708398964197,False,False,1.1757712287254647,False,False,1.1969047286027656
304,303,53.63599849981256,116331.73264981921,117224.41335551874,0.007615143297771985,0.17365809995681047,304,0,0.0,0,0,True,22,111111111101011,4122.572705051655,809.3096000682505,0.7139599054005161,0.7063827354557848,2a6c678f5b8e8ff34591fa7a4f30f4fbd49d31679ce80ee2a64427f7b8591ffc,4.377005944377743,3.733868926349918e-05,False,False,0.7787454297137499,False,False,0.7022140884032148,False,False,1.469119933082968,False,False,1.4053339553332032
305,304,53.955306799849495,116331.73264981921,117224.41335551874,0.007615143297771985,0.1756421998143196,305,0,0.0,0,0,True,22,111111111101011,4524.823143758961,871.1804219604893,0.7835178110877458,0.7660525096146547,78bcee9f7a5caffeb1e738cefde0899aae9cff1af654c0d7e62d576e6de0830a,0.0,0.0,False,False,0.7734287291738481,False,False,0.9049759541305586,False,False,0.9456676894839419,False,False,1.4583280659905085
306,305,54.24524799990468,116383.57144648227,117224.41335551874,0.007172924862386538,0.15007690014317632,306,0,0.0,0,0,True,22,111111111101011,5607.738486226281,987.2954375813097,0.9711952910442927,0.864727414595651,b33efbf0af645ebd5da16918ab4c037fba551ef1d1352b5636dbeeed86e78a0c,51.83879666305438,0.00044221843538544674,False,False,0.7915315374652385,False,False,0.964119603084579,False,False,0.7137555422311846,False,False,0.7786597598799317
307,306,54.521633999887854,116383.57144648227,117224.41335551874,0.007172924862386538,0.16546829999424517,307,0,0.0,0,0,True,22,111111111101011,6227.124922353953,1131.455581927067,1.0788311010662701,1.0318282843037818,890f5f5e2397d4cde20bd7633848cd30631d323a211ad618a9d19d9fa4d75d9c,0.0,0.0,False,False,0.9546589381163548,False,False,0.804113012331939,False,False,0.934994625260277,False,False,1.0092623859695837
308,307,54.83597989985719,116383.57144648227,117224.41335551874,0.007172924862386538,0.19532599998638034,308,0,0.0,0,0,True,22,111111111101011,4735.800401503133,890.8314987241125,0.8206059451794315,0.7274087509186146,44db4e6beaddd6caaec23501c8eda3eee3499c2dc9bce3588d20734f5e96404b,0.0,0.0,False,False,1.0569638082684998,False,False,1.1603400885616175,False,False,0.9294646509534235,False,False,0.8931320658361857
309,308,55.13260739995167,116383.57144648227,117224.41335551874,0.007172924862386538,0.14749230002053082,309,0,0.0,0,0,True,22,111111111101011,4405.489491958255,849.0316240954181,0.763100579803048,0.7452264481676013,e6d679523dc1c124936a0499b62bfa7d529c6e20f01fbdffde8d7b411d71e94d,0.0,0.0,False,False,0.955595608455183,False,False,0.8900267250590169,False,False,1.1834274296098537,False,False,0.8186234978085978
310,309,55.39468299993314,116383.57144648227,117224.41335551874,0.007172924862386538,0.1542470999993384,310,0,0.0,0,0,True,22,111111111101011,3822.8811333391204,824.9810823855846,0.6621133106745897,0.7015167194172267,3d7c60cdee724c3aa128416f74a73424f148e6ca0b4a02292ffca3dfb53f8f19,0.0,0.0,False,False,0.874706319934507,False,False,1.0951106366062158,False,False,0.915545264169083,False,False,1.0103614218563253
311,310,55.682090800022706,116383.57144648227,117224.41335551874,0.007172924862386538,0.17236170009709895,311,0,0.0,0,0,True,22,111111111101011,5848.840200505345,1193.4106527564104,1.0132170929676096,0.9917967552799773,9382d4dbe08e01ec1217e3ee78e55a0582e6b485ea9f3f196f8d9f7cd6463cdf,0.0,0.0,False,False,0.8621998393597555,False,False,1.0103719409008374,False,False,1.0662151873983676,False,False,0.8852420086882423
312,311,55.99495849991217,116405.00931917598,117224.41335551874,0.00699004595448621,0.17219660012051463,312,2,0.13333333333333333,1,1,False,22,111011111101111,5478.3068230882445,1055.7109327772332,0.947968558449945,0.9006007834290668,b0465162654c1543ffaf02106b61084ab513a3341285a473bd817cc22de2bccb,21.43787269371387,0.00018287890790032787,False,False,1.181028277186547,False,False,0.9224765242921948,False,False,1.1913721138408437,False,False,0.9583188696290473
313,312,56.31277409987524,116417.23130951732,117224.41335551874,0.006885784478642707,0.1844642001669854,313,2,0.13333333333333333,1,1,False,22,111111111101011,4699.246557421364,838.4481113086794,0.8130792872592394,0.7210446540216269,b2d84b6c722f0b334a7e267765f1276787073335efbf88285066d5120f81f662,12.221990341335186,0.00010426147584350308,True,False,0.8248908484945517,True,False,0.9201473792610831,True,False,0.8615015455266627,True,False,0.9146833087465919
314,313,56.56771630002186,116417.23130951732,117224.41335551874,0.006885784478642707,0.1433600999880582,314,0,0.0,0,0,True,22,111111111101011,5436.1495893013835,1077.771297627219,0.9418483176717269,0.9751156324704042,0998600fa549468d117766d63de38c94495bbb61c689c2e1d0707b853299d860,0.0,0.0,False,False,0.9906492080527218,False,False,1.040644170258117,False,False,0.9652912409948087,False,False,0.9867568439424597
315,314,56.90226499992423,116417.23130951732,117224.41335551874,0.006885784478642707,0.16230889991857111,315,0,0.0,0,0,True,22,111111111101011,1595.697058208908,371.5888209947361,0.2765275269327343,0.3177104232727867,150f2f8fad74cb00ecafd86d2066fa2dd78e4aef8eae4581eb4b88c5cfcf106a,0.0,0.0,False,False,0.8473551128039274,False,False,0.8764671881717447,False,False,1.012819213096021,False,False,0.929977275059152
316,315,57.17384529998526,116417.23130951732,117224.41335551874,0.006885784478642707,0.15808069985359907,316,0,0.0,0,0,True,22,111111111101011,3351.8117568698053,628.7267277867712,0.5807143381321622,0.570061089031505,144b0006115d78d830884310b192aaebe570691e9495ee0986814275a5d6b0c1,0.0,0.0,False,False,0.608945706238388,False,False,0.7868976099799128,False,False,0.9070963811402206,False,False,1.070813923219187
317,316,57.46027489984408,116417.23130951732,117224.41335551874,0.006885784478642707,0.14030499989166856,317,0,0.0,0,0,True,22,111111111101011,3877.823910796703,751.0809667893465,0.6718183534179808,0.6421878372292089,ff14fe345c7d96faf35911c815b3e5de343f821050d18f5b41f085f78d41920b,0.0,0.0,False,False,0.71241011611304,False,False,0.8173563583885964,False,False,0.8459303373271293,False,False,0.8139689890332479
318,317,57.76996780000627,116417.23130951732,117224.41335551874,0.006885784478642707,0.16047130012884736,318,0,0.0,0,0,True,22,111111111101011,4970.542925465286,902.6986099583388,0.8610330626800438,0.8244886287393023,2f9afb4f78a27d7c85ef968b5361d0227f867a6567ce0b847f238a020c01ff7b,0.0,0.0,False,False,0.6000564436502077,False,False,0.8452114932337024,False,False,0.771514764598763,False,False,0.9130668260101439
319,318,58.04422189993784,116417.23130951732,117224.41335551874,0.006885784478642707,0.1488115000538528,319,0,0.0,0,0,True,22,111111111101011,3816.3393568298693,644.873790287741,0.6609542014102572,0.533579819247694,69e838e799c0e79f451cc23ddadddb24c61e384f984c7bfbf2a86961ab24700a,0.0,0.0,False,False,0.8524275461679692,False,False,0.6957292498621677,False,False,0.7808162194473094,False,False,0.7060645571231441
320,319,58.33811559993774,116431.27109904766,117224.41335551874,0.006766016000998321,0.18760229996405542,320,0,0.0,0,0,True,22,111111111101011,5205.003921726455,943.5730093031536,0.9015748929801938,0.8348019873814694,8627e14f543b85830fbafa3b7b745d7bee886c28d35f108fc10ad3f3006297ad,14.039789530346752,0.00011976847764438598,False,False,1.0488795813950083,False,False,0.9216961967826809,False,False,0.9279663003595351,False,False,0.8253793518732588
321,320,58.625134099973366,116446.3972100666,117224.41335551874,0.006636980499041382,0.1419353000819683,321,0,0.0,0,0,True,22,111111111101011,3940.4185126222433,652.1041919588793,0.682526154838599,0.6005993086665595,721da61572796b27aa986518b0d85bea788c2319cbbbe3aa9c773aaad69250ea,15.126111018937081,0.00012903550195693912,False,False,0.9900765393158474,False,False,1.0657611232699453,False,False,0.9206949036111071,False,False,1.0485371017276448
322,321,58.91012839996256,116446.3972100666,117224.41335551874,0.006636980499041382,0.15030530001968145,322,0,0.0,0,0,True,22,111111111101011,3369.776383999759,607.7530225625702,0.583614091012109,0.5410867165067061,420783f50d3e9b62fffeba1c8e24a94467134624ccd41faf0f6d3a3e706aa6ee,0.0,0.0,False,False,0.8648030423048177,False,False,1.0210589144982534,False,False,1.051474216108362,False,False,0.8729568122835444
323,322,59.22577329981141,116446.3972100666,117224.41335551874,0.006636980499041382,0.1560408000368625,323,0,0.0,0,0,True,22,111111111101011,4692.056809674279,812.842395298002,0.812782126692158,0.7326549357875941,66183d29a08a756a669843acb3ed4bd5777ae39c3cf8845151af78a70a65e531,0.0,0.0,False,False,0.7476052940845003,False,False,0.8582988897695829,False,False,1.0555285242390182,False,False,1.1157833328496989
324,323,59.52542879991233,116522.41591941038,117224.41335551874,0.005988491782674464,0.1617705998942256,324,2,0.13333333333333333,1,1,False,22,111011111101111,6528.161928765701,1083.2951702009725,1.1301102623963946,1.0266758996660879,4d6233056a2b77cc78c1d48efa3d57722832f05acc8730eae612e35ff6b16363,76.0187093437853,0.0006484887163669181,False,False,1.1330472993605951,False,False,1.0674201091826507,False,False,1.0498352608057526,False,False,1.2451345343963198
325,324,59.781217199983075,116522.41591941038,117224.41335551874,0.005988491782674464,0.1153078000061214,325,2,0.13333333333333333,1,1,False,22,111111111101011,6276.775989320805,1089.288153933863,1.086369192256794,0.9024474959010299,ecc4e77f50c205c2992c42eb3351b1f13e1ff82e9342dc3df70e911467f2f62b,0.0,0.0,True,False,0.7867869874736464,True,False,0.6644096363212538,True,False,0.7479562724937036,True,False,0.8561766041052435
326,325,60.091057899873704,116528.09741992246,117224.41335551874,0.005940024911743385,0.145136300008744,326,0,0.0,0,0,True,22,111111111101011,4820.944657476523,838.4661552118441,0.8349940683177538,0.7814064359115607,26c7b40c3a3e82d71cc174e4106238d11fe8342698088946dac0d7c57843bff7,5.681500512073399,4.8466870931078605e-05,False,False,1.1268904016799088,False,False,0.6292083830407514,False,False,0.9590023773608156,False,False,0.8708338332852414
327,326,60.33667439990677,116528.09741992246,117224.41335551874,0.005940024911743385,0.13388240011408925,327,0,0.0,0,0,True,22,111111111101011,3230.3023838245063,613.4769161610536,0.5595338877242835,0.58537419598414,2a3f8ca26f5cd4823cda919b7fbd3056ba36f7650b17b6600f4203a9195abd51,0.0,0.0,False,False,0.8797325126375348,False,False,1.0338616664175586,False,False,0.8002483954385184,False,False,0.9566398155601218
328,327,60.589639300014824,116528.09741992246,117224.41335551874,0.005940024911743385,0.1319550999905914,328,0,0.0,0,0,True,22,111111111101011,4560.539062500974,839.4730504832144,0.7900271204410251,0.7939376696987767,fa65320a24f07f905fa6a620129cad2081d09c8c372010b493a60454fe43a03a,0.0,0.0,False,False,0.9512029835957795,False,False,0.9790030050840702,False,False,0.9959496251213483,False,False,1.0055746794290106
329,328,60.83849999983795,116528.09741992246,117198.81460357706,0.005722900747104765,0.13488310016691685,329,0,0.0,0,0,True,22,111111111101011,2548.2851887972784,497.3796375427964,0.4414820364980405,0.43698812160693024,fd3de418fe848aeadefff863bb11365359c703ba4e8ce19c170c3178de7c1af4,0.0,0.0002171241646386204,False,False,0.7710421764973356,False,False,0.823218912391543,False,False,0.8516032590785587,False,False,0.9370221243092305
330,329,61.13668749993667,116534.88338587005,117198.81460357706,0.0056649994281319765,0.16886169998906553,330,0,0.0,0,0,True,22,111111111101011,4868.019717037403,809.1341358955733,0.8434622307077677,0.7581522360429127,2844b50aeccd2430c8cf23671d1a5f1574328bf0bb3b4f80ca38e9cbf522c9f5,6.785965947594377,5.7901318972788246e-05,False,False,0.7365937177420013,False,False,0.8208609507570719,False,False,0.8828613611016214,False,False,0.766639230547306
331,330,61.39559390000068,116534.88338587005,117198.81460357706,0.0056649994281319765,0.13712850003503263,331,0,0.0,0,0,True,22,111111111101011,4223.431693730918,854.5177191632224,0.7317500585235963,0.7652311107570466,06c5fedd530e7a3dc7cc783c6a077433f6be94420128248ce417874b32852a87,0.0,0.0,False,False,0.8667199051926773,False,False,0.8445771600512445,False,False,0.7219846086059251,False,False,0.7855719514376589
332,331,61.70687130000442,116534.88338587005,117198.81460357706,0.0056649994281319765,0.17591980006545782,332,0,0.0,0,0,True,22,111111111101011,4094.357606783384,752.888266224034,0.7093095952286146,0.6391323787728582,78c59e041e5dc3152ed5a85778c312d799059ef30aaec63fd6dd334d8decb45d,0.0,0.0,False,False,0.6612569766692697,False,False,0.7862885521467573,False,False,0.7692437450797356,False,False,0.5867186790644513
333,332,62.01277249981649,116534.88338587005,117198.81460357706,0.0056649994281319765,0.16620029998011887,333,0,0.0,0,0,True,22,111111111101011,2896.001707617551,535.1605101838976,0.5016976883362596,0.5149278420728032,44d6c04e7ad2296dd667b79d94c61d0b08e7205c34329260563fae18315eb42f,0.0,0.0,False,False,0.9164583598017345,False,False,0.8386752348151095,False,False,0.7235141138207204,False,False,0.8637478697434586
334,333,62.30233739991672,116534.88338587005,117198.81460357706,0.0056649994281319765,0.14374610013328493,334,0,0.0,0,0,True,22,111111111101011,4066.1550363811502,762.4065079792623,0.7043786789092517,0.7291875446990291,eda46a7659ff3735e65a81431c1788634df8a78d7cd2c1c41bd9ac8cf4fc431e,0.0,0.0,False,False,0.49355501770636007,False,False,0.680923138228462,False,False,0.6805098101144453,False,False,0.7078533215224739
335,334,62.62015579990111,116534.88338587005,117198.81460357706,0.0056649994281319765,0.18049929989501834,335,0,0.0,0,0,True,22,111111111101011,3394.766970478035,596.0328164659896,0.5880386037337496,0.5430890166842541,6624de183885f554553ae18d73997d622dc88b174ab2fb324fffce1522850b24,0.0,0.0,False,False,0.614756543008066,False,False,0.48829133138311775,False,False,0.8084605405364468,False,False,0.7984223571788206
336,335,62.927613499807194,116544.45335417967,117198.81460357706,0.005583343582533303,0.1899738998617977,336,0,0.0,0,0,True,22,111111111101011,4147.69695939783,726.9944107935211,0.7185512814730518,0.6669201257327542,d48813a7ff386cf073481ec830e738a11c625eeed70d2ac64318dc1f1b33c533,9.569968309617252,8.165584559867347e-05,False,False,0.7399045520635051,False,False,0.7017123023108169,False,False,0.6750390000485376,False,False,0.8252298460489556
337,336,63.25518859992735,116544.45335417967,117198.81460357706,0.005583343582533303,0.16810470004566014,337,0,0.0,0,0,True,22,111111111101011,4453.669931042907,904.5045969803933,0.7716696064988281,0.8553485856056252,4dfaa34bfc8e93e46d0e2dce7b255203be8f3ec0ea9d641821673b653e6a6555,0.0,0.0,False,False,0.6296083008935304,False,False,0.5049533484434483,False,False,0.6671880661584834,False,False,0.6095785050082628
338,337,63.53770909993909,116544.45335417967,117196.9034111152,0.005567127099312505,0.15398889989592135,338,0,0.0,0,0,True,22,111111111101011,16.14384673120674,4.212063199015884,0.0027970677674401027,0.0038532243468169347,4fecc36b6debf7c0bc0b515b33f8f3439dc19ae54038ccbeeba52c81c5edc1ad,0.0,1.6216483220797898e-05,False,False,0.7727447338680018,False,False,0.6301872161521566,False,False,0.5060986317998925,False,False,0.6673557869815591
339,338,63.86636470002122,116544.45335417967,117196.9034111152,0.005567127099312505,0.17248370009474456,339,0,0.0,0,0,True,22,111111111101011,2399.5542645476953,437.75376751278156,0.41569838365311906,0.4005183756403808,bab93a45663abb4bfcd2b169931e30c1e28f89197ef9fd6146ae53e1c075f2ee,0.0,0.0,False,False,0.41477501817519424,False,False,0.730727835688824,False,False,0.6423542733373866,False,False,0.5729935518089331
340,339,64.20168389985338,116544.45335417967,117196.9034111152,0.005567127099312505,0.18795649986714125,340,0,0.0,0,0,True,22,111111111101011,3325.123065688938,610.3164844817983,0.5760803442226851,0.5555368133521738,72e7c1b1cee5bf617ccf52f46c48254cb7bf7ddc22ab5591e21fd4e353df635c,0.0,0.0,False,False,0.46953480853185386,False,False,0.4705735595599902,False,False,0.7877873270052737,False,False,0.6950368118410547
341,340,64.53138810000382,116544.45335417967,117196.9034111152,0.005567127099312505,0.18281930009834468,341,0,0.0,0,0,True,22,111111111101011,2417.5951815003355,401.6631746448856,0.41890701505196287,0.3627907680530483,ad8c2577e44b3e41db3db12cfe3fe50a304bac57cc26740a368c61055b851f85,0.0,0.0,False,False,0.5086657522430164,False,False,0.2542867696906241,False,False,0.2540148794732624,False,False,0.8295036884578891
342,341,64.87135379994288,116544.45335417967,117172.64205748597,0.005361223339131508,0.16580770001746714,342,0,0.0,0,0,True,22,111111111101011,3455.2927042563747,671.3754940587341,0.5986899089990381,0.6017508982410665,ff049098d0dc5dc0802b5ae6326227fc49cd98e5d86f5968872382d3ed9523dd,0.0,0.00020590376018099748,False,False,0.5723960694651568,False,False,0.6773757356198237,False,False,0.6816068373724204,False,False,0.6815464960171053
343,342,65.17365899984725,116544.45335417967,117172.64205748597,0.005361223339131508,0.16682510008104146,343,0,0.0,0,0,True,22,111111111101011,6891.725323779841,1095.484687157455,1.1940569221500832,1.0102890908833575,9e482f9d6c5c8c476f6e60fe7b24234ba5092b49ed94d5ad93de157288ff47d5,0.0,0.0,False,False,1.0085745356385878,False,False,0.9331135972303928,False,False,0.9889187754937502,False,False,0.9913052942898112
344,343,65.47913919994608,116544.45335417967,117172.64205748597,0.005361223339131508,0.16507490002550185,344,0,0.0,0,0,True,22,111111111101011,4046.0107194799184,700.0013274501039,0.7009032763691916,0.6488987054081343,aaf07aca3918de350995d338a54261d299982db181c0e01260f1b54a4c43d4b1,0.0,0.0,False,False,1.151233698150396,False,False,0.7948565529038825,False,False,0.8331189345352809,False,False,0.8339876569305675
345,344,65.85876749991439,116544.45335417967,117172.64205748597,0.005361223339131508,0.1792939999140799,345,0,0.0,0,0,True,22,111111111101011,3987.762136397404,665.2704884843985,0.6907946859167473,0.5946038125607367,b162de84125f4a5a147a2d975e975249ef8417b8a39a72b9b0f1f8dd9ff0118a,0.0,0.0,False,False,0.7097538203670981,False,False,0.9627862542271608,False,False,0.6895964630192045,False,False,0.7882666636438487
346,345,66.18776679993607,116544.45335417967,117172.64205748597,0.005361223339131508,0.15975929982960224,346,0,0.0,0,0,True,22,111111111101011,3379.1221068761797,674.471532451337,0.5853800411255587,0.6281225380732464,61e53fefb025e64916f77f63f4f9bb648a018d8fa87c18511d6bfd043d2478f2,0.0,0.0,False,False,0.7195947816938364,False,False,0.593504179943582,False,False,1.0120237667128604,False,False,0.8681899043576298
347,346,66.48811809998006,116544.45335417967,117172.64205748597,0.005361223339131508,0.16766819986514747,347,0,0.0,0,0,True,22,111111111101011,3735.2836095998027,680.0661938082861,0.6470401901090442,0.6448819405985374,7fc7346570a00e41cb726a3d8dea5f6a3296eaa28b76c7aff94aefcd1e20ee4d,0.0,0.0,False,False,0.680151463683142,False,False,0.8059678827082508,False,False,0.7804398013923272,False,False,0.9330280715784234
348,347,66.78238079999574,116544.45335417967,117172.64205748597,0.005361223339131508,0.1738803000189364,348,0,0.0,0,0,True,22,111111111101011,4577.6672967658915,804.969731147768,0.7930156905149602,0.778178194477108,6217e49953206af523c0eaf40b2d908d4823dc4b5716488035f32de7174e7ab6,0.0,0.0,False,False,0.8022245371841034,False,False,0.4559098273048929,False,False,0.7591583384020141,False,False,0.7555980874570218
349,348,67.11148419999518,116544.45335417967,117172.64205748597,0.005361223339131508,0.16424009995535016,349,0,0.0,0,0,True,22,111111111101011,976.0900856778056,223.7720006082574,0.16910580951512927,0.20413871566141528,30288f32ed74deec3b51a40e8a2d049b317fef2548e4ba82745d5f714433242b,0.0,0.0,False,False,0.7345784600518627,False,False,0.7782181277359762,False,False,0.48473724428973486,False,False,0.8012689416833821
350,349,67.44333469984122,116544.45335417967,117172.64205748597,0.005361223339131508,0.16269279993139207,350,0,0.0,0,0,True,22,111111111101011,2945.281494406652,522.0287892416509,0.5102413748784262,0.4769250561450469,7ffaf1d5e186889df03a378d2fc54b131bd53d1ad264b9a1eb21e8274995de6c,0.0,0.0,False,False,0.5540018928029347,False,False,0.7134150874627225,False,False,0.6136995416905892,False,False,0.5724995686421869
351,350,67.74010930000804,116544.45335417967,117172.64205748597,0.005361223339131508,0.16271089995279908,351,0,0.0,0,0,True,22,111111111101011,4652.002252376451,893.9913583340598,0.8059156508699883,0.7982816663415393,008601b9bd49265eb8baf7ae345f98247df7e51b03c48f4f95bed9e96e8e985b,0.0,0.0,False,False,0.7533344550232821,False,False,0.7591164150035444,False,False,0.6025716832674751,False,False,0.6928015488428662
352,351,68.07104499987327,116544.45335417967,117162.09818887083,0.0052717119635011245,0.18039159988984466,352,0,0.0,0,0,True,22,111111111101011,3821.0064503561416,712.9561488219649,0.6619735248022102,0.6683916388022846,93e4a6e1e89563e54b9ae77c3ed01a36b625a783d8d5c8319fb6a2618f56964a,0.0,8.951137563038315e-05,False,False,0.8239121508267375,False,False,0.8568717666970325,False,False,0.8863241119765232,False,False,0.8042963158882104
353,352,68.37150419992395,116544.45335417967,117162.09818887083,0.0052717119635011245,0.18141169985756278,353,0,0.0,0,0,True,22,111111111101011,3737.882451542651,637.2148202334786,0.6475303178077219,0.5931535332637083,0368b6d55f257983b7bdee2a6519e3f97145cb12afebf965b02668b68cf4182d,0.0,0.0,False,False,0.6696663285646207,False,False,0.8809381502217416,False,False,0.7730813880915335,False,False,0.8275669669129065
354,353,68.66015329980291,116544.45335417967,117126.409113369,0.004968612660412374,0.169428399996832,354,0,0.0,0,0,True,22,111111111101011,2249.4220284170788,430.4718845487893,0.3896141556088653,0.41462163776548255,f93d6aa1d3f31a1c28924e24006ac6f255a56d64287e3227ce66ac43aad8ae71,0.0,0.00030309930308875053,False,False,0.6988977894114485,False,False,0.726294673065693,False,False,0.8665841445726512,False,False,0.7478422647339816
355,354,69.00195800000802,116544.45335417967,117126.409113369,0.004968612660412374,0.18282049987465143,355,0,0.0,0,0,True,22,111111111101011,4358.8526247783875,819.4196606194314,0.7550591544719013,0.745241489736851,9efc3ab2505efd7628013ca623cac7811ad6e06704bbbb293a60944780476da5,0.0,0.0,False,False,0.635464031062008,False,False,0.8634168119032724,False,False,0.8625616708254559,False,False,0.8464015363532412
356,355,69.29999039997347,116544.45335417967,117126.409113369,0.004968612660412374,0.1622663999442011,356,0,0.0,0,0,True,22,111111111101011,1760.6704705038937,396.239752073129,0.30505234783420254,0.3843218694957769,c2983e062453ba1e748426887d7c4b63af6c5c5b8c02057a58cd5ebcf3ed49d2,0.0,0.0,False,False,0.7855383598118063,False,False,0.7190078350870681,False,False,0.9032311556222061,False,False,0.8397165005913454
357,356,69.61845379997976,116544.45335417967,117126.409113369,0.004968612660412374,0.1797356999013573,357,0,0.0,0,0,True,22,111111111101011,3627.5225601490765,607.0844617654376,0.6283569495001926,0.5911486556309967,b461305920ee112c394674e42385cd5a1831201702efa7e4eb8b4eba5660de7b,0.0,0.0,False,False,0.6012309235848852,False,False,0.854115990802645,False,False,0.8353366532782183,False,False,0.8911717459035956
358,357,69.9682936000172,116544.45335417967,117126.409113369,0.004968612660412374,0.17809529998339713,358,0,0.0,0,0,True,22,111111111101011,3673.512208221213,636.3543143712947,0.636205794038191,0.6106716716204253,c6838bb33c8e798e73cc166aabd5557d59b8a601947a0b15e51aa1f5f18a45c7,0.0,0.0,False,False,0.6875953718088901,False,False,0.6718559854439842,False,False,0.7667621406516092,False,False,0.651770336137536
359,358,70.2542854999192,116544.45335417967,117126.409113369,0.004968612660412374,0.15894839982502162,359,0,0.0,0,0,True,22,111111111101011,5157.444159945101,911.6245314864376,0.8932550263812313,0.9019245151081672,62fb7d6759a64c7fa4e05b0bc2114af79a7c28d5c4cad498d3bdd3a83a2f373b,0.0,0.0,False,False,0.7994894759499462,False,False,0.7483146630476092,False,False,0.6743550751208609,False,False,0.47103104489052217
360,359,70.57054629991762,116544.45335417967,117126.409113369,0.004968612660412374,0.16319390013813972,360,0,0.0,0,0,True,22,111111111101011,4457.486185337764,709.9019184988956,0.7720492003325438,0.6131571446145921,7f0c95202561f6923d85bc79d993a13c445fa6f4a7854b2e513271c6ab875df7,0.0,0.0,False,False,0.8756264429726738,False,False,0.7204980229634614,False,False,0.8552934579481886,False,False,0.8664228637485992
361,360,70.88094359985553,116544.45335417967,117126.409113369,0.004968612660412374,0.16307169990614057,361,0,0.0,0,0,True,22,111111111101011,4188.9237572942675,762.9362831715267,0.7256016466682681,0.7202827538146834,f9b3141689306fd0d5addb896f638835c0973b86dc894bf272df3edbf61ccb3d,0.0,0.0,False,False,0.9259875357018218,False,False,0.7741045080664942,False,False,0.7688547013669407,False,False,0.6359064925618508
362,361,71.2094365998637,116544.45335417967,117126.409113369,0.004968612660412374,0.18496289988979697,362,2,0.13333333333333333,1,1,False,22,111011111101111,5039.760795710168,951.3321181434708,0.872261154068581,0.928860810460746,9a2619863988c14977864f3742c8fc5fa93096996480aaa59045701f273ad4f5,0.0,0.0,False,False,0.9448822024027922,False,False,0.7491334607194139,False,False,0.9025243554765819,False,False,0.9022030383030495
363,362,71.4992612998467,116544.45335417967,117126.409113369,0.004968612660412374,0.15428459993563592,363,0,0.0,0,0,True,22,111011111101111,83.41505823927646,19.189659363224305,0.014424040405444108,0.015583235953698722,8f33aa5b5b49fdf0d49905fc8d1ffdccb70e3941b4a8cf24de31a7500129329d,0.0,0.0,False,False,0.8712521950509082,False,False,0.9390982556411832,False,False,0.7473420985876799,False,False,0.8976646882764382
364,363,71.79039509990253,116544.45335417967,117126.409113369,0.004968612660412374,0.16877020010724664,364,2,0.13333333333333333,1,1,False,22,111111111101011,7322.817493997864,1342.8577608818364,1.2673529165929283,1.0923157007004383,8db6d54e436a2bb7a9b32f806625d3be258c9a70ec5136a58a6a6adea19f86d7,0.0,0.0,False,False,1.2638591265137349,True,False,0.729013165526898,True,False,0.9295767133414055,True,False,1.1506112170695937
365,364,72.13699239981361,116544.45335417967,117126.409113369,0.004968612660412374,0.20071749994531274,365,0,0.0,0,0,True,22,111111111101011,4395.266615088002,777.4410385093279,0.7613353921567699,0.6847581833590141,32b68e607e8571345a87c5a3e6353b096c68d9f63825da87dc3ea17209e3b139,0.0,0.0,False,False,1.0528393156392422,False,False,1.0595711124139964,False,False,0.744161389269511,False,False,0.8992373788215079
366,365,72.45991239999421,116544.45335417967,117126.409113369,0.004968612660412374,0.17790380003862083,366,0,0.0,0,0,True,22,111111111101011,4672.981747774016,805.8238694908379,0.8093779185776017,0.7362156037964552,caeb8dea69833d778a0d752a920fefa674a9b9f09edfbc1063c448199ab699d2,0.0,0.0,False,False,0.7816924801497839,False,False,0.8914613302586928,False,False,0.8920356616075126,False,False,0.7279797061130635
367,366,72.79926140001044,116544.45335417967,117126.409113369,0.004968612660412374,0.18433349998667836,367,0,0.0,0,0,True,22,111111111101011,226.78617689766796,52.98161640429058,0.03927769714512065,0.04726427288307544,07e85c722af67a52cca765e3b8626ce3606c2f7e5e9b0f659855698ef8265bb3,0.0,0.0,False,False,0.8262625596213856,False,False,0.7737813332122485,False,False,0.8998032875664288,False,False,0.8996231315937838
368,367,73.08910009986721,116544.45335417967,117126.409113369,0.004968612660412374,0.17445950000546873,368,0,0.0,0,0,True,22,111111111101011,5280.777181195521,1037.3045616752968,0.9146677542510026,0.9274838515100567,ed7f73af8ab491359747e06ea75b658564768243e6a2a002c40de1fade8563ca,0.0,0.0,False,False,0.9239511175701568,False,False,0.8957581213358385,False,False,0.8142272584002522,False,False,1.2523242466558835
369,368,73.39716109982692,116544.45335417967,117126.409113369,0.004968612660412374,0.17733950004912913,369,0,0.0,0,0,True,22,111111111101011,4622.626123719941,788.2486672763631,0.8007611557670494,0.7145900443340509,e92746e4615277860949af18de015a4531249856f85ee1ee3b2b50e75eea82a8,0.0,0.0,False,False,0.7253990654804068,False,False,0.729234933936292,False,False,0.791455061700042,False,False,0.6177070596767489
370,369,73.68466889997944,116544.45335417967,117126.409113369,0.004968612660412374,0.16656409995630383,370,0,0.0,0,0,True,22,111111111101011,4359.69863744469,839.5757951018439,0.7551602637985986,0.8116532971899109,1987b534c1aae31c65a0ab994ba5b61bd2ccfc8f5f7a81ec45faa1a368cf0e43,0.0,0.0,False,False,0.8427981789247742,False,False,0.81554816311074,False,False,0.8150068297921399,False,False,0.7106245017300308
371,370,73.9893067998346,116544.45335417967,117126.409113369,0.004968612660412374,0.19062589993700385,371,2,0.13333333333333333,1,1,False,22,111011111101111,4854.552276341228,842.48337530709,0.8401196960043668,0.7945477368846054,2a6e19b676fa56502ef6cfe1beb81e0e8de0c39c35a8ddb9087b58b2a44a107f,0.0,0.0,False,False,1.0648737886348605,False,False,1.2420731095006676,False,False,0.8704791238035753,False,False,0.8595171296714322
372,371,74.3284211999271,116574.03754602147,117126.409113369,0.004716029216031647,0.18797419988550246,372,2,0.13333333333333333,1,1,False,22,111111111101011,5863.452241362684,1025.1203062813827,1.0146924658538072,0.8585597771185888,09d91346d023bca87ca1ba67e4d5cd273050586a4f0375d79b5eea449d750a1c,29.58419184180093,0.00025258344438072733,True,False,0.6055175514473662,True,False,0.7295761967256115,True,False,0.910824080120275,True,False,0.8570297807547064
373,372,74.62055669981055,116594.8560973384,117126.409113369,0.004538284918443053,0.17629040009342134,373,0,0.0,0,0,True,22,111111111101011,4316.780398126988,865.2021026012993,0.7477295186699151,0.7714287497185713,549ca4289cc6d1658c7f4bfb8f33a1de94284bb4ea360cc044f1f017f3a9fcc5,20.818551316930098,0.00017774429758859404,False,False,0.7922048923640754,False,False,0.5688009302655315,False,False,0.7956427027427097,False,False,0.9261016523879999
374,373,74.95299249980599,116594.8560973384,117126.409113369,0.004538284918443053,0.20124419988133013,374,0,0.0,0,0,True,22,111111111101011,5097.6009267028385,870.8865747695801,0.8831527508933172,0.8176085563534699,53fa9372749f55142498c355616fa544c294108de32018bfdb0593952833edab,0.0,0.0,False,False,0.7061921035148637,False,False,0.9375279382839116,False,False,0.6586552451814764,False,False,0.9201090107488014
375,374,75.35220419988036,116594.8560973384,117126.409113369,0.004538284918443053,0.18413890013471246,375,0,0.0,0,0,True,22,111111111101011,3879.9764741408344,664.966494153737,0.6721971070787925,0.598158729301957,5f68a26fd3c30834948f899402f54beab7a41b79e6bb39f56f7694e9cce39188,0.0,0.0,False,False,0.6914448992853041,False,False,0.8072751651185162,False,False,0.8307158677957263,False,False,0.724803254577944
376,375,75.67741849995218,116594.8560973384,117126.409113369,0.004538284918443053,0.17953530000522733,376,0,0.0,0,0,True,22,111111111101011,3168.8235060790053,675.8940824146187,0.5489862635411452,0.6463593285122861,60e0e09a93a4032c53c86c466dae24b45cc8812e6c078df44f740f5502a41931,0.0,0.0,False,False,0.7416247909885868,False,False,0.8545017417343735,False,False,0.8870870710969886,False,False,0.8554452580468319
377,376,76.02563179982826,116594.8560973384,117126.409113369,0.004538284918443053,0.1971826001536101,377,0,0.0,0,0,True,22,111111111101011,5047.159500414457,935.599223801834,0.8744473795333301,0.8136430734997232,a497dd064d8a99cc14cc251f51da4431ea1e4a26d9aaafcea89d10cbb4bcb8b1,0.0,0.0,False,False,0.6454517446609358,False,False,0.7949381615875095,False,False,0.933240638978149,False,False,0.8025905156348025
378,377,76.35676609980874,116594.8560973384,117126.409113369,0.004538284918443053,0.19437389983795583,378,0,0.0,0,0,True,22,111111111101011,4938.896885345999,880.3663882374261,0.8556496612430072,0.8265172946079581,0dfc372b3c370ee46da65f9f7fb2f45c755ed1a5401987acf58c081c5c25c341,0.0,0.0,False,False,0.8104387300488476,False,False,0.838882572361758,False,False,0.8630366614311218,False,False,1.0578647684923206
379,378,76.72484389995225,116594.8560973384,117126.409113369,0.004538284918443053,0.19787929998710752,379,0,0.0,0,0,True,22,111111111101011,4666.191341189721,862.2196752047198,0.8083310464448603,0.7468290995305864,4ddaef83040a8ef78eb1cbfbbdef44601d5c0ce1212c2ed399c226bc4d1dfe59,0.0,0.0,False,False,0.6790667668279383,False,False,0.8660614339782012,False,False,0.6214746610622078,False,False,0.8085510688286023
380,379,77.06514379987493,116594.8560973384,117126.409113369,0.004538284918443053,0.1999729999806732,380,0,0.0,0,0,True,22,111111111101011,3145.047823281145,615.1182198099569,0.5447762441039009,0.5837487323220704,8d246efbe37eecc9b1919ff5513209f0c212301f523db9a59465a5773353d42e,0.0,0.0,False,False,1.1157096853262134,False,False,0.873723163830466,False,False,0.8845862054871263,False,False,0.6796931098942731
381,380,77.41281789983623,116594.8560973384,117126.409113369,0.004538284918443053,0.18989380006678402,381,0,0.0,0,0,True,22,111111111101011,3545.359656020512,621.9505420343123,0.6141386636745664,0.5781192984241759,0b298e92b08ab36d2acfb071bc6110c60793f7ab8d4f98e1b2f973aab13427e9,0.0,0.0,False,False,0.6008913714693891,False,False,0.9830147382489054,False,False,0.7846364702385503,False,False,0.8776157673803632
382,381,77.70598830003291,116594.8560973384,117126.409113369,0.004538284918443053,0.17911809985525906,382,0,0.0,0,0,True,22,111111111101011,1252.475904159488,286.75174354514144,0.2169817884267497,0.27793627248350583,505ef89339ee7e097eeff4036d130cf3df85b614262233611fcff623711cddbf,0.0,0.0,False,False,0.6297281670790547,False,False,0.5762526149169933,False,False,0.9097262565938418,False,False,0.8102462180794731
383,382,78.04531499999575,116594.8560973384,117126.409113369,0.004538284918443053,0.17775289993733168,383,0,0.0,0,0,True,22,111111111101011,3069.85283945272,543.4535299112824,0.5317782005530973,0.5182258267014079,cf6dcc68ad036813ff04afc15d16a1df356e5a4607f2caf29a9b8a4e4a81e02f,0.0,0.0,False,False,0.48465918084571646,False,False,0.6542664507753991,False,False,0.7029625407797869,False,False,0.8922722569600529
384,383,78.37790509988554,116594.8560973384,117079.95698397953,0.004143329901526241,0.18160809995606542,384,0,0.0,0,0,True,22,111111111101011,3467.760862454441,678.2676490310372,0.6007012959987785,0.6219534586846327,68290af54cb3e3193d779f25d140cf1fbd6a328647220d39154c25e09189cfcc,0.0,0.0003949550169168115,False,False,0.5198036834670784,False,False,0.592948261809616,False,False,0.4699009872690586,False,False,0.5726522215745681
385,384,78.74678940000013,116594.8560973384,117079.95698397953,0.004143329901526241,0.18665499985218048,385,0,0.0,0,0,True,22,111111111101011,3684.6355222941384,673.6682156073789,0.6382448819383909,0.614184422617265,b788ee285cdd8f30062b912acf3372a331d48d1330189f01d8e98ad39b07e0e4,0.0,0.0,False,False,0.5585413595958155,False,False,0.45465120477757076,False,False,0.549643144121052,False,False,0.8202997307880248
386,385,79.11142979981378,116594.8560973384,117079.95698397953,0.004143329901526241,0.1776835999917239,386,0,0.0,0,0,True,22,111111111101011,4877.772799352194,918.9531453439976,0.8448432994276596,0.8254581042419115,3a7785896095e288b13fb0ca17e7decdb7b8e6b2f760d155ac6574127f400154,0.0,0.0,False,False,0.8787068477902634,False,False,0.7666636922250157,False,False,0.8103146269216248,False,False,0.8114358964492113
387,386,79.47005250002258,116594.8560973384,117079.95698397953,0.004143329901526241,0.1978932002093643,387,0,0.0,0,0,True,22,111111111101011,4802.874653727101,1000.68407746961,0.831909059652536,0.8621063375803207,faaaa38c75f49eb13a8134f8aeb4b794cfaafe35cc8c436dc1c151896ff8b7ce,0.0,0.0,False,False,0.8472371154015186,False,False,0.8100527189255702,False,False,0.845587691631918,False,False,0.9183831446651453
388,387,79.85721699986607,116594.8560973384,117079.95698397953,0.004143329901526241,0.20456770015880466,388,0,0.0,0,0,True,22,111111111101011,3170.8109673868294,651.755862688947,0.5492062170007295,0.5927007399736852,4450f6ba0c12bb121c0d71565022d9026da7050f68f4864cd3285b7009242727,0.0,0.0,False,False,0.8412524972234338,False,False,0.7228182577032579,False,False,0.8505296408182604,False,False,0.7058424859049246
389,388,80.21574739995413,116622.62609374945,117079.95698397953,0.003906141597683163,0.18202749988995492,389,0,0.0,0,0,True,22,111111111101011,3534.817902112268,775.1692913718975,0.6122767895616226,0.7288663253516788,7d315c3894b1b7a4b8316013ed817c87eb18b453eeacb8b5f91226f474e68370,27.76999641105067,0.00023718830384307802,False,False,0.7354409340100403,False,False,0.8415915579218448,False,False,0.6013560731966194,False,False,0.5782014835753332
390,389,80.58021219982766,116622.62609374945,117079.95698397953,0.003906141597683163,0.17671439982950687,390,0,0.0,0,0,True,22,111111111101011,4763.6892637328165,848.0114959465358,0.8251554870859792,0.7720060542476915,43b1ce780fbbee87e837f3794f68f6a460e194fbd556d7c6029474dd4dc125e6,0.0,0.0,False,False,0.7633284660400697,False,False,0.76735658512783,False,False,0.692331114641358,False,False,0.6967049497583675
391,390,80.92919619986787,116622.62609374945,117079.95698397953,0.003906141597683163,0.19561679987236857,391,0,0.0,0,0,True,22,111111111101011,2652.826171037652,464.2166803242226,0.45950937531890873,0.4084621756778378,9b6f79d5ae0f2c83a55f74cc1e2f7ef87e95f1653780c8e1c3f557f7ad695a43,0.0,0.0,False,False,0.7665707620665456,False,False,0.6516296428263804,False,False,0.6688590847149264,False,False,0.733826131434432
392,391,81.27914420003071,116622.62609374945,117079.95698397953,0.003906141597683163,0.1779411998577416,392,0,0.0,0,0,True,22,111111111101011,2284.512465617729,448.930523071153,0.39572742588676263,0.426760453311448,f5af6594fe6ab191bdd931260da9b720812cb4c22dfe8ededf6c94374151bf9e,0.0,0.0,False,False,0.35849702035323455,False,False,0.723882705825894,False,False,0.7840747377688838,False,False,0.7360993301570912
393,392,81.63200939982198,116622.62609374945,117079.95698397953,0.003906141597683163,0.1840142000000924,393,0,0.0,0,0,True,22,111111111101011,14.13937988645409,2.9235305445006827,0.0024493354036012258,0.002669945903298839,686bd0587cee7ddf4663b384497e21cf5f4667504cf33f1f66ba7c884f9250c3,0.0,0.0,False,False,0.3949545017797809,False,False,0.35788466429127513,False,False,0.7238234985320099,False,False,0.7830460055325138
394,393,82.02603439986706,116622.62609374945,117079.95698397953,0.003906141597683163,0.2123833999503404,394,0,0.0,0,0,True,22,111111111101011,3185.9727164687442,574.1424291291005,0.5519213868541843,0.5246038070922779,396c2d2f2f2b73ed315e221b3b2405a73c663373011ea4732eb0759a34c89df4,0.0,0.0,False,False,0.5532044879330755,False,False,0.44431808142072066,False,False,0.5269253689123545,False,False,0.8557057084410514
395,394,82.40132459998131,116622.62609374945,117079.95698397953,0.003906141597683163,0.2014668001793325,395,0,0.0,0,0,True,22,111111111101011,3984.807333399425,670.677460887616,0.6902745143456164,0.6362658903688162,ec535f37c4d6946b50c3513188556bb715bbd7cc4c5f417daf676bac37e48d93,0.0,0.0,False,False,0.42292831703867984,False,False,0.42307884990470707,False,False,0.5629862324193614,False,False,0.4153396184427566
396,395,82.72054779995233,116622.62609374945,117079.95698397953,0.003906141597683163,0.20025429991073906,396,0,0.0,0,0,True,22,111111111101011,4160.353263887891,742.979140383629,0.7205381017323641,0.6973930115627196,82cd15c070a94fe467971112a31a678ae1a7dd087594aaeb354bd8d26677b2af,0.0,0.0,False,False,0.7709691622078528,False,False,0.6279015718810977,False,False,0.6280837091156986,False,False,0.6472267254381915
397,396,83.04763919999823,116622.62609374945,117079.95698397953,0.003906141597683163,0.20252959989011288,397,0,0.0,0,0,True,22,111111111101011,3321.118473131074,619.327455135292,0.5751577072098701,0.5576879405585222,f9d2d31b22a9e61157a0987a7502139d53bf60b251e67949d27dc609bcf50d7e,0.0,0.0,False,False,0.7660510928144504,False,False,0.666163421905355,False,False,0.6663501448383597,False,False,0.6672933838240963
398,397,83.44608039990999,116622.62609374945,117079.95698397953,0.003906141597683163,0.20872659981250763,398,0,0.0,0,0,True,22,111111111101011,2963.990814047913,512.3862887718788,0.5134000906954727,0.4813497657117661,842e2e3f584ffc35bcdbcb24c40dd6cadd27e8856712f172930f446c25db7ea9,0.0,0.0,False,False,0.5780030904156258,False,False,0.6973221155286065,False,False,0.7460461379900822,False,False,0.5626138868217553
399,398,83.81068899994716,116622.62609374945,117079.95698397953,0.003906141597683163,0.227750200079754,399,0,0.0,0,0,True,22,111111111101011,3621.532232668313,594.2038335455582,0.6273788560153348,0.5491106522391045,78e6059301401195ee25be25f1c7a5d6aef653a33de3a482e31584aa8a7d1946,0.0,0.0,False,False,0.769195683324296,False,False,0.8393586331810553,False,False,0.7393782408920018,False,False,0.8258289668185641
400,399,84.16330230003223,116622.62609374945,117079.95698397953,0.003906141597683163,0.2252893999684602,400,0,0.0,0,0,True,22,111111111101011,29.053663125306976,6.280439344437868,0.0050332203766401,0.005823126695674681,8890a6b924f417694c6d3f802b1977c36e228eac488f2fee263ddb7bc3d284df,0.0,0.0,False,False,0.6277310551207808,False,False,0.7692020883427306,False,False,0.8393609961497529,False,False,0.7392722263688499
401,400,84.51866539986804,116622.62609374945,117079.95698397953,0.003906141597683163,0.21108969999477267,401,0,0.0,0,0,True,22,111111111101011,3300.7424560316713,599.3125499723417,0.5718103537884093,0.556019652815088,09551ad68bf8944561a5c2f482ec952035190fe3cf81335fcd9394881b851415,0.0,0.0,False,False,0.571787887841463,False,False,0.7270444908421012,False,False,0.7832445967587139,False,False,0.8138789065067181
402,401,84.88145560002886,116634.55490460641,117079.95698397953,0.0038042555775286446,0.20766020007431507,402,0,0.0,0,0,True,22,111111111101011,3262.335782162688,575.7628680259613,0.5651593171493886,0.5631826858705316,1ad149d05f72a27a9a395d64280cabcefd84c640c06ae1ac043dfe547658f38d,11.928810856959899,0.0001018860201545185,False,False,0.580330808699819,False,False,0.5806142882723434,False,False,0.7069377374137044,False,False,0.816746789122406
403,402,85.22732569999062,116634.55490460641,117079.95698397953,0.0038042555775286446,0.22230160003528,403,0,0.0,0,0,True,22,111111111101011,1195.836499732503,235.56217316508548,0.2071676251647909,0.22140864743354283,e0446ece0c5d7a3ba4064dc08d7d2ef10ba21b6a4b561512b44a29cc6b01763e,0.0,0.0,False,False,0.6032443761198913,False,False,0.6522587339007744,False,False,0.6522959669001489,False,False,0.6882206877817095
404,403,85.57029239996336,116635.10641824044,117079.95698397953,0.003799545004957278,0.20438540005125105,404,0,0.0,0,0,True,22,111111111101011,1262.0632886021356,248.71221544704426,0.2186402023863132,0.229163150738947,2f7334dd5ab7707ee7a0ae2e72c90f5de7f5a6a36b1ac6064f86c537be460425,0.5515136340254685,4.710572571366405e-06,False,False,0.08250898955603748,False,False,0.5399069259377236,False,False,0.5696515568613627,False,False,0.5696725318740894
405,404,85.92718150001019,116635.10641824044,117036.08844780985,0.0034261400469498674,0.22674000007100403,405,0,0.0,0,0,True,22,111111111101011,3194.683225061237,544.2046763128711,0.5534430465113178,0.5140718931167835,e94102d8fa6e4c899a9437792f44fee36d906051e18bbb4a74863313c6427ec9,0.0,0.00037340495800741074,False,False,0.5199106437698829,False,False,0.5590737525098611,False,False,0.7229875840641257,False,False,0.7254265156094282
406,405,86.29629409988411,116635.10641824044,117036.08844780985,0.0034261400469498674,0.20544669986702502,406,0,0.0,0,0,True,22,111111111101011,6.796471513132266,1.910167816240512,0.0011774090562504747,0.0018601488416984404,5ce00c44b81de17c49b5f7687798bb12e62a1377f3643d6a3f86778ac80a6c81,0.0,0.0,False,False,0.5533062560185235,False,False,0.5199195011572239,False,False,0.559178374585686,False,False,0.7228899058374293
407,406,86.6720710999798,116635.10641824044,117036.08844780985,0.0034261400469498674,0.23103260016068816,407,0,0.0,0,0,True,22,111111111101011,1988.5243670884652,345.65645537361667,0.3444739649581315,0.33671108559112944,ef1561306774d6a02c2b64734505fc225770078b5c0c63b9a1bf30b71eb98517,0.0,0.0,False,False,0.3439975985329223,False,False,0.5583470299098175,False,False,0.501895016284526,False,False,0.5544728676450021
408,407,87.04032389982603,116635.10641824044,117036.08844780985,0.0034261400469498674,0.2286467000376433,408,0,0.0,0,0,True,22,111111111101011,2675.9032075564705,450.3028968622808,0.4635532173365997,0.4306261713076514,8ec7953eb4fb8917a094c2cb45b9ccb8ee8d439adc5923e0f9f6bb2ac4ee073d,0.0,0.0,False,False,0.2522337594627639,False,False,0.2529205136320532,False,False,0.561495520329,False,False,0.5145958186147516
409,408,87.42710409988649,116635.10641824044,117036.08844780985,0.0034261400469498674,0.2403080000076443,409,0,0.0,0,0,True,22,111111111101011,2828.0645385395405,507.4674909877618,0.4899063847314141,0.4966497594043831,3ddc6d65a27351a29333dc295c8349770df261c573ab8184cae219b414a6c933,0.0,0.0,False,False,0.3633977015317276,False,False,0.3973192735086231,False,False,0.39709631958998587,False,False,0.7003735495408497
410,409,87.82028199988417,116635.10641824044,117036.08844780985,0.0034261400469498674,0.22879139985889196,410,0,0.0,0,0,True,22,111111111101011,3846.4894340645073,690.4060723558198,0.6663520228521783,0.6421506579055066,9983b81d03b121cc92ef9e2ab2841ffa4bdf3b0823124fc25cfe251f9dcbb8ba,0.0,0.0,False,False,0.5422454419786824,False,False,0.5441123275014099,False,False,0.5802611370275725,False,False,0.5802938713359009
411,410,88.1697448999621,116635.10641824044,117012.49085137437,0.003225163658923192,0.22433519992046058,411,0,0.0,0,0,True,22,111111111101011,3005.78248494171,546.6839765448781,0.5207184996932535,0.5106145884630418,b790d8078cc3f050d9ab877adff1f5311db549659da680405fc271f2bd74890a,0.0,0.0002009763880266753,False,False,0.5282771233548476,False,False,0.38274978033558693,False,False,0.5013482880265484,False,False,0.3575520336359218
412,411,88.59111229982227,116635.10641824044,117012.49085137437,0.003225163658923192,0.2372735000681132,412,0,0.0,0,0,True,22,111111111101011,3722.8187801601107,635.2193656843752,0.6449350098514868,0.6326068708343023,82e7829a44643e923e66f05e0bd51896a0860fd1077ff8c453fc6f62abe14869,0.0,0.0,False,False,0.6541635423429699,False,False,0.4657711539912549,False,False,0.5781271253166309,False,False,0.5042856266642555
413,412,88.99928049999289,116635.10641824044,117012.49085137437,0.003225163658923192,0.22243249998427927,413,0,0.0,0,0,True,22,111111111101011,69.5934773323516,14.142284271121584,0.01205721922339576,0.012742866515566612,f3a52daf34fd9db26a94c61bd025ee761cc4cd85184eb0b5f368b1403d36f1a2,0.0,0.0,False,False,0.6462501353627768,False,False,0.6523342316707078,False,False,0.46550079914092735,False,False,0.5813440246268251
414,413,89.34179229987785,116635.10641824044,117012.49085137437,0.003225163658923192,0.2217530000489205,414,0,0.0,0,0,True,22,111111111101011,3861.0797001153555,720.4501409695467,0.6688589244329366,0.6496702793566224,4e0ae5491a3364e3200f75d7122ae4297ebcf33f1e54349c49ba39dd74aa54a2,0.0,0.0,False,False,0.6766121893710041,False,False,0.6051314600904021,False,False,0.5633746986471277,False,False,0.6446014200058361
415,414,89.76556149986573,116635.10641824044,117012.49085137437,0.003225163658923192,0.23360690008848906,415,0,0.0,0,0,True,22,111111111101011,3180.6524326314548,615.847064234543,0.5509765182819938,0.5976876825869051,ae1706d6309578bc916bcdd99d77b7862c2772eaa0982892098ec5cd230605f8,0.0,0.0,False,False,0.44465850824326586,False,False,0.4507732115414102,False,False,0.5293188131661163,False,False,0.5440234842978061
416,415,90.10798129998147,116635.10641824044,117012.49085137437,0.003225163658923192,0.21659849979914725,416,0,0.0,0,0,True,22,111111111101011,3978.5035392893496,732.1847992134524,0.689236639080844,0.6948589478944048,4b2047d855a0c98e1166dd185aa6c577960b2da435631f5f8b327daf87ddfa1e,0.0,0.0,False,False,0.756132250024862,False,False,0.7014067605267708,False,False,0.6984893046419122,False,False,0.5309318476489518
417,416,90.49528479995206,116635.10641824044,117012.49085137437,0.003225163658923192,0.20183219993487,417,0,0.0,0,0,True,22,111111111101011,3570.4529166756492,728.6327050735824,0.6184960359376266,0.6672941004595051,a79fc1a66c1259463322c2ba6e40f178c006ec7ea72807c566c1ff933bc49c99,0.0,0.0,False,False,0.7607346935286575,False,False,0.8672686454584742,False,False,0.6607154983814407,False,False,0.6608319409535458
418,417,90.90981419989839,116635.10641824044,117012.49085137437,0.003225163658923192,0.24465500004589558,418,0,0.0,0,0,True,22,111111111101011,3309.0286536623116,606.7269313717918,0.5732346679993846,0.5404176683764113,a26ead41bd19956a9bc3dff8c90938bde5f69192c2223d3a63023f8c7bb93921,0.0,0.0,False,False,0.700317923590573,False,False,0.6731611130539608,False,False,0.6096201946069616,False,False,0.6833565262159165
419,418,91.32218999997713,116635.10641824044,117012.49085137437,0.003225163658923192,0.2261417000554502,419,0,0.0,0,0,True,22,111111111101011,2664.4493551593314,513.5335339528317,0.46157905799105226,0.4778826178006407,6ac8e17909adbb4ff9500ec3ef14230af1f0ca9f1c29dc5230c59f7b069b863a,0.0,0.0,False,False,0.6544974435104953,False,False,0.737053975070642,False,False,0.637914745525651,False,False,0.6659075668410397
420,419,91.68000059993938,116635.10641824044,117012.49085137437,0.003225163658923192,0.23193070013076067,420,0,0.0,0,0,True,22,111111111101011,2567.7721977122696,471.16574224391076,0.44479223704587234,0.43712766574881595,b770037a87b5c274d545f8e6ab0cb4abd0937d305fa321a821b31940a6a940d4,0.0,0.0,False,False,0.6518711411978504,False,False,0.6828119123844807,False,False,0.691664794585953,False,False,0.5923653024118588
421,420,92.03780559985898,116635.10641824044,117012.49085137437,0.003225163658923192,0.23839799989946187,421,0,0.0,0,0,True,22,111111111101011,2890.992407996746,604.8833080933872,0.5007704509345868,0.5815693373216811,d81df5006101daf7f96fbf04eea17058b4e2075c293370549b57949d33b315f6,0.0,0.0,False,False,0.48965642884066723,False,False,0.5591244560640691,False,False,0.7018588497234302,False,False,0.5219776321086337
422,421,92.39943869994022,116635.10641824044,117012.49085137437,0.003225163658923192,0.23422460001893342,422,0,0.0,0,0,True,22,111111111101011,4736.203412160528,845.8106735222428,0.8204501190145784,0.8089069645069673,1df6d76810c1eaffaeab16c705dce535201786ac15536d1baf57a427bdc31eed,0.0,0.0,False,False,0.706384294607851,False,False,0.6587080316051358,False,False,0.6631824464966157,False,False,0.5925922654783428
423,422,92.7399002998136,116635.10641824044,117012.49085137437,0.003225163658923192,0.20637899986468256,423,0,0.0,0,0,True,22,111111111101011,4229.633462475209,788.9385676813685,0.7327737406283182,0.7127694437349854,60ea8e7825c9566d647b1a97e3b4dddcd3d22ec8376ee90c3439659a1165fa05,0.0,0.0,False,False,0.6897917172116647,False,False,0.6182795479998138,False,False,0.642835132102872,False,False,0.7811866164325788
424,423,93.08433059998788,116635.10641824044,117012.49085137437,0.003225163658923192,0.20894869999028742,424,0,0.0,0,0,True,22,111111111101011,3408.9536948961904,584.0537421624358,0.590598973353093,0.5467724445137511,df88603e354ce9bbd2e763fbb811c8c125ef31b0fc3c60cf1ecd6fe1f43be6ac,0.0,0.0,False,False,0.7761675235519752,False,False,0.8871998304431116,False,False,0.7541805226917313,False,False,0.734051148209594
425,424,93.40562109998427,116635.10641824044,117012.49085137437,0.003225163658923192,0.1977967000566423,425,0,0.0,0,0,True,22,111111111101011,2184.082052384051,424.5023502724389,0.37837459195271567,0.38458945827366975,7e71bd31b6ec8c967424c76919ea87da3e4cd51ad3a12b49d67992881ae98193,0.0,0.0,False,False,0.4878003723145199,False,False,0.7740868335919319,False,False,0.7173699185913036,False,False,0.6527938019465156
426,425,93.76225609984249,116635.10641824044,117012.49085137437,0.003225163658923192,0.21754169999621809,426,0,0.0,0,0,True,22,111111111101011,2855.008802006616,498.5101949260443,0.4946089436109173,0.4778358353658915,47ed92ed5e625cc10eff2c933abccbc28a9000b0801644124e5cfca1ceaaf0a4,0.0,0.0,False,False,0.5821464178179326,False,False,0.7725218650762139,False,False,0.8020613608232702,False,False,0.8239957954646471
427,426,94.12204359984025,116635.10641824044,117012.49085137437,0.003225163658923192,0.21581520000472665,427,0,0.0,0,0,True,22,111111111101011,4156.849619535984,824.0801656508128,0.7200774364471776,0.786024423648538,7fbac247d7b1058fffedaf18c21e4b92042e91416032eb9e3673533b84513370,0.0,0.0,False,False,0.7165757545772691,False,False,0.6056867463430332,False,False,0.7057652584068457,False,False,0.9587977128028736
428,427,94.4728719999548,116635.10641824044,117012.49085137437,0.003225163658923192,0.21917599998414516,428,0,0.0,0,0,True,22,111111111101011,4275.977557840903,841.6084535401197,0.7406601958692269,0.7803486526527591,a5b375f17762ef283c61f2583aaff7690bcd87a0b664a9455a4209cb32a3b072,0.0,0.0,False,False,0.6760173642681034,False,False,0.6140878270626972,False,False,0.6141607240621471,False,False,0.7022021700167371
429,428,94.835845900001,116649.02546129256,117012.49085137437,0.0031062101783942953,0.24484939989633858,429,0,0.0,0,0,True,22,111111111101011,3899.2106107718964,717.6036967673492,0.6754431941618577,0.6686019739860757,1b2da8e33a996f7843f4685867af2142ff6d0be7f135f5105b8cebe9e1173da4,13.919043052126653,0.00011895348052889682,False,False,0.7483080512213329,False,False,0.8689955013567929,False,False,0.8732455173233351,False,False,0.8010491612109617
430,429,95.20963129983284,116649.02546129256,117012.49085137437,0.0031062101783942953,0.24823300004936755,430,0,0.0,0,0,True,22,111111111101011,706.4262744977582,144.38604663933938,0.12237196930231577,0.12571882554916697,b50af06a693754b271f4290ad1156f60ef5a333f0a990948fa097a4e47797e10,0.0,0.0,False,False,0.6445372943225061,False,False,0.7386924752219616,False,False,0.8302128877556125,False,False,0.8300481132364583
431,430,95.59784699999727,116649.02546129256,117012.49085137437,0.0031062101783942953,0.23814549995586276,431,0,0.0,0,0,True,22,111111111101011,3107.2643735885526,572.1229293646818,0.5382699602162911,0.5082960678439808,e994d9da04cfff04a3937aa639e6873fe2c80ad09d51be1b49afd572d815d4bd,0.0,0.0,False,False,0.5494120232774679,False,False,0.6088811347032317,False,False,0.8478113271264153,False,False,0.7984900981691255
432,431,95.99753699987195,116649.02546129256,117012.49085137437,0.0031062101783942953,0.254070500144735,432,0,0.0,0,0,True,22,111111111101011,3028.8499889835502,535.4528736319247,0.5246596616298814,0.502727108960653,2139e3df5a3e0ed00b3bf5794445699a017039767eb8bc1d38562bd9475db0e4,0.0,0.0,False,False,0.7887459829132686,False,False,0.8175876816303266,False,False,0.7160160324979635,False,False,0.6791526204978987
433,432,96.37690619984642,116649.02546129256,117012.49085137437,0.0031062101783942953,0.2626234001945704,433,0,0.0,0,0,True,22,111111111101011,3544.5419628523323,655.667245358289,0.6139314451637183,0.6352912409706323,7a3e46f8d4e0ed5ee95c7a80693db050c5ce751297c39e67841b68d31a55f083,0.0,0.0,False,False,0.8135867402753503,False,False,0.9253092193507761,False,False,0.9926996888905654,False,False,0.7797838690869945
434,433,96.75533339986578,116649.02546129256,117012.49085137437,0.0031062101783942953,0.2357072001323104,434,0,0.0,0,0,True,22,111111111101011,1087.3887688465184,223.7724673783671,0.18833663324687214,0.2064335902537262,fc889011a0ddac96564cb1af9f28911da49bec51416b4226e1dc68fdebea893f,0.0,0.0,False,False,0.6554450859717299,False,False,0.8124535323169114,False,False,0.9614402785577919,False,False,1.0315430357393525
435,434,97.11673809983768,116649.02546129256,117012.49085137437,0.0031062101783942953,0.23335570003837347,435,0,0.0,0,0,True,22,111111111101011,4732.900050176879,867.5840980078812,0.8198332175030267,0.7915517419360408,03eba1c5bc2b9ef8bae76c0266948daf043bdcfa71e8549f1613489c451215e0,0.0,0.0,False,False,0.7708333813099508,False,False,0.7495918218914533,False,False,0.7815952773845146,False,False,0.7931873375983025
436,435,97.5516662998125,116649.02546129256,117012.49085137437,0.0031062101783942953,0.24618729995563626,436,0,0.0,0,0,True,22,111111111101011,2809.1602125394757,541.9424939486834,0.4866548517416413,0.5021639987788019,8ce191c19bef1269e12a9e58fe1d060c65a6722ebb3bf62860c06231d665a13c,0.0,0.0,False,False,0.7740083673291818,False,False,0.6695552764483004,False,False,0.7087067085377821,False,False,0.7997075134571588
437,436,97.93823919980787,116649.02546129256,117012.49085137437,0.0031062101783942953,0.24468909995630383,437,0,0.0,0,0,True,22,111111111101011,3410.8000864991504,602.9416839668928,0.5908451898978815,0.567013066672157,b8d54650bb391fb5bd08f6b02dbf8a819fe1976567db8bb0c6a67b85d8f1f0da,0.0,0.0,False,False,0.6591242231040833,False,False,0.6653951076400277,False,False,0.6533093427927875,False,False,0.8260339988921709
438,437,98.31207189988345,116649.02546129256,117012.49085137437,0.0031062101783942953,0.2389720999635756,438,0,0.0,0,0,True,22,111111111101011,193.25757488638348,40.85377296175481,0.03347560287956772,0.03848037751499744,c8c83d94a3bc77afa9a8a737cf636ad1c8b035ca67bd9bb6a41006f197f0ed2b,0.0,0.0,False,False,0.6077338357350263,False,False,0.6704567319021643,False,False,0.6797455307205177,False,False,0.6650001741786443
439,438,98.69097729981877,116649.02546129256,117012.49085137437,0.0031062101783942953,0.2423202998470515,439,0,0.0,0,0,True,22,111111111101011,2873.740095669283,501.1064390054536,0.4977856298188529,0.47205053503093336,354504e73c19c3aa81b979b656029c01342d550b656bf18eb851d3f0c4ea8feb,0.0,0.0,False,False,0.48550511940312185,False,False,0.7085188687810086,False,False,0.7807252818514884,False,False,0.676285376974033
440,439,99.03987779980525,116649.02546129256,117012.49085137437,0.0031062101783942953,0.23080889997072518,440,0,0.0,0,0,True,22,111111111101011,4172.4940994285025,750.9460657322055,0.7227298599028054,0.7002239154587482,6328fa9f95f40caa75c9d22fdd2b57000795deb2f4b94632889fdf1be2415cca,0.0,0.0,False,False,0.5558465489877268,False,False,0.5409055376221061,False,False,0.7914921036237075,False,False,0.6596821248890822
441,440,99.40644559985958,116649.02546129256,117012.49085137437,0.0031062101783942953,0.2155108000151813,441,0,0.0,0,0,True,22,111111111101011,3469.2732914502203,636.8025045370478,0.6009496808653285,0.5934219741101812,4c614781cf2bb01d45edd206b02e5df3059c9fc7f65b1ae2bdd923affcb2c233,0.0,0.0,False,False,0.5751458851542741,False,False,0.4571365545704021,False,False,0.4536030163212601,False,False,0.5996339951358777
442,441,99.77247409988195,116649.02546129256,117012.49085137437,0.0031062101783942953,0.24299190007150173,442,0,0.0,0,0,True,22,111111111101011,2384.429382092371,454.0775525739304,0.4130389837222162,0.4376624080396865,c04d40efde03895d2eaefec25fb910810c917a1b24f8312b5df9f6d18ea0d1ac,0.0,0.0,False,False,0.5972742996114486,False,False,0.49694268924220325,False,False,0.5339681567749509,False,False,0.5312279413180181
443,442,100.13016089983284,116649.02546129256,117012.49085137437,0.0031062101783942953,0.23044779989868402,443,0,0.0,0,0,True,22,111111111101011,2634.415880781531,492.4716930724558,0.4563031948614504,0.4594968559429282,4f1505b0e4b74eb5ea23cb81d3edca1db3ca5a2c15fc42801382ec134287bcd1,0.0,0.0,False,False,0.4622340112588305,False,False,0.6909257026525751,False,False,0.6510114942523973,False,False,0.4646251767508646
444,443,100.53052399982698,116649.02546129256,117012.49085137437,0.0031062101783942953,0.2506099999882281,444,0,0.0,0,0,True,22,111111111101011,3369.6970954280023,637.0523521580302,0.5836492053249568,0.6045914703066072,7ac6af79f1eb68444a374e370cb102e8bd320c22d47fa7e36d48a95f04ffa2d9,0.0,0.0,False,False,0.45171317988538645,False,False,0.4922269369127946,False,False,0.5946779029718389,False,False,0.543151883296135
445,444,100.8775765998289,116649.02546129256,117012.49085137437,0.0031062101783942953,0.21981239994056523,445,0,0.0,0,0,True,22,111111111101011,2939.954889467167,495.0212668898463,0.5092194966879746,0.4767547881891934,92252272fa89c9d046b707083c3866342444f527a48945479999287e52db3655,0.0,0.0,False,False,0.5697952946782464,False,False,0.5338291496252718,False,False,0.531260176755948,False,False,0.6521260178272392
446,445,101.27356689982116,116649.02546129256,117012.49085137437,0.0031062101783942953,0.22453660005703568,446,0,0.0,0,0,True,22,111111111101011,2981.9203269798254,560.894587729332,0.5165151396331022,0.5390601618087222,6af6fd9ad5b27d2abf005d14451a87c7c9536a9674c335eb784addc464df8bb4,0.0,0.0,False,False,0.4276057216673191,False,False,0.6779493537851016,False,False,0.5318223075097935,False,False,0.6669344164923214
447,446,101.68482349999249,116649.02546129256,117012.49085137437,0.0031062101783942953,0.23273990000598133,447,0,0.0,0,0,True,22,111111111101011,3059.9850041285213,578.0599451300012,0.5300663011301905,0.5534957347263959,39941c9198e10c1f8b3fa69534187244e12a53faa16effb34b1d75a253cf10a0,0.0,0.0,False,False,0.6331156793495099,False,False,0.5785399311452996,False,False,0.8897856300635968,False,False,0.7205773360308869
448,447,102.09183159982786,116649.02546129256,117012.49085137437,0.0031062101783942953,0.2845010000746697,448,0,0.0,0,0,True,22,111111111101011,3487.1893211928814,607.0160990451081,0.604057701849891,0.562787573928181,574c267b7e755a916427ba7f28cc9b5da3bd51b93feb723f51ab4db3240e4319,0.0,0.0,False,False,0.5700580994902016,False,False,0.7367751479173723,False,False,0.6337978504839298,False,False,0.7513846334507011
449,448,102.46909649996087,116649.02546129256,117012.49085137437,0.0031062101783942953,0.2507956000044942,449,0,0.0,0,0,True,22,111111111101011,3215.705733049662,514.1945949023403,0.5570224401655783,0.5158413524872104,344f46843d5280fa85d5f74337008395ab0ff9819a24ab37622995d0a58a4bc7,0.0,0.0,False,False,0.7700376337164385,False,False,0.6639516439893437,False,False,0.6957573760266531,False,False,0.7136593432724865
450,449,102.84100759983994,116649.02546129256,117009.97415813961,0.0030847686228801362,0.23487409995868802,450,0,0.0,0,0,True,22,111111111101011,3127.534179164257,621.8906830702688,0.541755789341159,0.5967949224433969,bdf0f3f6b3a05d775352fa0fa56f582c7e17d07df55efbc14093454a6a43db39,0.0,2.144155551415906e-05,False,False,0.5398971995691318,False,False,0.745923287062922,False,False,0.48283497405108855,False,False,0.575125507987506
451,450,103.23087530001067,116649.02546129256,117009.97415813961,0.0030847686228801362,0.26849570008926094,451,0,0.0,0,0,True,22,111111111101011,3515.932441024598,599.4297761345438,0.6090383836575539,0.5811203144916367,ee324bb389667c88a589c6e70ef70eb81badcd0d7430800659204a9fcc28dbab,0.0,0.0,False,False,0.6759674733053898,False,False,0.5663474640341792,False,False,0.632483275539169,False,False,0.4723134773117987
452,451,103.58754729991779,116649.02546129256,117009.97415813961,0.0030847686228801362,0.2572571001946926,452,0,0.0,0,0,True,22,111111111101011,2867.5592752354632,520.6877769910329,0.4967306444028405,0.49767943257522224,be9bfcc831bb1f245ab70f3ad2ce2f553c157d5fde4897c23f9b85d4cab60595,0.0,0.0,False,False,0.5050891879954579,False,False,0.6993488570336777,False,False,0.568501082041736,False,False,0.803975933402161
453,452,103.9616111998912,116649.02546129256,117008.37614345615,0.0030711534849693677,0.24960109987296164,453,0,0.0,0,0,True,22,111111111101011,3059.72947598031,566.3052550041156,0.5299940138157326,0.5395394944273214,5d3495e5ec3ae4aae772b6bc86ef0f02f758f2f6f29a247d2358df3a8c563cad,0.0,1.361513791076855e-05,False,False,0.4314903946492473,False,False,0.5826812171328252,False,False,0.6403609785971693,False,False,0.49447901447587594
454,453,104.29778779996559,116649.02546129256,117008.37614345615,0.0030711534849693677,0.21868610009551048,454,0,0.0,0,0,True,22,111111111101011,564.7414605877605,107.51886429012806,0.09781754458140333,0.09962100547363704,83f5be47385c419eceb1454f50e755df76001e588e70bdfee1fefe4af3c363a2,0.0,0.0,False,False,0.5168533101887426,False,False,0.4756657574385146,False,False,0.5579803665743912,False,False,0.6560480318646122
455,454,104.73359859990887,116649.02546129256,117008.37614345615,0.0030711534849693677,0.27466619992628694,455,0,0.0,0,0,True,22,111111111101011,2876.7867566948426,510.2052883997827,0.49827952866389463,0.46504076216435497,0e47ff511ca50668e40bb067106b1f69db22a9aaebae092b076c542b55d8ac6f,0.0,0.0,False,False,0.4758883289184518,False,False,0.6238671940746245,False,False,0.5646381543859756,False,False,0.5978720937510393
456,455,105.17929589981213,116649.02546129256,117008.37614345615,0.0030711534849693677,0.2516491001006216,456,0,0.0,0,0,True,22,111111111101011,1266.9089949589643,222.67162283582994,0.2194419252429805,0.21056944391610352,2e33d049d3a71474524f704fe891346e4e01fb950b9cd464804e140b4e733e55,0.0,0.0,False,False,0.6145143425330447,False,False,0.5797279936468601,False,False,0.6733744162221257,False,False,0.609042158264934
457,456,105.5901347999461,116649.02546129256,117008.37614345615,0.0030711534849693677,0.2383675999008119,457,0,0.0,0,0,True,22,111111111101011,3257.3136124902676,530.6703988835176,0.5642060573200216,0.5052699514713851,54673e94423d298ad5ded1501030ddcdcfed479cbc229984cec7b4d35bb2584e,0.0,0.0,False,False,0.5776876114793428,False,False,0.650145833251569,False,False,0.6551472848619296,False,False,0.6152153900616356
458,457,106.07347219996154,116649.02546129256,117008.37614345615,0.0030711534849693677,0.29347610007971525,458,0,0.0,0,0,True,22,111111111101011,2631.4170156428345,482.534002618841,0.4558238790762818,0.47135592686913413,8e40884217381ce5a426b5e2aac0fd3016109e56c58328491204ff00c53dad0f,0.0,0.0,False,False,0.48392363811132805,False,False,0.5370433831771996,False,False,0.7605197146394038,False,False,0.7550286948529022
459,458,106.48979379981756,116649.02546129256,117008.37614345615,0.0030711534849693677,0.228548499988392,459,0,0.0,0,0,True,22,111111111101011,3391.9680160544794,605.4009415855052,0.5875848380719342,0.5813108469924657,b161c09bc0fb8fc26e5abe04a24fcc027074f9f4df0801832b95637073976bfb,0.0,0.0,False,False,0.4425803977925351,False,False,0.542405865288898,False,False,0.5182033373571028,False,False,0.5680729228650365
460,459,106.87792999995872,116649.02546129256,117008.37614345615,0.0030711534849693677,0.24046150012873113,460,0,0.0,0,0,True,22,111111111101011,3822.0079291131856,629.6312392147938,0.6619953520803217,0.6084617132799711,f3107ae9a5dbfe148928de68390a0725c7ac1959f25ae4518ad89047ff6b68e1,0.0,0.0,False,False,0.7455221924247956,False,False,0.5893842295563587,False,False,0.6347751214773254,False,False,0.5439069543399416
461,460,107.2944568998646,116649.02546129256,117008.37614345615,0.0030711534849693677,0.22665020008571446,461,0,0.0,0,0,True,22,111111111101011,97.93179680336145,20.947271566430484,0.01696119861911687,0.01934962127717408,a59e973a9d7115428761385b3779e2dc2daffe049da5a6ab01aeaaba842ceae3,0.0,0.0,False,False,0.6561170410788708,False,False,0.7425523558896359,False,False,0.5890960436392841,False,False,0.6298029091947985
462,461,107.67526289983653,116649.02546129256,117008.37614345615,0.0030711534849693677,0.22977179987356067,462,0,0.0,0,0,True,22,111111111101011,27.194071388779143,5.515360766901769,0.004709867251272016,0.0051073090575362075,c6dbaf5996887859c6c93fc9525138e0cb4f258b5b7cccba98d1761f1589a3f8,0.0,0.0,False,False,0.02095806506549132,False,False,0.6547710761684774,False,False,0.7426425777552516,False,False,0.5886259587565388
463,462,108.05005419999361,116649.02546129256,117008.37614345615,0.0030711534849693677,0.22652220004238188,463,0,0.0,0,0,True,22,111111111101011,27.604664231802317,5.487114368177832,0.004780979728595289,0.0050835134014080114,1ecebf1024426da23b59ea4beeeee20f31e6ab2c26d1179b01ef282f92590c7a,0.0,0.0,False,False,0.00043639907699674396,False,False,0.017397653008070557,False,False,0.656117041067713,False,False,0.742795658008868
464,463,108.43313209991902,116649.02546129256,117008.37614345615,0.0030711534849693677,0.2503545000217855,464,0,0.0,0,0,True,22,111111111101011,82.64153950839292,16.32261571879265,0.01431309283200788,0.015119218874227425,f263688c99949a8253fae5a5f5496cffd18d1eeba002639ce36600a52bb9bc3a,0.0,0.0,False,False,0.009804583096296738,False,False,0.014262915667268613,False,False,0.030052171547566352,False,False,0.6516873682397715
465,464,108.84039889997803,116649.02546129256,117008.37614345615,0.0030711534849693677,0.2388241000007838,465,0,0.0,0,0,True,22,111111111101011,310.6124547374395,63.99060150241958,0.053796918097467256,0.05933279423093367,54a86ed2b616711acd20984c0fec8199d265cca09f1a0b8d877bcabe98fac37b,0.0,0.0,False,False,0.06738965646465112,False,False,0.06281942379076699,False,False,0.0673394505074825,False,False,0.08316828677296838
466,465,109.23612589994445,116660.63809654235,117008.37614345615,0.0029719072973670045,0.24098620004951954,466,2,0.13333333333333333,1,1,False,22,111011111101111,4474.86029390814,826.4521242340311,0.7747253956409019,0.7699264747969641,bcce8953719d96de78767144f44b0388ee8efe4533baf79936a98d955cdbe464,11.612635249781306,9.924618760236321e-05,False,False,0.7657550136234059,False,False,0.7666519657585066,False,False,0.7666776510082577,False,False,0.7668950782276143
467,466,109.56956999981776,116660.63809654235,117008.37614345615,0.0029719072973670045,0.20756560005247593,467,0,0.0,0,0,True,22,111011111101111,647.07946098001,134.03404206833895,0.1119751920765692,0.1243502746770386,6bd02c328f5d27462b57c8c2cb07994e42f5753cdaf20276890305c6f6f067ce,0.0,0.0,False,False,0.8043364100974676,False,False,0.7914283718800333,False,False,0.7894495859291496,False,False,0.7903511615947132
468,467,109.90737919998355,116660.63809654235,117008.37614345615,0.0029719072973670045,0.21066860016435385,468,0,0.0,0,0,True,22,111011111101111,3629.269936960921,717.824862120193,0.6278343484993257,0.6505414674811059,3cd1fb805f97ce1aae22c27503485559f86a5ffa9583f3bcdaa757930283962f,0.0,0.0,False,False,0.6172952968667061,False,False,0.8743003154534814,False,False,0.8766206053630877,False,False,0.877560173557479
469,468,110.29241229989566,116687.52465589382,117008.37614345615,0.0027421240951925334,0.22648929990828037,469,0,0.0,0,0,True,22,111011111101111,4417.069911641405,820.444598496574,0.7641025744841522,0.680100026604686,5e440bdf63691d45762f0ba4d5cb9a9e353124ed65be7ea670f7bd6ee9d7e6d4,26.886559351478354,0.00022978320217447107,False,False,0.7296472271800246,False,False,0.6985799088824471,False,False,0.77224989970292,False,False,0.7632742493548106
470,469,110.61753629986197,116687.52465589382,117008.37614345615,0.0027421240951925334,0.2105943001806736,470,0,0.0,0,0,True,22,111011111101111,4013.8698513620757,749.7331742709064,0.6948190581556625,0.6679278475690674,1e695a7bd02eed5bbce9dafb69d7d6413abcf42cdffde8a6f104c21867e31a05,0.0,0.0,False,False,0.7377780610115964,False,False,0.6411732852984611,False,False,0.660147584887157,False,False,0.9359541563970413
471,470,111.00146960001439,116690.5096680945,117008.37614345615,0.0027166129967647096,0.20902259997092187,471,2,0.13333333333333333,1,1,False,22,111111111101011,4742.891573167243,762.3436545955769,0.821412197244901,0.6948882050290397,3d339031752b029934a1b243b36c241aafeb73b58d86cb8cb76d4e062b0c3a34,2.9850122006755555,2.5511098427823814e-05,False,False,0.7237934955429308,False,False,0.8105554221576137,False,False,0.7039525345755906,False,False,0.6903467819269627
472,471,111.36688909982331,116690.5096680945,117008.37614345615,0.0027166129967647096,0.2368124001659453,472,0,0.0,0,0,True,22,111111111101011,3091.615369275066,565.2183565708443,0.535456892893407,0.5224209190369635,2340840b891747dc7a66508312d3d6083fe68071c4928bfb561f910c3dfe42ba,0.0,0.0,False,False,0.8486256033919308,False,False,0.9239795466402618,False,False,1.0665601108050227,False,False,0.8887759587406197
473,472,111.76524339988828,116690.75413974421,117008.37614345615,0.0027145236450638334,0.27299019997008145,473,0,0.0,0,0,True,22,111111111101011,997.7376113728942,171.7700151262619,0.17279933102751802,0.16662728635401064,a169529cabe8f3ba49d5315635e7e872a86526a17f793a350d2d427cb939def0,0.24447164971206803,2.089351700876145e-06,False,False,0.5032322092122025,False,False,0.8256214971693108,False,False,0.9407305531160943,False,False,1.0296027992534926
474,473,112.14987399987876,116690.75413974421,117008.37614345615,0.0027145236450638334,0.24430300015956163,474,0,0.0,0,0,True,22,111111111101011,3025.798109094598,574.6704464378555,0.524040943252645,0.5704601171951288,c48840da1770daf034a4b17323e9bc889445dbac6d6336b283d181217b4bf0b9,0.0,0.0,False,False,0.5042425707645867,False,False,0.4872825762116306,False,False,0.9642171229556527,False,False,0.8887984882679226
475,474,112.54073499981314,116690.75413974421,117008.37614345615,0.0027145236450638334,0.2486140001565218,475,0,0.0,0,0,True,22,111111111101011,3006.7473707826425,590.9827783850451,0.5208015473169375,0.5588323664953478,062db33912ca9c7a4df33a3b87f161e136354af2fe34e5a3434210433bf3a374,0.0,0.0,False,False,0.5227816058942293,False,False,0.4620471543931458,False,False,0.6464870639680204,False,False,0.8541791392768829
476,475,112.9588615000248,116690.75413974421,117008.37614345615,0.0027145236450638334,0.26699539995752275,476,0,0.0,0,0,True,22,111111111101011,2604.714973227181,454.2505738293449,0.45116061762351756,0.46582790627886705,48bca11d4175e08bf56c018cdaf0a12b959e5d38c3680644bfbf837b60ea1a69,0.0,0.0,False,False,0.5324196053141926,False,False,0.5496703514847773,False,False,0.5821143453175827,False,False,0.6287976510498834
477,476,113.37229039985687,116697.48643027933,117008.37614345615,0.0026569868194363804,0.27997579984366894,477,0,0.0,0,0,True,22,111111111101011,918.3746317265579,175.01133207439668,0.15905936757905517,0.17856284260669392,c2d9378526d329bdfdb1ca20e648d4a868c296e956c7cf21dc44041d46f56210,6.7322905351174995,5.753682562745308e-05,False,False,0.44718412885865066,False,False,0.5567155262091281,False,False,0.5447738904315257,False,False,0.5363384732754914
478,477,113.74446179997176,116697.48643027933,117008.37614345615,0.0026569868194363804,0.23998240008950233,478,0,0.0,0,0,True,22,111111111101011,2700.631411901977,478.26308646658947,0.46777924278866834,0.49031188138347476,fdc137e02796d7043ed713b1a57d79a74677559bbbf499ec3689199bb0d29ed2,0.0,0.0,False,False,0.45511431100054733,False,False,0.5456521218004309,False,False,0.548913543231069,False,False,0.41894006364412373
479,478,114.08531019999646,116697.48643027933,117008.37614345615,0.0026569868194363804,0.2329351999796927,479,0,0.0,0,0,True,22,111111111101011,3132.9472920720464,560.7448952984923,0.5426648751974534,0.54763740485568,e177208411e05cb2d30104ad181de8263d95026e86fb99341c21dd089de45428,0.0,0.0,False,False,0.48874244013081086,False,False,0.580189736760212,False,False,0.399095927241094,False,False,0.642102705665332
480,479,114.47117209993303,116697.48643027933,117008.37614345615,0.0026569868194363804,0.268700199900195,480,0,0.0,0,0,True,22,111111111101011,2473.5438371967407,444.08849431578386,0.42845253167780495,0.4420422569611912,8d18f6be27c52c3db855eb0e1049d42e48edc779fda54f27e990740f5748f79e,0.0,0.0,False,False,0.5289102040685312,False,False,0.5503179228633227,False,False,0.5876377652313227,False,False,0.4115767056701366
481,480,114.85815580002964,116697.48643027933,117008.37614345615,0.0026569868194363804,0.2536577999126166,481,0,0.0,0,0,True,22,111111111101011,3061.908432535258,531.4754207813231,0.5303763240193241,0.5190776291000432,3d3deaf6e87a9344d20d2ca276c56c8754556d410bd97377bb49612518177bef,0.0,0.0,False,False,0.5816135338353533,False,False,0.5712290383787028,False,False,0.642873572113656,False,False,0.6254302970154982
482,481,115.29850969999097,116697.48643027933,117008.37614345615,0.0026569868194363804,0.28129179985262454,482,0,0.0,0,0,True,22,111111111101011,481.26469397139203,97.16918316158495,0.08335922229771194,0.0916304638239449,4682ef7399977c1c816a66f93f9689e9b6cb6ce50c616777d65e2a43f9f03c8e,0.0,0.0,False,False,0.4922963301493473,False,False,0.5385307837655604,False,False,0.5473304011923089,False,False,0.5943047249777631
483,482,115.65608069999143,116697.48643027933,117008.37614345615,0.0026569868194363804,0.24204169982112944,483,0,0.0,0,0,True,22,111111111101011,3002.841530482213,536.5116449820077,0.5201470955551096,0.5173361384421311,6d7d940628efe83b2d7f962b99f8531defadd2b8a4693f26c62c6d481cfd32b2,0.0,0.0,False,False,0.5558691313621631,False,False,0.6186350180556399,False,False,0.4565082260666767,False,False,0.6873838066682707
484,483,116.02398679987527,116697.48643027933,117008.37614345615,0.0026569868194363804,0.23308210005052388,484,0,0.0,0,0,True,22,111111111101011,1467.8910413601247,283.766235960045,0.2542880761470933,0.2785591903317674,09339c275e547978c24ebdf1d5169c7e0c14ebbbf5ca6ff48b9c5d02c5f7c849,0.0,0.0,False,False,0.6243866866644694,False,False,0.644019593340049,False,False,0.6317961888155584,False,False,0.5651020328658763
485,484,116.45978669985197,116697.48643027933,117008.37614345615,0.0026569868194363804,0.2549542998895049,485,0,0.0,0,0,True,22,111111111101011,2945.375831889625,532.6174963541686,0.5102614464379281,0.5018395248842549,350492cac3c15916159260cdd81bf5c41cd9af71b0c7a527cf9fa4e34106acce,0.0,0.0,False,False,0.4561668746791671,False,False,0.46317016429782804,False,False,0.4811833552611651,False,False,0.4103299310849087
486,485,116.90958929993212,116697.48643027933,117008.37614345615,0.0026569868194363804,0.26267499988898635,486,0,0.0,0,0,True,22,111111111101011,3045.74965354505,581.9457775286025,0.5276159886636086,0.563483067968354,895dc0f4a4bd3299c5316880b9c22fae170146456afc0351c6e6383236c929b6,0.0,0.0,False,False,0.6142557040580944,False,False,0.528660077521045,False,False,0.627289699621597,False,False,0.6215466664193076
487,486,117.30141469999216,116697.77027842896,117008.37614345615,0.002654560940546469,0.27482980000786483,487,0,0.0,0,0,True,22,111111111101011,2815.3116793353374,626.9917183890866,0.48767094322109567,0.5796340458251659,9fe2eff9394d61ec55fea839d3a549415f546521527aa28ff2bc5b86bf8d70a2,0.28384814962919336,2.4258788899112795e-06,False,False,0.4451259656187775,False,False,0.5271986407915676,False,False,0.5625794193677319,False,False,0.488245292247541
488,487,117.71814879984595,116715.44599410283,117008.37614345615,0.002503497262402573,0.2570811999030411,488,2,0.13333333333333333,1,1,False,22,111011111101111,4664.951600370342,793.3427284129843,0.8077045715554447,0.7420278993682845,51783233163b799cf7019eb1b5afe3cad496b7a8e9d4ea5ca7b0460397896348,17.675715673874947,0.00015106367814389596,False,False,0.9017902719923391,False,False,0.707060616763242,False,False,0.9015278368906499,False,False,0.9125072042344897
489,488,118.05305849993601,116716.39048631792,117008.37614345615,0.0024954252572503186,0.22794649982824922,489,2,0.13333333333333333,1,1,False,22,111111111101011,5107.819306846435,858.4882054504874,0.8843986708337092,0.7690816460682918,cfc6946b3ebd3a8a076db5c57c9ec3be2b1f4563a76888fe1f1c454ff6b74fd2,0.9444922150869388,8.072005152254518e-06,True,False,0.587578880192744,True,False,0.8520148613213445,True,False,0.7208139844987395,True,False,0.6374890336499142
490,489,118.47159229987301,116716.47934271194,117008.37614345615,0.0024946658552574613,0.2503030998632312,490,0,0.0,0,0,True,22,111111111101011,872.9627461234256,167.7524687876695,0.15122240022177197,0.14886949638825692,6af4f8ee64671962b49a843a353413e08cd97e7b5ec72d55dc9b1272f3e2cad5,0.08885639402433299,7.594019928573205e-07,False,False,0.8428277282944395,False,False,0.6191929959389393,False,False,0.844872668369245,False,False,0.6784762627250224
491,490,118.90744549990632,116717.55783861823,117008.37614345615,0.0024854486014006492,0.2723940999712795,491,0,0.0,0,0,True,22,111111111101011,3653.8784064754527,672.4678902333599,0.6329378848363421,0.6229273777429299,be7e2a2d3eebd93397b9ab481d0ff6aa0a7939bd594347e1481252aefd4fb343,1.0784959062875714,9.21725385681204e-06,False,False,0.6063038302257668,False,False,0.7569123662166451,False,False,0.6179821911467581,False,False,0.7911794689108559
492,491,119.3108369000256,116718.30150959174,117008.37614345615,0.0024790928942451805,0.23223299998790026,492,0,0.0,0,0,True,22,111111111101011,3644.2257458772115,677.8039910402,0.6312358267438558,0.6314998619405501,2cec1881f14a77df11f7dc4b5b65e336d803556b2fd3dae1600bace294341508,0.7436709735047771,6.35570715546872e-06,False,False,0.339936252390189,False,False,0.3997341933717924,False,False,0.7611419075391728,False,False,0.6582558253774222
493,492,119.7196994998958,116719.6052575761,117008.37614345615,0.00246795054677115,0.2733720000833273,493,0,0.0,0,0,True,22,111111111101011,3092.69815012526,638.8153629697384,0.535689582676525,0.6119373667570202,bc291a8fabed804fe476b43301719c8fad193bb9bd218457b0fcd34ee302d25e,1.303747984362417,1.1142347474030461e-05,False,False,0.7789079876485393,False,False,0.6683352079364171,False,False,0.7471479784717252,False,False,0.8646226823598788
494,493,120.0828316998668,116719.61530981053,117008.37614345615,0.002467864636387975,0.23751690005883574,494,0,0.0,0,0,True,22,111111111101011,12.615191401533131,2.6955436352562576,0.0021850930757901167,0.0024927385241654667,61123e4ab8adb836b5dd7ffb39291ba269543bb80a723ee3c667da0f4eddbb95,0.010052234429167584,8.59103831750245e-08,False,False,0.5352600324550645,False,False,0.7786727693859671,False,False,0.66826188412743,False,False,0.7474410362627579
495,494,120.44261539983563,116720.65333881522,117008.37614345615,0.002458993228725535,0.2432144999038428,495,0,0.0,0,0,True,22,111111111101011,3268.295184552166,602.1931148657877,0.566103905371516,0.5570554500383713,234d8897a6edf6b0caef2b7bf75d1cc4db02b9d83cdc281efca880797670e9a1,1.038029004688724,8.871407662439969e-06,False,False,0.5665778896307075,False,False,0.5678525368564555,False,False,0.7357671526581198,False,False,0.6065571874210597
496,495,120.82521419995464,116720.92919976966,117008.37614345615,0.00245663561157425,0.2639240000862628,496,0,0.0,0,0,True,22,111111111101011,1550.4320057813088,285.95478085761386,0.2685612455513245,0.2780562722475877,f15335f7281fc3825988702f72604d54af3720a2ad6d2b2d2ec9837134460cce,0.2758609544398496,2.3576171512850776e-06,False,False,0.643370583965766,False,False,0.6441327477318886,False,False,0.6116096593025535,False,False,0.6844185479098552
497,496,121.21962319989689,116721.56820419195,117008.37614345615,0.002451174426286881,0.25693609984591603,497,0,0.0,0,0,True,22,111111111101011,3498.798496024572,703.6966369198414,0.6060261764278819,0.6612288495906687,157272b716bf76321228204102d6342754a55636357163cf0497222fd2d2f817,0.6390044222935103,5.461185287368789e-06,False,False,0.5023654302606916,False,False,0.7076760532616976,False,False,0.7078627715430702,False,False,0.7539671476728936
498,497,121.60505230003037,116722.4487106275,117008.37614345615,0.0024436492689898074,0.25101949996314943,498,0,0.0,0,0,True,22,111111111101011,3339.9855993794235,560.7779334465586,0.5785353329294395,0.5479081911408322,4031a4d4c15b1308f531bac92a0f6829e5de9081a3941ae3747b4e74e46286c6,0.8805064355547074,7.525157297073783e-06,False,False,0.7271221243551662,False,False,0.6545928886581642,False,False,0.5825344135695804,False,False,0.5827942849085488
499,498,122.02169039985165,116722.45064318198,117008.37614345615,0.002443632752612651,0.26141240005381405,499,0,0.0,0,0,True,22,111111111101011,195.06994423701474,36.441398317205234,0.033792822960158,0.03668196446842595,9301d43520f231741e08445d7f0f10985c0c484f9f3686cdb27ccac76f5e45d0,0.0019325544708408415,1.6516377156564066e-08,False,False,0.6021367147484405,False,False,0.7433394913981851,False,False,0.6704812141299238,False,False,0.5955286868000961
500,499,122.44511149986647,116722.76154684272,117008.37614345615,0.002440975646591727,0.25462909997440875,500,0,0.0,0,0,True,22,111111111101011,3526.5016027574093,662.0829667519582,0.6108689162152613,0.6613110345233869,37d57caf777a59af5c69038b354f3239e2af413c699b77fa08cbd9b38aedc994,0.3109036607493181,2.6571060209239043e-06,False,False,0.5844300904821685,False,False,0.5742834357902667,False,False,0.5758385431266244,False,False,0.5764238450130554
501,500,122.85760240000673,116723.13619694998,117008.37614345615,0.0024377737381505674,0.2687926001381129,501,0,0.0,0,0,True,22,111111111101011,3535.3117202193266,641.3870781335926,0.6124079642537675,0.6241408955950177,ddf3cc5a3dff72bafac4faee96bf2d5f98f9bf2bffecbf3475724eec4325c9cf,0.37465010726009496,3.201908441159522e-06,False,False,0.47723552843376854,False,False,0.4688902153265579,False,False,0.5196934608610526,False,False,0.673418547393048
502,501,123.23107769992203,116724.50001488003,117008.37614345615,0.002426118009090839,0.25457529979757965,502,0,0.0,0,0,True,22,111111111101011,4751.309483974828,807.3970557556897,0.8230461679847006,0.7490212415726109,3ed0adf01f83725637efb1183decc65dfa89942b5bfa989c10e64daaf09dc2b2,1.3638179300469346,1.1655729059728559e-05,False,False,0.5366549542715924,False,False,0.6358869170829159,False,False,0.6255592548142377,False,False,0.64455578904962
503,502,123.63631029985845,116724.6785951251,117008.37614345615,0.0024245917914733723,0.27545129996724427,503,0,0.0,0,0,True,22,111111111101011,1599.2701037098154,352.8689471980374,0.2770073040672836,0.34070525019413855,863ab7727c2fcf002d34835a77be985ad2d7115f0e7239380a918794767e7198,0.17858024506131187,1.5262176174665396e-06,False,False,0.7722192727737206,False,False,0.6002457830348541,False,False,0.5016305291452862,False,False,0.4963599651764473
504,503,124.03219399997033,116724.90948479393,117008.37614345615,0.002422618516769084,0.2766098000574857,504,0,0.0,0,0,True,22,111111111101011,3533.6159200210914,649.5981167769557,0.6120429926249615,0.6373819961960436,c8dac0af1a742af791587e242510d501c533959b575ff3b438ba3335576fd6a4,0.23088966883369721,1.9732747042881284e-06,False,False,0.48166983468767915,False,False,0.6490856862591045,False,False,0.5099886704917119,False,False,0.5900665242387401
505,504,124.4673204999417,116725.29035360069,116971.13012872223,0.0021017132590836793,0.30586419999599457,505,0,0.0,0,0,True,22,111111111101011,2945.067092625914,560.2340150612052,0.5101295131172114,0.5372943926654431,ce1f4a596a5001a7e225eda2fe523a666adc58cfa92aa2eb53751d44203f9224,0.3808688067656476,0.00032090525768540493,False,False,0.6203079597705072,False,False,0.6380324773794807,False,False,0.5147038840330755,False,False,0.49647256975435883
506,505,124.85773559985682,116725.97734364963,116971.13012872223,0.002095840100055601,0.24686579988338053,506,0,0.0,0,0,True,22,111111111101011,3407.065657681921,610.2652393461913,0.5901872354936576,0.5965829084467617,3d1080cf8cfa860b6f3ecc0e5fb214d3f802d17a01e45a0537cad63ba673f3ba,0.6869900489400607,5.8731590280784556e-06,False,False,0.547618253165597,False,False,0.4906209440222394,False,False,0.4357072517257305,False,False,0.7101770359196463
507,506,125.2998871000018,116726.983522778,116971.13012872223,0.0020872381559069995,0.2611742001026869,507,0,0.0,0,0,True,22,111111111101011,3620.8355237705046,663.3754813183865,0.6271727687655828,0.6408911871284457,0a74233e6cef1838e4bfd37d951723e29ff55806f046a0dda2d7441ecca89d52,1.0061791283660568,8.601944148601322e-06,False,False,0.5255509321082662,False,False,0.5805146782571275,False,False,0.6844459894470157,False,False,0.6152784280152295
508,507,125.69470999995247,116727.57381396941,116971.13012872223,0.0020821916868272636,0.2569680998567492,508,0,0.0,0,0,True,22,111111111101011,2689.035296767841,462.02239603702157,0.46576591775277026,0.4223750602561029,ec7c4bbdebfbfee0f0117c2797d8056b7310836160c9dd8be843815a8fc268ce,0.5902911914163269,5.046469079735862e-06,False,False,0.519481633124039,False,False,0.5653662663982288,False,False,0.612906208755175,False,False,0.6312928241998764
509,508,126.08145049982704,116728.23561858034,116971.13012872223,0.0020765338410819656,0.26719969999976456,509,0,0.0,0,0,True,22,111111111101011,3349.820092946255,571.3841434091128,0.5802319055807594,0.5513426627387206,44eded5d1a17e04c006d3d84df8ffa12df3ad70c8d2c1129dee8688598a27ca4,0.6618046109215356,5.657845745298071e-06,False,False,0.5812977184629854,False,False,0.471032914001586,False,False,0.6046049638605562,False,False,0.6145629388660405
510,509,126.50651580002159,116728.68858200715,116971.13012872223,0.002072661403273486,0.3065916998311877,510,0,0.0,0,0,True,22,111111111101011,3300.2814625589945,540.799110828617,0.571684025506345,0.5364267287249329,4d37b23b01aeff983d046be6f19ad8dc87a408cbd99404cb16ce24e46f23fe1c,0.4529634268110385,3.8724378084793905e-06,False,False,0.5917404567123524,False,False,0.672712984366422,False,False,0.5855414663320272,False,False,0.646062020407596
511,510,126.91474569984712,116728.8985753958,116971.13012872223,0.0020708661450040463,0.2902071999851614,511,0,0.0,0,0,True,22,111111111101011,3015.535147188568,536.152348436637,0.5223413933328926,0.5119775898401666,aaa2f8b6668602a74560a8cb864151c2d53756246d50c8692d1de08e061f1bb6,0.20999338864930905,1.7952582694398707e-06,False,False,0.5176931343027001,False,False,0.48486116205290924,False,False,0.47829095582263875,False,False,0.5647510201921678
512,511,127.35584979993291,116729.54245360015,116971.13012872223,0.0020653615542247095,0.274875600123778,512,0,0.0,0,0,True,22,111111111101011,2966.378754265062,557.0093095703054,0.5137885093507671,0.5451309102491291,05d39bb00515d94b1ae2297fc89e85f8a8252de80c693b8e3973ad3c920cbc70,0.6438782043551328,5.504590779336835e-06,False,False,0.44551444472821355,False,False,0.37037338483137516,False,False,0.5023777818006933,False,False,0.5338152137267107
513,512,127.79829790000804,116729.62378667838,116970.11366538261,0.0020559942293653264,0.293584399856627,513,0,0.0,0,0,True,22,111111111101011,1605.5864849144377,303.7867076776538,0.278106876591248,0.29251272691581404,a4bde0a6e9e72440f479e4fb5697c736734bf1aef841a32a3aacc8fa4aae8320,0.08133307822572533,9.367324859383026e-06,False,False,0.5114900143055311,False,False,0.3864805073707353,False,False,0.41574166439149546,False,False,0.5439754038588932
514,513,128.22434989991598,116730.7519162533,116970.11366538261,0.0020463496326425384,0.29468780010938644,514,0,0.0,0,0,True,22,111111111101011,3806.0189994802813,679.9945278429171,0.6592217941646913,0.6671861882868549,ab36e6812eeb1f39eb7c4e93df3d589efb862200fecc70243d88846857ff9a62,1.1281295749213314,9.644596722787994e-06,False,False,0.6202797618088773,False,False,0.6169546020077874,False,False,0.7697803278938888,False,False,0.5914081082510599
515,514,128.64984459988773,116731.20169832083,116958.3692105265,0.0019422937728959988,0.3025345001369715,515,0,0.0,0,0,True,22,111111111101011,2992.176019812423,538.7628500207023,0.5182774333593745,0.5122476185741545,7fb3b8a2a2743999ef199b39447a5e6e87d3070d9ff7038d06a2940ad20e514f,0.449782067531487,0.00010405585974653962,False,False,0.6823025728590818,False,False,0.5950646406139418,False,False,0.5750457971687629,False,False,0.788959276712001
516,515,129.08258249983191,116731.54951075769,116958.3692105265,0.0019393199588867622,0.296197900082916,516,0,0.0,0,0,True,22,111111111101011,2879.8916009274008,487.2348882686484,0.49885773649972986,0.4850644086302354,6c997794e6f9bf30188587a30279aaaad28999a14b1b0a1a1a18d0c2a644d3ba,0.34781243685574736,2.9738140092366167e-06,False,False,0.6059560925054029,False,False,0.7542251664669388,False,False,0.6544054934271915,False,False,0.5638206208481411
517,516,129.46979020000435,116732.52447932058,116958.3692105265,0.0019309839281309192,0.2507230001501739,517,0,0.0,0,0,True,22,111111111101011,3669.684977611103,715.0634170635041,0.6356616193664517,0.6511566811604409,d3fbef6fb293cf5f4ddb34debea9d05d7fa6bd46704e3d17134be4496a87b15e,0.9749685628921725,8.336030755843032e-06,False,False,0.5909727436247645,False,False,0.8206118732927913,False,False,0.5617177866852411,False,False,0.5769090496349358
518,517,129.89418389997445,116733.20359602109,116958.3692105265,0.0019251774458321487,0.2863070999737829,518,0,0.0,0,0,True,22,111111111101011,3190.664793350153,556.1275064436466,0.5526588269810516,0.5163482911020816,5e224a1d6d7446b3dd47edf056e6843f356e7b755ec6c2595d65a3932851f058,0.6791167005139869,5.806482298770493e-06,False,False,0.716656470497592,False,False,0.583371385655858,False,False,0.6391626190237072,False,False,0.6125429816746198
519,518,130.29019490000792,116733.54256641906,116958.3692105265,0.0019222792317047555,0.2554419001098722,519,0,0.0,0,0,True,22,111111111101011,2751.933244161384,417.64842105570955,0.47662475795052706,0.39422883705854195,6916ff39871c6bd9d0e95bbd610fb6d826c9f8580f182fb7aa53f95fadc8e540,0.33897039796283934,2.8982141273932102e-06,False,False,0.5369591973519291,False,False,0.6866899240176316,False,False,0.5425356982231375,False,False,0.6738413710250462
520,519,130.69478069990873,116734.2844211171,116958.3692105265,0.0019159363363390324,0.28542069997638464,520,0,0.0,0,0,True,22,111111111101011,3083.0701679584895,494.7320625064757,0.5339985752121758,0.4922560955545072,1af0efa5dde91909317ab03fc4d2914685561db1096f4feaabded2164056818c,0.7418546980479732,6.34289536572308e-06,False,False,0.5936824098129474,False,False,0.6478007401185734,False,False,0.623590669632029,False,False,0.5597684837269445
521,520,131.0700922999531,116735.36802514724,116958.3692105265,0.0019066714668179296,0.25141559983603656,521,0,0.0,0,0,True,22,111111111101011,3107.4204382949656,523.2392885800198,0.5382490776815099,0.5162948296950705,f91687e2dabee539595b12a08f0347edcfe4eb34488fe56151df17e81f92974a,1.0836040301364847,9.264869521102836e-06,False,False,0.5978880963756855,False,False,0.6988335473875551,False,False,0.671416734367861,False,False,0.563853684268356
522,521,131.4675125000067,116735.70963024191,116958.3692105265,0.0019037507258998169,0.25849279994145036,522,0,0.0,0,0,True,22,111111111101011,1596.6184596057412,278.8420168254,0.2765701037231478,0.2739705215434373,4539568d0f6ada5c67834652ed52d4640888845ae619166e96b5ac9e5724243c,0.3416050946689211,2.920740918112676e-06,False,False,0.6093599833558417,False,False,0.58961945507813,False,False,0.6518702751165241,False,False,0.6856481665260921
523,522,131.85736429993995,116736.79030795442,116958.3692105265,0.0018945108765431149,0.25216439994983375,523,0,0.0,0,0,True,22,111111111101011,3519.4486365561106,590.3776672639957,0.6096417303712112,0.5622760791491378,6c3fb197a1a967fbc2f47831aa1bf5bc1b90db986bb1914c7b6eef6e848673f8,1.0806777125108056,9.23984935670202e-06,False,False,0.47795232346482114,False,False,0.4675397423994506,False,False,0.5818647011723158,False,False,0.659608823665319
524,523,132.28845490003005,116738.65296021482,116958.3692105265,0.0018785851050658305,0.2705419999547303,524,0,0.0,0,0,True,22,111111111101011,3471.0684082170646,600.8657556777985,0.6012359186537591,0.5959334268970764,bcd80fe600831c293a5fa4a3bb923515812c74ea6fae61726fe820c006d1d062,1.8626522604026832,1.5925771477284367e-05,False,False,0.7231056382721289,False,False,0.5693007434676463,False,False,0.5388835594250637,False,False,0.6191082282132084
525,524,132.6963090999052,116738.87861294043,116958.3692105265,0.0018766557627952981,0.256212699925527,525,0,0.0,0,0,True,22,111111111101011,881.8355166883277,158.95465546631405,0.15274639608823842,0.1543260836393734,9e67b3a6c59f216727b7b3183b824be0469c2ae9069c5b953af0381432a05554,0.22565272561041638,1.9293422705323523e-06,False,False,0.5420780134357803,False,False,0.6998626285218887,False,False,0.5633345965374442,False,False,0.5012354360545913
526,525,133.08302049990743,116739.40299501986,116958.3692105265,0.0018721722693696699,0.2502604001201689,526,0,0.0,0,0,True,22,111111111101011,1240.7824791205815,228.3450071797238,0.21492284145912685,0.2211276371018349,203ab43b346ad8c8f7ff1d3a1481f18f8ad6791b700e88df801cb5beefa81952,0.5243820794275962,4.483493425628269e-06,False,False,0.14254387618393605,False,False,0.6372397167661851,False,False,0.7697012886185236,False,False,0.6121049100116304
527,526,133.47062139981426,116740.041847401,116958.3692105265,0.0018667100490476426,0.2571870000101626,527,0,0.0,0,0,True,22,111111111101011,2675.5213440850034,536.693509305972,0.46344360282851704,0.5157753893086757,fec2b3d473a3836530c607dd87a033f2e26f2d7cc13a79ef48740e75316f7031,0.6388523811328923,5.462220322027247e-06,False,False,0.34402874018948515,False,False,0.45469804028679656,False,False,0.6616076841991319,False,False,0.6819439972745118
528,527,133.89774309983477,116740.05555200452,116958.3692105265,0.0018665928739911174,0.28264359990134835,528,0,0.0,0,0,True,22,111111111101011,2.639141962573349,1.32827465488067,0.0004571348751781562,0.0012085662966946,5184bac4bf20023eea06f92de75d854a67028b5f1db5b98d2b420411d2e43f2b,0.013704603523365222,1.1717505652526425e-07,False,False,0.4634888639696546,False,False,0.343826468120856,False,False,0.4547506310244719,False,False,0.6616602749369647
529,528,134.3860269000288,116740.69749731357,116958.3692105265,0.0018611042089782372,0.31019949982874095,529,0,0.0,0,0,True,22,111111111101011,2844.1169403724452,473.4065789221548,0.49266345811751533,0.43084475640200304,083fda859bc1fca96db1250151aabf9b60024373c3fb6a1d264364cc7102040e,0.6419453090493334,5.488665012880157e-06,False,False,0.49263502517658947,False,False,0.5760902430413004,False,False,0.5518354234107851,False,False,0.546058325686107
530,529,134.7866966999136,116740.94704275893,116958.3692105265,0.001858970582739734,0.27788289985619485,530,0,0.0,0,0,True,22,111111111101011,2691.180500797811,457.39403026539964,0.4662008567305117,0.4347686917031976,78a054ca1e232bd3eec21ac6942c034f0e300096bd083517ded3506b2b08d771,0.2495454453601269,2.133626238503194e-06,False,False,0.5221076618493589,False,False,0.5218527669553668,False,False,0.5959316509819712,False,False,0.5518912220467704
531,530,135.19271710002795,116741.11493482543,116958.3692105265,0.0018575350970397092,0.27770849992521107,531,0,0.0,0,0,True,22,111111111101011,2404.27401375172,429.83116387137454,0.4164803397386263,0.4229250512727216,581c1220a4e23fc6bc5055859f5e8a490d5c760d150f57cef7df386bdb36922d,0.16789206649991684,1.4354857000248387e-06,False,False,0.3591606539578503,False,False,0.42310248853673094,False,False,0.42330476209815016,False,False,0.5885852994945894
532,531,135.63094559987076,116741.2733831914,116958.3692105265,0.0018561803554591144,0.29475799994543195,532,0,0.0,0,0,True,22,111111111101011,1880.6866892462394,334.95863415274454,0.3257718153939107,0.32088627822437615,1744221d42963e58a318fb81fc044eb0d7f5f945a5ef4566db12a596cc65eb3e,0.15844836596807,1.3547415805947437e-06,False,False,0.4433402891036223,False,False,0.4324293514610303,False,False,0.40393909491724245,False,False,0.40352236180042744
533,532,136.06672579981387,116741.43996839099,116958.3692105265,0.0018547560435375515,0.30862909997813404,533,0,0.0,0,0,True,22,111111111101011,2034.2174328643225,368.9132591199111,0.3523731848553261,0.34291907011963657,1e9ddcb464307a7e850ec7a73f865ed9e777a5c68dc3c881ece94b2e75e23c14,0.1665851995931007,1.4243119215628843e-06,False,False,0.4827868811777544,False,False,0.4812134861318894,False,False,0.39298031721283894,False,False,0.39697860878992874
534,533,136.47119349986315,116741.88234596571,116958.3692105265,0.0018509736927941772,0.28259170008823276,534,0,0.0,0,0,True,22,111111111101011,3149.084138540643,553.1847676411193,0.5454951293061735,0.5341402525060258,c3565918b7a26c2a3926ad71527a07c457722a34d0dc643feac2afa7e344d60a,0.44237757472728845,3.782350743374366e-06,False,False,0.37484078908151497,False,False,0.5092326681935745,False,False,0.6419178309413476,False,False,0.5127755690649225
535,534,136.87608910002746,116742.92651009728,116958.3692105265,0.0018420460364099586,0.2826310000382364,535,0,0.0,0,0,True,22,111111111101011,3261.0668871090675,576.9878962002211,0.564906785088565,0.5316928858763134,f807bfadd2185d93321a40fa896e692a9c63c47ed7f96db0e071e201cbc9de96,1.0441641315701418,8.927656384218616e-06,False,False,0.640067909758692,False,False,0.599819349922514,False,False,0.591269505822799,False,False,0.6373074230932669
536,535,137.3011379998643,116743.42670191574,116958.3692105265,0.0018377693709448585,0.29135339986532927,536,2,0.13333333333333333,1,1,False,22,111011111101111,4431.214667686114,828.8313398580083,0.7671862190206777,0.8124107842145373,9fe7abd6c1340945b67daf8192eedb3ea82316ec2594e76ecd5933a371226e5b,0.5001918184570968,4.276665465100015e-06,False,False,0.8642463761079391,False,False,0.860175887702412,False,False,0.7451339512677274,False,False,0.6929118123732063
537,536,137.70990190003067,116743.42670191574,116958.3692105265,0.0018377693709448585,0.2619668000843376,537,0,0.0,0,0,True,22,111011111101111,166.128052752087,83.61190314843253,0.028745940467125124,0.07809867833157731,b20d9696d475edf9e9fd1b6230f8cfa59cb766b97766d5092c7b79224f1c0fb0,0.0,0.0,False,False,0.7700615611802752,False,False,0.8675534312058762,False,False,0.8474564450180585,False,False,0.7324145085834659
538,537,138.12026389990933,116743.42670191574,116958.3692105265,0.0018377693709448585,0.26047160010784864,538,0,0.0,0,0,True,22,111011111101111,147.8944697048531,76.23324454910389,0.025590895403421497,0.07094524256531036,bf37955038707cc092e8efce381083d71376c430c17504cb279e23ecee5797bb,0.0,0.0,False,False,0.02228384030585028,False,False,0.7540350633979173,False,False,0.8515269334236449,False,False,0.8474396344453354
539,538,138.5322447998915,116743.51334684002,116958.3692105265,0.0018370285524394387,0.2693016000557691,539,0,0.0,0,0,True,22,111011111101111,344.17530988717226,80.00043620510034,0.05955387835911801,0.07459539031899703,26512a6afde6bc7be1ca378a8f3c650328f62a36a307d269eae65af42760add7,0.08664492427487858,7.408185054198508e-07,False,False,0.04047062545450105,False,False,0.061593617459490574,False,False,0.768972098637909,False,False,0.8664025382126719
540,539,138.91703979996964,116743.9094944467,116958.3692105265,0.0018336414702719574,0.2684243000112474,540,2,0.13333333333333333,1,1,False,22,111111111101011,4492.313933402989,703.9800561978547,0.7777493723348984,0.6540332639688201,25f7330fea48e130835ff091ee2eb204f4e8b065613701f651d7d47635df72ae,0.3961476066906471,3.3870821674812472e-06,False,False,0.7566505653289631,False,False,0.7726947344275032,False,False,0.7615953805120101,True,False,0.4159152289830294
541,540,139.4048283000011,116744.07211494939,116958.3692105265,0.0018322510567104326,0.336373999947682,541,0,0.0,0,0,True,22,111111111101011,1325.526730486622,233.95446781647345,0.22961325330197396,0.24017861444857885,e204ee7a3efd6aa9469f3dd170c2f8fb68a48c2226431482c5c6a403695e845b,0.16262050268414896,1.3904135615248545e-06,False,False,0.7509527382936411,False,False,0.7317296693090288,False,False,0.7463484606030666,False,False,0.7353019646971707
542,541,139.84484219993465,116744.6833088419,116958.3692105265,0.0018270253178716653,0.2950258001219481,542,0,0.0,0,0,True,22,111111111101011,2681.2240547913857,482.6986005949239,0.46445973030514587,0.4828024313935697,b6eefb318e2290e2887b557e542225fed5dc96af9e48c39db161eb3944c7f88e,0.6111938925023424,5.2257388387672715e-06,False,False,0.368077426142809,False,False,0.7724398897304906,False,False,0.7569046418857938,False,False,0.7729661206310481
543,542,140.27662879996933,116744.8382668533,116958.3692105265,0.0018257004189999228,0.3079551998525858,543,0,0.0,0,0,True,22,111111111101011,2113.613779095758,377.91315100013077,0.3661307286703233,0.39905636766405345,b336ba791ccdc3443e4cd42258f4b80c18a03809fb7e8712fe3be422f547b503,0.1549580114078708,1.3248988717424765e-06,False,False,0.5149018347943826,False,False,0.45382574124277564,False,False,0.7408498755514589,False,False,0.7187027092676753
544,543,140.72780160000548,116745.68904651355,116958.3692105265,0.0018184262096723421,0.30298490007407963,544,0,0.0,0,0,True,22,111111111101011,3133.9951019607142,621.7176321568969,0.5428499776838729,0.6361213475980796,287fb13b6cfa940416ff2cd103d1fd55e1ce46ea522cef0373872f5448d3eff8,0.8507796602498274,7.274209327580699e-06,False,False,0.5231978060478765,False,False,0.5315934761921242,False,False,0.5425933366770098,False,False,0.6755402221214961
545,544,141.13559199986048,116745.89724309999,116958.3692105265,0.001816646118278799,0.2786354999989271,545,0,0.0,0,0,True,22,111111111101011,1612.1449637374963,305.8955021461038,0.27924170344179916,0.30781444831489996,0b0ef9c462cfb1b6855ff3878c8f0658b4b400b26991d2f71171c189587c73ac,0.20819658643449657,1.7800913935431782e-06,False,False,0.5110221795764552,False,False,0.49073263734254746,False,False,0.5325009086869746,False,False,0.5590529559236896
546,545,141.58492529997602,116746.6416969895,116958.3692105265,0.0018102809996938989,0.31545020011253655,546,0,0.0,0,0,True,22,111111111101011,2744.7465324303394,440.1011004843832,0.47545290057676526,0.4405930004509727,396df30b13283489c30183740c171df2fd0a595caff1375c684cdeb80f5dac05,0.7444538895215373,6.365118584900076e-06,False,False,0.4980305217659046,False,False,0.5611283924618603,False,False,0.47494382699750903,False,False,0.6632027247987655
547,546,141.98517380002886,116746.8301966348,116958.3692105265,0.0018086693181480742,0.2722950999159366,547,0,0.0,0,0,True,22,111111111101011,2143.153793285151,393.8365614354713,0.3712413974563972,0.39881791427067176,3e96f6589c85ae89eae46104caa31899de9a97ce1269338b749b3398c815ddb5,0.1884996452863561,1.6116815458246548e-06,False,False,0.5402947438781056,False,False,0.4753485425055076,False,False,0.5354821692233188,False,False,0.5726556135999427
548,547,142.40710569988005,116747.00902413714,116958.3692105265,0.0018071403339159082,0.27092770021408796,548,0,0.0,0,0,True,22,111111111101011,2129.9004074378167,387.38211211191737,0.36892749291870264,0.38717155651880325,fee40b26a41f9ff12d392c251dfd24dbac665968a0c78ee4cf8b3bda41d6e702,0.1788275023427559,1.5289842321660266e-06,False,False,0.36307080704759576,False,False,0.5504228032521813,False,False,0.5411414893430688,False,False,0.4884101272151098
549,548,142.85218529985286,116747.44098100222,116958.3692105265,0.001803447080769525,0.29004440014250576,549,0,0.0,0,0,True,22,111111111101011,2624.2678274147415,397.97228586600437,0.45458184448465416,0.41179321472700203,b5e69e7f331a33a4a234aba2053ef278d81eff051c71e076a8c7b314b0e0a693,0.43195686508261133,3.6932531463831214e-06,False,False,0.3865466728480996,False,False,0.38134342693945067,False,False,0.5095788145018263,False,False,0.43667550223176954
550,549,143.28321389993653,116747.45229133942,116958.3692105265,0.0018033503768117407,0.30081419995985925,550,0,0.0,0,0,True,22,111111111101011,5.435420329114509,1.8504740301929563,0.0009415826873465008,0.0019228748774644227,a538dedda86c8b77e4f86019237d6f77b4ac517679530472ebadf3d99a4ddfd4,0.011310337198665366,9.670395778441955e-08,False,False,0.4550135735399664,False,False,0.3869678532390797,False,False,0.38178318324102545,False,False,0.5095621521718962
551,550,143.70059100002982,116747.52823087166,116940.3739055833,0.0016490940491377716,0.28201460000127554,551,0,0.0,0,0,True,22,111111111101011,1861.380347025658,372.33844362331195,0.32244110840023504,0.3868867515592349,222413d8e6d1c249ffeed2be708c5c5c06e6f5a1a7d979cb7f38fec81851f653,0.07593953223840799,0.0001542563276739691,False,False,0.32184330940121203,False,False,0.5144358386967791,False,False,0.5229945944438442,False,False,0.5128443989240956
552,551,144.1419206999708,116747.68189146352,116940.3739055833,0.001647780041094746,0.2837578000035137,552,0,0.0,0,0,True,22,111111111101011,2785.679058662625,535.8207378240493,0.48255206358130937,0.5405966195460354,826abb145a79a9ce175144983a93e5e4b6196793cc3d314240d9ac42fae82f89,0.1536605918663554,1.3140080430255364e-06,False,False,0.33606196111834785,False,False,0.33577311998157017,False,False,0.47131780570051235,False,False,0.3123254015651861
553,552,144.56287839985453,116748.00677721229,116940.3739055833,0.0016450018239750912,0.30341400019824505,553,0,0.0,0,0,True,22,111111111101011,2654.660803543631,443.7547699479519,0.45984096564507315,0.44820202955908833,41d8aa9c96df6150a95312d6b34a2972253b14c29c50b9c631a6d8d0412c8cbd,0.32488574876333587,2.7782171196548758e-06,False,False,0.56640464398879,False,False,0.38737849213580366,False,False,0.38730697117174906,False,False,0.4043205206864985
554,553,144.99158529983833,116748.40618218682,116940.3739055833,0.0016415863656419377,0.28444880014285445,554,0,0.0,0,0,True,22,111111111101011,3082.166782077563,576.4202438628108,0.5338864817306243,0.570846710584428,54949f19a5244d0557cb651e3d28a5b6928b654dad335af5255a7349c83ac798,0.3994049745379016,3.4154583331534333e-06,False,False,0.5124545233488782,False,False,0.5062115248564386,False,False,0.4465659379286198,False,False,0.4465175562385779
555,554,145.41915949992836,116748.63067806058,116927.40433141071,0.0015289286063635422,0.2979415000882,555,0,0.0,0,0,True,22,111111111101011,2718.5152854823928,436.805337218519,0.4708998980015964,0.43182027786805705,2f95d95f7362bc8f8146d9ebf44647e3001a29181462c2898492e1fc39d04641,0.2244958737574052,0.00011265775927839553,False,False,0.47758321304845286,False,False,0.4910317610995501,False,False,0.46765386341164655,False,False,0.35521444767742133
556,555,145.81837799982168,116748.82065615439,116926.03277282979,0.001515591630648159,0.2773655999917537,556,0,0.0,0,0,True,22,111111111101011,1945.291457522562,336.75815728552243,0.33695113242091174,0.3279803100053062,8da4192a74d4202b9d76975174cd797251e0b932dd1aca25351ee059512c9a0f,0.189978093811078,1.3336975715383132e-05,False,False,0.4135089706163754,False,False,0.5093862773095339,False,False,0.5235122336835908,False,False,0.44748656225692157
557,556,146.25444970000535,116749.14968922599,116926.03277282979,0.001512777603148941,0.2800874998793006,557,0,0.0,0,0,True,22,111111111101011,2517.6287581338656,414.711858131129,0.43608589087534116,0.41427903717260545,0a304e6deaef7b814777edbd285e4b2af9f9a4d45db01a242c81519679c3224a,0.32903307159722317,2.814027499218035e-06,False,False,0.2691629484642742,False,False,0.49425140937311846,False,False,0.4084303358581443,False,False,0.5005579436461343
558,557,146.66922889999114,116749.28713723007,116926.03277282979,0.001511602090726056,0.2761731999926269,558,0,0.0,0,0,True,22,111111111101011,2290.2653565293904,429.50956709392074,0.39669552026391475,0.44089855993369026,52a57e71c11a6dfe6874a1c7560cf2123489e3b76cae199d9c747970cca60b93,0.13744800408312585,1.1755124228851176e-06,False,False,0.4219724834831107,False,False,0.35748698151760455,False,False,0.35886727834660764,False,False,0.57609039900848
559,558,147.0743177998811,116749.33377341891,116926.03277282979,0.0015112032386677642,0.28986989986151457,559,0,0.0,0,0,True,22,111111111101011,1231.3612789673948,245.36020723338336,0.21328090043602205,0.24267650339937857,febf663bc85b8841f3a2e5d69b6f1a8af56a13dd79e2dadc8fe23b874d659714,0.04663618883932941,3.988520582917394e-07,False,False,0.38745917162473464,False,False,0.3734731544117881,False,False,0.39106161204445994,False,False,0.3914428938214649
560,559,147.5070116999559,116749.42202793862,116926.03277282979,0.0015104484493568106,0.28940959996543825,560,0,0.0,0,0,True,22,111111111101011,2795.5708973453034,501.89020744500624,0.4842347775424011,0.5046441071702712,11f21fbfc4e4114cf0a8091a75b4b4a52e0d2a52e98afaae633b4b29e594197b,0.0882545197091531,7.547893109535655e-07,False,False,0.421698160317448,False,False,0.3655077306124823,False,False,0.5583602455753246,False,False,0.39423759988804413
561,560,147.95550819998607,116749.66157614184,116926.03277282979,0.0015083997336214478,0.29404549999162555,561,0,0.0,0,0,True,22,111111111101011,3053.7212832753967,518.1588293468972,0.5289494414176935,0.5082442173471169,c5e0929557f7233c1c598f9c82c140df3187cdd7c75a530570c7b97f3a23a61b,0.23954820321523584,2.0487157353628414e-06,False,False,0.44246607279879036,False,False,0.4880402130038977,False,False,0.4530217353003829,False,False,0.4650472371449266
562,561,148.39493399998173,116750.17029101597,116926.03277282979,0.0015040489927122965,0.2872613000217825,562,0,0.0,0,0,True,22,111111111101011,2973.232942471931,471.04616031569947,0.5150200858980148,0.4656022893642683,1635eb214ff21b6ba4d8209cbcbebdf9d4867bb6a809f0f2332fc2c0581b433d,0.5087148741295096,4.350740909151276e-06,False,False,0.5666415653433895,False,False,0.4948244845426975,False,False,0.5693229110873288,False,False,0.4451582969545824
563,562,148.82942259986885,116750.23818056329,116926.03277282979,0.001503468373104201,0.32192660006694496,563,0,0.0,0,0,True,22,111111111101011,1341.3445121993973,245.2728504067195,0.23235585932031227,0.23597961517083849,5b5a909868ff484a9c341be091f5986a33441ea2feb25be1ba4d5b8fda75cb2e,0.0678895473247394,5.806196080955419e-07,False,False,0.4489899250975162,False,False,0.4896842780380341,False,False,0.495711292365438,False,False,0.5476512473669588
564,563,149.2711624999065,116750.37023838796,116926.03277282979,0.0015023389597346101,0.2874918000306934,564,0,0.0,0,0,True,22,111111111101011,2408.0895485983697,406.5933965677445,0.4171306844548304,0.4035166629207132,1737e1a5c284787e645e9a3c531cadddbf87d25be4cb2e4e0a2ace71886563f6,0.13205782466684468,1.1294133695908311e-06,False,False,0.3647699210877845,False,False,0.5521321522661232,False,False,0.5372210306876833,False,False,0.5448126374411728
565,564,149.72292159986682,116750.51286479531,116926.03277282979,0.0015011191594560048,0.3128947000950575,565,0,0.0,0,0,True,22,111111111101011,2044.8359936623542,366.91300654752615,0.35420265648044474,0.3737247209386088,2efc47cbf2ff3873bffc747ae3e0d36c810efdf14a62d64b94f56fd98c1ccbfc,0.14262640735250898,1.2198002786053229e-06,False,False,0.3825116908531923,False,False,0.3429631666260558,False,False,0.5518645240659787,False,False,0.5476065643594547
566,565,150.15187119995244,116750.67419620852,116926.03277282979,0.0014997393861977662,0.29267940018326044,566,0,0.0,0,0,True,22,111111111101011,3296.1879883281335,597.7891129409107,0.5709713240068521,0.599453144369393,1a9955c78c1a4e0a84fa639db1264ba145a91cce887eb9b4e06456cf6c4d752a,0.16133141321188305,1.3797732582386101e-06,False,False,0.3999946446413511,False,False,0.44893623601044347,False,False,0.4785139189278299,False,False,0.503121555868471
567,566,150.61328839999624,116750.93081497758,116926.03277282979,0.0014975446758927293,0.3120586001314223,567,0,0.0,0,0,True,22,111111111101011,2302.4359506540295,363.999744079773,0.39881182167680646,0.3674686925908698,41f146fd189d470668722c8838d8bf4446d6983e96fc0696877f60e29e189d5a,0.2566187690536026,2.194710305036861e-06,False,False,0.49970651288093854,False,False,0.3887464683930413,False,False,0.3785159768820046,False,False,0.42062381551111166
568,567,151.02874949993566,116751.03854955091,116926.03277282979,0.0014966232850717055,0.2870941001456231,568,0,0.0,0,0,True,22,111111111101011,1690.7651045124444,306.0740131791111,0.29284363042465167,0.3124655972096931,92965be052fbcc527b7db216cd7bc8fad0cfb599a2753ed550598d6b6cad2ec6,0.10773457333561964,9.213908210238455e-07,False,False,0.3738641788195229,False,False,0.5610983317431754,False,False,0.4548830568926429,False,False,0.47743469401281335
569,568,151.45417739986442,116751.25090230562,116926.03277282979,0.001494807156108185,0.298998000100255,569,0,0.0,0,0,True,22,111111111101011,2296.544439527458,425.7497354240457,0.39778334058152576,0.4346366711202408,b829270a0ea889cf80351c9b42d0ad06154404fac41338044ad1f201391bdd95,0.2123527547082631,1.8161289635203887e-06,False,False,0.34094309131810663,False,False,0.44966895813447555,False,False,0.3479293625127561,False,False,0.39708581869166587
570,569,151.89209929993376,116751.48493020442,116926.03277282979,0.001492805652309178,0.313774700043723,570,0,0.0,0,0,True,22,111111111101011,2732.6083945448145,518.4845380950461,0.4733418379012184,0.5256449561288176,62a8c6bb1d2207f1e12b9a9fc583ac9a642b43f883628979e2401b0e7337a975,0.23402789879764896,2.0015037990070254e-06,False,False,0.4758970663619617,False,False,0.4205850684465763,False,False,0.4811467802464504,False,False,0.42360008219643974
571,570,152.31910999980755,116751.49510800102,116926.03277282979,0.0014927186075650494,0.2871311998460442,571,0,0.0,0,0,True,22,111111111101011,372.62716373248725,65.72372053777094,0.06454767403518699,0.06355206563180878,23b447679ae6e193fb25b2b93a9778e6d19804c78cf087e5a5060679c4bb41cc,0.010177796604693867,8.704474412871838e-08,False,False,0.4628154567638691,False,False,0.4778292311483835,False,False,0.42508786264093673,False,False,0.49635357644601197
572,571,152.753640800016,116751.70065267067,116926.03277282979,0.0014909607041728586,0.30497429985553026,572,0,0.0,0,0,True,22,111111111101011,2859.7004586217954,507.39378843376215,0.49536773545189966,0.49148806560677866,db4cc9e06920023fd59836b911f7833acd7b741b60cf8754c00b6639bf403fa7,0.20554466964676976,1.7579033921907156e-06,False,False,0.4887932267195707,False,False,0.4699534542505815,False,False,0.4650266268533287,False,False,0.3658855009701431
573,572,153.18542659981176,116752.11869653733,116926.03277282979,0.0014873854193816738,0.29997839988209307,573,0,0.0,0,0,True,22,111111111101011,3002.0979395821705,491.23000058504005,0.5200344557711102,0.5006132047342696,283e9b38b7898a3e0663f842ada26b62e9df3541e5de667ca495185906024a20,0.4180438666662667,3.5752847911847945e-06,False,False,0.7021242086164099,False,False,0.6943661596793654,False,False,0.4600372734517649,False,False,0.5830929654465306
574,573,153.57982699992135,116752.27534677117,116926.03277282979,0.0014860456815138587,0.2733734999783337,574,0,0.0,0,0,True,22,111111111101011,84.58744996546575,15.424059263392277,0.014652485676917853,0.014679883796290058,6a468c89c43a03b099afdd4a489f563a24a0aee52bc2afc1a6aaa545652c608a,0.15665023383917287,1.3397378678151831e-06,False,False,0.5190902466744945,False,False,0.7056936340879622,False,False,0.6980226134000349,False,False,0.461911936051982
575,574,154.02501589991152,116752.94107278432,116926.03277282979,0.001480352116125898,0.3097852000501007,575,0,0.0,0,0,True,22,111111111101011,1689.454874901659,341.8753202263073,0.29264663728628176,0.3248881717751703,93f96f905c3c78f7b7d66a975018c9a3cf6ee45677d41c651fab19dc23b4562b,0.6657260131469229,5.693565387960599e-06,False,False,0.2885203133915635,False,False,0.49354021978117707,False,False,0.6050643994338898,False,False,0.5970060756402429
576,575,154.4520892999135,116753.69176258607,116926.03277282979,0.0014739319051263172,0.2807147998828441,576,0,0.0,0,0,True,22,111111111101011,2625.131065121078,485.49100205043874,0.45472501812108557,0.4785818855719456,f2499617d54d9d52110c46f8659ab0b1439325904d28e116385ec9fcbeb6322a,0.750689801745466,6.4202109995809085e-06,False,False,0.41951288105718226,False,False,0.4223962484771211,False,False,0.5127936232324055,False,False,0.5899307011004067
577,576,154.8485893998295,116754.54998952636,116926.03277282979,0.0014665919918499884,0.28149399999529123,577,0,0.0,0,0,True,22,111111111101011,2268.591620438605,371.00964280025954,0.39295644828536386,0.36206956120434625,87289b6d5efae57bfbca715f58f470a7b62cc7ed78d2ca862d0333ed84eea0c2,0.8582269402977545,7.339913276328781e-06,False,False,0.4715779363327531,False,False,0.4081079343544142,False,False,0.40910783962966796,False,False,0.3721348977947429
578,577,155.2648906998802,116754.92023180382,116926.03277282979,0.0014634255261051815,0.29326940001919866,578,0,0.0,0,0,True,22,111111111101011,965.6487524242701,177.33453585537183,0.1672615239469832,0.1784080745285742,35b0c8d303e95466d9b849b2755e9fd3105088d5e1fb5f537c5304aa30bf273d,0.3702422774513252,3.1664657448068467e-06,False,False,0.3994382394021769,False,False,0.4374352478581161,False,False,0.4282979548354841,False,False,0.42886109906410014
579,578,155.7166837998666,116754.99611624899,116917.93869177303,0.0013936490614464001,0.31449340004473925,579,0,0.0,0,0,True,22,111111111101011,244.91816462427795,44.734310164572,0.042423229374103394,0.04522325004973488,f020b0f0f18749f4f80d2044ee695c609fe99ea67ea3d4931f47203208d0d26c,0.07588444517750759,6.977646465878141e-05,False,False,0.135972893716282,False,False,0.3981769519073646,False,False,0.44198507387645636,False,False,0.4116438951816602
580,579,156.15544079989195,116755.06157467366,116917.93869177303,0.0013930891950529427,0.30772650009021163,580,0,0.0,0,0,True,22,111111111101011,213.2595824235275,39.10227461665993,0.03693951736664968,0.03959243464025777,bd9ed2d1b8eff04f4f07a684eae2b3cd36cc20251fa21a9df4ed8e7f0e3858d8,0.06545842466584872,5.598663934574307e-07,False,False,0.009609199831722441,False,False,0.1602164348324623,False,False,0.39967478396505957,False,False,0.435857041673727
581,580,156.58105639996938,116755.47812248857,116917.93869177303,0.0013895264584911384,0.30322339991107583,581,0,0.0,0,0,True,22,111111111101011,2381.8047220583203,445.238328931287,0.4125647319594867,0.44989331097697294,9366369bb566cefee9c0ede185f1567175de723589750a429624b794314672ef,0.41654781490797177,3.56273656180431e-06,False,False,0.4061745577438964,False,False,0.4131131240624041,False,False,0.39950970309255257,False,False,0.4820265079212084
582,581,157.05726829986088,116755.4836543973,116917.93869177303,0.0013894791440344997,0.328058100072667,582,0,0.0,0,0,True,22,111111111101011,1.065298421058376,0.536162476661053,0.00018452626503296271,0.0005541382236347443,c75bd113b9ccfab92b18679660176927a677dff2c58bceba9578f7a0c30545fb,0.00553190874052234,4.73144566386606e-08,False,False,0.41266852172200486,False,False,0.4062774352188685,False,False,0.41321600153738375,False,False,0.3996942293573383
583,582,157.51932099997066,116755.9655085761,116917.93869177303,0.001385357841656192,0.32149929995648563,583,0,0.0,0,0,True,22,111111111101011,2038.8916899141418,347.36585883751235,0.3531727289743554,0.3590399127938667,3fa3089b6f4f630509032d3450791f9b16a7c8b49f1ee79c8b983633acb45a51,0.4818541787972208,4.121302378307665e-06,False,False,0.3529931560814102,False,False,0.3662138679618336,False,False,0.3584524587285396,False,False,0.3713848788754659
584,583,157.96455969987437,116756.36187693133,116917.93869177303,0.0013819677001632492,0.3071749000810087,584,0,0.0,0,0,True,22,111111111101011,2161.8008704146246,384.0784194605581,0.3744637565548726,0.38887378021909685,f40b1cf80313d157feaa47a44bf8dc7132a2e34c537989ff492a50c2ebf5366f,0.3963683552283328,3.39014149294283e-06,False,False,0.42789849178798367,False,False,0.4279801409899862,False,False,0.4238016258763514,False,False,0.43091991752546294
585,584,158.406452300027,116756.36837564615,116917.93869177303,0.0013819121166070015,0.2986490000039339,585,0,0.0,0,0,True,22,111111111101011,2.9872970144532056,0.9295075453267101,0.0005174489343903938,0.0009597782302434252,204d7a3c4aa4b583c71841ae9baf62b676c23cd095bcb47828311007bd47e089,0.00649871482164599,5.558355624770209e-08,False,False,0.37468853730279594,False,False,0.4282696253446717,False,False,0.4283512745429561,False,False,0.42384168242247466
586,585,158.85259569995105,116756.47022033419,116909.24629121734,0.0013067920265484208,0.3088883999735117,586,0,0.0,0,0,True,22,111111111101011,2254.297446882928,385.29033438413796,0.3904688989867968,0.3978343569843405,ce40a47fe30069ee2855e0602b17929475523bd33fc9d84e8941ec9927d91936,0.10184468803345226,7.512009005858074e-05,False,False,0.390353762323057,False,False,0.3539027461078493,False,False,0.4393584861931857,False,False,0.43917397077673326
587,586,159.29398049996234,116756.78095812676,116899.0821998054,0.0012172999051901347,0.3057085000909865,587,0,0.0,0,0,True,22,111111111101011,1503.2846039118178,264.8551265531143,0.26037811207122913,0.2632441226445623,2032b7ffa9115b429d7803948e9b16b2af23e5968b08ec3d08067c93cacc7e88,0.31073779257712886,8.94921213582861e-05,False,False,0.4149259875990691,False,False,0.4147675442768523,False,False,0.37080320924472243,False,False,0.40686740572122754
588,587,159.7620128998533,116756.78211694583,116898.96615705501,0.0012162985249856706,0.3010593999642879,588,0,0.0,0,0,True,22,111111111101011,5.001337901797138,1.0788772505733804,0.0008662661060007622,0.0011145555764481047,890f6de575bcb9d73876f4a3446af5ec08ad796e7cd1623950448eb91b6d98c6,0.001158819068223238,1.0013802044640894e-06,False,False,0.2602309457800423,False,False,0.414726157485275,False,False,0.4145677141833643,False,False,0.3704906998545439
589,588,160.19204410002567,116756.97165164453,116897.35124598458,0.0012008791717157865,0.3115647998638451,589,0,0.0,0,0,True,22,111111111101011,2347.36145447153,382.12756998056125,0.40659689715404157,0.39476355676314073,1601e6c2c98f502985053b3b66b080f145efd85dc93347e145aa9b31fca83757,0.1895346987002995,1.5419353269884072e-05,False,False,0.4066368158962781,False,False,0.32437234907438983,False,False,0.48325045013259654,False,False,0.483028006322773
590,589,160.64199219993316,116757.46070635659,116897.35124598458,0.001196695546450999,0.3107598000206053,590,0,0.0,0,0,True,22,111111111101011,2752.606224249684,467.21890178150954,0.4768115591369316,0.47900184770447374,8d2bbc200a02409070549f0a469ad5e62a115c0497186bcc79261baa1d98e908,0.48905471205944195,4.18362526478748e-06,False,False,0.412194865315417,False,False,0.4124718372868824,False,False,0.44129875696750276,False,False,0.3622501996304832
591,590,161.07669089990668,116757.62702108873,116897.35124598458,0.0011952728047860673,0.3145918999798596,591,0,0.0,0,0,True,22,111111111101011,1147.7049800861278,201.1694250699095,0.1988009433401354,0.20275310179783151,04ae56a943d1145454bef07f328538ef9ad3b6c85914f476f4e0103e502c2a1c,0.16631473213783465,1.4227416649317814e-06,False,False,0.3465752799167622,False,False,0.35118824465905035,False,False,0.351401531342906,False,False,0.34115971486098157
592,591,161.50362959993072,116758.03830091613,116897.35124598458,0.0011917545058424534,0.30142319994047284,592,0,0.0,0,0,True,22,111111111101011,2125.4851504934463,354.3482980646849,0.3681643278832365,0.36238195162566983,5e9e24a184aaef2a2b0b795e963570f21b9447b630ef074e587e8015326dd886,0.41127982739999425,3.5182989436138845e-06,False,False,0.3465463899967773,False,False,0.4420753495716279,False,False,0.3269506668685252,False,False,0.3272370866845283
593,592,161.94881480000913,116758.09395553503,116897.35124598458,0.0011912784076391115,0.32015060004778206,593,0,0.0,0,0,True,22,111111111101011,1033.1062479369466,185.84300016470183,0.17895583641858082,0.19076722647242708,0e75d39ce40cde25acf1ee8fdb66812c243bab24734f8e049ff4c02bd8581b7a,0.055654618903645314,4.76098203341848e-07,False,False,0.36601329291063883,False,False,0.32354735938935003,False,False,0.4596528198855741,False,False,0.33173476144267344
594,593,162.39179140003398,116758.2793107722,116897.35124598458,0.0011896927837119172,0.30896349996328354,594,0,0.0,0,0,True,22,111111111101011,1901.2525347237329,289.74498304410014,0.32933554249683666,0.2970721879549717,7188ecd88822234c47ee5e5da75ea634567cfdc270829d59bae561d8212c9063,0.185355237161275,1.585623927194326e-06,False,False,0.3102197102681174,False,False,0.3264817086913619,False,False,0.38334698125943617,False,False,0.4607748565306291
595,594,162.85206369985826,116758.28149863763,116897.35124598458,0.0011896740675869264,0.30552429985255003,595,0,0.0,0,0,True,22,111111111101011,3.8800663112015794,0.8463509945178656,0.0006720911880363083,0.0008499228299413249,eb023680fb9d2dd84c00b55407d456abbba58b637773dc882c85c5627b4317cb,0.0021878654370084405,1.8716124990754077e-08,False,False,0.32951280473680206,False,False,0.31042143873273564,False,False,0.3267661708670132,False,False,0.38361516547015945
596,595,163.319058699999,116758.48657788613,116897.35124598458,0.0011879197143333303,0.3334766998887062,596,0,0.0,0,0,True,22,111111111101011,2034.7346891539155,344.1998797339118,0.35244026110315424,0.3456381744242706,fe15e4c5b04239ca16352dd411b2136fac6b11cd35b8c680a3cb9231a31005d6,0.20507924849516712,1.7543532535961581e-06,False,False,0.35221967149937744,False,False,0.39557335871183275,False,False,0.3927690110884577,False,False,0.3243200689442634
597,596,163.79925479996018,116759.03079618458,116897.35124598458,0.001183264191409547,0.31982309999875724,597,0,0.0,0,0,True,22,111111111101011,2346.2189115715364,415.95955215375557,0.4063874469902769,0.434613864751432,9b0f25459ef47efc75b97a06cc40dfc5dec4c344065a4306b5350671382c54fd,0.5442182984552346,4.655522923783378e-06,False,False,0.410591348326164,False,False,0.4101699814900889,False,False,0.42313298557135454,False,False,0.4029289507063405
598,597,164.23118250002153,116759.08154604628,116895.09851272978,0.0011635814368100893,0.3032837000209838,598,0,0.0,0,0,True,22,111111111101011,1856.7804663277875,280.42405683460703,0.3216232494141976,0.28064122621302456,4806ece2cab0f5b084c8d001963439988cc06c375aea56111653fc0a0681260b,0.050749861693475395,1.9682754599457605e-05,False,False,0.35791562044395225,False,False,0.43176157516520236,False,False,0.4313728584902209,False,False,0.4433537676664006
599,598,164.6778072998859,116759.08154604628,116895.09851272978,0.0011635814368100893,0.31913130008615553,599,0,0.0,0,0,True,22,111111111101011,2602.7436679686652,437.88454532893667,0.45087300370630967,0.4440887521779924,38e9c21413817366145c580accbef764981ea56813f15792c97fb6045dda868b,0.0,0.0,False,False,0.4067960491519006,False,False,0.3488055772867545,False,False,0.39051386373768116,False,False,0.3903186219914854
600,599,165.19369799993,116759.08154604628,116895.09851272978,0.0011635814368100893,0.34149690018966794,600,0,0.0,0,0,True,22,111111111101011,274.83643455719744,48.22513165352896,0.04761277175663815,0.04903376657172069,d49e582d33c5732e9578301a9b3e20554ab482dc03b291cedbe6bf9a79c3918c,0.0,0.0,False,False,0.45707893922698123,False,False,0.4075806176537766,False,False,0.3468082451531027,False,False,0.39488774368819335
601,600,165.64957030001096,116759.08154604628,116895.09851272978,0.0011635814368100893,0.3075839001685381,601,0,0.0,0,0,True,22,111111111101011,2281.9586452689855,409.13904912219687,0.3953145676099896,0.41609065180349886,937cc05fd95b123168f2699ba7870f72ca651e169bf503b1ffce53d5594ad728,0.0,0.0,False,False,0.4004589172153657,False,False,0.5050612417050143,False,False,0.4906601665197176,False,False,0.40723279009672825
602,601,166.12184519995935,116759.08154604628,116895.09851272978,0.0011635814368100893,0.3348955998662859,602,0,0.0,0,0,True,22,111111111101011,3702.644967392421,659.5336847571288,0.6413847000323984,0.6655662914219314,b6bdb8b79dd0671510d3b765d276e5b5e02aab4fbd9767d871a1138ab1e18a56,0.0,0.0,False,False,0.4815068951977972,False,False,0.4810184512358697,False,False,0.4171678951100354,False,False,0.4250021208350886
603,602,166.5501242999453,116759.08154604628,116895.09851272978,0.0011635814368100893,0.3041697998996824,603,0,0.0,0,0,True,22,111111111101011,1701.496004234875,309.85411903080035,0.2947286979839282,0.2967244464406507,fe34a092872506eccd93f5db2e4eac6200195df80b316af8d08a0a5e95d73cb6,0.0,0.0,False,False,0.6063281037343395,False,False,0.4290803968193058,False,False,0.4181857097157263,False,False,0.4055369257369932
604,603,167.0865169998724,116759.08154604628,116895.09851272978,0.0011635814368100893,0.3545550999697298,604,0,0.0,0,0,True,22,111111111101011,977.6930026918778,181.2394266150015,0.16935286585484324,0.17258980676838725,855d0f3ff195befddeca4a49821ad7067dbdc1a58c7bc3e652ea3c7abf58076f,0.0,0.0,False,False,0.19781089638097357,False,False,0.6311445980651039,False,False,0.42797769142772824,False,False,0.426496287720782
605,604,167.51378139993176,116759.08154604628,116895.09851272978,0.0011635814368100893,0.31350630009546876,605,0,0.0,0,0,True,22,111111111101011,2038.32212056989,359.99280120804514,0.3530587113632349,0.3418538875529662,650a63aacb2f6de66d89f7216f9a4131c8b63bd3351d6a2f71ba260e1bcb3f68,0.0,0.0,False,False,0.3472972743117474,False,False,0.42972087592949093,False,False,0.7455443152585293,False,False,0.5045765395766704
606,605,167.97348989988677,116759.08154604628,116895.09851272978,0.0011635814368100893,0.30296549992635846,606,0,0.0,0,0,True,22,111111111101011,2342.3846242548316,422.6571866068261,0.40573480969209663,0.40045501481631984,0d0508999a4264a0cf117f3b6789061e8720fdb1902af6c224a574c1b6b5e1bf,0.0,0.0,False,False,0.3996944452098153,False,False,0.3375053072634711,False,False,0.4652119862634709,False,False,0.5987767865246344
607,606,168.41765900002792,116759.08154604628,116895.09851272978,0.0011635814368100893,0.30220219981856644,607,0,0.0,0,0,True,22,111111111101011,2274.766576973595,357.7009360316013,0.3940332701540269,0.3416865339934162,fd37adaa5b8af3c51f91274b305ca06a32d5e1cc71dd9f71e58c4e0a34fcbf14,0.0,0.0,False,False,0.45454408925636697,False,False,0.3929826845390955,False,False,0.3711631648936587,False,False,0.45027764345964644
608,607,168.85269790003076,116759.08154604628,116895.09851272978,0.0011635814368100893,0.30154919996857643,608,0,0.0,0,0,True,22,111111111101011,935.6824029476004,162.47900696508768,0.16207455801440168,0.16745923435554383,62ed4a3a95dfe81ff08bdcae15245b3120a85db54695cacf5159bc0e2e337f4b,0.0,0.0,False,False,0.4031834032279503,False,False,0.4291820658890676,False,False,0.3984789549325873,False,False,0.38088459245842754
609,608,169.32463129982352,116759.08154604628,116895.09851272978,0.0011635814368100893,0.3191207000054419,609,0,0.0,0,0,True,22,111111111101011,1044.4455655208437,179.9050287356245,0.18091659939983135,0.186547882892565,2d9f74824f68c40921cf346172397782c556127bce801ea40540f4650c617edb,0.0,0.0,False,False,0.19621300327032945,False,False,0.3750745027854408,False,False,0.4589855062000691,False,False,0.38448781964450734
610,609,169.81511490000412,116759.08154604628,116895.09851272978,0.0011635814368100893,0.3713575000874698,610,0,0.0,0,0,True,22,111111111101011,888.5287650702818,150.9232793468196,0.15390901910387456,0.15383564830310673,38386e084159db9b2712fc846f696a561aaa28002ca913b24c9a5a02d9f36e7f,0.0,0.0,False,False,0.16166337364444652,False,False,0.22444903347340756,False,False,0.3422325230230028,False,False,0.4217681014560275
611,610,170.29721540003084,116759.08154604628,116895.09851272978,0.0011635814368100893,0.3258481998927891,611,0,0.0,0,0,True,22,111111111101011,911.2979084643848,151.72623226855956,0.15785385414716865,0.15727645770061924,db97fc44a6d4b5ad6615a70d04666ea058f9bea710d60de456663e6c69f292aa,0.0,0.0,False,False,0.20218915041035807,False,False,0.16055923225637075,False,False,0.20944957347116638,False,False,0.3869842640139303
612,611,170.7836767998524,116759.08154604628,116895.09851272978,0.0011635814368100893,0.3323047000449151,612,0,0.0,0,0,True,22,111111111101011,2136.962449856368,329.5708566964371,0.37016614615381643,0.3459209620741976,cd84e1e9495dc9a99f5e97155bfd4b4f6b9321e8aed494774bdd133adf9410a7,0.0,0.0,False,False,0.35109278754329887,False,False,0.4285839292227302,False,False,0.35447282214839115,False,False,0.38830443932218944
613,612,171.23004109994508,116759.08154604628,116895.09851272978,0.0011635814368100893,0.32469489984214306,613,0,0.0,0,0,True,22,111111111101011,133.80566638724557,21.76533297172782,0.023177907268684742,0.022021295335658175,937625df0f0e24bf02fc0424d62877e7d44854b4cd267373e9cf5941191bdce7,0.0,0.0,False,False,0.36714332218507467,False,False,0.34764034325576887,False,False,0.4232984514892631,False,False,0.3492246659036609
614,613,171.6904305999633,116759.08154604628,116895.09851272978,0.0011635814368100893,0.3254165998660028,614,0,0.0,0,0,True,22,111111111101011,2886.0539580938516,491.9435411838888,0.4999167227365436,0.49794587551888597,a1c6020528d0d090df0c0e0bc06aa0c21667795b707696b42543ec09c19b6663,0.0,0.0,False,False,0.5044916528910127,False,False,0.31732565639762617,False,False,0.2599117231049009,False,False,0.2592152510620896
615,614,172.132549099857,116759.08154604628,116895.09851272978,0.0011635814368100893,0.31031080009415746,615,0,0.0,0,0,True,22,111111111101011,1.063087203476243,0.5350495761642505,0.0001841432078745903,0.0005422531744884335,aa3876cd4993205a857062c8325765a339f838000a9e2808ef06da5ef16cea77,0.0,0.0,False,False,0.5000120149088236,False,False,0.5045128375078194,False,False,0.3175097996053956,False,False,0.260095866312639
616,615,172.58958329982124,116759.08154604628,116895.09851272978,0.0011635814368100893,0.32231770013459027,616,0,0.0,0,0,True,22,111111111101011,289.21081330397635,51.36458811199051,0.05009597788388975,0.05206155969134629,9e7041d8a7a38a9d9dc2e343d5472a40fdbdc802c780f9fb1809ecbaad3af6ec,0.0,0.0,False,False,0.05009615296023035,False,False,0.5217001969556174,False,False,0.5272508290715092,False,False,0.3182856975392864
617,616,173.08224909985438,116759.08154604628,116895.09851272978,0.0011635814368100893,0.33092780015431345,617,0,0.0,0,0,True,22,111111111101011,483.2605394162887,85.5213695987241,0.08370886914146258,0.08695923423713359,1e064399da4ed2dfe54025da048281cf22cad431d0141e131dfb29bd1f356a7e,0.0,0.0,False,False,0.07679516936628568,False,False,0.07687664934041229,False,False,0.46973077885573905,False,False,0.47313151842200957
618,617,173.52946949983016,116759.08154604628,116895.09851272978,0.0011635814368100893,0.31366830016486347,618,0,0.0,0,0,True,22,111111111101011,2703.34338559763,416.2969626977988,0.4682674761797812,0.4249744573959783,57a8930c890f1968640d7106eaf30a1ca70e21e4905ecee7077fc1f43022927b,0.0,0.0,False,False,0.5045106470067822,False,False,0.4838618174264641,False,False,0.48375915154862625,False,False,0.3068534059392737
619,618,173.99059429997578,116759.08154604628,116895.09851272978,0.0011635814368100893,0.3334047000389546,619,0,0.0,0,0,True,22,111111111101011,2048.195204394795,318.9802547544273,0.35477917421568006,0.32292534326286765,264cad8ef0ab383883c2b42d3e017f65bd68a8526a1265d81785791eaa221c95,0.0,0.0,False,False,0.49458138815322367,False,False,0.5171789346441853,False,False,0.4975647665217429,False,False,0.4974621045941219
620,619,174.48516699997708,116759.08154604628,116895.09851272978,0.0011635814368100893,0.34118800004944205,620,0,0.0,0,0,True,22,111111111101011,1929.9488728707381,361.31717069288294,0.3342996104539989,0.366155035463281,68c44f4c10e3fdff85f737e7557eed6f5f49e4b8d17e21a36f1af2e23c9e9163,0.0,0.0,False,False,0.35417899115552254,False,False,0.4763233200678999,False,False,0.4926275541673345,False,False,0.4693057965792199
621,620,174.9646528000012,116759.08154604628,116895.09851272978,0.0011635814368100893,0.3211511999834329,621,0,0.0,0,0,True,22,111111111101011,2345.9209636410333,400.3984599285527,0.406347348643883,0.3970180935516846,fbd9483e1312cf21a265c16fe3a9d0a1dbfe140c12589bc3ca8abae49ed4f815,0.0,0.0,False,False,0.39659140149775324,False,False,0.5167118852783154,False,False,0.553465524814092,False,False,0.5629451411730109
622,621,175.4234127998352,116759.08154604628,116895.09851272978,0.0011635814368100893,0.30952719994820654,622,0,0.0,0,0,True,22,111111111101011,2848.4128113721745,525.3608019785099,0.49337488482080843,0.5258335531468743,cecba0ac79595a1126058a5cf33c5355b7f75ad461f199583c304b3f4ab52e20,0.0,0.0,False,False,0.49808079882094136,False,False,0.44821964659881286,False,False,0.46916060271662297,False,False,0.31024004887527507
623,622,175.88751109992154,116759.08154604628,116895.09851272978,0.0011635814368100893,0.3407018000725657,623,0,0.0,0,0,True,22,111111111101011,2768.9117305406903,459.92003233101394,0.47960772131677964,0.47660226058110683,e172a5455f3227a5739f6b15bbe7b9bb4be88225ff5dd271aa4de8a8c988cd25,0.0,0.0,False,False,0.3973267051902501,False,False,0.45709085317595616,False,False,0.49145251057468836,False,False,0.5049545195138049
624,623,176.4759158999659,116759.08154604628,116895.09851272978,0.0011635814368100893,0.35102120018564165,624,0,0.0,0,0,True,22,111111111101011,2427.03460344676,424.21421777571163,0.42039407222766534,0.42105025445949734,f304d73dd7add03b79593f685b4b0d67d371624e458181ac88bf270cda39c3d3,0.0,0.0,False,False,0.42096033063063254,False,False,0.4395207500660884,False,False,0.49632790884956624,False,False,0.429310659949225
625,624,176.95286790002137,116759.08154604628,116895.09851272978,0.0011635814368100893,0.33764579985290766,625,0,0.0,0,0,True,22,111111111101011,1707.452340012309,297.7509015920456,0.2957529143250124,0.3001364180648352,2696b6b9197c97aa2a244c65c97b69f59e331f7ca1e4f83da62ac8fef297644d,0.0,0.0,False,False,0.41465496109712335,False,False,0.4841310249780818,False,False,0.45650372336254924,False,False,0.46062470882975987
626,625,177.4879083998967,116759.08154604628,116895.09851272978,0.0011635814368100893,0.361815599957481,626,0,0.0,0,0,True,22,111111111101011,2170.311405213549,391.64163203625185,0.3759249688868002,0.38931630236699905,5b7b41fd06343457547b8470fab6552786618589e91f163a3f70a8f572f9504e,0.0,0.0,False,False,0.3479846881686683,False,False,0.453048253884804,False,False,0.4754295909138172,False,False,0.3946561805068921
627,626,177.93641399987973,116759.08154604628,116895.09851272978,0.0011635814368100893,0.32444099988788366,627,0,0.0,0,0,True,22,111111111101011,2181.752270766649,397.35078313402533,0.37792811106145036,0.40162069523695726,5d36d2e84e023480d5f8347f4f6eb816b12c4e6a08207ed89decf5485e08822b,0.0,0.0,False,False,0.41848424659012984,False,False,0.3180653383409288,False,False,0.40730728202092803,False,False,0.4938146683832247
628,627,178.41106289997697,116759.08154604628,116895.09851272978,0.0011635814368100893,0.35217690002173185,628,0,0.0,0,0,True,22,111111111101011,2634.91816933478,449.13134063615973,0.4564326825066654,0.44607580423793713,74f9c7fa5f751423a3629d46eedd5f7851f32600ef41edef8776962378910908,0.0,0.0,False,False,0.3929976247741027,False,False,0.36463107039885784,False,False,0.42998302052298115,False,False,0.4400003126705828
629,628,178.9424747999292,116759.08154604628,116895.09851272978,0.0011635814368100893,0.40781710017472506,629,0,0.0,0,0,True,22,111111111101011,1023.7715671331223,177.2912000311441,0.17733775889453962,0.18529693723996024,e0619acf85e839f3da07755954bb59aec3a41a35552c3d36881493224c3da620,0.0,0.0,False,False,0.4603162477486061,False,False,0.45086070052390875,False,False,0.3668784829400184,False,False,0.4469365324370499
630,629,179.43882759986445,116759.08154604628,116895.09851272978,0.0011635814368100893,0.3485694001428783,630,0,0.0,0,0,True,22,111111111101011,219.03481859737485,37.722689444565056,0.03794119989406033,0.03810292741299279,51781ba7ceea6b17fe187901ec67afbbffaafa31a34c58901382f42643d36feb,0.0,0.0,False,False,0.17186172557262222,False,False,0.4547155974992311,False,False,0.438275154696161,False,False,0.36866332005409985
631,630,179.92623650003225,116759.08154604628,116895.09851272978,0.0011635814368100893,0.36092480015940964,631,0,0.0,0,0,True,22,111111111101011,2757.8003222934203,458.5223685869422,0.47767964648621,0.4649573202815332,3a104a3afeb988312fd8a26992120d95819df803aa5d6881d0ea0a3b5020fc63,0.0,0.0,False,False,0.4884143273840769,False,False,0.4911138168680706,False,False,0.5738123311331255,False,False,0.5635438252486945
632,631,180.41482819989324,116759.08154604628,116895.09851272978,0.0011635814368100893,0.36153719993308187,632,0,0.0,0,0,True,22,111111111101011,3572.032697395625,615.8008448281236,0.6187013079747276,0.6024966871856712,7968ad1046f2552ef0d1a3f91e5b7366f6aab0b08a5b097f7d690a0b0a824c13,0.0,0.0,False,False,0.5367259680586854,False,False,0.5435822933716767,False,False,0.5182260748111094,False,False,0.6082033405564713
633,632,180.91042570001446,116760.78248354123,116895.09851272978,0.0011490304631884666,0.3475315000396222,633,2,0.13333333333333333,1,1,False,22,111011111101111,4721.0837360348705,768.969668024604,0.8171826414340627,0.7735988102570159,b81109ea4f5191b14aea9f8e7f97bfae6fe07f39923482fef14984561d780b62,1.700937494955724,1.455097362162267e-05,False,False,0.8262148633796648,False,False,0.7697045046339284,False,False,0.7903387498300821,False,False,0.8130004495322352
634,633,181.37738509988412,116760.78248354128,116895.09851272978,0.001149030463188093,0.32195609994232655,634,0,0.0,0,0,True,22,111011111101111,94.50115833393303,48.45261134562576,0.016345994210703003,0.043222870478910824,28fe6eac09f362e3bd78fbd400db36899fded055e2bd4cc2f9f3d869f21b1169,4.3655745685100555e-11,3.7361606863850483e-16,False,False,0.8102945141837948,False,False,0.8198970864763848,False,False,0.7766984441717193,False,False,0.7977784373409168
635,634,181.8406708999537,116760.81440558934,116895.09851272978,0.0011487573803260589,0.3202893000561744,635,0,0.0,0,0,True,22,111011111101111,164.56321386559932,49.58672485918853,0.028464715854484526,0.044385094222801055,b6804323d055316ca74ae706536ff3f9b37618092df7a1621b1117f4a673349b,0.031922048059641384,2.730828620341446e-07,False,False,0.01291273567231418,False,False,0.8207220925670412,False,False,0.8255799853225961,False,False,0.7711785790340436
636,635,182.36158979986794,116760.9251657824,116895.09851272978,0.0011478098624704775,0.3470752998255193,636,0,0.0,0,0,True,22,111011111101111,246.65818718454756,47.726546341432716,0.04266455685433676,0.04247406039532323,92617906648f29b3b00446c93175731fed2c746e662487bc2af3027f9927394f,0.11076019307074603,9.475178555813906e-07,False,False,0.04319292691715447,False,False,0.03300309258209027,False,False,0.803551471621258,False,False,0.8182267411497596
637,636,182.79777649999596,116761.35526348342,116895.09851272978,0.0011441305148632158,0.3212701000738889,637,0,0.0,0,0,True,22,111011111101111,518.3247202961813,101.16969131815209,0.08965536803448323,0.09088951589753834,47744416579d2480b7526d879d7dee8260b6bd34d4ba87fe288c3d1b753cf457,0.4300977010134375,3.67934760726169e-06,False,False,0.08141977584553776,False,False,0.09146735506956116,False,False,0.08076676460745252,False,False,0.8318343001041213
638,637,183.26177889993414,116770.24414383518,116895.09851272978,0.0010680890001645129,0.3454607999883592,638,2,0.13333333333333333,1,1,False,22,111111111101011,4081.8221800981637,637.2831328176827,0.7065380516040389,0.561854517642021,eefb335e0140df465fc41e6de8d8933f7f4aca68d561c4a80e95f8390fb7ac48,8.888880351762054,7.604151469870293e-05,False,False,0.6640738212477644,False,False,0.6757722148349016,False,False,0.6737541887787226,False,False,0.6745001819749343
639,638,183.81077550002374,116770.73406248013,116895.09851272978,0.0010638979036071657,0.42227270011790097,639,0,0.0,0,0,True,22,111111111101011,2272.8290427139873,462.889607115274,0.3936908541529564,0.4591046242688408,d19ee5fbe195e3577a02059d708f79cd3f5f6790858893933a27132acb57d3ff,0.4899186449474655,4.191096557347148e-06,False,False,0.8012606680396109,False,False,0.7601940894441834,False,False,0.7661425059885355,False,False,0.7699297514626977
640,639,184.33836499997415,116771.11907217896,116895.09851272978,0.001060604269368175,0.4057859000749886,640,0,0.0,0,0,True,22,111111111101011,2857.699099040627,439.8521319480179,0.49498211395254876,0.44650144583791457,d0bca2766f1dde9441c9cc3249f5f748eb6b7a1c5c1188a9dc9e106f8b3309cb,0.3850096988317091,3.2936342389906694e-06,False,False,0.4144306010220179,False,False,0.8064696123648367,False,False,0.7784416343271493,False,False,0.7885637343560606
641,640,184.83205359987915,116771.27760190357,116895.09851272978,0.001059248098522497,0.36322860000655055,641,0,0.0,0,0,True,22,111111111101011,1213.4847360897559,217.0110180664603,0.21017922158133517,0.22246230844010428,31dcb2509d171259278f73e693dece08369c8dc1464325935e874f606d792e47,0.15852972460561432,1.3561708456779828e-06,False,False,0.4376388796404592,False,False,0.3513599214418842,False,False,0.8332543702536905,False,False,0.810405198512348
642,641,185.33416499989107,116771.48989857562,116895.09851272978,0.0010574319687210764,0.37639319989830256,642,0,0.0,0,0,True,22,111111111101011,1183.7681036208246,213.37705031172607,0.2050309571351188,0.21868095687114075,67e6896db815601d711b92664862939b66d52197816b931114334f169d52a295,0.2122966720489785,1.8161298014206673e-06,False,False,0.09975186118208089,False,False,0.4811690061140486,False,False,0.38281464608110966,False,False,0.8171422897253201
643,642,185.83629929996096,116772.04106453188,116895.09851272978,0.0010527169210991125,0.36057120002806187,643,0,0.0,0,0,True,22,111111111101011,2543.6426637396457,420.2104896409516,0.4405719086362143,0.4340041351651288,194688e56880448013740b79b72ebb468e5b27390d91d396dcc18f5ef24f2362,0.5511659562616842,4.715047621963852e-06,False,False,0.4443128393466736,False,False,0.4348777935065538,False,False,0.5728296431272186,False,False,0.5640667502738721
644,643,186.360606999835,116772.042516708,116895.09851272978,0.0010527044981991185,0.3843958000652492,644,0,0.0,0,0,True,22,111111111101011,6.406812832188771,1.2462775855474908,0.001109726587627492,0.0012249985281207803,4fe5c806d623294653f5f1440bc58036a11c9b59f3cdf180cf037f2f9012f4bb,0.0014521761186188087,1.2422899994075573e-08,False,False,0.4408845210740461,False,False,0.44485184759014856,False,False,0.4352613845084568,False,False,0.573441177065004
645,644,186.8685472998768,116772.34029334957,116895.09851272978,0.0010501571147300064,0.3694619999732822,645,0,0.0,0,0,True,22,111111111101011,2493.348184077905,437.0139018383195,0.43186735049601316,0.42948414790456013,eeda373c7c57436a84b47557277bafa7bd5278c26836232a314067dd02a0a085,0.29777664157154504,2.547383469112029e-06,False,False,0.4314480786912167,False,False,0.3556201911902627,False,False,0.41954767615596933,False,False,0.391373949090794
646,645,187.37797749997117,116772.91359911306,116895.09851272978,0.001045252668172472,0.3741995000746101,646,0,0.0,0,0,True,22,111111111101011,2650.9918312253903,499.37105696415364,0.4591723026512028,0.5110020117572773,f14f3d26fbe7666f7655adcfc07bf26a6da81da1199d675858ec4b0a6b40b65f,0.5733057634934084,4.904446557534459e-06,False,False,0.47328947945416394,False,False,0.47321719700291653,False,False,0.4114663342989954,False,False,0.520611864482555
647,646,187.89932419988327,116773.23963187645,116895.09851272978,0.0010424635626621569,0.39163480000570416,647,0,0.0,0,0,True,22,111111111101011,1587.7347361602951,258.30437100212356,0.27501326315369967,0.2547796536801938,c803015b3675d717280b6384eec2429fc46f0550ab17a86ead25f5cedb70ca87,0.32603276339068543,2.789105510315115e-06,False,False,0.5109481217165105,False,False,0.5363806334776509,False,False,0.5362471223050631,False,False,0.43124312980012325
648,647,188.4635522000026,116773.77677629748,116895.09851272978,0.001037868464767836,0.37566539994440973,648,0,0.0,0,0,True,22,111111111101011,2081.2548204775158,358.9673635183069,0.3604907183745423,0.35234163266784385,eadf75725aba84ade625ade48385d316869aa2fa3037ab834d3d97469dea4ad2,0.5371444210322807,4.595097894320938e-06,False,False,0.30109711774855247,False,False,0.47146733119748085,False,False,0.3644497597291388,False,False,0.36406270817058406
649,648,188.9953075000085,116774.03084411439,116895.09851272978,0.0010356949962466143,0.38476380007341504,649,0,0.0,0,0,True,22,111111111101011,2526.9099306884204,420.0108544351249,0.43769069042145253,0.4184844458865745,c6f9ddb27ee9f7d953d6ab19188a9921e5d315d1c47e971b7c9953a58aba1f6e,0.2540678169025341,2.1734685212216644e-06,False,False,0.5109940493980727,False,False,0.45670698389881675,False,False,0.572761694035393,False,False,0.4250459327380845
650,649,189.51744029996917,116774.19821152929,116895.09851272978,0.0010342632218006754,0.3712835998740047,650,0,0.0,0,0,True,22,111111111101011,2034.1797091574372,393.26122332660975,0.35235536199427264,0.3796033256722701,adb6d75c904f30a40acab8f8d42b4f6d56b6059540084bd0a6c3cf7dc0f6d082,0.1673674149060389,1.4317744459388902e-06,False,False,0.35933404079490755,False,False,0.49248447500621495,False,False,0.46816662345481364,False,False,0.46759074881615303
651,650,190.00829209992662,116774.52305775823,116895.09851272978,0.0010314842667113093,0.36470740009099245,651,0,0.0,0,0,True,22,111111111101011,2359.315793835106,364.760974029889,0.408670710017481,0.3707869031556268,a3ef2630e70e2d93b07664e0446282dff04e896e5801d744e5af8d4acce70a39,0.32484622893389314,2.7789550893660402e-06,False,False,0.41291421942747675,False,False,0.393067294058958,False,False,0.46656110708462467,False,False,0.46212237262473066
652,651,190.50930899986997,116774.90200043781,116895.09851272978,0.0010282425338721565,0.3699140001554042,652,0,0.0,0,0,True,22,111111111101011,2459.8905280300605,409.101801451331,0.4260882088893617,0.4127682449267655,980577219c479a10da6fd045509630199654e44761c99c699f81c221c65cbb8c,0.37894267958472483,3.2417328391528243e-06,False,False,0.46818951851133245,False,False,0.4690832190640801,False,False,0.46789244015889625,False,False,0.5149606682274581
653,652,191.02727549988776,116775.18990773293,116895.09851272978,0.0010257795794901398,0.38902919995598495,653,0,0.0,0,0,True,22,111111111101011,2042.1542372711083,395.65947573984687,0.3537263953957687,0.3987774524327138,b3be23430e5dae82ea9adba743e064ee6f20561ddbf6dea3604b25c3ab234a4a,0.28790729511820246,2.4629543820167254e-06,False,False,0.35706519733783226,False,False,0.4973729802300486,False,False,0.4666111360115581,False,False,0.483254545524387
654,653,191.5589633998461,116775.4240690986,116895.09851272978,0.0010237764042616258,0.38437419990077615,654,0,0.0,0,0,True,22,111111111101011,2027.58294113462,359.91917013748287,0.35119863175544813,0.3658892261960738,b55a225894258404e4126a823ea0d3e56313a0d04f2fde9d5336cb2b85b2d784,0.2341613656753907,2.003175228513978e-06,False,False,0.39878125920236696,False,False,0.42299978388177567,False,False,0.5796450777100183,False,False,0.52959024466264
655,654,192.11288449983113,116775.81686360697,116895.09851272978,0.0010204161734789143,0.42762900004163384,655,0,0.0,0,0,True,22,111111111101011,2347.8555617561915,418.9630865077427,0.4066662588928644,0.4205164984255257,d2badf907f2054123a3441e711174c67edcdce149425122ddc2478e074ca9ae8,0.39279450837057084,3.3602307827115124e-06,False,False,0.4077679384030826,False,False,0.3235100745110761,False,False,0.4018083301884911,False,False,0.4731758021449269
656,655,192.61278949980624,116776.00068819665,116895.09851272978,0.0010188436131917976,0.37494090013206005,656,0,0.0,0,0,True,22,111111111101011,1953.0708490118657,333.47303296031646,0.3382939159664066,0.33526761430568275,40e94a7cf0ac5b1c85e6c6ccf8f9f89c577ad6d505935c70f915a3d5e23e1211,0.18382458967971615,1.572560287116647e-06,False,False,0.5303129858312208,False,False,0.4381009263821225,False,False,0.41587893790548214,False,False,0.5390219782685985
657,656,193.2377303999383,116776.29766517253,116895.09851272978,0.0010163030706056941,0.4583449999336153,657,0,0.0,0,0,True,22,111111111101011,2564.047016219423,436.8395746103478,0.4441264076762916,0.4470308209196811,cef74e09e70b589e39eba6254434ea271845efe4b23f04f3b0e47767688a77df,0.29697697587835137,2.5405425861035284e-06,False,False,0.3757697318588533,False,False,0.5066435368713714,False,False,0.43234779520615085,False,False,0.4779439159713684
658,657,193.7780220999848,116776.4574468071,116895.09851272978,0.0010149361900726938,0.39439629996195436,658,0,0.0,0,0,True,22,111111111101011,2435.367977171114,465.484729447871,0.4218306361372737,0.46388943675932065,0de663f333b655359234d8cd74783c10c6e065384807ff3b2d6e44a47ce3089d,0.1597816345602041,1.3668805330002871e-06,False,False,0.499373792876887,False,False,0.3961328100809433,False,False,0.4481089503259036,False,False,0.39970401580072096
659,658,194.2972060998436,116776.61477749127,116895.09851272978,0.0010135902766325547,0.3944266999606043,659,0,0.0,0,0,True,22,111111111101011,1585.64841221174,272.26764728704325,0.2746569894828413,0.2744031539649882,a85e6c638e93b0f5665f89d4984cc1a4b6d8d0b421ef1193e59077dbde5af8d0,0.1573306841746671,1.3459134401391012e-06,False,False,0.4555173721821638,False,False,0.48301236902104566,False,False,0.41025197448659195,False,False,0.4882665129447168
660,659,194.86137269996107,116776.88149253605,116895.09851272978,0.0010113086151413981,0.3912791998591274,660,0,0.0,0,0,True,22,111111111101011,2658.058298092296,444.20404111328395,0.46041599097829916,0.46069627293937365,b263fcdf76143072cd4f24143758ca66afd62bde43e7d13448d3379302370227,0.26671504478144925,2.2816614911565832e-06,False,False,0.43651622017077313,False,False,0.4140687542233958,False,False,0.47921080846461434,False,False,0.32766488563659063
661,660,195.37887479993515,116777.22188031513,116895.09851272978,0.001008396707085243,0.387228200212121,661,0,0.0,0,0,True,22,111111111101011,1646.3995169444338,279.31625029032233,0.2851781716015596,0.27612886925358276,dd28ecfe3acd2ab7cb7e46b1367e8cab3c8c535a3e6f152dcba11456b4504608,0.3403877790842671,2.911908056155198e-06,False,False,0.4629709525040816,False,False,0.41277062777836576,False,False,0.3554576630075337,False,False,0.4628490722141126
662,661,195.9115954998415,116777.23195824162,116895.09851272978,0.0010083104936629648,0.38884740020148456,662,0,0.0,0,0,True,22,111111111101011,5.064266570212528,1.2529278250384068,0.0008772000128520278,0.0012700987925080922,54c974edadc360b9625156d5dea1914cf8b699f199f6ba043926230d39814bee,0.01007792649033945,8.621342227816721e-08,False,False,0.28524355179723804,False,False,0.46289401573543,False,False,0.4128984049331973,False,False,0.3556068260037789
663,662,196.41625479981303,116777.76144484166,116895.09851272978,0.001003780905966219,0.37981140008196235,663,0,0.0,0,0,True,22,111111111101011,1782.3104462415308,302.6801851693955,0.308711255023503,0.3068607183557515,10e63199ed825628dcb435ac83b64af307cbc8a63262dda8e7c1aae668ddcc25,0.529486600033124,4.52958769674573e-06,False,False,0.3086143297576526,False,False,0.295575655017726,False,False,0.5043691035922343,False,False,0.4409605630897491
664,663,196.94512709998526,116778.00294673347,116895.09851272978,0.001001714934895716,0.4025526999030262,664,0,0.0,0,0,True,22,111111111101011,1975.7020215088198,335.4888499891992,0.3422059387211077,0.34156764942365764,29098c072c18c9c5d3c4d0627d17daf97623803ce9efa81b7243e37c0e3c40c9,0.24150189181091264,2.065971070502968e-06,False,False,0.3751397105376172,False,False,0.3748296980655845,False,False,0.3933065720625324,False,False,0.4752535106025592
665,664,197.4580971999094,116778.53997160177,116895.09851272978,0.0009971208597365723,0.39012629981152713,665,0,0.0,0,0,True,22,111111111101011,1914.5351269120433,359.99252805803536,0.3316227377846358,0.3650227448235474,8f46696e33247018140e8daa56868952cb91821804d7ee6fd17564d5efd85981,0.5370248683029786,4.5940751591437914e-06,False,False,0.35092551695088847,False,False,0.4303558988062998,False,False,0.4303289959814887,False,False,0.4305431574506668
666,665,197.9484254999552,116778.78661353677,116895.09851272978,0.0009950109172485392,0.37216740008443594,666,0,0.0,0,0,True,22,111111111101011,2305.416292099027,427.6278281612918,0.39933616123028115,0.4225691727528606,044640ffefced2ec3e7a7c3cad2b21bcf7649869a0bee555dfad4e4339d0ab6b,0.246641934994841,2.109942488033069e-06,False,False,0.4018164416558078,False,False,0.22614034452904597,False,False,0.299509471391044,False,False,0.2991193194281246
667,666,198.49617189983837,116779.1010845731,116895.09851272978,0.000992320718597421,0.39666700013913214,667,0,0.0,0,0,True,22,111111111101011,2310.847581507455,421.3560417207638,0.4002734055311434,0.43719260813007993,df541e477468bd1274bb39154c0603c56d63c4b71b828b6ba43440e13e58727e,0.31447103634127416,2.6901986511181954e-06,False,False,0.36438449261036127,False,False,0.40429219998448124,False,False,0.38797665196023867,False,False,0.32864545057044847
668,667,199.04404779989272,116779.55785066125,116895.09851272978,0.000988413231508951,0.4171744000632316,668,0,0.0,0,0,True,22,111111111101011,1942.1641434793905,338.34184626504947,0.3364085029579447,0.33992397673370267,3d778ab8a1fbc11fddc40f0517d729f88c4e3ee2a11bda8b2856232839af382e,0.4567660881439224,3.907487088470078e-06,False,False,0.3996066105009249,False,False,0.3987970631525773,False,False,0.4033369576335946,False,False,0.30615089407129903
669,668,199.5760627000127,116779.69589396834,116895.09851272978,0.0009872323153812053,0.40550959995016456,669,0,0.0,0,0,True,22,111111111101011,2237.9600597362073,417.6706051137326,0.387636929952062,0.4294742138996918,dc77058134abf1bdb3610a6d940570523e9c7164f0dde6f5fc6e333620f19e0e,0.13804330708808266,1.1809161277456445e-06,False,False,0.40187610277602526,False,False,0.4298264332160935,False,False,0.3237099114815537,False,False,0.32033794430214346
670,669,200.1312996998895,116779.69589396834,116895.09851272978,0.0009872323153812053,0.41275390004739165,670,0,0.0,0,0,True,22,111111111101011,2077.1015336869914,354.7571827259702,0.3597773963675829,0.3561158179153386,d3fc7f56647683c16c38143bcb1737626bd7c7f79ef0baa7dd3d09ccf54f03a1,0.0,0.0,False,False,0.39639858018872165,False,False,0.42806620742534657,False,False,0.33307817474892076,False,False,0.4623234393591675
671,670,200.66001579980366,116779.69589396834,116895.09851272978,0.0009872323153812053,0.4027817999012768,671,0,0.0,0,0,True,22,111111111101011,2525.3097408122703,426.0253730653812,0.43741489322157506,0.4411728003863298,0f85f869d6cd234efbab15ff905968df0f1764bfd299ee9a71ad19a8fa14d5d9,0.0,0.0,False,False,0.384449823297921,False,False,0.392869633022512,False,False,0.3408502555956657,False,False,0.4119807599992077
672,671,201.2787410998717,116779.69589396834,116895.09851272978,0.0009872323153812053,0.42681450000964105,672,0,0.0,0,0,True,22,111111111101011,2522.5158883392437,440.3386409680075,0.43692519021103243,0.44149238637078364,f34c592f0aa18f0df850739d983888beceb7afe29d2d0f14830e90db18833627,0.0,0.0,False,False,0.39135877212816633,False,False,0.4317852415285025,False,False,0.3461845192294117,False,False,0.4568640765859631
673,672,201.83488440001383,116779.69589396834,116895.09851272978,0.0009872323153812053,0.4207582001108676,673,0,0.0,0,0,True,22,111111111101011,252.94214779433167,48.16131524772307,0.043812779848288526,0.0505426513655768,6c109135bcded6b138cd7d665e8e130db7d75ca00c6ab2246625e3ec2e897d85,0.0,0.0,False,False,0.4374762335257561,False,False,0.3895572560640732,False,False,0.4204179687126656,False,False,0.33185766323627064
674,673,202.3991548998747,116779.69589396834,116883.3565712405,0.0008868728646492606,0.42906510015018284,674,0,0.0,0,0,True,22,111111111101011,1695.1665825167865,323.0520408396283,0.29362187870485096,0.3402172755931195,c891c212bb2e6055c85bb84abbc6795767bcbf61e6a7a2709225e9bbf50cb143,0.0,0.00010035945073194467,False,False,0.31163431671703556,False,False,0.36107872981480094,False,False,0.41660543378247933,False,False,0.40000472508120055
675,674,202.96581860003062,116779.69589396834,116883.3565712405,0.0008868728646492606,0.4160765998531133,675,0,0.0,0,0,True,22,111111111101011,1884.4695678638054,351.6182842285917,0.3264140908641566,0.3619009794962974,f6c3202e39075909cf4b4306295d7502ce3fe0c275bba16fdfe83dd9cc2cda66,0.0,0.0,False,False,0.31014142294082186,False,False,0.30555382089276567,False,False,0.3829268145835578,False,False,0.4380646660694397
676,675,203.51609289995395,116779.69589396834,116883.3565712405,0.0008868728646492606,0.4216715998481959,676,0,0.0,0,0,True,22,111111111101011,2138.9455538592183,363.3550762948128,0.37050228989190287,0.3649193716797221,6d144a5249a7e10515e93b5e973c21f16afab24d50bd09f2a89eefc10003e064,0.0,0.0,False,False,0.29975125623471144,False,False,0.2780592376509447,False,False,0.2941142328876863,False,False,0.43222361015825567
677,676,204.06680169980973,116779.69589396834,116883.3565712405,0.0008868728646492606,0.42434979998506606,677,0,0.0,0,0,True,22,111111111101011,2.3120527339950927,0.4613502421593959,0.00040049071351658266,0.0004851072585102474,1ea79a2af3c660f446d5a0c6f9e6cdea87b68ad106be9052abda1eddca6927ad,0.0,0.0,False,False,0.37049882598126904,False,False,0.2996396060176994,False,False,0.2780560029251027,False,False,0.29411163466997525
678,677,204.67265999992378,116779.69589396834,116883.3565712405,0.0008868728646492606,0.4545034999027848,678,0,0.0,0,0,True,22,111111111101011,2609.73263704242,461.5792969366762,0.45204705724092414,0.4853589739446051,8b7296fd519658e94104943bcea875b925c3cbe55d09d3a41d7d7fb7757b0db3,0.0,0.0,False,False,0.45209138880383365,False,False,0.4440123445065607,False,False,0.4377372407086974,False,False,0.4184303990064305
679,678,205.2125883998815,116779.69589396834,116878.89067938758,0.0008486971842618118,0.393192500108853,679,0,0.0,0,0,True,22,111111111101011,2082.6908102463035,348.11794576797064,0.360752000484906,0.35107584291211436,e05c0c291c1107c45f596f3f4677847d17db4029da4718ea95b4af43c27fbe07,0.0,3.817568038744885e-05,False,False,0.38669892384347604,False,False,0.38673856339067797,False,False,0.45240931891423,False,False,0.35038832109324525
680,679,205.76828319998458,116779.69589396834,116878.89067938758,0.0008486971842618118,0.433738199993968,680,0,0.0,0,0,True,22,111111111101011,0.6064574598204597,0.305228776701332,0.00010504797856827062,0.0003202577338822636,3dce7d992589aae06c1b787b5001c451ac5aa2cd50629fe2fca93593ece7e332,0.0,0.0,False,False,0.36080131434041385,False,False,0.3867454052497165,False,False,0.3867850447969184,False,False,0.45251436689271646
681,680,206.38039429998025,116779.69589396834,116878.89067938758,0.0008486971842618118,0.4548483998514712,681,0,0.0,0,0,True,22,111111111101011,2387.40378952196,407.74535682342895,0.41352646506035623,0.4278404035148198,86eb45690e790d2a707af2f58b3410755d5938bce117f86e08e2f4926724626b,0.0,0.0,False,False,0.4135634922620292,False,False,0.4398812747231369,False,False,0.4093306899828964,False,False,0.4093979499980351
682,681,206.95921729994006,116779.69589396834,116872.44945741129,0.0007936306963152263,0.44809670001268387,682,0,0.0,0,0,True,22,111111111101011,1307.0067614369514,232.75089897532283,0.22638613049157152,0.23717453667511668,172a5e8537bc01e8b04b45b908a8bd4150fdf3b83db9546252abb3148144348f,0.0,5.506648794658547e-05,False,False,0.2919871240885927,False,False,0.2918820787458809,False,False,0.3552207508386476,False,False,0.34362009485680267
683,682,207.51027979981154,116779.69589396834,116872.44945741129,0.0007936306963152263,0.4223488001152873,683,0,0.0,0,0,True,22,111111111101011,1257.355577543945,232.41480788796827,0.21778775391024227,0.24241032195177456,fe0e873a20e7bc89c9bb8e4299b8a737450f5b6aaf2b41448355df587e38da33,0.0,0.0,False,False,0.1645875243252906,False,False,0.36735599939740254,False,False,0.36735599939752916,False,False,0.428351605561475
684,683,208.1246352000162,116779.69589396834,116872.44945741129,0.0007936306963152263,0.45214340020902455,684,0,0.0,0,0,True,22,111111111101011,1702.3363769007533,336.3708932894343,0.29486295159481946,0.3404133790443007,1e0c15750b9abd2bcf9f6706f41b8b9f16be9a4a2044b4715582b2d84d014a94,0.0,0.0,False,False,0.23921410072111088,False,False,0.2606176802696926,False,False,0.38905855264601175,False,False,0.389012072516067
685,684,208.72388760000467,116779.69589396834,116872.44945741129,0.0007936306963152263,0.4329067000653595,685,0,0.0,0,0,True,22,111111111101011,742.8304709620081,135.79480617317483,0.1286660540713209,0.13962290849006034,59f62cadea35675b28e016fd77706c7cbe2a18393d49cb4a9ff95e17f223a875,0.0,0.0,False,False,0.27841417760277115,False,False,0.28789000733907505,False,False,0.24426723548815832,False,False,0.37841045941217466
686,685,209.3099360000342,116779.69589396834,116868.16475444919,0.0007569970887001462,0.44252869999036193,686,0,0.0,0,0,True,22,111111111101011,1783.8063188793549,344.1145474297148,0.3089719192118505,0.35426531751455215,86dc3fcc6b1d3478be53e8ce4f3193fa716ad60871ac769cb478b30f02ae8e19,0.0,3.6633607615080103e-05,False,False,0.29949983865105456,False,False,0.3144337934092373,False,False,0.2566169164362712,False,False,0.31823328098306414
687,686,209.90280479984358,116779.69589396834,116868.16475444919,0.0007569970887001462,0.4663326998706907,687,0,0.0,0,0,True,22,111111111101011,1993.5645769937607,344.72799969263275,0.3453121876448693,0.3639163970053129,4d3afc37a85a36d91992fcea20140b373b9eecbdb40af6dde2c7f7e2384c06c8,0.0,0.0,False,False,0.3372876704392583,False,False,0.3385134560570049,False,False,0.24283545948142302,False,False,0.27793604288843915
688,687,210.5038521999959,116779.69589396834,116868.16475444919,0.0007569970887001462,0.45478909998200834,688,0,0.0,0,0,True,22,111111111101011,2145.30210371902,458.49570481067155,0.3716051461392692,0.4568800891968987,30d524356a1b76b71506306cb221a32809b57880dc7ae203f62b84c3e96d626a,0.0,0.0,False,False,0.4090240587767399,False,False,0.3855703157855814,False,False,0.39640633120583924,False,False,0.357362409399679
689,688,211.07897519995458,116779.69589396834,116868.16475444919,0.0007569970887001462,0.4289100000169128,689,0,0.0,0,0,True,22,111111111101011,2794.137518409452,486.44995933831274,0.4839790603547728,0.49558333526532583,0fb77ae6ac5aae241b254e1e5aaddf6ab0dd118a8a7aaef90f756fe9f70851e0,0.0,0.0,False,False,0.39915946143728515,False,False,0.28430248757789944,False,False,0.3775374164651083,False,False,0.3548105104292185
690,689,211.63833009987138,116779.69589396834,116868.16475444919,0.0007569970887001462,0.4331285001244396,690,0,0.0,0,0,True,22,111111111101011,1860.4976991887156,361.83252444236405,0.3222522717359217,0.38047204832604364,bfb24ffc8728f5ff9c0231bbf401b319dc26ead756c3bcff11411d283e74c755,0.0,0.0,False,False,0.512770868683695,False,False,0.4381625679882182,False,False,0.39378667503844317,False,False,0.39765421801283085
691,690,212.16505449987017,116779.69589396834,116868.16475444919,0.0007569970887001462,0.3899632999673486,691,4,0.26666666666666666,2,2,False,22,111111011011111,7437.162545524792,1235.574462999871,1.2845668181169192,1.246543803121567,9e792fa48ec1f56b8c9ca14feffb6bc64001ae626ba629451103e3c14099a372,0.0,0.0,False,False,1.389276409701888,False,False,1.373242036162128,False,False,1.3101439657166263,False,False,1.408542379125647
692,691,212.61614970001392,116779.69589396834,116868.16475444919,0.0007569970887001462,0.32284849998541176,692,0,0.0,0,0,True,22,111111011011111,2253.0706888029317,833.1234406994524,0.3880682722307796,0.5900690536668792,cb01d5ac2763e1198895bcd12c056c91a7bc06158a79d5c60cdb992771ff6418,0.0,0.0,False,False,1.2581572676975799,False,False,1.3729013353767718,False,False,1.325316963268652,False,False,1.3692686658161186
693,692,213.1271742999088,116784.93219841002,116868.16475444919,0.000712191863490294,0.3534257998690009,693,4,0.26666666666666666,2,2,False,22,111111111101011,7844.14849552341,1290.1452500452792,1.3548901973189407,0.9156106625713504,b38bf08cd43e8dd3b2511c5363bba58f98b094d74f27ea36c795ba098207d97b,5.236304441685206,4.480522520985226e-05,False,False,1.3572727546892132,True,False,0.3087013981123857,True,False,0.3550981340373184,True,False,0.4057327278814365
694,693,213.64153059991077,116785.11725912154,116868.16475444919,0.0007106083637244839,0.3792102001607418,694,0,0.0,0,0,True,22,111111111101011,1357.165983856751,257.4739497307854,0.2350818668130137,0.26709250939222984,2cc7cbe23f57dbfcfaab793282cd4526fa4f8ce9f896825da1e595a489f9c5f0,0.18506071151932701,1.583499765810104e-06,False,False,1.336821783147217,False,False,1.349333019997389,False,False,0.33345354245115383,False,False,0.4192925984432443
695,694,214.18730499991216,116785.33292729678,116868.16475444919,0.0007087629665995126,0.4199105999432504,695,0,0.0,0,0,True,22,111111111101011,2106.018101508159,405.41844851665513,0.3647877149047958,0.40480586938242497,8534987a4aad5216944b801bfe26bd368c2b8868dd1a63d062cf265ad78f8d37,0.21566817523853388,1.8453971249712472e-06,False,False,0.3319079347978009,False,False,1.3974633196908168,False,False,1.4107353003457748,False,False,0.3776513780909509
696,695,214.74119789991528,116785.41304579854,116868.16475444919,0.0007080774206090287,0.40110479993745685,696,0,0.0,0,0,True,22,111111111101011,1611.1562164874144,296.9697276819348,0.2790695753878513,0.29720769674756864,2790a8fba07fdbefae5f7d9c177d8e6a4aac87cd070a0ac2abe54aa9402c6944,0.08011850176262669,6.855459904838877e-07,False,False,0.3979951883980382,False,False,0.33195948045230683,False,False,1.452431642374906,False,False,1.4529110888141077
697,696,215.26413319981657,116785.45289339955,116868.16475444919,0.0007077364586277645,0.3755435000639409,697,0,0.0,0,0,True,22,111111111101011,1923.3704927948768,392.1829663115346,0.33315097483325035,0.4021752651592672,bb45e9238b5ae8c45749fe1fa0588a67b2be4a87db7be9f893f203a769432989,0.03984760100138374,3.4096198126421905e-07,False,False,0.3862924334864107,False,False,0.4533162356446253,False,False,0.44411631749910474,False,False,1.3398559151164382
698,697,215.80602539982647,116785.58770338236,116868.16475444919,0.0007065829367674646,0.40530749992467463,698,0,0.0,0,0,True,22,111111111101011,2349.103521241891,397.7056190161313,0.40689619493432916,0.3914250696944283,49fcac1121c455e5598ef37cf4d38afea339c50e748f833432dc02eb2f4a3ba1,0.1348099828173872,1.1535218602999218e-06,False,False,0.3498219715556457,False,False,0.3041339582441124,False,False,0.3646221455242447,False,False,0.3313954695360577
699,698,216.3828791999258,116785.76453465332,116868.16475444919,0.0007050698534454794,0.4443246000446379,699,0,0.0,0,0,True,22,111111111101011,1770.6169179329436,303.4278153146435,0.3066967320512606,0.31272385436586875,479d522e79b60764e4ccd5f28a015ab3eae903647aac901aade2449be4fd42bd,0.1768312709609745,1.5130833219851323e-06,False,False,0.36833191991992414,False,False,0.33029653412588045,False,False,0.3530042200624498,False,False,0.4203102195351458
700,699,217.01909850002266,116785.93294372747,116868.16475444919,0.0007036288359151606,0.49132569995708764,700,0,0.0,0,0,True,22,111111111101011,1514.3282707084886,302.98019913981335,0.26230403750224685,0.3112453115155206,e021eddd04d7f1f2fdc06cd0ac6d6caa84a4aa7770b194b6d84fc834a8df780e,0.1684090741473483,1.4410175303188055e-06,False,False,0.38818194760620056,False,False,0.49462202023635166,False,False,0.3797314633400033,False,False,0.3947244588268653
701,700,217.55725979991257,116786.12960035409,116868.16475444919,0.0007019461139606122,0.4103298999834806,701,0,0.0,0,0,True,22,111111111101011,1903.0696142561756,327.90131338027226,0.329638291765298,0.342748992355833,43ccac47997059a5035c87693e69e2f0fb631e25c0936cd6c2e5080654673112,0.19665662662009709,1.6827219545484731e-06,False,False,0.2924899930391505,False,False,0.3792307636541728,False,False,0.4370266898629838,False,False,0.4360582956387586
702,701,218.0995557999704,116786.20098578386,116868.16475444919,0.0007013352938119889,0.41419100016355515,702,0,0.0,0,0,True,22,111111111101011,1718.8622963768003,302.4677359412473,0.29773289890662313,0.31805780092272434,e0cf8b0725393fe49f9647dfedd9252ad816bea17f2dc7017daceebe7f399681,0.07138542976463214,6.108201486232324e-07,False,False,0.36537206349175555,False,False,0.39079953725196726,False,False,0.31940312657978404,False,False,0.5099922081950018
703,702,218.58158509992063,116786.42879882272,116868.16475444919,0.000699385977337847,0.35386590007692575,703,0,0.0,0,0,True,22,111111111101011,2229.0847120210196,388.2616365735455,0.38611980500857945,0.4078761046025431,f2f3f483754b1843dcf186cbd4facbf8d2cacb245c4a37810096a6241174c9be,0.22781303885858506,1.9493164741419275e-06,False,False,0.3793194786712318,False,False,0.3758287810209667,False,False,0.4776532822514462,False,False,0.4509518963984484
704,703,219.09453330002725,116786.59479565563,116868.16475444919,0.0006979656005118107,0.3804546999745071,704,0,0.0,0,0,True,22,111111111101011,2130.912417682437,357.6059898234807,0.3691066818465177,0.37046502379645097,d687c4d0cf6ae34f742f1b762be276a8d213b75f754f6cb284a69917f6678e8f,0.16599683291860856,1.4203768260363271e-06,False,False,0.40322689893683933,False,False,0.4200051338359685,False,False,0.3820131794276222,False,False,0.37408291785588416
705,704,219.63418209995143,116786.82596416557,116868.16475444919,0.0006959875724455114,0.38376639992929995,705,0,0.0,0,0,True,22,111111111101011,1859.8510336128675,301.8804103148136,0.32215234150864097,0.3168500741790805,c3e7cf1de364930d280cc44ccfba6bc3c2981a2d3ece9fdc6a5efeac23aaffd0,0.23116850994119886,1.978028066299312e-06,False,False,0.4171693293519827,False,False,0.4216357583735582,False,False,0.41935853065447526,False,False,0.36784754663175984
706,705,220.15934879984707,116787.15535761908,116868.16475444919,0.0006931690679007088,0.3928463999181986,706,0,0.0,0,0,True,22,111111111101011,2150.772977315767,394.6403770280557,0.37255448666616187,0.4113467771051884,446f2e9e6d01d44964379c3dba8000b36ff8d9c224f099ff8019ed30d9414bde,0.329393453503144,2.8185045448025567e-06,False,False,0.32175236818285546,False,False,0.373106304336219,False,False,0.3801895798143996,False,False,0.47663003830322814
707,706,220.68257129983976,116787.22375678655,116868.16475444919,0.000692583800153775,0.4062790998723358,707,0,0.0,0,0,True,22,111111111101011,178.9629068340306,38.83045767491354,0.031000024584997565,0.03896115788560311,5dddc29cb70e6282c2ab4a03462ccac2bd057d29b230fe7e5a6ff0e29ab97f76,0.06839916747412644,5.852677469337774e-07,False,False,0.3723543599722948,False,False,0.3257416376137569,False,False,0.3759953671283057,False,False,0.3872321903353035
708,707,221.24732259986922,116787.32897777727,116868.16475444919,0.0006916834609472665,0.3849363001063466,708,0,0.0,0,0,True,22,111111111101011,1204.002570252515,230.03766148971775,0.20855314926440974,0.23137075245086985,896a2b074001018f46c3b6a2e443b639fa73d5e72ec32da48f18daaa9a5f433f,0.10522099072113633,9.003392065085524e-07,False,False,0.197840662237041,False,False,0.34371800447857814,False,False,0.27143636742517974,False,False,0.36275099202707195
709,708,221.7593197999522,116787.43316711858,116868.16475444919,0.0006907919492038873,0.3854904000181705,709,0,0.0,0,0,True,22,111111111101011,2111.338089060036,376.27893494581264,0.36571921576474176,0.3852304927014214,8822e1e10e4058158248cff2b305785d53b5984bf68c3fd494c3d31f6bc16d04,0.10418934130575508,8.915117433791605e-07,False,False,0.3397943511349526,False,False,0.3346451978219412,False,False,0.4105724726444941,False,False,0.32809273880839296
710,709,222.25984640000388,116787.48186964673,116868.16475444919,0.0006903752187088925,0.3729643002152443,710,0,0.0,0,0,True,22,111111111101011,1598.9051530031754,281.1543636933941,0.2769597686305343,0.27963833226987905,c508e1dfe11d7eadaaebb25daaa981054796babf3f7947c177603c2921a010bc,0.04870252814725973,4.167304949948339e-07,False,False,0.25838626525059655,False,False,0.337337298916157,False,False,0.3211005900798784,False,False,0.35495871365332204
711,710,222.78615810000338,116787.48305054253,116868.16475444919,0.0006903651141965953,0.4030951000750065,711,0,0.0,0,0,True,22,111111111101011,145.49948731331375,26.045720457608418,0.025202725054814832,0.026414379669057332,5533823a9177d0d8c0d58c51276216778fd55205cd33a966b4f4ce73417b2f62,0.0011808958079200238,1.0104512297194612e-08,False,False,0.2798341329858794,False,False,0.2587270375023771,False,False,0.33204134439019717,False,False,0.3157468342953461
712,711,223.32337639993057,116787.48626985465,116868.16475444919,0.0006903375676690882,0.40348350000567734,712,0,0.0,0,0,True,22,111111111101011,373.7755429295719,72.14883830241295,0.06474349020933609,0.07336291485326002,57ccb8e4d35f77934b0342bb936fc00540790bb471596dbfbb1fde85f29b1d15,0.0032193121151067317,2.7546527507052616e-08,False,False,0.06901825869582487,False,False,0.27225751621610267,False,False,0.23163913913232395,False,False,0.3199951874337346
713,712,223.85769149987027,116787.93640510066,116868.16475444919,0.0006864859178468092,0.38235689979046583,713,0,0.0,0,0,True,22,111111111101011,2960.648472559215,506.7708845907609,0.5128305662709737,0.5173539986601707,bd6d928197366164707e5f4bad8e978bb77663d210c7cd94c12a939299317cd9,0.4501352460065391,3.851649822279022e-06,False,False,0.5066407611861371,False,False,0.5050722264493468,False,False,0.5091551165686704,False,False,0.5163038296986866
714,713,224.39926219987683,116788.09857994571,116868.16475444919,0.0006850982444338067,0.3815591000020504,714,0,0.0,0,0,True,22,111111111101011,2199.8381252383015,372.36114390981464,0.38103873694581536,0.3794788838315229,3b0433183a42a94c03098e138c793ff8f0823c23b1477166b60d4bc3bbf65828,0.16217484505614266,1.3876734130024906e-06,False,False,0.40582656422680163,False,False,0.40690356300709735,False,False,0.40651868699135385,False,False,0.40695501172222426
715,714,225.00218219985254,116788.09857994571,116868.16475444919,0.0006850982444338067,0.4794481999706477,715,0,0.0,0,0,True,22,111111111101011,2753.321362070428,478.16267397628565,0.4769118213121217,0.47744745865811344,e6930898242a8e55e7d68c74c57e4e01e468c202fed1279fa870351078d67457,0.0,0.0,False,False,0.3566709674822019,False,False,0.5375760418586265,False,False,0.5485255716648748,False,False,0.5485701381115978
716,715,225.50004209997132,116788.09857994571,116868.16475444919,0.0006850982444338067,0.3703152001835406,716,0,0.0,0,0,True,22,111111111101011,2220.3026421245804,402.8819305710502,0.38458601288288774,0.4027730585165327,0c1bc514b1d0e7747b5294ca87f78bc0b1a27c3146e2a26bd9c3b9f7767f889c,0.0,0.0,False,False,0.40074304740959504,False,False,0.39589668019770036,False,False,0.33163023263544283,False,False,0.35944509396249313
717,716,226.01442349981517,116788.09857994571,116868.16475444919,0.0006850982444338067,0.3928410999942571,717,0,0.0,0,0,True,22,111111111101011,1.9103940772956878,0.3823634466315945,0.00033089543646537886,0.0003877900255634505,8e07aef3fc337147f37a7ba442c8cfa708941f97b4c2f73bbe30cd7ac2c6134c,0.0,0.0,False,False,0.3847135866871775,False,False,0.4007140825349049,False,False,0.3959175924557513,False,False,0.3314888598116708
718,717,226.54342829994857,116788.09857994571,116868.16475444919,0.0006850982444338067,0.37836390011943877,718,0,0.0,0,0,True,22,111111111101011,61.92235085561166,11.49892777642931,0.010725444795994707,0.0116622306589104,23936f49e23e9c905f0b19a7f3a0bf0b03f2dea1e2c4e4fa87f202462a3b654e,0.0,0.0,False,False,0.010873619846889736,False,False,0.3869141399534093,False,False,0.3985279932749749,False,False,0.39575266524787733
719,718,227.06000830000266,116788.09857994571,116868.16475444919,0.0006850982444338067,0.3907316999975592,719,0,0.0,0,0,True,22,111111111101011,432.75903203596914,76.64989968282703,0.07495730457585752,0.07781214094078882,42e98c2f4862318812f271198e4a8c0231124c37dd88a7d443f78798a1db4fdd,0.0,0.0,False,False,0.07658744531296882,False,False,0.07680000944925398,False,False,0.3991693942101769,False,False,0.37667456560000245
720,719,227.6094339999836,116788.09857994571,116868.16475444919,0.0006850982444338067,0.38353529991582036,720,0,0.0,0,0,True,22,111111111101011,1467.3981896449918,241.52698645550214,0.25416990145191093,0.24876400963361808,13619028f46e154a13791f80b4189af8e20ef4219fd440395cc6ac8552892e4f,0.0,0.0,False,False,0.2530980592403895,False,False,0.2530027826759624,False,False,0.25298959157774387,False,False,0.44398227569505283
721,720,228.12392179993913,116788.09857994571,116868.16475444919,0.0006850982444338067,0.36716540018096566,721,0,0.0,0,0,True,22,111111111101011,2364.9550909779464,376.389699582481,0.4096475373968828,0.3896977053209513,be310bb2097a3e582a5986d55abc64e882d61e2334b764755b2de8895f8ba7fb,0.0,0.0,False,False,0.36545533732651225,False,False,0.37113829635427686,False,False,0.37490939042028526,False,False,0.37487430501572294
722,721,228.63934739981778,116788.09857994571,116868.16475444919,0.0006850982444338067,0.3812168000731617,722,0,0.0,0,0,True,22,111111111101011,910.1314501630935,155.90033600787493,0.15765114752306658,0.16023850107253113,20d2444b7c6f16533d21f6e97867149b459733f3da96392aa3bd536611095ddd,0.0,0.0,False,False,0.41312471032609793,False,False,0.349273666001364,False,False,0.33504056348638445,False,False,0.3343251723161648
723,722,229.1688936999999,116788.09857994571,116868.16475444919,0.0006850982444338067,0.3987103998661041,723,0,0.0,0,0,True,22,111111111101011,1679.742929597379,317.40512396175745,0.290961248511292,0.32552345531495325,d8ef07cb4b7a6bbd4ca7263d47cef788fba1c02beadd952a8155943c980e4c6b,0.0,0.0,False,False,0.28722345705097835,False,False,0.32791468889113407,False,False,0.3727499961485819,False,False,0.3801021812266923
724,723,229.7014020998031,116788.09857994571,116868.16475444919,0.0006850982444338067,0.40249230014160275,724,0,0.0,0,0,True,22,111111111101011,980.1559770530592,186.05331130397562,0.16978150280618196,0.19153825275843187,69f504c686c34f458c2aa7a7e62f7939f18913b137964af3e8c99200b36f066c,0.0,0.0,False,False,0.3505424997392972,False,False,0.33686639332927293,False,False,0.35340546400682954,False,False,0.35977657911936745
725,724,230.2296337999869,116788.09857994571,116868.16475444919,0.0006850982444338067,0.3880182998254895,725,0,0.0,0,0,True,22,111111111101011,1353.1536343161906,272.1372524560174,0.2343937376763292,0.27970304109065525,74e5862faa02838a519d3c112faf4409a18b4e2e669011731fc796882996c57a,0.0,0.0,False,False,0.2175383743920899,False,False,0.2967976563725672,False,False,0.2838678182633493,False,False,0.3217380486881663
726,725,230.77628159988672,116788.09857994571,116868.16475444919,0.0006850982444338067,0.39974729996174574,726,0,0.0,0,0,True,22,111111111101011,1354.9867220406263,234.92292691642382,0.23470928366091365,0.24721737909848168,559a2c5ca6486b327728b5e35d57ac3ae306b39e621c5790d732f94012689474,0.0,0.0,False,False,0.20248542927762772,False,False,0.18338915994518948,False,False,0.29125376873273645,False,False,0.2871461310404637
727,726,231.3039606998209,116788.09857994571,116868.16475444919,0.0006850982444338067,0.39249709993600845,727,0,0.0,0,0,True,22,111111111101011,1699.027690385237,318.9923075265478,0.29430018704047906,0.3324899435037713,0b243e50b81e2f233d866c79c2e477e9051518261f07230ba7ffdcd5b8b5e7df,0.0,0.0,False,False,0.21519664323226628,False,False,0.2796459370150737,False,False,0.26738343888469585,False,False,0.3053402616426307
728,727,231.85190699994564,116788.09857994571,116868.16475444919,0.0006850982444338067,0.42265790002420545,728,0,0.0,0,0,True,22,111111111101011,2089.0020200673875,349.680120700199,0.3618420713439038,0.36387069415513074,0e548f9e8ddc5d32a9b140c365278a24a9c0b55e2383719fbbaa51ac34d70124,0.0,0.0,False,False,0.32695346584882407,False,False,0.35729151014599886,False,False,0.32749146127209483,False,False,0.28500276116495377
729,728,232.43889969983138,116788.09857994571,116868.16475444919,0.0006850982444338067,0.4640011000446975,729,0,0.0,0,0,True,22,111111111101011,13.384069734388312,2.458944740766401,0.0023182619581415672,0.0025798142486075314,4ced727bc31a67ca41e3a2ad9125cdb08c80b2d99ec364d021b7bbed929e0290,0.0,0.0,False,False,0.3619063265978797,False,False,0.32739487317947913,False,False,0.357889947490421,False,False,0.32833421903798254
730,729,232.97755609988235,116788.09857994571,116868.16475444919,0.0006850982444338067,0.41340199997648597,730,0,0.0,0,0,True,22,111111111101011,1692.968294762892,279.00366583081365,0.2932472601973336,0.29269246163556684,f6075e9c267678c90a3f59d4ef1494921e098a7d398c5621687fa722c6328cd1,0.0,0.0,False,False,0.2926579104015936,False,False,0.33989621828612165,False,False,0.3355796498333393,False,False,0.3346634191374318
731,730,233.51262179994956,116788.09857994571,116865.36257922984,0.000661136863642954,0.40591650013811886,731,0,0.0,0,0,True,22,111111111101011,775.0163353968934,146.78155557622839,0.134246799555528,0.1531529791120168,8cdb323604339ca5da4ac8b4d82a2b5cc3d43740e997487a923919d8b89cbdda,0.0,2.3961380790852704e-05,False,False,0.27213834768255807,False,False,0.27257500373754145,False,False,0.2749765489805446,False,False,0.3018467209133805
732,731,234.10227169981226,116788.09857994571,116865.36257922984,0.000661136863642954,0.39868079987354577,732,0,0.0,0,0,True,22,111111111101011,1809.7689729794356,284.6907848692632,0.3134785877829157,0.30175259708375246,b37ccb8d08ae53b50da3fd2316841b00c110e3e900609e14f1c49dea312c6a95,0.0,0.0,False,False,0.36014787785991276,False,False,0.29799607985147486,False,False,0.2979856054579866,False,False,0.33710659671143783
733,732,234.6360996000003,116788.09857994571,116865.36257922984,0.000661136863642954,0.40482060005888343,733,0,0.0,0,0,True,22,111111111101011,1368.6777592024491,228.21778638120378,0.23707570905322584,0.2370248335659008,652404a701ace360232e8022874c22dc31bf69015668ce3b5ac35b5ce647744f,0.0,0.0,False,False,0.3164558292826888,False,False,0.3784477576081911,False,False,0.26970543950595344,False,False,0.26964301411923697
734,733,235.1830042998772,116788.09857994571,116865.36257922984,0.000661136863642954,0.4087334000505507,734,0,0.0,0,0,True,22,111111111101011,1701.0466229806952,296.9452770813054,0.2946514192962179,0.3053351093665482,5c00cd928ae22fb6d5de02fc8fdc8d4afc4efd97e6cf71d2cf3b0ff80cd82946,0.0,0.0,False,False,0.2784447499055042,False,False,0.343633941575176,False,False,0.39427848865360066,False,False,0.3279143290645981
735,734,235.7583451999817,116788.09857994571,116860.79670003348,0.0006220916007818275,0.41037809988483787,735,0,0.0,0,0,True,22,111111111101011,1685.3994723674346,310.4624100152131,0.29193832263039904,0.3254745545379815,ba7d1c1430b2f7676f1cce893e52589c6e5e2c8b8c595f7c32c27c9a8569205c,0.0,3.904526286112656e-05,False,False,0.221407155893594,False,False,0.2393548583369394,False,False,0.22475024048482464,False,False,0.30554373489192593
736,735,236.30355039983988,116788.09857994571,116860.79670003348,0.0006220916007818275,0.4024147999007255,736,0,0.0,0,0,True,22,111111111101011,1291.2778196899158,222.5308229001915,0.22366342317280102,0.23365556153316433,9f7896892017ca8defaf58c2af5712f15fcc4c628df160abd0fd76d6ba6b7c76,0.0,0.0,False,False,0.317823378629518,False,False,0.18492624002947167,False,False,0.24905485626331883,False,False,0.2821450925591067
737,736,236.97449719998986,116788.09857994571,116860.79670003348,0.0006220916007818275,0.5006166000384837,737,0,0.0,0,0,True,22,111111111101011,986.1055354750661,161.28819519840016,0.17080115651704159,0.16473529324656722,75d997288eaf63f2e3d96c9c345e2c0741c69dff7f1cfdf99600659a46ed8863,0.0,0.0,False,False,0.2319931874988337,False,False,0.27275653444878817,False,False,0.1669065274735202,False,False,0.20186681879557222
738,737,237.52422149991617,116788.09857994571,116860.79670003348,0.0006220916007818275,0.41539529990404844,738,0,0.0,0,0,True,22,111111111101011,1596.7058631882771,315.48944121114107,0.2765685682154622,0.32664706433577007,769597695bb2ddcba0f85f0fe1cbd1975c4d62358284cd1338d2a2dbe17be81f,0.0,0.0,False,False,0.2178301070996804,False,False,0.25345674067040774,False,False,0.38746863379336605,False,False,0.29901902265462477
739,738,238.10716319992207,116788.09857994571,116860.79670003348,0.0006220916007818275,0.44476419989950955,739,0,0.0,0,0,True,22,111111111101011,2302.4752567431738,416.0050977235319,0.3988299424123635,0.4210930550864494,ea50bfe9911d7727cc7b57c60044300111c828bdccc1db034a55d3fd1ed69f9c,0.0,0.0,False,False,0.37942603166627975,False,False,0.3706098784692615,False,False,0.30634951887560047,False,False,0.3965097009377098
740,739,238.68046509986743,116788.09857994571,116860.79670003348,0.0006220916007818275,0.42196330009028316,740,0,0.0,0,0,True,22,111111111101011,1905.238612484173,358.8938190564858,0.3300188097506249,0.3669293208627845,ffe4f9f48950c3f42dba7f0570c2ae1029f530d892050198f17cd9c7a4f78aff,0.0,0.0,False,False,0.2642922433506762,False,False,0.2749459216943572,False,False,0.27047891624184633,False,False,0.2690913454495668
741,740,239.2705399999395,116788.09857994571,116860.79670003348,0.0006220916007818275,0.4502053000032902,741,0,0.0,0,0,True,22,111111111101011,1271.6500557172885,205.93868885288575,0.22026605626303955,0.2088157285387297,ec5dc1ef2682c2543508f8196a032bbe01ed4767a5d9c09ca4a0ff3d8f0b4d1f,0.0,0.0,False,False,0.34423089760982845,False,False,0.21218177523193127,False,False,0.2771839155734815,False,False,0.25563624059886386
742,741,239.9538961998187,116788.09857994571,116860.79670003348,0.0006220916007818275,0.53768299985677,742,4,0.26666666666666666,2,2,False,22,111111011011111,7450.486203857084,1242.02944947995,1.2869288934197642,1.2440118139500629,3d74730a5e56b5571f5abb52684e81ee42f2938f361a485cee030c71398d7c6b,0.0,0.0,False,False,1.3335596122951874,False,False,1.2927136351861823,False,False,1.3290780881352977,False,False,1.2924390595740527
743,742,240.42781309993006,116788.09857994571,116860.79670003348,0.0006220916007818275,0.3400562999304384,743,0,0.0,0,0,True,22,111111011011111,1855.4472789191257,792.2143821362376,0.3196040262238657,0.568548412599343,bada82667b68b08477019ccfb39b44928efc4f305025f8e27373030dd7ecc074,0.0,0.0,False,False,1.3160536492381467,False,False,1.3418624879414527,False,False,1.3448512640285137,False,False,1.34966299800601
744,743,240.99666409986094,116789.6511930508,116860.79670003348,0.0006088055959886902,0.3649439997971058,744,4,0.26666666666666666,2,2,False,22,111111111101011,7703.192711633391,1283.066953290669,1.3305838612573608,0.9206043795396007,d2a52713760bf5e7b4d674d2c972f07bbefc825a21307fee9597448e8719c15c,1.5526131050864933,1.328600479313729e-05,False,False,1.3462603592990183,True,False,0.2642070257011688,True,False,0.1924308342219283,True,False,0.35727507039388917
745,744,241.53403949993663,116789.6511930508,116860.79670003348,0.0006088055959886902,0.4055330997798592,745,0,0.0,0,0,True,22,111111111101011,1926.8474805437181,322.29488980643566,0.333767404941555,0.3173476682583293,7bdf59139747963bb981262995bedea8f584b3cf3b9ee6e1bd50667d8fd1828f,0.0,0.0,False,False,1.384881384060744,False,False,1.364789781178951,False,False,0.29878515030992453,False,False,0.24790207583317597
746,745,242.0996970999986,116789.6511930508,116860.79670003348,0.0006088055959886902,0.4271461998578161,746,0,0.0,0,0,True,22,111111111101011,1472.2703500925588,252.68148915026603,0.2550327086966961,0.25781116284309247,9059e1e7534af906849d76bba642f9eff02fef3ad9cbae81e119c6f320bb923e,0.0,0.0,False,False,0.28434010072927324,False,False,1.34409901650768,False,False,1.3543311683562445,False,False,0.3298892142839491
747,746,242.6232620999217,116789.65119305084,116860.79670003348,0.0006088055959883166,0.39474060013890266,747,0,0.0,0,0,True,22,111111111101011,1266.6131376615785,221.6234782425255,0.21940886413941413,0.22624756361480808,cff8057b60ebf45233bdac0d16105a2e87ea87e251afdccd214c9898df913fd8,4.3655745685100555e-11,3.7361606863850483e-16,False,False,0.26080148668705094,False,False,0.2837097438967103,False,False,1.37106222653451,False,False,1.3531009431672512
748,747,243.17887289985083,116789.65119305084,116860.79670003348,0.0006088055959883166,0.39979129983112216,748,0,0.0,0,0,True,22,111111111101011,1087.4833764940615,188.1226520073419,0.188376773910787,0.19622733361032194,08e44b75f3e5cbef43d28abec33f1603e598bd4ee6f2bc4272d4bb2b20a50cb7,0.0,0.0,False,False,0.21189762681971344,False,False,0.27389754070084077,False,False,0.3223173625174144,False,False,1.3461757419192877
749,748,243.76995969982818,116789.65119305084,116860.79670003348,0.0006088055959883166,0.4464436999987811,749,0,0.0,0,0,True,22,111111111101011,1573.6361951529518,262.22817782910823,0.272584062716549,0.27785944229018,7e736a4ab64c5357588a39acff81e6d814a8c78d12d2b3e618ca89a273b59d3b,0.0,0.0,False,False,0.2567296471365586,False,False,0.32295269629425377,False,False,0.31934120491350704,False,False,0.35621197715519387
750,749,244.33186909998767,116789.65119305084,116860.79670003348,0.0006088055959883166,0.4250204998534173,750,0,0.0,0,0,True,22,111111111101011,2049.10026710769,324.16772067446004,0.354944845967771,0.3402923847266653,680d7393c977db26c52d1bd5f32f353a559595fbb59facde01a17c0fd428849e,0.0,0.0,False,False,0.33548173254452057,False,False,0.30795438265771535,False,False,0.3976164256648019,False,False,0.34519656560857775
751,750,244.90938129997812,116789.65119305124,116860.79670003348,0.0006088055959849544,0.4488094998523593,751,0,0.0,0,0,True,22,111111111101011,1707.0350251798918,268.730861145636,0.29568629639745153,0.2681203454570068,a6a23caf6850fd6d5eac8c3b325040c315addbbf3a89552de361e0dde934c4c2,3.92901711165905e-10,3.3621109368775492e-15,False,False,0.28327490581599896,False,False,0.304653352036733,False,False,0.2696132729635022,False,False,0.38085095358646537
752,751,245.50190619984642,116789.65119305124,116860.79670003348,0.0006088055959849544,0.46675949986092746,752,0,0.0,0,0,True,22,111111111101011,525.6084913495954,98.97192963996437,0.09104183696954994,0.10288156015937933,03b37003509de8e2801d8f5fdff485d07c4908c008146377a1c8c2a1cb8b552c,0.0,0.0,False,False,0.30666974190388646,False,False,0.2801502939119595,False,False,0.26905608690405514,False,False,0.22315550161905898
753,752,246.07195309991948,116789.65119305124,116860.79670003348,0.0006088055959849544,0.42847580020315945,753,0,0.0,0,0,True,22,111111111101011,1419.6948634668854,246.75674354395758,0.24591096296777804,0.25667754366722995,d2dd9ef7f3e407481ca3d79c7716584d400c892e507029258afa5a448e0bad4e,0.0,0.0,False,False,0.2729406033379453,False,False,0.293414136715397,False,False,0.3554666044992443,False,False,0.33751743338509504
754,753,246.66541139991023,116789.65119305124,116860.79670003348,0.0006088055959849544,0.42721029999665916,754,0,0.0,0,0,True,22,111111111101011,1582.032777180792,267.7426934835081,0.2740321204015024,0.27140197883034795,d1af1ffc5ed822f80a5239ad08a1b0936a1b5ac23e9ad02fbb0006329b958547,0.0,0.0,False,False,0.2308344839285323,False,False,0.25277241090116864,False,False,0.25411911879748267,False,False,0.21685476723601463
755,754,247.20968329999596,116789.65119305124,116860.79670003348,0.0006088055959849544,0.4085868000984192,755,0,0.0,0,0,True,22,111111111101011,1566.2845185480146,257.68457660972797,0.2713035184766828,0.2672961543271343,080212d016458c4869ad3a6ef5668830acfe181eb5e6bd44fb03b79263ed2c58,0.0,0.0,False,False,0.32857915364851736,False,False,0.29055461319617537,False,False,0.27699887561786407,False,False,0.31028961538229854
756,755,247.835885199951,116789.65119305124,116860.79670003348,0.0006088055959849544,0.4438716999720782,756,0,0.0,0,0,True,22,111111111101011,1755.8566427118722,287.3987180708672,0.30413802170740534,0.2909953258073683,5747444332e65baa8b5dca28dd513348f63f6db14e99dc4881a39c0cb2daf5cd,0.0,0.0,False,False,0.33487721817718435,False,False,0.3665327245484377,False,False,0.4054085269960274,False,False,0.3633053187205049
757,756,248.4189996998757,116789.65119305124,116860.79670003348,0.0006088055959849544,0.4497775000054389,757,0,0.0,0,0,True,22,111111111101011,2007.689009897132,356.1726863343263,0.34776043714130217,0.34706431373564645,754b51b76c9ed7f5af3e470cda654f19f1c0246f7bef1acce99b5a61acdb5d62,0.0,0.0,False,False,0.31246565127487796,False,False,0.2792419378162071,False,False,0.3916464000545323,False,False,0.32492354298667364
758,757,248.99287249986082,116789.65119305124,116860.79670003348,0.0006088055959849544,0.42599240015260875,758,0,0.0,0,0,True,22,111111111101011,701.6876408344874,128.56843658209692,0.12154358056606956,0.13463859132610487,5f9e3a7e772be6a3252f9150c01078c9b18218176020d8479f8602b56648f09c,0.0,0.0,False,False,0.40724886515173825,False,False,0.36811307750844563,False,False,0.30091886733731926,False,False,0.43801634995178024
759,758,249.5384237000253,116789.65119305124,116860.79670003348,0.0006088055959849544,0.42257110006175935,759,0,0.0,0,0,True,22,111111111101011,1815.4520384612692,310.9063835878877,0.3144600026288167,0.3250486788663336,78c9469dc2c6747fd3ac0314f98d06443425d5748eb15502d40ea07cbebd6707,0.0,0.0,False,False,0.26050429376122297,False,False,0.3328054995978491,False,False,0.3356917517734244,False,False,0.3267156051141453
760,759,250.07652609981596,116789.65119305124,116860.79670003348,0.0006088055959849544,0.40176320006139576,760,2,0.13333333333333333,1,1,False,22,111011111101111,3874.3455526098833,707.7215604386095,0.6706563650684578,0.7327576528889075,d582dde0f853e0c14dc7dc920373e093430667627c5921c4ac7e7ba29f2dafab,0.0,0.0,False,False,0.7322406534034248,False,False,0.7409981851924168,False,False,0.7867475975966702,False,False,0.762379245644456
761,760,250.67341869999655,116790.8240104823,116860.79670003348,0.0005987695748025846,0.45504930010065436,761,4,0.26666666666666666,2,2,False,22,111111011011111,7281.082226654393,1154.0883794635847,1.2568244547860188,1.075255714720883,ff262ffc9816fab95be12875fef23b1b3b2624269b54ffdc6d22038139bb453a,1.1728174310701434,1.003602118236982e-05,False,False,1.4103171236202887,False,False,1.4387773015246057,False,False,1.4336406462526856,False,False,1.47542539446461
762,761,251.19338229997084,116792.54534844964,116860.79670003348,0.0005840397593645433,0.3939857000950724,762,4,0.26666666666666666,2,2,False,22,111111111101011,7838.091454355915,1220.4456226598857,1.3538403399117789,0.8878900076966093,3ffc3ecb0b2cc67ddda75ede9ea0ed28b7ddc55fc0829e1a98131506963f1b61,1.721337967333966,1.472981543804131e-05,False,False,0.6233360443844406,True,False,0.3557825654129384,True,False,0.3369618805617529,True,False,0.3441851119273797
763,762,251.77559079998173,116794.6505761504,116860.79670003348,0.0005660249266729726,0.44073709985241294,763,2,0.13333333333333333,1,1,False,22,111011111101111,3565.860241824856,608.7740174310751,0.6172665263876319,0.636066926254905,e3c9aa45f07645a44b797c0b08752ae61971a8e91fbe20c82bd005f73c59be62,2.1052277007547673,1.801483269157076e-05,False,False,1.2596264216076698,True,False,0.0171858560415393,False,False,0.6716391650148836,False,False,0.7280837246055883
764,763,252.36184379993938,116795.07555842036,116860.79670003348,0.0005623882727910483,0.4524978001136333,764,2,0.13333333333333333,1,1,False,22,111111111101011,3944.7251489319005,652.2609186494375,0.6828458213809679,0.6078592458973184,cd3d82e350ce5886d73342abf4b9cd9f152f3666415244d6e727c659cf4987c1,0.42498226996394806,3.6366538819243045e-06,True,False,0.3077961524255346,False,False,1.4370990907540027,False,False,0.6940062787933013,True,False,0.33354666067100547
765,764,252.89260159991682,116795.36419069048,116860.79670003348,0.000559918391716523,0.4010040999855846,765,0,0.0,0,0,True,22,111111111101011,1735.1074094998382,314.3660431879989,0.3005513696107883,0.3288147777610489,c13d8de8a3b9098132988afa895dabf8d8d3a4852dad850f1d853b9370ca0435,0.2886322701233439,2.469881074525248e-06,False,False,0.7171885967935203,False,False,0.3646657888641697,False,False,1.4545853729574942,False,False,0.7279143020175951
766,765,253.44419649988413,116795.56769753339,116860.79670003348,0.0005581769450666872,0.3973383998963982,766,0,0.0,0,0,True,22,111111111101011,1093.8951181389098,217.38011997667573,0.18948392959089044,0.2282602586659365,60aec1dd22c9b4dd0da1aec7bbf39cc8fbf96ce094556b2669ae9fca52c7003c,0.20350684291042853,1.7414466498358056e-06,False,False,0.2940918377180735,False,False,0.6383120032478523,False,False,0.34929150343749743,False,False,1.415289572485895
767,766,253.97591179981828,116795.71876811654,116860.79670003348,0.0005568842054361861,0.39330180012620986,767,0,0.0,0,0,True,22,111111111101011,1421.5352399771473,261.60000179378306,0.2462362602030793,0.2754090658892599,1caebd56e6179b4ddf9f8f81720b2a8f1f55efbd91b1f92f9e8b2ab6a2bfd199,0.15107058314606547,1.2927396305011194e-06,False,False,0.22069933178315948,False,False,0.26157384826009505,False,False,0.7407944107758863,False,False,0.3288438833874263
768,767,254.5533707998693,116795.79570712922,116860.79670003348,0.0005562258237132018,0.4043091000057757,768,0,0.0,0,0,True,22,111111111101011,1081.5082946009366,182.7912210626435,0.18733675425681706,0.19264088583540392,98e12dfd0e505d6b46f7a0203d923272e270f2f8199543d56d8f2f644d8b8a8d,0.07693901268066838,6.583817229842285e-07,False,False,0.25125127432577177,False,False,0.21583699673294035,False,False,0.306539329854489,False,False,0.69087720119226
769,768,255.10477089998312,116795.92919021496,116860.79670003348,0.0005550835836334914,0.4019253998994827,769,0,0.0,0,0,True,22,111111111101011,1939.5770150398046,338.0566162473365,0.33596641835285934,0.36087791985054246,a9b1180232b3a860a74d98d1cbcc3b39bc8ed7bc03f720722d06236b7c577e6c,0.13348308573768009,1.1422400797104354e-06,False,False,0.30142492704266605,False,False,0.3139367793936706,False,False,0.32054884577996634,False,False,0.2720865962698793
770,769,255.6603545998223,116796.00597226438,116860.79670003348,0.0005544265450748794,0.40005549998022616,770,0,0.0,0,0,True,22,111111111101011,1491.3133239314607,255.70407028147798,0.258323698164387,0.26215480223513965,3be4fcc9303b609cd192a60516f628c4c85c3c4ba5eed4c44632ba71df5890d5,0.07678204942203593,6.570385586119687e-07,False,False,0.29444460433326913,False,False,0.30423220171718074,False,False,0.31921824175597074,False,False,0.26937574023665434
771,770,256.23318809992634,116796.22413116436,116860.79670003348,0.0005525597179939291,0.449226199882105,771,0,0.0,0,0,True,22,111111111101011,1872.7811667272774,376.4858107157819,0.3244012595368321,0.3894585919777657,aecd7002b6a32f8fe2f9ebe33015f2a98e6a0a86a4e4524e6b9f9e4f9a79c330,0.21815889998106286,1.8668270809503841e-06,False,False,0.29657752018381006,False,False,0.3680271215076484,False,False,0.29094370814081366,False,False,0.36894127694271067
772,771,256.7619433000218,116796.33121639656,116860.79670003348,0.0005516433693532828,0.4026975999586284,772,0,0.0,0,0,True,22,111111111101011,1860.2711458445929,370.78660299606076,0.3222278486091872,0.37310978233563596,970dc9ea45b32e1f9aea3a3c6731e7d1f60ac2d3840e517a4efc7c225f4f22f6,0.10708523220091593,9.163486406463034e-07,False,False,0.2771989179326183,False,False,0.289243355990869,False,False,0.2262516145782866,False,False,0.21689336204260287
773,772,257.37694959994406,116796.47307321278,116860.79670003348,0.000550429473673767,0.48470090003684163,773,0,0.0,0,0,True,22,111111111101011,1779.6266349729353,317.44395563119343,0.3082572535152779,0.3307318975361121,e36f4369703e86374c66a625971fc897de74e45b5198cdd2e895fc411bb21096,0.1418568162189331,1.2138956795157071e-06,False,False,0.3581748289171843,False,False,0.24308120594003702,False,False,0.24411803832415038,False,False,0.2893694622015153
774,773,257.9302320999559,116796.63240488301,116860.79670003348,0.0005490660423543344,0.4183508998248726,774,0,0.0,0,0,True,22,111111111101011,1589.0520170686593,281.3811932051649,0.2752480277915933,0.2865673511752185,955786740ae35d324b71ad9ce65361920cc6fd4bd820560cb396e8ddfcaa87ec,0.1593316702346783,1.3634313194326375e-06,False,False,0.3294561994961219,False,False,0.3607890989548809,False,False,0.3146723986977566,False,False,0.3425560550216582
775,774,258.53923819982447,116796.67968121363,116860.79670003348,0.0005486614898272934,0.47245270013809204,775,0,0.0,0,0,True,22,111111111101011,1629.8791221035735,277.6489979066844,0.2823229464247815,0.2900493213495538,a82a420cb864f1549da1e1cfb7b4c4a4a983ac356a96a655397dd7d24666acc3,0.04727633061702363,4.045525270410114e-07,False,False,0.3088934508564142,False,False,0.32123715341429837,False,False,0.3330804516840259,False,False,0.255322005711579
776,775,259.07272970001213,116796.73033027863,116860.79670003348,0.0005482280761724945,0.4144665999338031,776,0,0.0,0,0,True,22,111111111101011,1534.8227333111404,265.7423468278821,0.26585837451699923,0.2759939268239145,89bd193cb31b53b6e6520bca5049c846a63ea0402dfdc6f3f1c0c35626745f56,0.05064906500047073,4.33413654798878e-07,False,False,0.3055704204385239,False,False,0.30333152438760763,False,False,0.3121414410826386,False,False,0.28926597542217347
777,776,259.72943469998427,116796.78374317991,116860.79670003348,0.0005477710118464796,0.516792600043118,777,0,0.0,0,0,True,22,111111111101011,1726.2623180049416,280.43894588979555,0.29901110776170536,0.28624331168356704,5ec3df54b33adeada187ebb01a760cc19821ff5e590d5518ee8748adf8d84c65,0.05341290128126275,4.5706432601493215e-07,False,False,0.28205015659972776,False,False,0.28091016770745375,False,False,0.31834335086498106,False,False,0.31326069546721724
778,777,260.2662245000247,116796.9143110902,116860.79670003348,0.0005466537174760175,0.38132279994897544,778,0,0.0,0,0,True,22,111111111101011,2142.0380551246462,391.6428252450517,0.371019934088421,0.40909246048733744,c1d6619f35afbc516e8dffec6079557652db86a029a6c66f5516149baa754786,0.13056791028066073,1.1172943704620573e-06,False,False,0.3302067563606,False,False,0.34399250452177343,False,False,0.29849120004989094,False,False,0.3312512358258723
779,778,260.808050399879,116797.05275570373,116860.79670003348,0.0005454690206619974,0.40627710008993745,779,0,0.0,0,0,True,22,111111111101011,1271.7675436142008,209.51576799812554,0.22028238348125115,0.21453615609241683,459b96ac365e2169ff89f4fe23d7f15077f068f64e3d8362692ee9e3759ce3f1,0.1384446135343751,1.1846968140201072e-06,False,False,0.29531781936146756,False,False,0.35840894738124246,False,False,0.33527344192732006,False,False,0.2813200510605776
780,779,261.4007555998396,116797.13902989594,116860.79670003348,0.0005447307560373018,0.42449559993110597,780,0,0.0,0,0,True,22,111111111101011,1069.1755789798015,182.3622192527435,0.18519456098139095,0.19048032879837343,529a966f2d03f6773297416d0b0364c2a3c0487d423e378f56fffea0fa7effbb,0.08627419221738819,7.382646246956561e-07,False,False,0.2055149113796059,False,False,0.29799361701052035,False,False,0.3114167058240164,False,False,0.2963859777769779
781,780,262.00782559998333,116797.24305990634,116859.3075547706,0.0005311044208880798,0.4678566998336464,781,0,0.0,0,0,True,22,111111111101011,1348.3163916736762,261.8749797138834,0.23354822641898246,0.27597502804099716,25e1c87e7ff051a8531a18b60083efecd5adf7eda9bd8fd28b9f46dbadc2194e,0.1040300103923073,1.3626335149221941e-05,False,False,0.2736697239936279,False,False,0.3390615402609344,False,False,0.25392388050518633,False,False,0.26661365883187255
782,781,262.5411365998443,116797.32719905746,116859.3075547706,0.0005303844170400262,0.40068150009028614,782,0,0.0,0,0,True,22,111111111101011,1559.8935240830565,271.0653563833428,0.27019746217951474,0.2847628475736313,87bf46c86ed31b8230c71b65a44a9a80e05e504dd81bd78c3d11818d166efe64,0.08413915112032555,7.200038480536641e-07,False,False,0.2772897897568374,False,False,0.3067712392334291,False,False,0.3271149867684868,False,False,0.27711114797030884
783,782,263.0730572999455,116797.45883204683,116859.3075547706,0.0005292579942318759,0.40813019988127053,783,0,0.0,0,0,True,22,111111111101011,1728.000921295432,295.577525496334,0.2993163888821013,0.30014166268901316,b47efe9b839f127d85ddc3fc9d451f9dde1edde64e878e6480ca09543dc7b221,0.13163298937433865,1.1264228081503099e-06,False,False,0.23707533946918222,False,False,0.19557821327311462,False,False,0.19429456818934202,False,False,0.24036999584490126
784,783,263.6066399998963,116797.58593448275,116859.3075547706,0.0005281703407229232,0.4038903000764549,784,0,0.0,0,0,True,22,111111111101011,1432.524565254956,247.34433394438065,0.2481346264500035,0.2540463014052641,274a189fdb43ae4738ac7c74b21aa876b2ffd8d5e2176ad225ac2d36acdb0ffd,0.1271024359157309,1.0876535089526665e-06,False,False,0.2873738152664841,False,False,0.20244338370848675,False,False,0.275044105437767,False,False,0.34376826439365693
785,784,264.1272091998253,116797.5891125988,116859.3075547706,0.0005281431446345923,0.39387779985554516,785,0,0.0,0,0,True,22,111111111101011,4.079858115426326,0.7421461846064679,0.0007066912226143318,0.0007617145985637447,6ea4c46ca599ada8cba7368cc7645cac5c1990b620e24347661c1e191b0a1839,0.0031781160505488515,2.719608833089398e-08,False,False,0.24826728284888727,False,False,0.2874255128992481,False,False,0.20220681888323702,False,False,0.27508415238616046
786,785,264.6975371998269,116797.75745801651,116859.3075547706,0.0005267025626113584,0.42584039992652833,786,0,0.0,0,0,True,22,111111111101011,1612.7901529321557,257.39277730926375,0.27935549264236975,0.26420739396678555,fbe5caffaabcf9d83630b0be054dd2e463a52e3676fe86b827f06d322ddc17c0,0.16834541771095246,1.440582023233875e-06,False,False,0.279264141030791,False,False,0.23291345217954174,False,False,0.27384660861222376,False,False,0.22695011720810548
787,786,265.2237259999383,116797.90747795964,116859.3075547706,0.000525418797147818,0.3943778998218477,787,0,0.0,0,0,True,22,111111111101011,1209.0058632384867,185.43673339700047,0.2094123575003076,0.19469548216360189,6307a57f7845ae25c6cb68802c2cff29eee1e2b016c81478969d29693425ea98,0.15001994313206524,1.2837654635404613e-06,False,False,0.3071857033626399,False,False,0.3072522005951692,False,False,0.296393134810167,False,False,0.32247208638237784
788,787,265.81189309991896,116798.01224879295,116859.3075547706,0.0005245222418327256,0.463616699911654,788,0,0.0,0,0,True,22,111111111101011,1493.238118964626,230.40416412621522,0.25864582068254555,0.24086617746106118,bc2e03384b59493750039164a9e4a69e23b9d69443a831b52f247f8887ac5c24,0.10477083330624737,8.965553150923171e-07,False,False,0.27867064833979754,False,False,0.3233762856265202,False,False,0.3236572311879674,False,False,0.3276597537490352
789,788,266.34284199983813,116798.10459843156,116859.3075547706,0.0005237319783907985,0.40714369993656874,789,0,0.0,0,0,True,22,111111111101011,1749.6950014016852,289.64519254982963,0.30307225658776,0.3014659659133132,8d406b9925f42985b7e3433481920df4553e912e092ddeb5c9b6a0afac9e1cb4,0.09234963860944845,7.902634419270976e-07,False,False,0.2477858701676636,False,False,0.2434627779537648,False,False,0.32644600769515003,False,False,0.3268138907553915
790,789,266.91153009980917,116798.17108767145,116859.3075547706,0.0005231630101050544,0.4289628998376429,790,0,0.0,0,0,True,22,111111111101011,1771.291208946519,320.3550259484416,0.30681109969535636,0.34218858054450907,cc83def94bdfa5c8c7c06551979d2df94b142d97e2d2d616a3f18743c7b727d7,0.06648923989268951,5.689682857441727e-07,False,False,0.28421178754041304,False,False,0.2225548145248751,False,False,0.21944710550464874,False,False,0.23018699621119312
791,790,267.4538852998521,116798.290246947,116859.3075547706,0.0005221433285919355,0.39785569999367,791,0,0.0,0,0,True,22,111111111101011,1153.287958708338,222.97568368099863,0.1997611366238474,0.23360865076825532,722280d7eb0ef54a1bcd44f9446700600ba26ced62aa206a0a6458a5c60ba95f,0.11915927554946393,1.0196815131188319e-06,False,False,0.29117453865859333,False,False,0.2661669252362254,False,False,0.1977563266063332,False,False,0.22858152231708095
792,791,268.1026955000125,116798.86813053735,116859.3075547706,0.0005171982060985763,0.4351119000930339,792,0,0.0,0,0,True,22,111111111101011,1603.7195892553882,277.3736342556517,0.27777744999981685,0.2897659520550138,524ff0753f0af40ff7cffb3dc4c594fd3973584725e24587db4e48cb8b5eabec,0.5778835903474828,4.94512249335922e-06,False,False,0.2660063581334311,False,False,0.3748947370556788,False,False,0.3358862052658865,False,False,0.31560792498474055
793,792,268.6810412998311,116799.14743309314,116856.39594769644,0.0004899048455073295,0.43034869991242886,793,0,0.0,0,0,True,22,111111111101011,982.8354125548908,170.7370982392266,0.170235801334593,0.17688652892073292,dc39199de66adcb21ceed9874ff9eb647b3dcec881532c7122dafbe0192d3995,0.27930255579121877,2.7293360591246815e-05,False,False,0.22104987219349265,False,False,0.2126509483148417,False,False,0.3061964050567654,False,False,0.3071311185966922
794,793,269.2486141999252,116799.21158099844,116855.00787742215,0.00047748314288966896,0.46108560007996857,794,0,0.0,0,0,True,22,111111111101011,193.22139441270934,32.24271750920274,0.033468119699646866,0.03372222615206683,bd1671b31c8ac31ead1b577a330d0d5eb4712f0b3a53101348365508e4af0765,0.06414790530106984,1.242170261766054e-05,False,False,0.1640031862122885,False,False,0.22222880904031037,False,False,0.20225874807781488,False,False,0.3072994766004053
795,794,269.8575035999529,116799.21162028766,116855.00787742215,0.0004774828066676623,0.4610326001420617,795,0,0.0,0,0,True,22,111111111101011,3.3340726705424615,0.5216463115137966,0.0005774990341889066,0.0005454619944748487,ae53eba37e204527cc4316aec6e2d3638a233fc547e7dc11888772326a0e704b,3.9289225242100656e-05,3.3622200667051197e-10,False,False,0.03323649501090639,False,False,0.16395302920807858,False,False,0.22219160662767845,False,False,0.20231299010287207
796,795,270.40937220002525,116799.2116678463,116854.98817708711,0.0004773138922942848,0.4448037000838667,796,0,0.0,0,0,True,22,111111111101011,3.581303043778142,0.5952720251591027,0.000620322119837014,0.000622473541025171,ed47a1efe716cef1f815cb14029cd338fa4bf39bba7984c60d9d5c7640ee26f8,4.755864210892469e-05,1.6891437337751298e-07,False,False,0.00025451178863950105,False,False,0.033446552587335435,False,False,0.16406889034064512,False,False,0.22223726375395006
797,796,270.9961647000164,116799.21167559558,116854.98817708711,0.0004773138259789881,0.4698093000333756,797,0,0.0,0,0,True,22,111111111101011,1.9325810865553,0.30184275498550334,0.00033474486579335535,0.0003156281620539,0a6ee9fb76ea15a1305fd27e17804343da58cb09858b5e7e0589b0626232a513,7.749273208901286e-06,6.631529667847774e-11,False,False,0.0006597247071379105,False,False,0.0002919165603396928,False,False,0.03352997128376005,False,False,0.1639674885902879
798,797,271.5512732998468,116799.21169138583,116854.98817708711,0.00047731369085207264,0.4166424998547882,798,0,0.0,0,0,True,22,111111111101011,2.017644868571419,0.3048146037550624,0.00034947887300414366,0.00031873947762098856,c58ff915bf1d6409a2acd2f0fec70673fa30e49f498b121776f3f57b5e2b783d,1.5790254110470414e-05,1.3512691546214636e-10,False,False,0.0003192079630368023,False,False,0.0003731753712155606,False,False,0.0003576488125951693,False,False,0.0333715487594185
799,798,272.0976913999766,116799.21221359726,116854.98817708711,0.00047730922196773134,0.4387320000678301,799,0,0.0,0,0,True,22,111111111101011,3.409674892736671,0.5681057580484263,0.0005905941982147058,0.0005940668036018956,9d96c33ec983034092605cc12f56c5f4c008987c46f65d5b8c6e92f97ea85fa8,0.0005222114268690348,4.46888434130167e-09,False,False,0.0005993658852413877,False,False,0.0005694270701199571,False,False,0.0005746875856617606,False,False,0.000371556918481945
800,799,272.7494429999497,116799.2122533348,116854.98817708711,0.0004773088819091573,0.5032724998891354,800,0,0.0,0,0,True,22,111111111101011,3.335609104620925,0.5219236494783281,0.0005777651738070165,0.0005457505660485,9a534feb570925fc02c5f51a33ddf4b4811cfd9a0050753129224ffac03169cc,3.973754064645618e-05,3.400585740190483e-10,False,False,0.0006725124389736757,False,False,0.0008939423775782099,False,False,0.0008583414783471504,False,False,0.0003718537966840573
801,800,273.29956459999084,116799.21230025105,116854.98817708711,0.00047730848041797116,0.428907300112769,801,0,0.0,0,0,True,22,111111111101011,3.583637620686261,0.5957177800620722,0.0006207265076806058,0.0006229379928367833,19055cc37493c593c76c5cbff7fcf4ec48de66d3948257cf0106deff35897c2b,4.691624781116843e-05,4.0149118616305754e-10,False,False,0.0002546700948936247,False,False,0.00044287873037854243,False,False,0.0005171034436800327,False,False,0.00037138393761548924
802,801,273.86776229995303,116799.21230823369,116854.98817708711,0.00047730841210559186,0.4499687000643462,802,0,0.0,0,0,True,22,111111111101011,1.933443093014366,0.3019669337690244,0.00033489418193148504,0.00031575720979355444,12892ae89550cc0007b83b6e5cc982de4f5885369362d49bad2c828c03cda0af,7.982642273418605e-06,6.831237929928041e-11,False,False,0.0006600347822904693,False,False,0.0002920161927165436,False,False,0.000443571062143069,False,False,0.0003715175407123286
803,802,274.3857976999134,116799.2123241313,116854.98817708711,0.0004773082760600209,0.4043548998888582,803,0,0.0,0,0,True,22,111111111101011,2.0184660276770083,0.30493586630688374,0.0003496211142238859,0.00031886546505695333,e7d27549dcecc656d03ba5f64403ad9897ab437c8a2c488b4b627a67dc23ee79,1.5897603589110076e-05,1.3604557096754538e-10,False,False,0.0003194081208440868,False,False,0.00037343551027859616,False,False,0.0003577817133069107,False,False,0.0003715990276902042
804,803,274.9762203998398,116799.21403843936,116854.8827261788,0.0004763916272962657,0.46888890000991523,804,0,0.0,0,0,True,22,111111111101011,27.52096176560969,4.6622817897867,0.004766942096343689,0.0048753240927935475,dde52d15af940e6a1d7b248ef445b312625ea43d1f5456fc6a754672749f8adf,0.001714308062219061,9.166487637551771e-07,False,False,0.004626056020530551,False,False,0.0047735224112673245,False,False,0.0049448595995167125,False,False,0.004803644946080679
805,804,275.5151136999484,116799.21407931994,116854.8827261788,0.00047639127745569357,0.4164440999738872,805,0,0.0,0,0,True,22,111111111101011,3.3254726612167493,0.5199806845952615,0.0005760095879829444,0.0005442293454160211,4bec0f176bfc384c6964b07f6fe0f5f9606e9c76875d1972d0c63e209a22a66f,4.088057903572917e-05,3.49840572147226e-10,False,False,0.004666188954578122,False,False,0.004561005574256299,False,False,0.004706305334119173,False,False,0.004807297296535452
806,805,276.1169879999943,116799.21412421693,116854.8616613459,0.00047621071419554143,0.48092659981921315,806,0,0.0,0,0,True,22,111111111101011,3.569543839713523,0.5931207797259948,0.0006182854780957474,0.0006208052477296145,6d284be41540d31dcc0945f6aa859ac640077b9f8fff391d819c591d66b32e48,4.489699495024979e-05,1.8056326015213108e-07,False,False,0.0002541603905434554,False,False,0.004818840905050668,False,False,0.0047026033894713775,False,False,0.004801827012202973
807,806,276.68937069992535,116799.21413284639,116854.8616613459,0.0004762106403478621,0.46665539988316596,807,0,0.0,0,0,True,22,111111111101011,1.933558169613212,0.3017063738906385,0.0003349142078705457,0.00031578076337386866,53c816e9878e8053d2e944939fe07acbbf8520072b1144f15f2cf12e8a75923b,8.629460353404284e-06,7.384767932794647e-11,False,False,0.0006572217332907977,False,False,0.00029129042496007303,False,False,0.004953299492360506,False,False,0.004803228309819253
808,807,277.23518199985847,116799.214148989,116854.8616613459,0.0004762105022054352,0.43560610013082623,808,0,0.0,0,0,True,22,111111111101011,2.011690561709159,0.3039028866663972,0.0003484476241622858,0.00031808342116273884,a6b9824cf3057bdd44ef96b4df75212365bc9f89fd8a7989d64859290a0779f7,1.614261418581009e-05,1.3814242691380027e-10,False,False,0.0003184479852599224,False,False,0.0003713421309781539,False,False,0.0003569304229667003,False,False,0.0048043447190684214
809,808,277.7834918999579,116799.21467046061,116854.8616613459,0.0004762060396473517,0.4267076998949051,809,0,0.0,0,0,True,22,111111111101011,3.401430235187129,0.5666173199928455,0.0005891663068490465,0.0005930650228874826,7bd88ba3e8bf20e74b7b4b20c7aa2d3293378082727b49170af8c952063a602d,0.0005214716074988246,4.462558083478951e-09,False,False,0.0005974622270393561,False,False,0.0005678373326899922,False,False,0.0005731670413946477,False,False,0.0003705434307220263
810,809,278.33099249983206,116799.21471174629,116854.8616613459,0.00047620568634005526,0.4333505001850426,810,0,0.0,0,0,True,22,111111111101011,3.3270414671958015,0.5202587268659015,0.0005762813348633073,0.0005445193679795254,1ce06d66db886e7394f90311ea1ad2e61687186aa4ef37b22b99e18b3cc2ddcf,4.1285675251856446e-05,3.5330729645068407e-10,False,False,0.0006696662945130075,False,False,0.0008898593917999327,False,False,0.0008550132891541617,False,False,0.0003708160347570418
811,810,278.9277047999203,116799.21475602992,116854.8616613459,0.00047620530737737377,0.48895790008828044,811,0,0.0,0,0,True,22,111111111101011,3.571904030025934,0.5935675624787972,0.0006186943025855285,0.0006212717193555662,a0054e1e87ecf9ad557445e6775d8ec687360e244b21672d28939b8bdeb6afec,4.428363172337413e-05,3.789626814936463e-10,False,False,0.0002543291492647545,False,False,0.0004420591047552093,False,False,0.0005159767933955939,False,False,0.0003703589496855607
812,811,279.5113336998038,116799.2147649233,116854.8616613459,0.0004762052312712215,0.46778269996866584,812,0,0.0,0,0,True,22,111111111101011,1.934490110440377,0.301839656725271,0.00033507563750213013,0.0003159197155895123,95fd7ed927e18d8b439cd9caecdf56ba6a60a93fe4bd1033388effe44ea50021,8.893373887985945e-06,7.610615225051368e-11,False,False,0.0006575371061024719,False,False,0.00029139146654024844,False,False,0.00044277548356305853,False,False,0.00037050969157017134
813,812,280.06757709989324,116799.21478113628,116854.8616613459,0.0004762050925265684,0.4453751998953521,813,0,0.0,0,0,True,22,111111111101011,2.012511234057196,0.3040250781465918,0.00034858978111140614,0.00031821075780966065,226150e5c5b21c7dc95ce21a5de8affa39328fab905d4f04a9629ac2ae73a8e6,1.621298724785447e-05,1.3874465313624962e-10,False,False,0.0003186529118983263,False,False,0.0003716019860842702,False,False,0.0003570693418280215,False,False,0.0003705704837301773
814,813,280.62786059989594,116799.21572278801,116854.8616613459,0.0004761970342248907,0.44937549997121096,814,0,0.0,0,0,True,22,111111111101011,56.562487596914664,9.479470417641032,0.009797268180915244,0.009921921139936542,9c47dc4c84fcbc335efbd97ccb3373705edeb3a514b8d45a02e6f4b96c4b053e,0.0009416517277713865,8.058301677685027e-09,False,False,0.009818751688933921,False,False,0.009795764669644772,False,False,0.009579610694146116,False,False,0.009597497722246037
815,814,281.18175659980625,116799.21576476059,116854.8616613459,0.0004761966750392885,0.4456410000566393,815,0,0.0,0,0,True,22,111111111101011,3.3362218245190913,0.522853470178691,0.0005778718913019503,0.0005465530281921094,91324d127b50c1be200bf4cb2d6c707438b5b2c80f07c53bebf94a9032e30074,4.1972583858296275e-05,3.5918560221384274e-10,False,False,0.009842562209677356,False,False,0.009901781734268027,False,False,0.009862390980812891,False,False,0.00960390096146252
816,815,281.72881949995644,116799.21580831619,116854.8616613459,0.00047619630230683404,0.43339869985356927,816,0,0.0,0,0,True,22,111111111101011,3.595094855583546,0.5993043739993115,0.0006227116630916663,0.000626493989758462,96d498a696a602ff0f596694c0295d002a86872caf13eaec3fc8fc7ecc0a6f89,4.3555599404498935e-05,3.727324544389003e-10,False,False,0.0002576908452284022,False,False,0.009611060714563205,False,False,0.009650549237656165,False,False,0.009593078272550742
817,816,282.259987300029,116799.21581781394,116854.8616613459,0.0004761962210287092,0.4227394999470562,817,0,0.0,0,0,True,22,111111111101011,1.9449355995885373,0.3033794776633494,0.00033688515620079724,0.00031713632239471626,8b2802b22af14936c972832169a59f6ddaeb4b4142720877bfda5d96687a9eb0,9.497744031250477e-06,8.127812485547725e-11,False,False,0.0006613126431051406,False,False,0.00029266413897342027,False,False,0.009591815092667322,False,False,0.009596812918550196
818,817,282.87178229982965,116799.21583406474,116854.8616613459,0.00047619608196040306,0.4607890001498163,818,0,0.0,0,0,True,22,111111111101011,2.023169690626352,0.3056157286723099,0.0003504361979577473,0.00031947753798056486,bd2c3189e54273569200cd75c22c172ce039e4d7981e93db0f8456d8bd933777,1.6250807675532997e-05,1.390683061330139e-10,False,False,0.00031989628540233416,False,False,0.00037626933931446616,False,False,0.0003582137376472483,False,False,0.009598152753178997
819,818,283.428279499989,116799.2163589972,116854.8616613459,0.0004761915897856409,0.44589539989829063,819,0,0.0,0,0,True,22,111111111101011,3.431204011809445,0.5715568528826354,0.0005943239011989001,0.0005974894492973813,ad96de1e99e5c05a4dd127d3341d137fa298fa217c4a00bb7cbbfe1d8faca45b,0.0005249324603937566,4.492174762163112e-09,False,False,0.000603657927506345,False,False,0.0005764032225158702,False,False,0.0005753546953135799,False,False,0.0003751222040464932
820,819,284.01204099995084,116799.21640133244,116854.8616613459,0.00047619122749663096,0.46614009980112314,820,0,0.0,0,0,True,22,111111111101011,3.338270350179566,0.5232051818656842,0.000578226731602758,0.0005469177279914307,585d81643e2a0fc97d8b4dad11488dacc016f352b9246b320766b096723de1bc,4.2335232137702405e-05,3.6228900993562005e-10,False,False,0.0006792725635598905,False,False,0.0008991975389231576,False,False,0.0008650028242638925,False,False,0.0003753881207000249
821,820,284.6100298999809,116799.21640226606,116854.8616613459,0.0004761912195070466,0.4654534999281168,821,0,0.0,0,0,True,22,111111111101011,51.352753347086114,8.84057282799863,0.008894881475672424,0.009241606961348594,1ff9cf1fbf8509a721abd1682c11063138a451a45f91886d2698a94c61e136da,9.336217772215605e-07,7.989584363023161e-12,False,False,0.008927531257275688,False,False,0.008536591058361433,False,False,0.008609416966397944,False,False,0.008525338763285987
822,821,285.20116029982455,116799.21642313195,116854.8616613459,0.00047619104094460523,0.44902339996770024,822,0,0.0,0,0,True,22,111111111101011,25.155487928070215,4.308426312723385,0.004357215747683907,0.004505250047194614,33e9f929c4a1cc68a4bc2f180cd99e016da816bfa274dce858618737360f3a1c,2.086588938254863e-05,1.785624413629984e-10,False,False,0.004604440996310664,False,False,0.004589184607126138,False,False,0.0041997861947482675,False,False,0.004296094021497778
823,822,285.82790419994853,116799.21644453623,116854.8616613459,0.0004761908577748095,0.48697540001012385,823,0,0.0,0,0,True,22,111111111101011,25.79176556179442,4.346417745196213,0.004467426205809833,0.004544279062964034,f8b8327b6b44ceaba3d13efe8bea1b7ad9cc34e3ad8433de209dab338711c3e6,2.1404281142167747e-05,1.8316979573732017e-10,False,False,0.0005716653759456255,False,False,0.008915664078611198,False,False,0.009016995923906574,False,False,0.008605273217845438
824,823,286.3923604998272,116799.21648650078,116854.8616613459,0.0004761904986579477,0.456627800129354,824,0,0.0,0,0,True,22,111111111101011,50.232858169651536,8.603754981506597,0.008700902685679869,0.008997152527206845,e6fde17d68fa034d3ca33256fa03e811e8098b3996619219b3d9aa8441b4fc86,4.196455120109022e-05,3.5911686179033314e-10,False,False,0.004359852906400042,False,False,0.00867379388314989,False,False,0.00028346643936104864,False,False,0.0006482637599005335
825,824,286.9726929999888,116799.21653901835,116854.8616613459,0.00047619004923230745,0.45511070010252297,825,0,0.0,0,0,True,22,111111111101011,3.8390685067562504,0.5975350432831524,0.0006649707017936747,0.0006246526747800248,79aed1b4a5005dd8365d6b39a3d585ca540a7209e2b07c672294ec3b186a0856,5.25175710208714e-05,4.4942564025787085e-10,False,False,0.008753902627166096,False,False,0.004300941829033412,False,False,0.008658160932205287,False,False,0.0007521646645219428
826,825,287.54909370001405,116799.2165814468,116854.8616613459,0.00047618968614555944,0.45353229995816946,826,0,0.0,0,0,True,22,111111111101011,3.3373299049976084,0.5229870504859679,0.0005780638207713251,0.0005467146496810103,d86ea689d4aace190ac7c22afa1b59dd6f4a4b1c9e0fc2a3d8db99ded85e251e,4.2428451706655324e-05,3.6308674800479904e-10,False,False,0.00027259561703216786,False,False,0.008645993763555529,False,False,0.004295664546972492,False,False,0.00860755872141124
827,826,288.16670419997536,116799.21658182229,116854.8616613459,0.00047618968293231646,0.4702459000982344,827,0,0.0,0,0,True,22,111111111101011,51.32942698020075,8.836300522277579,0.008890840855545755,0.00923756254043692,46f4651d9d30205d85213365eae689b28f054db55cab99629dfacc4c1c319500,3.754830686375499e-07,3.213242985491277e-12,False,False,0.008923713805569968,False,False,0.009004775406032398,False,False,0.0007521857053802395,False,False,0.004694476963195141
828,827,288.8278975998983,116799.21662424238,116854.8616613459,0.00047618931991704854,0.5400913001503795,828,0,0.0,0,0,True,22,111111111101011,3.3311648654451465,0.5212852662446211,0.0005769953579696792,0.0005451223511377476,e54de79fd12050be7df86b5b70f64507baa71054b7635c4333af256afdbf0dd9,4.242009890731424e-05,3.630152679108198e-10,False,False,0.008927670807337064,False,False,0.009029312139741525,False,False,0.009031797056654729,False,False,0.0004917607565399875
829,828,289.4817079999484,116799.21712935332,116854.8616613459,0.00047618499736747143,0.5331519998144358,829,0,0.0,0,0,True,22,111111111101011,5.500457317527684,0.8815619796227416,0.0009527413176134508,0.0009219099378832668,96e812461516232466c3d60f3affc0851f3b286d651a204216bacb9251e866ab,0.0005051109328633174,4.322549577117068e-09,False,False,0.00063932778106447,False,False,0.008541490095151177,False,False,0.008556919972154348,False,False,0.008632036835083063
830,829,290.09128469997086,116799.21717279204,116854.8616613459,0.0004761846256352405,0.4878455998841673,830,0,0.0,0,0,True,22,111111111101011,1.8986173607972385,0.3442961652625544,0.00032886197421830635,0.00036003939351511696,35ecf2e75ada827cc0d3869d6fd0f635eb41239afc53c0e8942af6a516c6c320,4.343871842138469e-05,3.7173223093461827e-10,False,False,0.0007422348572475732,False,False,0.0004239387326895014,False,False,0.00858575329126076,False,False,0.00862689766455123
831,830,290.6880618999712,116799.21717279204,116854.8616613459,0.0004761846256352405,0.4704271999653429,831,0,0.0,0,0,True,22,111111111101011,3.4421413291173657,0.5249442800282692,0.0005962177553362279,0.0005489476103916208,7f96e04194bf7cb247905ed62f989185cb17092b9af410f3c02936eec09c3253,0.0,0.0,False,False,0.0005769916727115824,False,False,0.0006396375217936115,False,False,0.0007675793937309281,False,False,0.008560642216900838
832,831,291.3022890998982,116799.21722281675,116854.8616613459,0.0004761841975425551,0.49021359998732805,832,0,0.0,0,0,True,22,111111111101011,2.213521497076783,0.4013847244079738,0.00038340691946497067,0.0004197549274504326,26b45980ac16db20005908498e2c7a9c94882f78b399680228551365b295f23a,5.002471152693033e-05,4.2809268537826947e-10,False,False,0.0006103247805570749,False,False,0.0008589018615270536,False,False,0.00040863401596876093,False,False,0.0007110367304512037
833,832,291.90610189992003,116799.219024272,116854.83914169748,0.0004759761584031398,0.4869216999504715,833,0,0.0,0,0,True,22,111111111101011,143.0918424138818,23.311776447434905,0.02478512157255682,0.02437867674681434,8700599f34235240576882166fef5bade3aaf8e4e8fe347e0bf29876182c3bc1,0.0018014552479144186,2.0803913941530973e-07,False,False,0.024699805760016798,False,False,0.02469358451875628,False,False,0.024622031800905397,False,False,0.024750645991422515
834,833,292.47921449993737,116799.21906816657,116854.83914169748,0.0004759757827698153,0.4672196002211422,834,0,0.0,0,0,True,22,111111111101011,3.1089266915833553,0.5201833253400836,0.0005385011510234912,0.0005450242765490701,9a4cf89357d5f91605b07994f96205ab106b75212d292ab98ee61c6c006a8ea1,4.389457171782851e-05,3.7563332452123996e-10,False,False,0.02495150093716796,False,False,0.02486614278772603,False,False,0.024896751086009417,False,False,0.02482515477951231
835,834,293.0599133998621,116799.21914936238,116854.79883500279,0.0004756303223702658,0.45719220000319183,835,0,0.0,0,0,True,22,111111111101011,4.080248369038807,0.6915154582599711,0.0007067450086783715,0.0007245810099538918,b698b1b81dec24808c44c9dd28abba852252890e9993da559243f54c514017b7,8.119581616483629e-05,3.4546039954949604e-07,False,False,0.0002807259765377553,False,False,0.024779375890984518,False,False,0.024713755222111757,False,False,0.024690645674164877
836,835,293.65250770002604,116799.2191933381,116854.79883500279,0.00047562994604243296,0.4814586997963488,836,0,0.0,0,0,True,22,111111111101011,3.106316442364995,0.5197062099952334,0.0005380490158673723,0.0005445284337254782,e3a2257834146a772fc7fe8ced2cc55f7ce282c6a0487f7e47183e4a10c1c538,4.3975713197141886e-05,3.7632783282844084e-10,False,False,0.00028115101160708546,False,False,0.0005278587875910232,False,False,0.024945648117162923,False,False,0.02487998390330775
837,836,294.23856229986995,116799.21965710199,116854.79883500279,0.0004756259773231608,0.4332403000444174,837,0,0.0,0,0,True,22,111111111101011,3.059105772061656,0.5119768797771393,0.000529871600992277,0.0005364616134240024,4ed2d677b94dd1ed1520020ed58f0e4d27c1b0b50328ca6ba92bafb722fb71e4,0.00046376389218494296,3.968719272163558e-09,False,False,0.0005804638527025983,False,False,0.00047166332613764173,False,False,0.0003884276556166036,False,False,0.024827464787013497
838,837,294.80971569987014,116799.21970160975,116854.79883500279,0.00047562559644226616,0.439651400083676,838,0,0.0,0,0,True,22,111111111101011,3.1114462767951716,0.5205614983536914,0.0005389375717544197,0.0005454243790500327,20d258cb5a7b42a10b70e8cf9255b694cd4b11843125c222806a77c39dec0a17,4.4507760321721435e-05,3.8088089464056313e-10,False,False,0.0005813338440708123,False,False,0.0009691394845794381,False,False,0.0003889008520393725,False,False,0.0007986855772235403
839,838,295.4146449000109,116799.21974106538,116854.79883500279,0.0004756252587956587,0.48109810007736087,839,0,0.0,0,0,True,22,111111111101011,3.692076939877899,0.6247742471841686,0.0006395093440599053,0.0006546530926256063,8eeece8a0598e900edd1832e37b698d86977daab26a11edf9f38dd8c8a0f825d,3.945562639273703e-05,3.37646607450736e-10,False,False,0.00018920204546976488,False,False,0.00048082704177798376,False,False,0.00043804960646259307,False,False,0.0005561644120008932
840,839,295.99740380002186,116799.22142323286,116854.79883500279,0.00047561086343067023,0.4404812001157552,840,0,0.0,0,0,True,22,111111111101011,128.62740678086536,20.78116453980178,0.022279721071718935,0.021773817405678065,f9dae39d217a6e5ea2a1fc590a2f592bbc8886ecbfb99e7dee625febc04da1a9,0.0016821674798848107,1.4395364988472985e-08,False,False,0.022467797249215854,False,False,0.022269566089612378,False,False,0.022413224356433264,False,False,0.022215266889336064
841,840,296.563985100016,116799.22146886852,116854.79883500279,0.00047561047289758834,0.449906500056386,841,0,0.0,0,0,True,22,111111111101011,3.3259810668925303,0.5198832739658666,0.000576097629889111,0.0005441192805587642,7731a8a3c6b666816ea82d5cb383130c1da3caa7d815ac456c3a022763abf81e,4.563566471915692e-05,3.9053308189315045e-10,False,False,0.02235214017901583,False,False,0.022503416969639888,False,False,0.022344855963635186,False,False,0.02244888058638773
842,841,297.1316368000116,116799.22150663954,116854.79883500279,0.0004756101496671836,0.43546589999459684,842,0,0.0,0,0,True,22,111111111101011,3.568794891365409,0.5928408456356214,0.0006181557305943163,0.0006205029873745352,16a26b482feff471609b0d0d36b59aff06cc02f7dba3fc9fe0161e10f4345db6,3.777102392632514e-05,3.2323040473564504e-10,False,False,0.0002540546282322788,False,False,0.022139925930521026,False,False,0.02236165578399056,False,False,0.022165136399303093
843,842,297.67516889981925,116799.22154734991,116854.79883500279,0.00047560980128298635,0.43053879984654486,843,0,0.0,0,0,True,22,111111111101011,128.21978487062398,19.595319824910227,0.022209133010029247,0.020509123288570966,e4685f5f648ec829d8f3d73a5826988ccdcea076e4b2e2ae77ccea2bc17da582,4.071036528330296e-05,3.483841972502441e-10,False,False,0.02239620345493357,False,False,0.022193034187900522,False,False,0.0189910106799893,False,False,0.019080960651178362
844,843,298.2640841999091,116799.22360482198,116854.79883500279,0.000475592194200609,0.42853479995392263,844,0,0.0,0,0,True,22,111111111101011,188.04148328531807,29.076516350425077,0.03257091148115354,0.0304709759170263,736572696dd0bb70795ff2f61b55463d3bc3bc92e37e392d69cdc8db0f8c97cc,0.0020574720692820847,1.7607082377366426e-08,False,False,0.019799176594656076,False,False,0.019822457914576118,False,False,0.01996566529289345,False,False,0.019446371714834765
845,844,298.8462276000064,116799.22370023072,116854.79883500279,0.00047559137772798244,0.45109709980897605,845,0,0.0,0,0,True,22,111111111101011,1.967715777546732,0.3380703545664679,0.0003408301788129455,0.00035384728679083757,5c1213ce76dca1f8fb38c0a742d83e22b6b869ba381a10266dfc92f987f123d0,9.540874452795833e-05,8.164726265414736e-10,False,False,0.03270661366446035,False,False,0.01970961308629318,False,False,0.019732859327708893,False,False,0.019876225324382015
846,845,299.43744529993273,116799.22423643761,116854.79883500279,0.0004755867890684087,0.4578698000404984,846,0,0.0,0,0,True,22,111111111101011,17.235413827594105,2.859749508553471,0.0029853648169323012,0.0029932059764653665,bbde1443b2119dd9704d74813daf428723351d380c35b0fafde5ff3313e12cea,0.0005362068914109841,4.588659573731384e-09,False,False,0.003112333023063267,False,False,0.0325643913857438,False,False,0.017656954322383595,False,False,0.017677070216658396
847,846,300.0409179998096,116799.22428454565,116854.79883500279,0.00047558637737769855,0.4809607998467982,847,0,0.0,0,0,True,22,111111111101011,3.6087992786020133,0.6045395622844186,0.0006250840933717354,0.0006326112884646492,7fb2491182ff8d6a85e704946e5ae0c784ba9c2552f09cfa5470637ec76a1f3d,4.810803511645645e-05,4.1169071016838865e-10,False,False,0.0035444586343949245,False,False,0.003676981784780371,False,False,0.032499528458692535,False,False,0.017339143913336484
