iteration,elapsed_time,LB,UB,gap,master_time,subproblem_time,auxiliary_time,cuts_added_total,open_depots
1,0.027402699925005436,0.0,1127941.8335714287,1.0,0.00029390002600848675,0.02032340015284717,0.0,1,0
2,0.07227339991368353,31207.757764582693,993072.1250916738,0.9685745305138821,0.0047519998624920845,0.01916630007326603,0.017572199925780296,2,9
3,0.11740330001339316,33156.997135846424,993072.1250916738,0.9666116928488093,0.006626200163736939,0.01904299994930625,0.01690169982612133,3,8
4,0.16560329985804856,56738.2372285672,696483.4039638,0.9185361246145124,0.005055599845945835,0.020048900041729212,0.019594299839809537,4,11
5,0.2104396999347955,56738.2372285672,693461.9071039963,0.9181811767202688,0.003504800144582987,0.02141840010881424,0.017054999945685267,5,11
6,0.2943520999979228,56894.91451917697,683992.3361229376,0.9168193684132875,0.0070050000213086605,0.054217000026255846,0.019514399813488126,6,13
7,0.34200399997644126,57792.41116121287,646130.3806060803,0.9105561154592319,0.006284999893978238,0.021008000010624528,0.017480800161138177,7,14
8,0.39007139997556806,69910.54213347896,367558.9877597187,0.8097977618243387,0.004043699940666556,0.023356599966064095,0.01813119975849986,8,14
9,0.4596456999424845,73121.87808994722,243473.04357211565,0.6996715652084546,0.012857499998062849,0.03427499998360872,0.01907559996470809,9,10
10,0.5145316999405622,73121.87808994722,243473.04357211565,0.6996715652084546,0.004496699897572398,0.029089500196278095,0.01796910003758967,10,10
11,0.5716246999800205,73121.87808994722,241753.17620378197,0.6975349849041474,0.004954099887982011,0.0297626000829041,0.018618299858644605,11,10
12,0.6280989998485893,73121.87808994722,237031.74431377935,0.6915101886389129,0.004628600087016821,0.028861999977380037,0.01936800009571016,12,10
13,0.6910871998406947,73981.12495878765,224281.13684570353,0.6701411184227959,0.011057799914851785,0.029022200033068657,0.019178600050508976,13,11
14,0.7493743998929858,75646.90853732965,224281.13684570353,0.6627139062997898,0.005362600088119507,0.027062000008299947,0.022706300020217896,14,11
15,0.8355693998746574,77032.93532507893,224281.13684570353,0.6565340429049344,0.010662199929356575,0.05247059999965131,0.01987389987334609,15,14
16,0.8856438999064267,77032.93532507893,224281.13684570353,0.6565340429049344,0.006382300052791834,0.02087369980290532,0.019299800042062998,16,14
17,0.9443861998151988,77561.46861958489,224281.13684570353,0.654177476936261,0.011111600091680884,0.02379719982855022,0.02020060014910996,17,12
18,1.0114019999746233,78042.22874404315,171044.52488615003,0.5437315003447827,0.009977299952879548,0.032102599972859025,0.02120340010151267,18,14
19,1.0846135998144746,78042.22874404315,171044.52488615003,0.5437315003447827,0.006627700058743358,0.04357560002245009,0.01933200005441904,19,14
20,1.1344408998265862,79772.02596246274,171044.52488615003,0.5336183603914813,0.00791790010407567,0.01971719996072352,0.0196148999966681,20,14
21,1.2168462998233736,80906.4655061238,164764.31559394093,0.5089563828522402,0.008640999905765057,0.04818139993585646,0.020673400023952127,21,14
22,1.2813257998786867,81726.17881194336,164764.31559394093,0.5039813170871522,0.008125599939376116,0.03218510001897812,0.020397900138050318,22,13
23,1.3400979998987168,84475.46132662533,164764.31559394093,0.4872951644771567,0.012924500042572618,0.021180100040510297,0.02084380015730858,23,13
24,1.4052479998208582,84586.2160937895,164764.31559394093,0.4866229632983704,0.009414500091224909,0.03266029991209507,0.01979890000075102,24,13
25,1.5009792998898774,87887.52913349854,141380.44594385044,0.37836149442898726,0.018936399836093187,0.052670199889689684,0.02077570022083819,25,14
26,1.566017499892041,95178.09654272694,141380.44594385044,0.32679448061348504,0.011906599858775735,0.02840680000372231,0.020812000147998333,26,14
27,1.6322031000163406,97318.28025401669,141380.44594385044,0.31165671741715356,0.016621400136500597,0.026066699996590614,0.020299899857491255,27,13
28,1.7031488998327404,97318.28025401669,141380.44594385044,0.31165671741715356,0.00977999996393919,0.03507750015705824,0.02265720022842288,28,13
29,1.7792155998758972,97519.70808863337,141380.44594385044,0.3102319953965661,0.008942699991166592,0.039675400126725435,0.022463599918410182,29,13
30,1.8421306998934597,98370.71124193432,141380.44594385044,0.3042127531483211,0.014419300016015768,0.02553089987486601,0.01979600009508431,30,14
31,1.9176390999928117,100595.70420762469,139609.45574863127,0.27944920587077837,0.016964499838650227,0.034645000007003546,0.020764000015333295,31,12
32,1.9817257998511195,101828.07962896336,138256.49025982182,0.26348427160561866,0.0065963000524789095,0.03322480013594031,0.021042700158432126,32,12
33,2.065226199803874,102591.35096791048,138256.49025982182,0.25796358076851783,0.007500399835407734,0.050686700036749244,0.020945600233972073,33,12
34,2.1477574999444187,104422.01804873253,137514.26722722902,0.2406459332966139,0.007292599882930517,0.05105570005252957,0.021250399760901928,34,12
35,2.277983999811113,106421.42679533582,136027.71682768728,0.21764895216064786,0.006461100187152624,0.09873399999924004,0.021565800067037344,35,12
36,2.3417862998321652,106421.42679533582,136027.71682768728,0.21764895216064786,0.006265300093218684,0.031940799904987216,0.022227899869903922,36,12
37,2.4069605998229235,106954.3754143041,136027.71682768728,0.2137310107925413,0.006791600026190281,0.03266969998367131,0.02235699980519712,37,12
38,2.471690099919215,107336.0343785578,135241.50426660836,0.2063380619683075,0.006498500006273389,0.034845300018787384,0.020396099891513586,38,12
39,2.5697911998722702,107700.73423253704,135131.3398703899,0.20299218274726422,0.008568299934267998,0.063255799934268,0.02209990005940199,39,12
40,2.6719568998087198,108056.29371454174,130408.69870612441,0.1714027147986021,0.007294800132513046,0.07097930018790066,0.02056149998679757,40,12
41,2.7314826999790967,108283.58048169783,130408.69870612441,0.16965983438179583,0.006923699984326959,0.029175000032410026,0.020483999978750944,41,12
42,2.862131599802524,108283.58048169783,128760.85877934376,0.1590334088462212,0.007329500047490001,0.09728390001691878,0.0213319999165833,42,12
43,2.9720468998420984,108480.21751471506,128760.85877934376,0.1575062597196827,0.008242999901995063,0.07731810002587736,0.02084619994275272,43,12
44,3.03934339992702,108480.21751471506,128760.85877934376,0.1575062597196827,0.006639600032940507,0.036449499893933535,0.021176300011575222,44,12
45,3.164949099998921,108564.72625073827,126145.8029812274,0.13937107945720154,0.006976400036364794,0.09602369996719062,0.019398799864575267,45,12
46,3.2919385000132024,108771.8369626493,126145.8029812274,0.13772924352595103,0.007123599993065,0.09616469987668097,0.020315099973231554,46,12
47,3.3796319998800755,108846.1440719414,126145.8029812274,0.13714018620072907,0.011366199934855103,0.05290629994124174,0.02022580010816455,47,14
48,3.4750506998971105,108846.1440719414,125889.60848430419,0.13538420380811464,0.007520799990743399,0.0644386000931263,0.020015500020235777,48,14
49,3.5664383999537677,108846.1440719414,125219.19688949015,0.13075513359184443,0.007870499975979328,0.06163630005903542,0.01864630007185042,49,14
50,3.666512999916449,108846.1440719414,125219.19688949015,0.13075513359184443,0.008153899805620313,0.06742110010236502,0.021190200001001358,50,14
51,3.735366699984297,108846.1440719414,125219.19688949015,0.13075513359184443,0.008720200043171644,0.03652570000849664,0.020649099722504616,51,14
52,3.799441199982539,108846.1440719414,125219.19688949015,0.13075513359184443,0.008223599987104535,0.032292700139805675,0.020702800014987588,52,14
53,3.8734154999256134,108846.1440719414,125219.19688949015,0.13075513359184443,0.008069999981671572,0.03911860007792711,0.02335739997215569,53,14
54,3.9346929998137057,108846.1440719414,125219.19688949015,0.13075513359184443,0.008524700067937374,0.027606100076809525,0.02205060003325343,54,14
55,4.023207799997181,108885.9061829187,125219.19688949015,0.13043759353436912,0.009288900066167116,0.05614880006760359,0.02018260001204908,55,14
56,4.092784399865195,108885.9061829187,125219.19688949015,0.13043759353436912,0.00917389988899231,0.0385219999589026,0.01892470009624958,56,14
57,4.188236299902201,108992.57591880027,125118.14838710721,0.12888276142335078,0.009039100026711822,0.06206509983167052,0.020768699934706092,57,14
58,4.265075499890372,109197.67331250725,123861.34714510402,0.11838781161824621,0.009361299918964505,0.04340219986625016,0.021035399986431003,58,14
59,4.375904999906197,109722.46303964546,123861.34714510402,0.11415089881829567,0.011296299984678626,0.0737149000633508,0.022214700002223253,59,14
60,4.51120930002071,109728.66165877189,123861.34714510402,0.11410085399584458,0.009287199936807156,0.10251410002820194,0.020304000005126,60,14
61,4.640398199902847,109921.4225638085,123861.34714510402,0.11254459040369427,0.009853699943050742,0.09347419999539852,0.02208789996802807,61,14
62,4.746564199915156,109954.41936736318,123861.34714510402,0.11227818926794672,0.009760400047525764,0.07293829997070134,0.020249499939382076,62,14
63,4.82052639988251,110060.25654300053,123861.34714510402,0.11142370820442847,0.010244600009173155,0.04053570004180074,0.02003409992903471,63,14
64,4.948701899964362,110188.55030432157,123861.34714510402,0.11038792291484381,0.01096390001475811,0.09225289989262819,0.021514700027182698,64,14
65,5.082925699884072,110385.21442875668,123861.34714510402,0.10880014651027498,0.010382400127127767,0.09881290001794696,0.02165369992144406,65,14
66,5.2039826000109315,110408.26381165953,123861.34714510402,0.10861405630994918,0.010607199976220727,0.08444499992765486,0.020158500177785754,66,14
67,5.3339523000177,110517.49354086036,123861.34714510402,0.10773218531695192,0.011682800017297268,0.09478610008955002,0.019887799862772226,67,14
68,5.4602657000068575,110568.5450637597,123295.9947576675,0.10322678947457307,0.010509700048714876,0.0915165999904275,0.020661999937146902,68,14
69,5.583190499804914,110590.30876622116,123295.9947576675,0.10305027358284242,0.014320899965241551,0.08354460005648434,0.021313199773430824,69,14
70,5.713373699923977,110735.16550595102,123142.91816183312,0.1007589623592967,0.011519899824634194,0.09567479998804629,0.01954769971780479,70,14
71,5.812190399970859,110879.89294320285,123142.91816183312,0.0995836821287143,0.011312599992379546,0.06353629985824227,0.020755100063979626,71,14
72,5.926343400031328,111430.41617768962,123142.91816183312,0.09511307803142242,0.01063039992004633,0.07918330002576113,0.021139599848538637,72,14
73,6.0462220998015255,111430.41617768962,123142.91816183312,0.09511307803142242,0.010760900098830462,0.08574889996089041,0.01986400014720857,73,14
74,6.14595519984141,111449.4891156472,123142.91816183312,0.09495819346118255,0.010914199985563755,0.06415400002151728,0.02121819998137653,74,14
75,6.304078799905255,111572.01623617709,123142.91816183312,0.09396319413553016,0.012163500068709254,0.1217652999330312,0.020846699830144644,75,14
76,6.4297898998484015,111670.28588334372,122714.179258847,0.08999688090002912,0.011494900099933147,0.08979429979808629,0.020943799754604697,76,14
77,6.582204199861735,111782.58660314178,122714.179258847,0.08908174036389613,0.011476999847218394,0.11427010013721883,0.022741699824109674,77,14
78,6.666361499810591,112126.89511825892,122714.179258847,0.08627596423275424,0.012075900100171566,0.04517129994928837,0.023065500194206834,78,14
79,6.77373499982059,112126.89511825892,121248.85076668765,0.07523333698215084,0.012618800159543753,0.0692269999999553,0.02178659988567233,79,14
80,6.874012899817899,112126.89511825892,121248.85076668765,0.07523333698215084,0.012851200066506863,0.06466050003655255,0.019384900107979774,80,14
81,6.984606900019571,112126.89511825892,121248.85076668765,0.07523333698215084,0.012143499916419387,0.07585590006783605,0.019140399992465973,81,14
82,7.085869799833745,112126.89511825892,121248.85076668765,0.07523333698215084,0.01201740000396967,0.06565239978954196,0.02030099998228252,82,14
83,7.203145599924028,112126.89511825892,121248.85076668765,0.07523333698215084,0.013840899802744389,0.07902890001423657,0.021156399743631482,83,14
84,7.33400689996779,112211.52108653284,121248.85076668765,0.07453538423671197,0.013725499855354428,0.09277540002949536,0.02084090025164187,84,14
85,7.477150099817663,112574.11275397433,121248.85076668765,0.07154490915056698,0.012406500056385994,0.10758020007051528,0.019792700186371803,85,14
86,7.6330279998946935,112623.5455701062,121248.85076668765,0.07113721195740355,0.013866599882021546,0.1157755998428911,0.020802099956199527,86,14
87,7.75968090002425,112623.5455701062,121248.85076668765,0.07113721195740355,0.014751499984413385,0.08787149982526898,0.02045339997857809,87,14
88,7.840698099927977,112797.67211922836,121248.85076668765,0.06970110309516601,0.014263899996876717,0.04166830005124211,0.02134809992276132,88,14
89,7.955593799939379,112797.67211922836,121236.24836096722,0.06960439930980011,0.014748699963092804,0.07587020006030798,0.02053060010075569,89,14
90,8.079727199859917,112797.67211922836,120673.27009971961,0.06526381504357318,0.01396239991299808,0.08678070013411343,0.019967200234532356,90,14
91,8.219615399837494,112797.67211922836,120673.27009971961,0.06526381504357318,0.015141800045967102,0.10099359997548163,0.019952799892053008,91,14
92,8.335954600013793,112840.47124963319,120673.27009971961,0.06490914552670779,0.014069899916648865,0.07880220003426075,0.02008139993995428,92,14
93,8.435428699944168,112917.12366884857,120673.27009971961,0.06427393924488554,0.014942199923098087,0.059192399960011244,0.02184810023754835,93,14
94,8.561538700014353,112935.01869626078,120673.27009971961,0.06412564602802459,0.016491299960762262,0.08559639984741807,0.02040009992197156,94,14
95,8.734752499964088,113079.87756135334,120673.27009971961,0.06292522388836727,0.016025499906390905,0.1326657000463456,0.02103849989362061,95,14
96,8.867620699806139,113079.87756135334,119957.58479331246,0.05733449238586663,0.015405100071802735,0.0920140000525862,0.020301900105550885,96,14
97,9.022685799980536,113241.46271704871,119957.58479331246,0.0559874733042989,0.01754939998500049,0.11391309997998178,0.02004750003106892,97,14
98,9.145450099837035,113268.0034235152,119957.58479331246,0.05576622254710651,0.015320200007408857,0.08353699999861419,0.020628999918699265,98,14
99,9.26372339995578,113334.97690220804,119957.58479331246,0.05520791288450167,0.016631999984383583,0.07772960001602769,0.020080900052562356,99,14
100,9.383599399821833,113375.63385081297,119957.58479331246,0.054868985182056025,0.01716129994019866,0.07839929987676442,0.02072310005314648,100,14
101,9.505955999949947,113521.7502596193,119957.58479331246,0.0536509179038753,0.017197899986058474,0.08046299987472594,0.021184500074014068,101,14
102,9.626887599937618,113580.91474706537,119754.17537448398,0.05154943957581581,0.015984400175511837,0.08119720011018217,0.020500099984928966,102,14
103,9.767792499857023,113610.55560788822,119474.139461482,0.049078268150943044,0.01860160008072853,0.09903919999487698,0.019875500118359923,103,14
104,9.880904099904,113739.0894090035,119474.139461482,0.04800243867274273,0.01665680017322302,0.07218840019777417,0.020955999847501516,104,14
105,10.035079799825326,113821.80914339646,119474.139461482,0.047310073490069646,0.031795000191777945,0.09913969994522631,0.01970280008390546,105,14
106,10.21612360002473,114001.12961393046,119474.139461482,0.045809158971310424,0.048032699851319194,0.1073266000021249,0.021912199910730124,106,12
107,10.339016899932176,114001.12961393046,119474.139461482,0.045809158971310424,0.01652269996702671,0.08237349987030029,0.020317399874329567,107,12
108,10.462485400028527,114001.12961393046,119474.139461482,0.045809158971310424,0.016239900141954422,0.08414619998075068,0.019511799793690443,108,12
109,10.595376299927011,114001.12961393046,119474.139461482,0.045809158971310424,0.01656969985924661,0.09119479986838996,0.02149359998293221,109,12
110,10.769648199900985,114001.12961393046,119474.139461482,0.045809158971310424,0.01644119992852211,0.13353909994475543,0.02068520011380315,110,12
111,10.913821999914944,114001.12961393046,119474.139461482,0.045809158971310424,0.015941999852657318,0.10330149997025728,0.021439099917188287,111,12
112,11.035369199933484,114001.12961393046,119474.139461482,0.045809158971310424,0.016501300036907196,0.07988959993235767,0.02152780001051724,112,12
113,11.142411999870092,114001.12961393046,119474.139461482,0.045809158971310424,0.017725500045344234,0.06492320005781949,0.020896099973469973,113,12
114,11.269889099989086,114001.12961393046,119474.139461482,0.045809158971310424,0.019079300109297037,0.08017079997807741,0.022246200125664473,114,12
115,11.461976799881086,114578.8898358106,119474.139461482,0.040973298889084,0.05071060010232031,0.11532089998945594,0.02264169999398291,115,12
116,11.602291899966076,114578.8898358106,119474.139461482,0.040973298889084,0.01759409997612238,0.09782499982975423,0.02151750004850328,116,12
117,11.741238999878988,114578.8898358106,119474.139461482,0.040973298889084,0.018024699995294213,0.09567599999718368,0.02167409984394908,117,12
118,11.890657600015402,114578.8898358106,119474.139461482,0.040973298889084,0.01894679991528392,0.10462630004622042,0.021899300161749125,118,12
119,12.04401099984534,114578.8898358106,119474.139461482,0.040973298889084,0.019433900015428662,0.10838350001722574,0.021740099880844355,119,12
120,12.191687599988654,114578.8898358106,119474.139461482,0.040973298889084,0.02051150007173419,0.10191130009479821,0.021686399821192026,120,12
121,12.359312199987471,114700.53262860377,119474.139461482,0.03995514723432864,0.053107500076293945,0.08899149997159839,0.021343099884688854,121,12
122,12.572191799990833,114715.89689108708,119474.139461482,0.0398265481705266,0.05900610005483031,0.12867959984578192,0.02152879978530109,122,12
123,12.759127999888733,114715.89689108708,119474.139461482,0.0398265481705266,0.05275189992971718,0.11056499998085201,0.020261300029233098,123,12
124,12.926551699871197,114749.5049514761,119474.139461482,0.03954524829642402,0.05529769998975098,0.08660149993374944,0.022119899978861213,124,12
125,13.107031499966979,114749.5049514761,119474.139461482,0.03954524829642402,0.04756089998409152,0.10794800007715821,0.021391900023445487,125,12
126,13.254343400010839,114961.56990836954,119474.139461482,0.03777026202869032,0.05397900007665157,0.06714960001409054,0.022408299846574664,126,13
127,13.401604699902236,114961.56990836954,119474.139461482,0.03777026202869032,0.020021599950268865,0.10213880008086562,0.021605300018563867,127,13
128,13.53766949987039,114961.56990836954,119474.139461482,0.03777026202869032,0.020085500087589025,0.090157900005579,0.022183499997481704,128,13
129,13.712103500030935,114961.56990836954,119474.139461482,0.03777026202869032,0.03732319991104305,0.11282570008188486,0.020881799748167396,129,13
130,13.865359499817714,114961.56990836954,119437.6881239627,0.0374765979306922,0.04220349993556738,0.08751779980957508,0.019775999942794442,130,13
131,14.034724100027233,114961.56990836954,119437.6881239627,0.0374765979306922,0.05169769981876016,0.0937266000546515,0.020498600089922547,131,13
132,14.232439999934286,114961.56990836954,119191.09230215708,0.035485222193160464,0.05745629989542067,0.11608710000291467,0.020706300158053637,132,13
133,14.39278609980829,114961.56990836954,119087.5143431019,0.03464632255943423,0.051311800023540854,0.08511759992688894,0.020386400166898966,133,13
134,14.578098999802023,114961.56990836954,118681.08975830351,0.03134045918780198,0.04917689994908869,0.10982930008322,0.02216039993800223,134,13
135,14.782346999971196,114961.56990836954,118681.08975830351,0.03134045918780198,0.062444600043818355,0.11685379990376532,0.021047400310635567,135,13
136,14.95905419997871,114961.56990836954,118681.08975830351,0.03134045918780198,0.046699700178578496,0.1050744999665767,0.021344499895349145,136,14
137,15.138336399802938,114961.56990836954,118681.08975830351,0.03134045918780198,0.0482684001326561,0.10777969984337687,0.019876200007274747,137,14
138,15.318412899971008,114961.56990836954,118681.08975830351,0.03134045918780198,0.04905050015076995,0.10570339998230338,0.01943300012499094,138,14
139,15.510038299951702,114961.56990836954,118681.08975830351,0.03134045918780198,0.0579452000092715,0.1110886000096798,0.018917500041425228,139,14
140,15.668269400019199,114961.56990836954,118681.08975830351,0.03134045918780198,0.0447178001049906,0.08668339997529984,0.022986399941146374,140,14
141,15.850661400007084,115041.05216715518,118681.08975830351,0.030670746271047388,0.06426350004039705,0.09209950012154877,0.022085600066930056,141,14
142,16.030918499920517,115041.05216715518,118681.08975830351,0.030670746271047388,0.05398759990930557,0.10072209988720715,0.021923200227320194,142,14
143,16.212568399962038,115045.6244911188,118681.08975830351,0.030632220133708025,0.0543610998429358,0.10312410001643002,0.02066059992648661,143,13
144,16.388565599918365,115063.40064903274,118681.08975830351,0.030482439254966947,0.05740739987231791,0.09496039990335703,0.020040599862113595,144,13
145,16.59646559995599,115063.40064903274,118681.08975830351,0.030482439254966947,0.05696179997175932,0.12311060004867613,0.021550599951297045,145,13
146,16.824819299858063,115063.40064903274,118681.08975830351,0.030482439254966947,0.0668204000685364,0.13562229997478426,0.02240039990283549,146,12
147,17.01152849989012,115065.25717313185,118681.08975830351,0.030466796290254693,0.06013919995166361,0.10275249998085201,0.020386700052767992,147,12
148,17.23967229994014,115153.51049802522,118681.08975830351,0.029723178877631453,0.0596386999823153,0.14112509996630251,0.02327510016039014,148,12
149,17.4288990998175,115153.6168484541,118681.08975830351,0.029722282775067072,0.05555140017531812,0.10941220005042851,0.02064780006185174,149,12
150,17.6194088999182,115321.19963642466,118681.08975830351,0.028310239893493884,0.06337620015256107,0.10206609987653792,0.021519700065255165,150,13
151,17.81302349991165,115364.36328320025,118681.08975830351,0.027946545501544056,0.05902399984188378,0.11006969981826842,0.020973700331524014,151,13
152,17.977621200028807,115364.36328320025,118681.08975830351,0.027946545501544056,0.04366610012948513,0.09537799982354045,0.020760399755090475,152,13
153,18.170189099851996,115444.72799606601,118681.08975830351,0.027269397077735128,0.06199169997125864,0.1065766999963671,0.02055949973873794,153,13
154,18.317829799838364,115444.72799606601,118681.08975830351,0.027269397077735128,0.024625100195407867,0.0977390999905765,0.021649600006639957,154,13
155,18.517175199929625,115444.72799606601,118681.08975830351,0.027269397077735128,0.02497110003605485,0.149938500020653,0.020669999765232205,155,13
156,18.66985969990492,115444.72799606601,118681.08975830351,0.027269397077735128,0.027981200022622943,0.10022610006853938,0.020826000021770597,156,13
157,18.823680899804458,115444.72799606601,118681.08975830351,0.027269397077735128,0.027614600025117397,0.10077450005337596,0.021262100199237466,157,13
158,18.979839199921116,115444.72799606601,118681.08975830351,0.027269397077735128,0.024495000019669533,0.10683539998717606,0.02143600000999868,158,13
159,19.12936139991507,115444.72799606601,118681.08975830351,0.027269397077735128,0.02573260013014078,0.09863239992409945,0.021638500038534403,159,13
160,19.285273500019684,115444.72799606601,118681.08975830351,0.027269397077735128,0.026869399938732386,0.10200940002687275,0.021818900015205145,160,13
161,19.413178199902177,115444.72799606601,118681.08975830351,0.027269397077735128,0.028932899935171008,0.07487229979597032,0.020525299943983555,161,13
162,19.556874899892136,115444.72799606601,118681.08975830351,0.027269397077735128,0.026428199838846922,0.0935774000827223,0.020273500122129917,162,13
163,19.698391299927607,115444.72799606601,118681.08975830351,0.027269397077735128,0.02638590009883046,0.0913056000135839,0.02051310008391738,163,13
164,19.865178199950606,115444.72799606601,118681.08975830351,0.027269397077735128,0.02873879997059703,0.11184600018896163,0.022325800033286214,164,13
165,20.057245299918577,115444.72799606601,118586.85034812469,0.026496380862082388,0.031122199958190322,0.1369554998818785,0.02048589987680316,165,13
166,20.21431229985319,115444.72799606601,118586.85034812469,0.026496380862082388,0.02774160006083548,0.10489249997772276,0.020946299890056252,166,13
167,20.364642299944535,115444.72799606601,118586.85034812469,0.026496380862082388,0.02791800000704825,0.09905109996907413,0.01999620022252202,167,13
168,20.516003399854526,115444.72799606601,118586.85034812469,0.026496380862082388,0.05211160006001592,0.07509350008331239,0.020744399866089225,168,13
169,20.71541679999791,115691.57200367928,118432.6463934016,0.02314458448067784,0.06121450010687113,0.1114311998244375,0.021873499965295196,169,13
170,20.910324399825186,115691.57200367928,118163.52812887557,0.020919789416749966,0.029558199923485518,0.13941800012253225,0.021968499990180135,170,13
171,21.062591299880296,115691.57200367928,118163.52812887557,0.020919789416749966,0.032722000032663345,0.09372320002876222,0.021907699992880225,171,13
172,21.251422599889338,115691.57200367928,118163.52812887557,0.020919789416749966,0.05766770010814071,0.1071442998945713,0.02047590003348887,172,13
173,21.444626400014386,115691.57200367928,118163.52812887557,0.020919789416749966,0.06398450001142919,0.10443629999645054,0.021055799908936024,173,13
174,21.619016599841416,115691.57200367928,118163.52812887557,0.020919789416749966,0.06879799999296665,0.08171960012987256,0.02040149993263185,174,13
175,21.818925899919122,115691.57200367928,118026.89038008315,0.019786324700103688,0.05848459992557764,0.11703770002350211,0.020908499835059047,175,13
176,21.994839299935848,115691.57200367928,118026.89038008315,0.019786324700103688,0.06353379995562136,0.088277000002563,0.020324999932199717,176,13
177,22.194240499986336,115691.57200367928,118026.89038008315,0.019786324700103688,0.07055830000899732,0.10263979993760586,0.020447000162675977,177,13
178,22.42373209982179,115691.57200367928,118026.89038008315,0.019786324700103688,0.0772637000773102,0.12651759991422296,0.021296299761161208,178,13
179,22.635772299952805,115691.57200367928,117872.39983872263,0.01850159866115599,0.06165539985522628,0.12622159998863935,0.02040739986114204,179,13
180,22.86743829981424,115691.57200367928,117872.39983872263,0.01850159866115599,0.07228580000810325,0.13488629995845258,0.020845800172537565,180,13
181,23.035958499880508,115691.57200367928,117768.25098196261,0.01763360634948549,0.0677485999185592,0.07773669995367527,0.01961749978363514,181,13
182,23.251451599877328,115691.57200367928,117768.25098196261,0.01763360634948549,0.06860879994928837,0.12347900005988777,0.019656400196254253,182,13
183,23.447193899890408,115691.57200367928,117768.25098196261,0.01763360634948549,0.07430030009709299,0.09762590005993843,0.020105899777263403,183,13
184,23.644138199975714,115691.57200367928,117768.25098196261,0.01763360634948549,0.07419269997626543,0.0972660998813808,0.021264299983158708,184,13
185,23.865884999977425,115691.57200367928,117768.25098196261,0.01763360634948549,0.07611840008758008,0.12191430013626814,0.020054900087416172,185,13
186,24.06696999981068,115691.57200367928,117768.25098196261,0.01763360634948549,0.07514249999076128,0.10215580021031201,0.02004719991236925,186,13
187,24.258426999906078,115691.57200367928,117768.25098196261,0.01763360634948549,0.07884809980168939,0.0896942000836134,0.019086600048467517,187,13
188,24.45234279986471,115691.57200367928,117768.25098196261,0.01763360634948549,0.07199009996838868,0.09800700005143881,0.020234900061041117,188,13
189,24.647048499900848,115691.57200367928,117768.25098196261,0.01763360634948549,0.07434189994819462,0.0966354999691248,0.020006499718874693,189,13
190,24.850670999847353,115691.57200367928,117768.25098196261,0.01763360634948549,0.08726789988577366,0.09327630000188947,0.019402100006118417,190,13
191,25.059462199918926,115691.57200367928,117768.25098196261,0.01763360634948549,0.07932969997636974,0.10613780003041029,0.019735899986699224,191,13
192,25.244832399999723,115691.57200367928,117768.25098196261,0.01763360634948549,0.06777699990198016,0.09331269981339574,0.02052909997291863,192,13
193,25.45296619995497,115691.57200367928,117768.25098196261,0.01763360634948549,0.07729919999837875,0.10739939985796809,0.02005350007675588,193,13
194,25.65944099985063,115691.57200367928,117768.25098196261,0.01763360634948549,0.08074830006808043,0.10182580002583563,0.02018290013074875,194,13
195,25.88112079980783,115691.57200367928,117768.25098196261,0.01763360634948549,0.07706780009903014,0.12149109994061291,0.01942700007930398,195,13
196,26.06177209992893,115691.57200367928,117768.25098196261,0.01763360634948549,0.07364429999142885,0.08470470015890896,0.018788999877870083,196,13
197,26.249196199933067,115691.57200367928,117768.25098196261,0.01763360634948549,0.06456479988992214,0.09779040003195405,0.0208105999045074,197,13
198,26.49216609983705,115691.57200367928,117768.25098196261,0.01763360634948549,0.0851382000837475,0.13448329991661012,0.019707399886101484,198,13
199,26.69967919983901,115691.57200367928,117687.56170862929,0.01696007357083056,0.08162739989347756,0.10151170007884502,0.020220099948346615,199,13
200,26.892944699851796,115691.57200367928,117687.56170862929,0.01696007357083056,0.07450970006175339,0.09301130007952452,0.020383700029924512,200,13
201,27.082805699901655,115691.57200367928,117652.27316666467,0.01666522125082863,0.07890999992378056,0.08667800016701221,0.020685400115326047,201,13
202,27.324504300020635,115691.57200367928,117652.27316666467,0.01666522125082863,0.08167450013570487,0.13456299994140863,0.02132869977504015,202,13
203,27.567224900005385,115691.57200367928,117652.27316666467,0.01666522125082863,0.08291159989312291,0.13522509997710586,0.020819100085645914,203,13
204,27.774769899901003,115691.57200367928,117652.27316666467,0.01666522125082863,0.08358550001867115,0.09954129997640848,0.020599500043317676,204,13
205,27.998848599847406,115691.57200367928,117652.27316666467,0.01666522125082863,0.08422600012272596,0.11579840001650155,0.020346500212326646,205,13
206,28.209669899893925,115691.57200367928,117652.27316666467,0.01666522125082863,0.0786167997866869,0.1076807000208646,0.020775499986484647,206,13
207,28.429609999991953,115691.57200367928,117652.27316666467,0.01666522125082863,0.08011710015125573,0.11230050004087389,0.021764200180768967,207,13
208,28.639205199899152,115691.57200367928,117647.45267622938,0.01662493006060037,0.0825499000493437,0.10334539995528758,0.019884799839928746,208,13
209,28.857566399965435,115930.44982195651,117647.45267622938,0.014594475402694276,0.11176429991610348,0.08098059985786676,0.021478299982845783,209,12
210,29.105316799832508,115930.44982195651,117647.45267622938,0.014594475402694276,0.08868629997596145,0.13560739997774363,0.019695400027558208,210,12
211,29.289540899917483,115930.44982195651,117647.45267622938,0.014594475402694276,0.08283299999311566,0.07797130011022091,0.019839900080114603,211,12
212,29.47010809998028,115930.44982195651,117647.45267622938,0.014594475402694276,0.07813709997572005,0.07766760000959039,0.02084019989706576,212,12
213,29.68673499999568,115930.44982195651,117647.45267622938,0.014594475402694276,0.08619749988429248,0.1059504000004381,0.020815999945625663,213,12
214,29.907011499861255,115948.0094437937,117647.45267622938,0.014445219116750679,0.11592800007201731,0.08029670012183487,0.02048930013552308,214,12
215,30.21250249980949,115948.0094437937,117647.45267622938,0.014445219116750679,0.10981990001164377,0.1715408000163734,0.020203900057822466,215,12
216,30.431359299924225,115948.0094437937,117647.45267622938,0.014445219116750679,0.12038209987804294,0.07427019998431206,0.02056490001268685,216,12
217,30.706314999843016,115948.0094437937,117647.45267622938,0.014445219116750679,0.11954250000417233,0.13177060009911656,0.02020619995892048,217,12
218,30.93312479997985,115948.0094437937,117647.45267622938,0.014445219116750679,0.11318859993480146,0.08920979988761246,0.02088129986077547,218,13
219,31.168523699976504,115948.0094437937,117620.76256515607,0.014221580313558595,0.12454309989698231,0.08664190000854433,0.02029159991070628,219,13
220,31.4226135998033,115948.0094437937,117521.20092090292,0.013386448273006127,0.12340679997578263,0.10725790006108582,0.01971419993788004,220,13
221,31.67357959994115,115948.0094437937,117521.20092090292,0.013386448273006127,0.12078989995643497,0.10457610012963414,0.019647400127723813,221,13
222,31.913451599888504,115948.0094437937,117521.20092090292,0.013386448273006127,0.12218010006472468,0.09559709997847676,0.018696699757128954,222,13
223,32.16070030000992,115952.38242764957,117495.95102789308,0.013137206744061106,0.12694480014033616,0.09709280007518828,0.019406499806791544,223,13
224,32.42055329983123,115952.38242764957,117495.95102789308,0.013137206744061106,0.12488060002215207,0.10960840014740825,0.02124050003476441,224,13
225,32.714233099948615,115955.73751325169,117495.95102789308,0.013108651840060022,0.12047159997746348,0.14948870008811355,0.019682100042700768,225,13
226,32.96868379996158,115955.73751325169,117495.95102789308,0.013108651840060022,0.1366177999880165,0.0933991998899728,0.020740999840199947,226,13
227,33.23905520001426,115961.47752891098,117495.95102789308,0.013059798959521786,0.12572000012733042,0.11893579992465675,0.02054840000346303,227,13
228,33.503200999926776,115961.47752891098,117495.95102789308,0.013059798959521786,0.12834990001283586,0.1121590998955071,0.019849899923428893,228,13
229,33.76301719993353,115961.47752891098,117495.95102789308,0.013059798959521786,0.12661599996499717,0.10942630004137754,0.02002990012988448,229,13
230,34.005671199876815,115961.47752891098,117495.95102789308,0.013059798959521786,0.11927870009094477,0.09977800003252923,0.01991409994661808,230,13
231,34.26639040000737,115963.85654634544,117495.95102789308,0.013039551304911998,0.11695789988152683,0.11813189997337759,0.02138839988037944,231,13
232,34.544012399856,115987.43158691449,117495.95102789308,0.012838905747658268,0.13807850005105138,0.1153976998757571,0.02037550020031631,232,13
233,34.80143380002119,115997.01569843986,117495.95102789308,0.012757336030220973,0.12139260000549257,0.11195059982128441,0.020558600081130862,233,13
234,35.046840199967846,115997.01569843986,117495.95102789308,0.012757336030220973,0.11963080009445548,0.10163359995931387,0.020238999743014574,234,13
235,35.329594099894166,115998.56648838408,117495.95102789308,0.01274413736311245,0.13238510000519454,0.1252134998794645,0.021190400002524257,235,13
236,35.564898799872026,115998.56648838408,117495.95102789308,0.01274413736311245,0.11964969988912344,0.09096170007251203,0.02091330010443926,236,13
237,35.796451499918476,115998.56648838408,117495.95102789308,0.01274413736311245,0.12649989989586174,0.08116899989545345,0.020232199924066663,237,13
238,36.02965679997578,115998.56648838408,117495.95102789308,0.01274413736311245,0.12291250005364418,0.08754960005171597,0.019355399766936898,238,13
239,36.27924669999629,115998.56648838408,117495.95102789308,0.01274413736311245,0.13844709983095527,0.08794299978762865,0.019623400177806616,239,13
240,36.5223453999497,116007.19116830568,117495.95102789308,0.0126707333024095,0.12572010001167655,0.09164710016921163,0.0204286000225693,240,13
241,36.786119299940765,116007.19116830568,117484.4189811557,0.012573818942637519,0.13172269985079765,0.10515259997919202,0.022264100145548582,241,13
242,37.02324220002629,116011.33912440026,117484.4189811557,0.012538512506851859,0.1250792001374066,0.08788149990141392,0.020512500079348683,242,13
243,37.27488799998537,116011.33912440026,117484.4189811557,0.012538512506851859,0.12605650001205504,0.10144459991715848,0.020521099912002683,243,13
244,37.524450100027025,116011.33912440026,117484.4189811557,0.012538512506851859,0.1235632998868823,0.10217329999431968,0.020235400181263685,244,13
245,37.81322559993714,116012.28608845494,117484.4189811557,0.01253045216946499,0.1347751000430435,0.1304152999073267,0.020021199947223067,245,13
246,38.06776889995672,116013.25464976067,117484.4189811557,0.012522208001309567,0.14330699993297458,0.08755569998174906,0.020106200128793716,246,13
247,38.305320099927485,116013.25464976067,117484.4189811557,0.012522208001309567,0.12055450002662838,0.08961779996752739,0.021110099740326405,247,13
248,38.53911249991506,116013.25464976067,117484.4189811557,0.012522208001309567,0.11576720001176,0.09412050014361739,0.020178199978545308,248,13
249,38.80574329989031,116147.01313159143,117484.4189811557,0.01138368697025931,0.12245850008912385,0.119876200100407,0.020192299969494343,249,13
250,39.04926109989174,116150.72915254427,117484.4189811557,0.01135205706575739,0.1239960000384599,0.09494550013914704,0.021001000190153718,250,13
251,39.281446299981326,116150.72915254427,117484.4189811557,0.01135205706575739,0.1027349999640137,0.10485600004903972,0.02078140014782548,251,13
252,39.52890529995784,116157.61089480124,117484.4189811557,0.011293481279141176,0.12384960008785129,0.09874820010736585,0.02106069982983172,252,13
253,39.76342620002106,116157.61089480124,117484.4189811557,0.011293481279141176,0.11929039983078837,0.08970910008065403,0.021626500179991126,253,13
254,40.00523619982414,116157.61089480124,117484.4189811557,0.011293481279141176,0.10171870002523065,0.1138635000679642,0.02035419992171228,254,13
255,40.29378379997797,116157.61089480124,117484.4189811557,0.011293481279141176,0.1163113999646157,0.14832370006479323,0.02031010016798973,255,13
256,40.55589869990945,116157.96602311329,117484.4189811557,0.011290458509695435,0.1340821001213044,0.10291210003197193,0.021213200176134706,256,13
257,40.829096799949184,116157.96602311329,117484.4189811557,0.011290458509695435,0.12712920014746487,0.12032729992642999,0.021458699833601713,257,13
258,41.07443579984829,116157.96602311335,117484.4189811557,0.011290458509694939,0.12410890008322895,0.09713570005260408,0.02046829997561872,258,13
259,41.33833820000291,116157.96602311335,117484.4189811557,0.011290458509694939,0.12537750019691885,0.1146754000801593,0.02022700011730194,259,13
260,41.60795179987326,116157.96602311335,117484.4189811557,0.011290458509694939,0.12560220016166568,0.12011360004544258,0.020358300069347024,260,13
261,41.8610369998496,116157.96602311335,117456.23152302313,0.011053185370205817,0.1262001998256892,0.10286800004541874,0.020212499890476465,261,13
262,42.09462390001863,116157.96602311335,117415.26510854272,0.010708139902142061,0.11884230002760887,0.09130860003642738,0.019984900020062923,262,13
263,42.3648327998817,116157.96602311335,117415.26510854272,0.010708139902142061,0.14306800020858645,0.10357329994440079,0.01987000019289553,263,13
264,42.6265551999677,116157.96602311335,117415.26510854272,0.010708139902142061,0.13670530007220805,0.10084339999593794,0.020566599909216166,264,13
265,42.930109799839556,116157.96602311335,117415.26510854272,0.010708139902142061,0.1387473999056965,0.141012400155887,0.020220400067046285,265,13
266,43.18025039997883,116157.96602311335,117415.26510854272,0.010708139902142061,0.13756359997205436,0.08816030016168952,0.020797800039872527,266,13
267,43.43742759991437,116157.96602311335,117415.26510854272,0.010708139902142061,0.12639949982985854,0.10516380006447434,0.020501799881458282,267,13
268,43.68117499980144,116157.96602311335,117383.02202567554,0.010436398564472434,0.13481319998390973,0.0857750999275595,0.019519800087437034,268,13
269,43.94290589983575,116158.51615094491,117357.43718738627,0.010215978340827478,0.14410339994356036,0.09512319997884333,0.018868399783968925,269,13
270,44.20130579988472,116158.51615094491,117357.43718738627,0.010215978340827478,0.1384918000549078,0.09654399985447526,0.019705000100657344,270,13
271,44.46738009992987,116158.51615094491,117357.43718738627,0.010215978340827478,0.13918510009534657,0.10318730003200471,0.019877699902281165,271,13
272,44.72826509992592,116158.51615094491,117357.43718738627,0.010215978340827478,0.13401719997636974,0.10273939999751747,0.020248800050467253,272,13
273,45.003757199971005,116158.51615094491,117357.43718738627,0.010215978340827478,0.1372990000527352,0.11431419989094138,0.0201836999040097,273,13
274,45.24802469997667,116158.51615094491,117357.43718738627,0.010215978340827478,0.1321366000920534,0.0867320999968797,0.02071149996481836,274,14
275,45.52401459985413,116226.13701278799,117357.43718738627,0.009639782545625239,0.13759189983829856,0.11410949984565377,0.020810300018638372,275,14
276,45.7777441998478,116236.83660502662,117357.43718738627,0.009548611568352256,0.13978959992527962,0.09045649995096028,0.020008600084111094,276,14
277,46.02264290000312,116246.71992277865,117357.43718738627,0.009464396047044923,0.1350796001497656,0.08584979991428554,0.02055859984830022,277,14
278,46.27516769990325,116269.21308387462,117357.43718738627,0.009272732343107179,0.1371506000868976,0.09105650009587407,0.02039630012586713,278,14
279,46.53546639997512,116269.21308387462,117357.43718738627,0.009272732343107179,0.14496179996058345,0.09206739999353886,0.019677500007674098,279,14
280,46.785098999971524,116269.21308387462,117357.43718738627,0.009272732343107179,0.13928180001676083,0.0864816999528557,0.020145599963143468,280,13
281,47.0815289998427,116269.21308387462,117357.43718738627,0.009272732343107179,0.13513420009985566,0.13455710001289845,0.021081600105389953,281,13
282,47.38160869991407,116269.21308387462,117357.43718738627,0.009272732343107179,0.14918210008181632,0.12677059997804463,0.0203235000371933,282,13
283,47.67636019992642,116269.21308387462,117357.43718738627,0.009272732343107179,0.1478709999937564,0.1234552999958396,0.019843599759042263,283,13
284,47.92844799999148,116269.21308387462,117357.43718738627,0.009272732343107179,0.13904989999718964,0.08938529994338751,0.020212800009176135,284,13
285,48.2547188999597,116269.21308387462,117357.43718738627,0.009272732343107179,0.13764650002121925,0.1652126000262797,0.019759800052270293,285,13
286,48.539320999989286,116269.21308387462,117357.43718738627,0.009272732343107179,0.1715355000924319,0.08719360013492405,0.02121519995853305,286,8
287,48.78064180002548,116269.21308387462,117357.43718738627,0.009272732343107179,0.1359896999783814,0.08177759987302125,0.020111100049689412,287,8
288,49.060217999853194,116269.21308387462,117357.43718738627,0.009272732343107179,0.13477629981935024,0.1190637000836432,0.02183549990877509,288,13
289,49.331304099876434,116288.93302989546,117357.43718738627,0.009104699140496008,0.14742120006121695,0.09901659982278943,0.02079669968225062,289,13
290,49.60869779996574,116288.93302989546,117357.43718738627,0.009104699140496008,0.15009400015696883,0.10275900014676154,0.02083920012228191,290,13
291,49.85886559984647,116288.93302989546,117357.43718738627,0.009104699140496008,0.12097449996508658,0.10493690008297563,0.020547700114548206,291,13
292,50.11474550003186,116288.93302989546,117357.43718738627,0.009104699140496008,0.12029120000079274,0.110189100028947,0.02158239996060729,292,13
293,50.38778979983181,116323.12436816319,117357.43718738627,0.008813355540233703,0.14129079994745553,0.10594449983909726,0.02062700013630092,293,13
294,50.64185549993999,116324.81224608718,117357.43718738627,0.008798973171596109,0.13169170008040965,0.09818139998242259,0.020307600032538176,294,13
295,50.95539259980433,116324.81224608718,117357.43718738627,0.008798973171596109,0.16066529997624457,0.12786750006489456,0.021392600145190954,295,13
296,51.21832389989868,116324.81224608718,117357.43718738627,0.008798973171596109,0.12492010020650923,0.11324540013447404,0.021051399875432253,296,13
297,51.46850309986621,116324.81224608718,117357.43718738627,0.008798973171596109,0.1393099999986589,0.08584989979863167,0.021215799963101745,297,13
298,51.734318799804896,116324.81224608718,117357.43718738627,0.008798973171596109,0.16645030002109706,0.0739340998698026,0.021680300356820226,298,12
299,52.048187899868935,116325.6751290887,117357.43718738627,0.008791620565555944,0.2137067001312971,0.07628030003979802,0.02042099996469915,299,12
300,52.421305699972436,116327.35564387483,117357.43718738627,0.008777300938045272,0.23478400008752942,0.11511719995178282,0.019565900089219213,300,12
301,52.71034189988859,116327.35564387483,117301.15227336378,0.008301679997307868,0.16528349998407066,0.09781120019033551,0.022151599870994687,301,13
302,53.04512090003118,116327.35564387483,117224.41335551874,0.007652481987035484,0.17184489988721907,0.13731259992346168,0.021289900178089738,302,13
303,53.342366099823266,116327.35564387483,117224.41335551874,0.007652481987035484,0.1705831999424845,0.10144070000387728,0.021300800144672394,303,13
304,53.63599849981256,116331.73264981921,117224.41335551874,0.007615143297771985,0.17365809995681047,0.09563770005479455,0.02084410027600825,304,13
305,53.955306799849495,116331.73264981921,117224.41335551874,0.007615143297771985,0.1756421998143196,0.11968509992584586,0.020459899911656976,305,13
306,54.24524799990468,116383.57144648227,117224.41335551874,0.007172924862386538,0.15007690014317632,0.11309779994189739,0.022172299912199378,306,13
307,54.521633999887854,116383.57144648227,117224.41335551874,0.007172924862386538,0.16546829999424517,0.08655550004914403,0.020739599829539657,307,13
308,54.83597989985719,116383.57144648227,117224.41335551874,0.007172924862386538,0.19532599998638034,0.09461589995771646,0.020819899858906865,308,13
309,55.13260739995167,116383.57144648227,117224.41335551874,0.007172924862386538,0.14749230002053082,0.12511230004020035,0.02028180006891489,309,13
310,55.39468299993314,116383.57144648227,117224.41335551874,0.007172924862386538,0.1542470999993384,0.08401109999977052,0.020186700159683824,310,13
311,55.682090800022706,116383.57144648227,117224.41335551874,0.007172924862386538,0.17236170009709895,0.09098730003461242,0.02041429979726672,311,13
312,55.99495849991217,116405.00931917598,117224.41335551874,0.00699004595448621,0.17219660012051463,0.11618179990909994,0.020972799975425005,312,13
313,56.31277409987524,116417.23130951732,117224.41335551874,0.006885784478642707,0.1844642001669854,0.10905410000123084,0.020786300068721175,313,13
314,56.56771630002186,116417.23130951732,117224.41335551874,0.006885784478642707,0.1433600999880582,0.08728540013544261,0.02078789984807372,314,13
315,56.90226499992423,116417.23130951732,117224.41335551874,0.006885784478642707,0.16230889991857111,0.1484897001646459,0.020056699868291616,315,13
316,57.17384529998526,116417.23130951732,117224.41335551874,0.006885784478642707,0.15808069985359907,0.08919809991493821,0.020487200235947967,316,13
317,57.46027489984408,116417.23130951732,117224.41335551874,0.006885784478642707,0.14030499989166856,0.12213370017707348,0.02017950010485947,317,13
318,57.76996780000627,116417.23130951732,117224.41335551874,0.006885784478642707,0.16047130012884736,0.12092070002108812,0.020566699793562293,318,13
319,58.04422189993784,116417.23130951732,117224.41335551874,0.006885784478642707,0.1488115000538528,0.10063819983042777,0.021052799886092544,319,13
320,58.33811559993774,116431.27109904766,117224.41335551874,0.006766016000998321,0.18760229996405542,0.08197539998218417,0.020663399947807193,320,13
321,58.625134099973366,116446.3972100666,117224.41335551874,0.006636980499041382,0.1419353000819683,0.12023689993657172,0.021126900101080537,321,13
322,58.91012839996256,116446.3972100666,117224.41335551874,0.006636980499041382,0.15030530001968145,0.110609499970451,0.020391100086271763,322,13
323,59.22577329981141,116446.3972100666,117224.41335551874,0.006636980499041382,0.1560408000368625,0.1343992999754846,0.02140299999155104,323,13
324,59.52542879991233,116522.41591941038,117224.41335551874,0.005988491782674464,0.1617705998942256,0.10873019997961819,0.022749399999156594,324,13
325,59.781217199983075,116522.41591941038,117224.41335551874,0.005988491782674464,0.1153078000061214,0.11595589993521571,0.02095600008033216,325,13
326,60.091057899873704,116528.09741992246,117224.41335551874,0.005940024911743385,0.145136300008744,0.14019760000519454,0.020768200047314167,326,13
327,60.33667439990677,116528.09741992246,117224.41335551874,0.005940024911743385,0.13388240011408925,0.08776070014573634,0.02050239988602698,327,13
328,60.589639300014824,116528.09741992246,117224.41335551874,0.005940024911743385,0.1319550999905914,0.09663830022327602,0.020345600321888924,328,13
329,60.83849999983795,116528.09741992246,117198.81460357706,0.005722900747104765,0.13488310016691685,0.09030269994400442,0.020032899919897318,329,13
330,61.13668749993667,116534.88338587005,117198.81460357706,0.0056649994281319765,0.16886169998906553,0.10467299981974065,0.0209113999735564,330,13
331,61.39559390000068,116534.88338587005,117198.81460357706,0.0056649994281319765,0.13712850003503263,0.09724909998476505,0.020503199892118573,331,13
332,61.70687130000442,116534.88338587005,117198.81460357706,0.0056649994281319765,0.17591980006545782,0.11095580016262829,0.02054949989542365,332,13
333,62.01277249981649,116534.88338587005,117198.81460357706,0.0056649994281319765,0.16620029998011887,0.11546969995833933,0.020494199823588133,333,13
334,62.30233739991672,116534.88338587005,117198.81460357706,0.0056649994281319765,0.14374610013328493,0.12137280008755624,0.020837399875745177,334,13
335,62.62015579990111,116534.88338587005,117198.81460357706,0.0056649994281319765,0.18049929989501834,0.11348210019059479,0.020401200046762824,335,13
336,62.927613499807194,116544.45335417967,117198.81460357706,0.005583343582533303,0.1899738998617977,0.0933950999751687,0.020322300028055906,336,13
337,63.25518859992735,116544.45335417967,117198.81460357706,0.005583343582533303,0.16810470004566014,0.13495269999839365,0.020469600101932883,337,13
338,63.53770909993909,116544.45335417967,117196.9034111152,0.005567127099312505,0.15398889989592135,0.10324249998666346,0.02140190009959042,338,13
339,63.86636470002122,116544.45335417967,117196.9034111152,0.005567127099312505,0.17248370009474456,0.13201660010963678,0.020011900225654244,339,13
340,64.20168389985338,116544.45335417967,117196.9034111152,0.005567127099312505,0.18795649986714125,0.12355459993705153,0.01983910007402301,340,13
341,64.53138810000382,116544.45335417967,117196.9034111152,0.005567127099312505,0.18281930009834468,0.12211580015718937,0.01990079996176064,341,13
342,64.87135379994288,116544.45335417967,117172.64205748597,0.005361223339131508,0.16580770001746714,0.14974289992824197,0.020519499899819493,342,13
343,65.17365899984725,116544.45335417967,117172.64205748597,0.005361223339131508,0.16682510008104146,0.11090129986405373,0.02091229986399412,343,13
344,65.47913919994608,116544.45335417967,117172.64205748597,0.005361223339131508,0.16507490002550185,0.11514790006913245,0.021308399736881256,344,13
345,65.85876749991439,116544.45335417967,117172.64205748597,0.005361223339131508,0.1792939999140799,0.17541610007174313,0.020732499891892076,345,13
346,66.18776679993607,116544.45335417967,117172.64205748597,0.005361223339131508,0.15975929982960224,0.14119679993018508,0.02169260010123253,346,13
347,66.48811809998006,116544.45335417967,117172.64205748597,0.005361223339131508,0.16766819986514747,0.10834309994243085,0.020400800043717027,347,13
348,66.78238079999574,116544.45335417967,117172.64205748597,0.005361223339131508,0.1738803000189364,0.09650780004449189,0.020279600052163005,348,13
349,67.11148419999518,116544.45335417967,117172.64205748597,0.005361223339131508,0.16424009995535016,0.14031799999065697,0.02072200016118586,349,13
350,67.44333469984122,116544.45335417967,117172.64205748597,0.005361223339131508,0.16269279993139207,0.1426701000891626,0.022250300040468574,350,13
351,67.74010930000804,116544.45335417967,117172.64205748597,0.005361223339131508,0.16271089995279908,0.11026899982243776,0.02009200002066791,351,13
352,68.07104499987327,116544.45335417967,117162.09818887083,0.0052717119635011245,0.18039159988984466,0.12585080019198358,0.02071419986896217,352,13
353,68.37150419992395,116544.45335417967,117162.09818887083,0.0052717119635011245,0.18141169985756278,0.09534960007295012,0.020188800059258938,353,13
354,68.66015329980291,116544.45335417967,117126.409113369,0.004968612660412374,0.169428399996832,0.09467620006762445,0.02078750031068921,354,13
355,69.00195800000802,116544.45335417967,117126.409113369,0.004968612660412374,0.18282049987465143,0.1351890000514686,0.020168800139799714,355,13
356,69.29999039997347,116544.45335417967,117126.409113369,0.004968612660412374,0.1622663999442011,0.11011180002242327,0.020130400080233812,356,13
357,69.61845379997976,116544.45335417967,117126.409113369,0.004968612660412374,0.1797356999013573,0.114365000044927,0.02055539982393384,357,13
358,69.9682936000172,116544.45335417967,117126.409113369,0.004968612660412374,0.17809529998339713,0.14623449998907745,0.021218599984422326,358,13
359,70.2542854999192,116544.45335417967,117126.409113369,0.004968612660412374,0.15894839982502162,0.10134619986638427,0.021690900204703212,359,13
360,70.57054629991762,116544.45335417967,117126.409113369,0.004968612660412374,0.16319390013813972,0.1287185000255704,0.020659300033003092,360,13
361,70.88094359985553,116544.45335417967,117126.409113369,0.004968612660412374,0.16307169990614057,0.12155260005965829,0.020496099954470992,361,13
362,71.2094365998637,116544.45335417967,117126.409113369,0.004968612660412374,0.18496289988979697,0.11901450017467141,0.020900699775666,362,13
363,71.4992612998467,116544.45335417967,117126.409113369,0.004968612660412374,0.15428459993563592,0.11162169999442995,0.020207499852404,363,13
364,71.79039509990253,116544.45335417967,117126.409113369,0.004968612660412374,0.16877020010724664,0.09737890004180372,0.021284200018271804,364,13
365,72.13699239981361,116544.45335417967,117126.409113369,0.004968612660412374,0.20071749994531274,0.12222580006346107,0.020259899785742164,365,13
366,72.45991239999421,116544.45335417967,117126.409113369,0.004968612660412374,0.17790380003862083,0.11850109999068081,0.020409799879416823,366,13
367,72.79926140001044,116544.45335417967,117126.409113369,0.004968612660412374,0.18433349998667836,0.13077060016803443,0.02008200017735362,367,13
368,73.08910009986721,116544.45335417967,117126.409113369,0.004968612660412374,0.17445950000546873,0.09150690003298223,0.020103600108996034,368,13
369,73.39716109982692,116544.45335417967,117126.409113369,0.004968612660412374,0.17733950004912913,0.10660149995237589,0.020350799895823002,369,13
370,73.68466889997944,116544.45335417967,117126.409113369,0.004968612660412374,0.16656409995630383,0.09677050006575882,0.020493699936196208,370,13
371,73.9893067998346,116544.45335417967,117126.409113369,0.004968612660412374,0.19062589993700385,0.08922419999726117,0.02097710012458265,371,13
372,74.3284211999271,116574.03754602147,117126.409113369,0.004716029216031647,0.18797419988550246,0.1259527001529932,0.021303500048816204,372,13
373,74.62055669981055,116594.8560973384,117126.409113369,0.004538284918443053,0.17629040009342134,0.09163789986632764,0.020644200267270207,373,13
374,74.95299249980599,116594.8560973384,117126.409113369,0.004538284918443053,0.20124419988133013,0.10686890012584627,0.020569399930536747,374,13
375,75.35220419988036,116594.8560973384,117126.409113369,0.004538284918443053,0.18413890013471246,0.1878949999809265,0.0231734998524189,375,13
376,75.67741849995218,116594.8560973384,117126.409113369,0.004538284918443053,0.17953530000522733,0.12104220013134181,0.02076589991338551,376,13
377,76.02563179982826,116594.8560973384,117126.409113369,0.004538284918443053,0.1971826001536101,0.126713200006634,0.020469600101932883,377,13
378,76.35676609980874,116594.8560973384,117126.409113369,0.004538284918443053,0.19437389983795583,0.1129093999043107,0.02022069995291531,378,13
379,76.72484389995225,116594.8560973384,117126.409113369,0.004538284918443053,0.19787929998710752,0.14518800005316734,0.021092000184580684,379,13
380,77.06514379987493,116594.8560973384,117126.409113369,0.004538284918443053,0.1999729999806732,0.11640969989821315,0.02026260015554726,380,13
381,77.41281789983623,116594.8560973384,117126.409113369,0.004538284918443053,0.18989380006678402,0.13373810006305575,0.020502000115811825,381,13
382,77.70598830003291,116594.8560973384,117126.409113369,0.004538284918443053,0.17911809985525906,0.0906634998973459,0.019826299976557493,382,13
383,78.04531499999575,116594.8560973384,117126.409113369,0.004538284918443053,0.17775289993733168,0.1375453001819551,0.020118699874728918,383,13
384,78.37790509988554,116594.8560973384,117079.95698397953,0.004143329901526241,0.18160809995606542,0.1275490999687463,0.019710599910467863,384,13
385,78.74678940000013,116594.8560973384,117079.95698397953,0.004143329901526241,0.18665499985218048,0.1586132999509573,0.01985840010456741,385,13
386,79.11142979981378,116594.8560973384,117079.95698397953,0.004143329901526241,0.1776835999917239,0.16237929998897016,0.020820800215005875,386,13
387,79.47005250002258,116594.8560973384,117079.95698397953,0.004143329901526241,0.1978932002093643,0.13526410004124045,0.021444100188091397,387,13
388,79.85721699986607,116594.8560973384,117079.95698397953,0.004143329901526241,0.20456770015880466,0.15855060005560517,0.02032619994133711,388,13
389,80.21574739995413,116622.62609374945,117079.95698397953,0.003906141597683163,0.18202749988995492,0.15248679998330772,0.020159600069746375,389,13
390,80.58021219982766,116622.62609374945,117079.95698397953,0.003906141597683163,0.17671439982950687,0.15922030014917254,0.022179000079631805,390,13
391,80.92919619986787,116622.62609374945,117079.95698397953,0.003906141597683163,0.19561679987236857,0.12819249997846782,0.021270900033414364,391,13
392,81.27914420003071,116622.62609374945,117079.95698397953,0.003906141597683163,0.1779411998577416,0.14845649991184473,0.01991600007750094,392,13
393,81.63200939982198,116622.62609374945,117079.95698397953,0.003906141597683163,0.1840142000000924,0.14493010006844997,0.019944400060921907,393,13
394,82.02603439986706,116622.62609374945,117079.95698397953,0.003906141597683163,0.2123833999503404,0.15523799997754395,0.020765499910339713,394,13
395,82.40132459998131,116622.62609374945,117079.95698397953,0.003906141597683163,0.2014668001793325,0.149839699966833,0.020430200034752488,395,13
396,82.72054779995233,116622.62609374945,117079.95698397953,0.003906141597683163,0.20025429991073906,0.0952717000618577,0.020153500139713287,396,13
397,83.04763919999823,116622.62609374945,117079.95698397953,0.003906141597683163,0.20252959989011288,0.09942119987681508,0.021240399684756994,397,13
398,83.44608039990999,116622.62609374945,117079.95698397953,0.003906141597683163,0.20872659981250763,0.16236499999649823,0.02285720012150705,398,13
399,83.81068899994716,116622.62609374945,117079.95698397953,0.003906141597683163,0.227750200079754,0.11029800004325807,0.020758699858561158,399,13
400,84.16330230003223,116622.62609374945,117079.95698397953,0.003906141597683163,0.2252893999684602,0.1030730998609215,0.02056850027292967,400,13
401,84.51866539986804,116622.62609374945,117079.95698397953,0.003906141597683163,0.21108969999477267,0.12020510016009212,0.020156699931249022,401,13
402,84.88145560002886,116634.55490460641,117079.95698397953,0.0038042555775286446,0.20766020007431507,0.13006550003774464,0.02104190015234053,402,13
403,85.22732569999062,116634.55490460641,117079.95698397953,0.0038042555775286446,0.22230160003528,0.10004359995946288,0.019836500054225326,403,13
404,85.57029239996336,116635.10641824044,117079.95698397953,0.003799545004957278,0.20438540005125105,0.11243039998225868,0.01996599999256432,404,13
405,85.92718150001019,116635.10641824044,117036.08844780985,0.0034261400469498674,0.22674000007100403,0.10421659983694553,0.021274499827995896,405,13
406,86.29629409988411,116635.10641824044,117036.08844780985,0.0034261400469498674,0.20544669986702502,0.14019479998387396,0.01967079984024167,406,13
407,86.6720710999798,116635.10641824044,117036.08844780985,0.0034261400469498674,0.23103260016068816,0.11999259982258081,0.02106730011291802,407,13
408,87.04032389982603,116635.10641824044,117036.08844780985,0.0034261400469498674,0.2286467000376433,0.11583560006693006,0.020050100050866604,408,13
409,87.42710409988649,116635.10641824044,117036.08844780985,0.0034261400469498674,0.2403080000076443,0.12173289991915226,0.02067869994789362,409,13
410,87.82028199988417,116635.10641824044,117036.08844780985,0.0034261400469498674,0.22879139985889196,0.14026559982448816,0.020361399743705988,410,13
411,88.1697448999621,116635.10641824044,117012.49085137437,0.003225163658923192,0.22433519992046058,0.1013169998768717,0.020095400046557188,411,13
412,88.59111229982227,116635.10641824044,117012.49085137437,0.003225163658923192,0.2372735000681132,0.15986110013909638,0.020407000090926886,412,13
413,88.99928049999289,116635.10641824044,117012.49085137437,0.003225163658923192,0.22243249998427927,0.16022459999658167,0.01978779979981482,413,13
414,89.34179229987785,116635.10641824044,117012.49085137437,0.003225163658923192,0.2217530000489205,0.09675250016152859,0.020405199844390154,414,13
415,89.76556149986573,116635.10641824044,117012.49085137437,0.003225163658923192,0.23360690008848906,0.16614550002850592,0.02024340000934899,415,13
416,90.10798129998147,116635.10641824044,117012.49085137437,0.003225163658923192,0.21659849979914725,0.10012370022013783,0.02155249984934926,416,13
417,90.49528479995206,116635.10641824044,117012.49085137437,0.003225163658923192,0.20183219993487,0.15913709998130798,0.02050499990582466,417,13
418,90.90981419989839,116635.10641824044,117012.49085137437,0.003225163658923192,0.24465500004589558,0.14512720005586743,0.020764999790117145,418,13
419,91.32218999997713,116635.10641824044,117012.49085137437,0.003225163658923192,0.2261417000554502,0.15857570013031363,0.022623199969530106,419,13
420,91.68000059993938,116635.10641824044,117012.49085137437,0.003225163658923192,0.23193070013076067,0.10176119999960065,0.020429400028660893,420,13
421,92.03780559985898,116635.10641824044,117012.49085137437,0.003225163658923192,0.23839799989946187,0.09607299999333918,0.019700700184330344,421,13
422,92.39943869994022,116635.10641824044,117012.49085137437,0.003225163658923192,0.23422460001893342,0.10325550008565187,0.020420399960130453,422,13
423,92.7399002998136,116635.10641824044,117012.49085137437,0.003225163658923192,0.20637899986468256,0.10879339999519289,0.02131729992106557,423,13
424,93.08433059998788,116635.10641824044,117012.49085137437,0.003225163658923192,0.20894869999028742,0.11172210006043315,0.02000259980559349,424,13
425,93.40562109998427,116635.10641824044,117012.49085137437,0.003225163658923192,0.1977967000566423,0.10018890001811087,0.01972190011292696,425,13
426,93.76225609984249,116635.10641824044,117012.49085137437,0.003225163658923192,0.21754169999621809,0.11568379984237254,0.01989799994044006,426,13
427,94.12204359984025,116635.10641824044,117012.49085137437,0.003225163658923192,0.21581520000472665,0.11839319998398423,0.020155500154942274,427,13
428,94.4728719999548,116635.10641824044,117012.49085137437,0.003225163658923192,0.21917599998414516,0.10522220004349947,0.02213629987090826,428,13
429,94.835845900001,116649.02546129256,117012.49085137437,0.0031062101783942953,0.24484939989633858,0.09442230011336505,0.02005970012396574,429,13
430,95.20963129983284,116649.02546129256,117012.49085137437,0.0031062101783942953,0.24823300004936755,0.10213269991800189,0.019653799943625927,430,13
431,95.59784699999727,116649.02546129256,117012.49085137437,0.0031062101783942953,0.23814549995586276,0.12637279997579753,0.019953700248152018,431,13
432,95.99753699987195,116649.02546129256,117012.49085137437,0.0031062101783942953,0.254070500144735,0.12131790001876652,0.02043220028281212,432,13
433,96.37690619984642,116649.02546129256,117012.49085137437,0.0031062101783942953,0.2626234001945704,0.09181519993580878,0.02096820017322898,433,13
434,96.75533339986578,116649.02546129256,117012.49085137437,0.0031062101783942953,0.2357072001323104,0.1192314000800252,0.01996149984188378,434,13
435,97.11673809983768,116649.02546129256,117012.49085137437,0.0031062101783942953,0.23335570003837347,0.10411960002966225,0.020236499840393662,435,13
436,97.5516662998125,116649.02546129256,117012.49085137437,0.0031062101783942953,0.24618729995563626,0.1646700999699533,0.01993690012022853,436,13
437,97.93823919980787,116649.02546129256,117012.49085137437,0.0031062101783942953,0.24468909995630383,0.1148957998957485,0.020869500003755093,437,13
438,98.31207189988345,116649.02546129256,117012.49085137437,0.0031062101783942953,0.2389720999635756,0.11132090003229678,0.019719799980521202,438,13
439,98.69097729981877,116649.02546129256,117012.49085137437,0.0031062101783942953,0.2423202998470515,0.11192769999615848,0.020540100056678057,439,13
440,99.03987779980525,116649.02546129256,117012.49085137437,0.0031062101783942953,0.23080889997072518,0.09284399985335767,0.02144180005416274,440,13
441,99.40644559985958,116649.02546129256,117012.49085137437,0.0031062101783942953,0.2155108000151813,0.1275706000160426,0.019851800054311752,441,13
442,99.77247409988195,116649.02546129256,117012.49085137437,0.0031062101783942953,0.24299190007150173,0.0994187998585403,0.019743200158700347,442,13
443,100.13016089983284,116649.02546129256,117012.49085137437,0.0031062101783942953,0.23044779989868402,0.10368139995262027,0.0198917998932302,443,13
444,100.53052399982698,116649.02546129256,117012.49085137437,0.0031062101783942953,0.2506099999882281,0.1254010999109596,0.020334499888122082,444,13
445,100.8775765998289,116649.02546129256,117012.49085137437,0.0031062101783942953,0.21981239994056523,0.10337699996307492,0.02014030027203262,445,13
446,101.27356689982116,116649.02546129256,117012.49085137437,0.0031062101783942953,0.22453660005703568,0.1440504000056535,0.02257669996470213,446,13
447,101.68482349999249,116649.02546129256,117012.49085137437,0.0031062101783942953,0.23273990000598133,0.1540361000224948,0.01992719992995262,447,13
448,102.09183159982786,116649.02546129256,117012.49085137437,0.0031062101783942953,0.2845010000746697,0.09728649980388582,0.02110100002028048,448,13
449,102.46909649996087,116649.02546129256,117012.49085137437,0.0031062101783942953,0.2507956000044942,0.10067120008170605,0.021794999949634075,449,13
450,102.84100759983994,116649.02546129256,117009.97415813961,0.0030847686228801362,0.23487409995868802,0.11281189997680485,0.020394499879330397,450,13
451,103.23087530001067,116649.02546129256,117009.97415813961,0.0030847686228801362,0.26849570008926094,0.09677170007489622,0.020907799946144223,451,13
452,103.58754729991779,116649.02546129256,117009.97415813961,0.0030847686228801362,0.2572571001946926,0.07524450006894767,0.02043429994955659,452,13
453,103.9616111998912,116649.02546129256,117008.37614345615,0.0030711534849693677,0.24960109987296164,0.0986814999487251,0.02036760002374649,453,13
454,104.29778779996559,116649.02546129256,117008.37614345615,0.0030711534849693677,0.21868610009551048,0.09439940005540848,0.01946219988167286,454,13
455,104.73359859990887,116649.02546129256,117008.37614345615,0.0030711534849693677,0.27466619992628694,0.13752799993380904,0.01984079973772168,455,13
456,105.17929589981213,116649.02546129256,117008.37614345615,0.0030711534849693677,0.2516491001006216,0.16825519991107285,0.020843300269916654,456,13
457,105.5901347999461,116649.02546129256,117008.37614345615,0.0030711534849693677,0.2383675999008119,0.14679579995572567,0.02124159992672503,457,13
458,106.07347219996154,116649.02546129256,117008.37614345615,0.0030711534849693677,0.29347610007971525,0.16448650020174682,0.019989699823781848,458,13
459,106.48979379981756,116649.02546129256,117008.37614345615,0.0030711534849693677,0.228548499988392,0.16168810008093715,0.021946299821138382,459,13
460,106.87792999995872,116649.02546129256,117008.37614345615,0.0030711534849693677,0.24046150012873113,0.12375320005230606,0.02027470013126731,460,13
461,107.2944568998646,116649.02546129256,117008.37614345615,0.0030711534849693677,0.22665020008571446,0.16533960006199777,0.020443800138309598,461,13
462,107.67526289983653,116649.02546129256,117008.37614345615,0.0030711534849693677,0.22977179987356067,0.12369620008394122,0.020010000094771385,462,13
463,108.05005419999361,116649.02546129256,117008.37614345615,0.0030711534849693677,0.22652220004238188,0.1249381999950856,0.019452400039881468,463,13
464,108.43313209991902,116649.02546129256,117008.37614345615,0.0030711534849693677,0.2503545000217855,0.10862670000642538,0.020078900270164013,464,13
465,108.84039889997803,116649.02546129256,117008.37614345615,0.0030711534849693677,0.2388241000007838,0.14534909999929368,0.019203199772164226,465,13
466,109.23612589994445,116660.63809654235,117008.37614345615,0.0029719072973670045,0.24098620004951954,0.12966390000656247,0.02125800005160272,466,13
467,109.56956999981776,116660.63809654235,117008.37614345615,0.0029719072973670045,0.20756560005247593,0.09819809999316931,0.020838999887928367,467,13
468,109.90737919998355,116660.63809654235,117008.37614345615,0.0029719072973670045,0.21066860016435385,0.10326580004766583,0.0200356999412179,468,13
469,110.29241229989566,116687.52465589382,117008.37614345615,0.0027421240951925334,0.22648929990828037,0.1347145999316126,0.0199301999527961,469,13
470,110.61753629986197,116687.52465589382,117008.37614345615,0.0027421240951925334,0.2105943001806736,0.09099190006963909,0.01992320013232529,470,13
471,111.00146960001439,116690.5096680945,117008.37614345615,0.0027166129967647096,0.20902259997092187,0.15051109995692968,0.020674800034612417,471,13
472,111.36688909982331,116690.5096680945,117008.37614345615,0.0027166129967647096,0.2368124001659453,0.10372389992699027,0.020492399809882045,472,13
473,111.76524339988828,116690.75413974421,117008.37614345615,0.0027145236450638334,0.27299019997008145,0.09947640006430447,0.02192760002799332,473,13
474,112.14987399987876,116690.75413974421,117008.37614345615,0.0027145236450638334,0.24430300015956163,0.116612299811095,0.019900700077414513,474,13
475,112.54073499981314,116690.75413974421,117008.37614345615,0.0027145236450638334,0.2486140001565218,0.11707319994457066,0.021229600068181753,475,13
476,112.9588615000248,116690.75413974421,117008.37614345615,0.0027145236450638334,0.26699539995752275,0.12643119995482266,0.020861499942839146,476,13
477,113.37229039985687,116697.48643027933,117008.37614345615,0.0026569868194363804,0.27997579984366894,0.10669040004722774,0.02065670001320541,477,13
478,113.74446179997176,116697.48643027933,117008.37614345615,0.0026569868194363804,0.23998240008950233,0.10752790002152324,0.02063130005262792,478,13
479,114.08531019999646,116697.48643027933,117008.37614345615,0.0026569868194363804,0.2329351999796927,0.08378049987368286,0.020526800071820617,479,13
480,114.47117209993303,116697.48643027933,117008.37614345615,0.0026569868194363804,0.268700199900195,0.0928389998152852,0.020387699827551842,480,13
481,114.85815580002964,116697.48643027933,117008.37614345615,0.0026569868194363804,0.2536577999126166,0.1093796999193728,0.020153099671006203,481,13
482,115.29850969999097,116697.48643027933,117008.37614345615,0.0026569868194363804,0.28129179985262454,0.132188499905169,0.022453099954873323,482,13
483,115.65608069999143,116697.48643027933,117008.37614345615,0.0026569868194363804,0.24204169982112944,0.09152629994787276,0.020367599790915847,483,13
484,116.02398679987527,116697.48643027933,117008.37614345615,0.0026569868194363804,0.23308210005052388,0.1101875000167638,0.02069090004079044,484,13
485,116.45978669985197,116697.48643027933,117008.37614345615,0.0026569868194363804,0.2549542998895049,0.156270100036636,0.020624400349333882,485,13
486,116.90958929993212,116697.48643027933,117008.37614345615,0.0026569868194363804,0.26267499988898635,0.13646389986388385,0.04672410013154149,486,13
487,117.30141469999216,116697.77027842896,117008.37614345615,0.002654560940546469,0.27482980000786483,0.09304980002343655,0.02024449990130961,487,13
488,117.71814879984595,116715.44599410283,117008.37614345615,0.002503497262402573,0.2570811999030411,0.13418280007317662,0.02125200000591576,488,13
489,118.05305849993601,116716.39048631792,117008.37614345615,0.0024954252572503186,0.22794649982824922,0.08257359988056123,0.020907000172883272,489,13
490,118.47159229987301,116716.47934271194,117008.37614345615,0.0024946658552574613,0.2503030998632312,0.14332230016589165,0.020901600131765008,490,13
491,118.90744549990632,116717.55783861823,117008.37614345615,0.0024854486014006492,0.2723940999712795,0.13891909993253648,0.020549900131300092,491,13
492,119.3108369000256,116718.30150959174,117008.37614345615,0.0024790928942451805,0.23223299998790026,0.14508240018039942,0.020659799920395017,492,13
493,119.7196994998958,116719.6052575761,117008.37614345615,0.00246795054677115,0.2733720000833273,0.11152879986912012,0.02020310005173087,493,13
494,120.0828316998668,116719.61530981053,117008.37614345615,0.002467864636387975,0.23751690005883574,0.10215330007486045,0.019525300012901425,494,13
495,120.44261539983563,116720.65333881522,117008.37614345615,0.002458993228725535,0.2432144999038428,0.09156440012156963,0.02094069984741509,495,13
496,120.82521419995464,116720.92919976966,117008.37614345615,0.00245663561157425,0.2639240000862628,0.09419100009836257,0.020515500102192163,496,13
497,121.21962319989689,116721.56820419195,117008.37614345615,0.002451174426286881,0.25693609984591603,0.11219840007834136,0.02122969995252788,497,13
498,121.60505230003037,116722.4487106275,117008.37614345615,0.0024436492689898074,0.25101949996314943,0.109198700170964,0.021120599936693907,498,13
499,122.02169039985165,116722.45064318198,117008.37614345615,0.002443632752612651,0.26141240005381405,0.1057166000828147,0.045346600003540516,499,13
500,122.44511149986647,116722.76154684272,117008.37614345615,0.002440975646591727,0.25462909997440875,0.1428968000691384,0.021601499989628792,500,13
501,122.85760240000673,116723.13619694998,117008.37614345615,0.0024377737381505674,0.2687926001381129,0.11970939999446273,0.020231200149282813,501,13
502,123.23107769992203,116724.50001488003,117008.37614345615,0.002426118009090839,0.25457529979757965,0.0945019000209868,0.020479499828070402,502,13
503,123.63631029985845,116724.6785951251,117008.37614345615,0.0024245917914733723,0.27545129996724427,0.10352990007959306,0.02064030012115836,503,13
504,124.03219399997033,116724.90948479393,117008.37614345615,0.002422618516769084,0.2766098000574857,0.09498699987307191,0.020563900005072355,504,13
505,124.4673204999417,116725.29035360069,116971.13012872223,0.0021017132590836793,0.30586419999599457,0.10268269991502166,0.022155399899929762,505,13
506,124.85773559985682,116725.97734364963,116971.13012872223,0.002095840100055601,0.24686579988338053,0.11913740006275475,0.020542300073429942,506,13
507,125.2998871000018,116726.983522778,116971.13012872223,0.0020872381559069995,0.2611742001026869,0.15549819986335933,0.021275500068441033,507,13
508,125.69470999995247,116727.57381396941,116971.13012872223,0.0020821916868272636,0.2569680998567492,0.11346760019659996,0.020412000128999352,508,13
509,126.08145049982704,116728.23561858034,116971.13012872223,0.0020765338410819656,0.26719969999976456,0.09560790006071329,0.020287799648940563,509,13
510,126.50651580002159,116728.68858200715,116971.13012872223,0.002072661403273486,0.3065916998311877,0.09425420011393726,0.020400299923494458,510,13
511,126.91474569984712,116728.8985753958,116971.13012872223,0.0020708661450040463,0.2902071999851614,0.09394039981998503,0.020277600036934018,511,13
512,127.35584979993291,116729.54245360015,116971.13012872223,0.0020653615542247095,0.274875600123778,0.14157680002972484,0.020664700074121356,512,13
513,127.79829790000804,116729.62378667838,116970.11366538261,0.0020559942293653264,0.293584399856627,0.12009880016557872,0.02054379996843636,513,13
514,128.22434989991598,116730.7519162533,116970.11366538261,0.0020463496326425384,0.29468780010938644,0.10698559996671975,0.02058570017106831,514,13
515,128.64984459988773,116731.20169832083,116958.3692105265,0.0019422937728959988,0.3025345001369715,0.09826699993573129,0.02092360006645322,515,13
516,129.08258249983191,116731.54951075769,116958.3692105265,0.0019393199588867622,0.296197900082916,0.11089639994315803,0.021514000138267875,516,13
517,129.46979020000435,116732.52447932058,116958.3692105265,0.0019309839281309192,0.2507230001501739,0.11254299990832806,0.020147999981418252,517,13
518,129.89418389997445,116733.20359602109,116958.3692105265,0.0019251774458321487,0.2863070999737829,0.1121310000307858,0.02161710010841489,518,13
519,130.29019490000792,116733.54256641906,116958.3692105265,0.0019222792317047555,0.2554419001098722,0.1164010998327285,0.02049309969879687,519,13
520,130.69478069990873,116734.2844211171,116958.3692105265,0.0019159363363390324,0.28542069997638464,0.09400109993293881,0.0209028001409024,520,13
521,131.0700922999531,116735.36802514724,116958.3692105265,0.0019066714668179296,0.25141559983603656,0.09859109995886683,0.02124889986589551,521,13
522,131.4675125000067,116735.70963024191,116958.3692105265,0.0019037507258998169,0.25849279994145036,0.11515139997936785,0.019988299580290914,522,13
523,131.85736429993995,116736.79030795442,116958.3692105265,0.0018945108765431149,0.25216439994983375,0.1115124998614192,0.02085860027000308,523,13
524,132.28845490003005,116738.65296021482,116958.3692105265,0.0018785851050658305,0.2705419999547303,0.13529810006730258,0.02120919991284609,524,13
525,132.6963090999052,116738.87861294043,116958.3692105265,0.0018766557627952981,0.256212699925527,0.12748489994555712,0.020333899883553386,525,13
526,133.08302049990743,116739.40299501986,116958.3692105265,0.0018721722693696699,0.2502604001201689,0.11263999994844198,0.019827099982649088,526,13
527,133.47062139981426,116740.041847401,116958.3692105265,0.0018667100490476426,0.2571870000101626,0.10506719979457557,0.0210744000505656,527,13
528,133.89774309983477,116740.05555200452,116958.3692105265,0.0018665928739911174,0.28264359990134835,0.12086929986253381,0.01978520001284778,528,13
529,134.3860269000288,116740.69749731357,116958.3692105265,0.0018611042089782372,0.31019949982874095,0.15396689996123314,0.02018669992685318,529,13
530,134.7866966999136,116740.94704275893,116958.3692105265,0.001858970582739734,0.27788289985619485,0.097724299877882,0.021122599951922894,530,13
531,135.19271710002795,116741.11493482543,116958.3692105265,0.0018575350970397092,0.27770849992521107,0.10451729991473258,0.020138800144195557,531,13
532,135.63094559987076,116741.2733831914,116958.3692105265,0.0018561803554591144,0.29475799994543195,0.11512050009332597,0.020064599812030792,532,13
533,136.06672579981387,116741.43996839099,116958.3692105265,0.0018547560435375515,0.30862909997813404,0.10355490003712475,0.01993100019171834,533,13
534,136.47119349986315,116741.88234596571,116958.3692105265,0.0018509736927941772,0.28259170008823276,0.09781680000014603,0.0204243001062423,534,13
535,136.87608910002746,116742.92651009728,116958.3692105265,0.0018420460364099586,0.2826310000382364,0.09827430010773242,0.020228099776431918,535,13
536,137.3011379998643,116743.42670191574,116958.3692105265,0.0018377693709448585,0.29135339986532927,0.10941349994391203,0.020183099899441004,536,13
537,137.70990190003067,116743.42670191574,116958.3692105265,0.0018377693709448585,0.2619668000843376,0.12273829989135265,0.02012040000408888,537,13
538,138.12026389990933,116743.42670191574,116958.3692105265,0.0018377693709448585,0.26047160010784864,0.12655559997074306,0.019646999891847372,538,13
539,138.5322447998915,116743.51334684002,116958.3692105265,0.0018370285524394387,0.2693016000557691,0.1197219998575747,0.019140099873766303,539,13
540,138.91703979996964,116743.9094944467,116958.3692105265,0.0018336414702719574,0.2684243000112474,0.09054749994538724,0.02147760009393096,540,13
541,139.4048283000011,116744.07211494939,116958.3692105265,0.0018322510567104326,0.336373999947682,0.12693240004591644,0.020651399856433272,541,13
542,139.84484219993465,116744.6833088419,116958.3692105265,0.0018270253178716653,0.2950258001219481,0.11940940003842115,0.020365199772641063,542,13
543,140.27662879996933,116744.8382668533,116958.3692105265,0.0018257004189999228,0.3079551998525858,0.09990679984912276,0.020207400200888515,543,13
544,140.72780160000548,116745.68904651355,116958.3692105265,0.0018184262096723421,0.30298490007407963,0.12339849979616702,0.020783399930223823,544,13
545,141.13559199986048,116745.89724309999,116958.3692105265,0.001816646118278799,0.2786354999989271,0.10550349997356534,0.019863200141116977,545,13
546,141.58492529997602,116746.6416969895,116958.3692105265,0.0018102809996938989,0.31545020011253655,0.10998189984820783,0.020312200067564845,546,13
547,141.98517380002886,116746.8301966348,116958.3692105265,0.0018086693181480742,0.2722950999159366,0.0991876998450607,0.020882999757304788,547,13
548,142.40710569988005,116747.00902413714,116958.3692105265,0.0018071403339159082,0.27092770021408796,0.12737550004385412,0.019980499986559153,548,13
549,142.85218529985286,116747.44098100222,116958.3692105265,0.001803447080769525,0.29004440014250576,0.10150610003620386,0.0496934000402689,549,13
550,143.28321389993653,116747.45229133942,116958.3692105265,0.0018033503768117407,0.30081419995985925,0.10575579991564155,0.02030550013296306,550,13
551,143.70059100002982,116747.52823087166,116940.3739055833,0.0016490940491377716,0.28201460000127554,0.11153460014611483,0.020086900098249316,551,13
552,144.1419206999708,116747.68189146352,116940.3739055833,0.001647780041094746,0.2837578000035137,0.1307421000674367,0.021114799892529845,552,13
553,144.56287839985453,116748.00677721229,116940.3739055833,0.0016450018239750912,0.30341400019824505,0.09372840006835759,0.02012609993107617,553,13
554,144.99158529983833,116748.40618218682,116940.3739055833,0.0016415863656419377,0.28444880014285445,0.11904829996638,0.021150300046429038,554,13
555,145.41915949992836,116748.63067806058,116927.40433141071,0.0015289286063635422,0.2979415000882,0.10420599998906255,0.021189299877732992,555,13
556,145.81837799982168,116748.82065615439,116926.03277282979,0.001515591630648159,0.2773655999917537,0.09776450018398464,0.02028620010241866,556,13
557,146.25444970000535,116749.14968922599,116926.03277282979,0.001512777603148941,0.2800874998793006,0.1298082999419421,0.02075430005788803,557,13
558,146.66922889999114,116749.28713723007,116926.03277282979,0.001511602090726056,0.2761731999926269,0.11459150002337992,0.020247899927198887,558,13
559,147.0743177998811,116749.33377341891,116926.03277282979,0.0015112032386677642,0.28986989986151457,0.0913875000551343,0.02010519988834858,559,13
560,147.5070116999559,116749.42202793862,116926.03277282979,0.0015104484493568106,0.28940959996543825,0.1192686001304537,0.020199299789965153,560,13
561,147.95550819998607,116749.66157614184,116926.03277282979,0.0015083997336214478,0.29404549999162555,0.1282339000608772,0.02161820000037551,561,13
562,148.39493399998173,116750.17029101597,116926.03277282979,0.0015040489927122965,0.2872613000217825,0.12565699988044798,0.020318299997597933,562,13
563,148.82942259986885,116750.23818056329,116926.03277282979,0.001503468373104201,0.32192660006694496,0.08803350012749434,0.020790700102224946,563,13
564,149.2711624999065,116750.37023838796,116926.03277282979,0.0015023389597346101,0.2874918000306934,0.10109029989689589,0.04924639989621937,564,13
565,149.72292159986682,116750.51286479531,116926.03277282979,0.0015011191594560048,0.3128947000950575,0.114633500110358,0.01998230000026524,565,13
566,150.15187119995244,116750.67419620852,116926.03277282979,0.0014997393861977662,0.29267940018326044,0.11215289984829724,0.02042630035430193,566,13
567,150.61328839999624,116750.93081497758,116926.03277282979,0.0014975446758927293,0.3120586001314223,0.12257250002585351,0.020696000196039677,567,13
568,151.02874949993566,116751.03854955091,116926.03277282979,0.0014966232850717055,0.2870941001456231,0.1046154999639839,0.020078300032764673,568,13
569,151.45417739986442,116751.25090230562,116926.03277282979,0.001494807156108185,0.298998000100255,0.1021745998878032,0.020648499950766563,569,13
570,151.89209929993376,116751.48493020442,116926.03277282979,0.001492805652309178,0.313774700043723,0.10023059998638928,0.020294300047680736,570,13
571,152.31910999980755,116751.49510800102,116926.03277282979,0.0014927186075650494,0.2871311998460442,0.11579820001497865,0.020118300337344408,571,13
572,152.753640800016,116751.70065267067,116926.03277282979,0.0014909607041728586,0.30497429985553026,0.10305960010737181,0.020867499988526106,572,13
573,153.18542659981176,116752.11869653733,116926.03277282979,0.0014873854193816738,0.29997839988209307,0.10686650010757148,0.020765699911862612,573,13
574,153.57982699992135,116752.27534677117,116926.03277282979,0.0014860456815138587,0.2733734999783337,0.09765710006467998,0.019907400012016296,574,13
575,154.02501589991152,116752.94107278432,116926.03277282979,0.001480352116125898,0.3097852000501007,0.11179710016585886,0.01976620010100305,575,13
576,154.4520892999135,116753.69176258607,116926.03277282979,0.0014739319051263172,0.2807147998828441,0.12259000004269183,0.020128199830651283,576,13
577,154.8485893998295,116754.54998952636,116926.03277282979,0.0014665919918499884,0.28149399999529123,0.09104899992235005,0.02016930002719164,577,13
578,155.2648906998802,116754.92023180382,116926.03277282979,0.0014634255261051815,0.29326940001919866,0.09993380005471408,0.019488099962472916,578,13
579,155.7166837998666,116754.99611624899,116917.93869177303,0.0013936490614464001,0.31449340004473925,0.11405820003710687,0.019610499730333686,579,13
580,156.15544079989195,116755.06157467366,116917.93869177303,0.0013930891950529427,0.30772650009021163,0.10747689986601472,0.019735800102353096,580,13
581,156.58105639996938,116755.47812248857,116917.93869177303,0.0013895264584911384,0.30322339991107583,0.09784099995158613,0.02072490006685257,581,13
582,157.05726829986088,116755.4836543973,116917.93869177303,0.0013894791440344997,0.328058100072667,0.12418959988281131,0.020107600139454007,582,13
583,157.51932099997066,116755.9655085761,116917.93869177303,0.001385357841656192,0.32149929995648563,0.11639029998332262,0.02011549985036254,583,13
584,157.96455969987437,116756.36187693133,116917.93869177303,0.0013819677001632492,0.3071749000810087,0.11415089992806315,0.019950899994000793,584,13
585,158.406452300027,116756.36837564615,116917.93869177303,0.0013819121166070015,0.2986490000039339,0.11806449992582202,0.020863099955022335,585,13
586,158.85259569995105,116756.47022033419,116909.24629121734,0.0013067920265484208,0.3088883999735117,0.11360240005888045,0.019871700322255492,586,13
587,159.29398049996234,116756.78095812676,116899.0821998054,0.0012172999051901347,0.3057085000909865,0.11106389993801713,0.020116099854931235,587,13
588,159.7620128998533,116756.78211694583,116898.96615705501,0.0012162985249856706,0.3010593999642879,0.14245339995250106,0.02052800008095801,588,13
589,160.19204410002567,116756.97165164453,116897.35124598458,0.0012008791717157865,0.3115647998638451,0.09490819997154176,0.01994179980829358,589,13
590,160.64199219993316,116757.46070635659,116897.35124598458,0.001196695546450999,0.3107598000206053,0.1154169999063015,0.020008999854326248,590,13
591,161.07669089990668,116757.62702108873,116897.35124598458,0.0011952728047860673,0.3145918999798596,0.09440320008434355,0.021705300314351916,591,13
592,161.50362959993072,116758.03830091613,116897.35124598458,0.0011917545058424534,0.30142319994047284,0.09945899993181229,0.020573999965563416,592,13
593,161.94881480000913,116758.09395553503,116897.35124598458,0.0011912784076391115,0.32015060004778206,0.10116460011340678,0.019931800197809935,593,13
594,162.39179140003398,116758.2793107722,116897.35124598458,0.0011896927837119172,0.30896349996328354,0.10925209987908602,0.02051590010523796,594,13
595,162.85206369985826,116758.28149863763,116897.35124598458,0.0011896740675869264,0.30552429985255003,0.13122660014778376,0.019749399973079562,595,13
596,163.319058699999,116758.48657788613,116897.35124598458,0.0011879197143333303,0.3334766998887062,0.10910590016283095,0.020424700109288096,596,13
597,163.79925479996018,116759.03079618458,116897.35124598458,0.001183264191409547,0.31982309999875724,0.1324815999250859,0.02161590033210814,597,13
598,164.23118250002153,116759.08154604628,116895.09851272978,0.0011635814368100893,0.3032837000209838,0.10433489992283285,0.020515300100669265,598,13
599,164.6778072998859,116759.08154604628,116895.09851272978,0.0011635814368100893,0.31913130008615553,0.10331949987448752,0.020302400225773454,599,13
600,165.19369799993,116759.08154604628,116895.09851272978,0.0011635814368100893,0.34149690018966794,0.14765390008687973,0.02265230007469654,600,13
601,165.64957030001096,116759.08154604628,116895.09851272978,0.0011635814368100893,0.3075839001685381,0.11890330002643168,0.020856200018897653,601,13
602,166.12184519995935,116759.08154604628,116895.09851272978,0.0011635814368100893,0.3348955998662859,0.1128969001583755,0.020464699948206544,602,13
603,166.5501242999453,116759.08154604628,116895.09851272978,0.0011635814368100893,0.3041697998996824,0.0985922000836581,0.021132600028067827,603,13
604,167.0865169998724,116759.08154604628,116895.09851272978,0.0011635814368100893,0.3545550999697298,0.15784700005315244,0.01993929990567267,604,13
605,167.51378139993176,116759.08154604628,116895.09851272978,0.0011635814368100893,0.31350630009546876,0.08990679983980954,0.020206399960443377,605,13
606,167.97348989988677,116759.08154604628,116895.09851272978,0.0011635814368100893,0.30296549992635846,0.13116850005462766,0.021038400009274483,606,13
607,168.41765900002792,116759.08154604628,116895.09851272978,0.0011635814368100893,0.30220219981856644,0.11794330016709864,0.02006049989722669,607,13
608,168.85269790003076,116759.08154604628,116895.09851272978,0.0011635814368100893,0.30154919996857643,0.10956900008022785,0.020098700188100338,608,13
609,169.32463129982352,116759.08154604628,116895.09851272978,0.0011635814368100893,0.3191207000054419,0.12782380008138716,0.020766600035130978,609,13
610,169.81511490000412,116759.08154604628,116895.09851272978,0.0011635814368100893,0.3713575000874698,0.09554699994623661,0.019823600072413683,610,13
611,170.29721540003084,116759.08154604628,116895.09851272978,0.0011635814368100893,0.3258481998927891,0.13229850004427135,0.019957100274041295,611,13
612,170.7836767998524,116759.08154604628,116895.09851272978,0.0011635814368100893,0.3323047000449151,0.13019079994410276,0.020109699806198478,612,13
613,171.23004109994508,116759.08154604628,116895.09851272978,0.0011635814368100893,0.32469489984214306,0.09742200002074242,0.020296000177040696,613,13
614,171.6904305999633,116759.08154604628,116895.09851272978,0.0011635814368100893,0.3254165998660028,0.10913800005801022,0.02151780016720295,614,13
615,172.132549099857,116759.08154604628,116895.09851272978,0.0011635814368100893,0.31031080009415746,0.10258960002101958,0.020337699679657817,615,13
616,172.58958329982124,116759.08154604628,116895.09851272978,0.0011635814368100893,0.32231770013459027,0.11039880011230707,0.020296400180086493,616,13
617,173.08224909985438,116759.08154604628,116895.09851272978,0.0011635814368100893,0.33092780015431345,0.1372205000370741,0.020292399916797876,617,13
618,173.52946949983016,116759.08154604628,116895.09851272978,0.0011635814368100893,0.31366830016486347,0.10947419982403517,0.020084600197151303,618,13
619,173.99059429997578,116759.08154604628,116895.09851272978,0.0011635814368100893,0.3334047000389546,0.10360549995675683,0.02025919989682734,619,13
620,174.48516699997708,116759.08154604628,116895.09851272978,0.0011635814368100893,0.34118800004944205,0.12906900001689792,0.02036920003592968,620,13
621,174.9646528000012,116759.08154604628,116895.09851272978,0.0011635814368100893,0.3211511999834329,0.1339154001325369,0.02045739977620542,621,13
622,175.4234127998352,116759.08154604628,116895.09851272978,0.0011635814368100893,0.30952719994820654,0.12433540006168187,0.02055399981327355,622,13
623,175.88751109992154,116759.08154604628,116895.09851272978,0.0011635814368100893,0.3407018000725657,0.0979508999735117,0.02136790007352829,623,13
624,176.4759158999659,116759.08154604628,116895.09851272978,0.0011635814368100893,0.35102120018564165,0.20932199992239475,0.021851600147783756,624,13
625,176.95286790002137,116759.08154604628,116895.09851272978,0.0011635814368100893,0.33764579985290766,0.11316010006703436,0.021733300061896443,625,13
626,177.4879083998967,116759.08154604628,116895.09851272978,0.0011635814368100893,0.361815599957481,0.14934100001119077,0.02003389992751181,626,13
627,177.93641399987973,116759.08154604628,116895.09851272978,0.0011635814368100893,0.32444099988788366,0.10015349998138845,0.020308800041675568,627,13
628,178.41106289997697,116759.08154604628,116895.09851272978,0.0011635814368100893,0.35217690002173185,0.0983229000121355,0.020410900004208088,628,13
629,178.9424747999292,116759.08154604628,116895.09851272978,0.0011635814368100893,0.40781710017472506,0.10003370000049472,0.01981339999474585,629,13
630,179.43882759986445,116759.08154604628,116895.09851272978,0.0011635814368100893,0.3485694001428783,0.12382069998420775,0.020070400089025497,630,13
631,179.92623650003225,116759.08154604628,116895.09851272978,0.0011635814368100893,0.36092480015940964,0.1014730001334101,0.02106679999269545,631,13
632,180.41482819989324,116759.08154604628,116895.09851272978,0.0011635814368100893,0.36153719993308187,0.10196750005707145,0.02097629988566041,632,13
633,180.91042570001446,116760.78248354123,116895.09851272978,0.0011490304631884666,0.3475315000396222,0.11778949992731214,0.020970699843019247,633,13
634,181.37738509988412,116760.78248354128,116895.09851272978,0.001149030463188093,0.32195609994232655,0.12165479990653694,0.019764200085774064,634,13
635,181.8406708999537,116760.81440558934,116895.09851272978,0.0011487573803260589,0.3202893000561744,0.11968169989995658,0.01961339986883104,635,13
636,182.36158979986794,116760.9251657824,116895.09851272978,0.0011478098624704775,0.3470752998255193,0.15001280000433326,0.01975869992747903,636,13
637,182.79777649999596,116761.35526348342,116895.09851272978,0.0011441305148632158,0.3212701000738889,0.09189769998192787,0.01934550004079938,637,13
638,183.26177889993414,116770.24414383518,116895.09851272978,0.0010680890001645129,0.3454607999883592,0.08940470009110868,0.020864499965682626,638,13
639,183.81077550002374,116770.73406248013,116895.09851272978,0.0010638979036071657,0.42227270011790097,0.10235259984619915,0.020440299762412906,639,13
640,184.33836499997415,116771.11907217896,116895.09851272978,0.001060604269368175,0.4057859000749886,0.09694760013371706,0.021131500136107206,640,13
641,184.83205359987915,116771.27760190357,116895.09851272978,0.001059248098522497,0.36322860000655055,0.10591270006261766,0.02080320008099079,641,13
642,185.33416499989107,116771.48989857562,116895.09851272978,0.0010574319687210764,0.37639319989830256,0.1014730001334101,0.02031049970537424,642,13
643,185.83629929996096,116772.04106453188,116895.09851272978,0.0010527169210991125,0.36057120002806187,0.11388380010612309,0.021317599806934595,643,13
644,186.360606999835,116772.042516708,116895.09851272978,0.0010527044981991185,0.3843958000652492,0.11591930012218654,0.02022819989360869,644,13
645,186.8685472998768,116772.34029334957,116895.09851272978,0.0010501571147300064,0.3694619999732822,0.11421789997257292,0.02063869987614453,645,13
646,187.37797749997117,116772.91359911306,116895.09851272978,0.001045252668172472,0.3741995000746101,0.11032429989427328,0.021017299965023994,646,13
647,187.89932419988327,116773.23963187645,116895.09851272978,0.0010424635626621569,0.39163480000570416,0.1045132998842746,0.02131689991801977,647,13
648,188.4635522000026,116773.77677629748,116895.09851272978,0.001037868464767836,0.37566539994440973,0.1630756000522524,0.021415499970316887,648,13
649,188.9953075000085,116774.03084411439,116895.09851272978,0.0010356949962466143,0.38476380007341504,0.12270960002206266,0.02041540015488863,649,13
650,189.51744029996917,116774.19821152929,116895.09851272978,0.0010342632218006754,0.3712835998740047,0.1266156998462975,0.02024039998650551,650,13
651,190.00829209992662,116774.52305775823,116895.09851272978,0.0010314842667113093,0.36470740009099245,0.10135660017840564,0.020597200142219663,651,13
652,190.50930899986997,116774.90200043781,116895.09851272978,0.0010282425338721565,0.3699140001554042,0.10568780009634793,0.02099009999074042,652,13
653,191.02727549988776,116775.18990773293,116895.09851272978,0.0010257795794901398,0.38902919995598495,0.10503520001657307,0.02010499988682568,653,13
654,191.5589633998461,116775.4240690986,116895.09851272978,0.0010237764042616258,0.38437419990077615,0.12304170010611415,0.020438200095668435,654,13
655,192.11288449983113,116775.81686360697,116895.09851272978,0.0010204161734789143,0.42762900004163384,0.10251370002515614,0.020073299994692206,655,13
656,192.61278949980624,116776.00068819665,116895.09851272978,0.0010188436131917976,0.37494090013206005,0.10081840003840625,0.02044619992375374,656,13
657,193.2377303999383,116776.29766517253,116895.09851272978,0.0010163030706056941,0.4583449999336153,0.1403111000545323,0.02159409993328154,657,13
658,193.7780220999848,116776.4574468071,116895.09851272978,0.0010149361900726938,0.39439629996195436,0.12151469988748431,0.020541500067338347,658,13
659,194.2972060998436,116776.61477749127,116895.09851272978,0.0010135902766325547,0.3944266999606043,0.10056929988786578,0.02024889993481338,659,13
660,194.86137269996107,116776.88149253605,116895.09851272978,0.0010113086151413981,0.3912791998591274,0.14857330010272563,0.02055589994415641,660,13
661,195.37887479993515,116777.22188031513,116895.09851272978,0.001008396707085243,0.387228200212121,0.10560310003347695,0.02098700008355081,661,13
662,195.9115954998415,116777.23195824162,116895.09851272978,0.0010083104936629648,0.38884740020148456,0.11741099995560944,0.020581400021910667,662,13
663,196.41625479981303,116777.76144484166,116895.09851272978,0.001003780905966219,0.37981140008196235,0.10067480010911822,0.020481500076130033,663,13
664,196.94512709998526,116778.00294673347,116895.09851272978,0.001001714934895716,0.4025526999030262,0.10224779997952282,0.020253599854186177,664,13
665,197.4580971999094,116778.53997160177,116895.09851272978,0.0009971208597365723,0.39012629981152713,0.0982092001941055,0.020710900193080306,665,13
666,197.9484254999552,116778.78661353677,116895.09851272978,0.0009950109172485392,0.37216740008443594,0.09421599982306361,0.020252100192010403,666,13
667,198.49617189983837,116779.1010845731,116895.09851272978,0.000992320718597421,0.39666700013913214,0.12340510007925332,0.02124790009111166,667,13
668,199.04404779989272,116779.55785066125,116895.09851272978,0.000988413231508951,0.4171744000632316,0.10695530008524656,0.020206799963489175,668,13
669,199.5760627000127,116779.69589396834,116895.09851272978,0.0009872323153812053,0.40550959995016456,0.10244280006736517,0.020228999899700284,669,13
670,200.1312996998895,116779.69589396834,116895.09851272978,0.0009872323153812053,0.41275390004739165,0.11780490004457533,0.02075590007007122,670,13
671,200.66001579980366,116779.69589396834,116895.09851272978,0.0009872323153812053,0.4027817999012768,0.10173280001617968,0.020544799976050854,671,13
672,201.2787410998717,116779.69589396834,116895.09851272978,0.0009872323153812053,0.42681450000964105,0.1671768999658525,0.020741299726068974,672,13
673,201.83488440001383,116779.69589396834,116895.09851272978,0.0009872323153812053,0.4207582001108676,0.11137879989109933,0.020172299817204475,673,13
674,202.3991548998747,116779.69589396834,116883.3565712405,0.0008868728646492606,0.42906510015018284,0.10990779986605048,0.02096319990232587,674,13
675,202.96581860003062,116779.69589396834,116883.3565712405,0.0008868728646492606,0.4160765998531133,0.12644900009036064,0.020159700186923146,675,13
676,203.51609289995395,116779.69589396834,116883.3565712405,0.0008868728646492606,0.4216715998481959,0.10302919987589121,0.020236199954524636,676,13
677,204.06680169980973,116779.69589396834,116883.3565712405,0.0008868728646492606,0.42434979998506606,0.10226060007698834,0.020250000059604645,677,13
678,204.67265999992378,116779.69589396834,116883.3565712405,0.0008868728646492606,0.4545034999027848,0.12749730003997684,0.019984399899840355,678,13
679,205.2125883998815,116779.69589396834,116878.89067938758,0.0008486971842618118,0.393192500108853,0.1223527998663485,0.02047669980674982,679,13
680,205.76828319998458,116779.69589396834,116878.89067938758,0.0008486971842618118,0.433738199993968,0.09833010006695986,0.01974530005827546,680,13
681,206.38039429998025,116779.69589396834,116878.89067938758,0.0008486971842618118,0.4548483998514712,0.13252110010944307,0.02053039986640215,681,13
682,206.95921729994006,116779.69589396834,116872.44945741129,0.0007936306963152263,0.44809670001268387,0.10652409982867539,0.020504900254309177,682,13
683,207.51027979981154,116779.69589396834,116872.44945741129,0.0007936306963152263,0.4223488001152873,0.10375280003063381,0.021002799971029162,683,13
684,208.1246352000162,116779.69589396834,116872.44945741129,0.0007936306963152263,0.45214340020902455,0.13834529998712242,0.02020619995892048,684,13
685,208.72388760000467,116779.69589396834,116872.44945741129,0.0007936306963152263,0.4329067000653595,0.13997820019721985,0.020026900107041,685,13
686,209.3099360000342,116779.69589396834,116868.16475444919,0.0007569970887001462,0.44252869999036193,0.11728639993816614,0.021880700020119548,686,13
687,209.90280479984358,116779.69589396834,116868.16475444919,0.0007569970887001462,0.4663326998706907,0.10286310012452304,0.01989330002106726,687,13
688,210.5038521999959,116779.69589396834,116868.16475444919,0.0007569970887001462,0.45478909998200834,0.12224059994332492,0.020049799932166934,688,13
689,211.07897519995458,116779.69589396834,116868.16475444919,0.0007569970887001462,0.4289100000169128,0.11858920007944107,0.022095099790021777,689,13
690,211.63833009987138,116779.69589396834,116868.16475444919,0.0007569970887001462,0.4331285001244396,0.10222070012241602,0.020264299819245934,690,13
691,212.16505449987017,116779.69589396834,116868.16475444919,0.0007569970887001462,0.3899632999673486,0.11152989999391139,0.021644999738782644,691,13
692,212.61614970001392,116779.69589396834,116868.16475444919,0.0007569970887001462,0.32284849998541176,0.10424369992688298,0.020271799992769957,692,13
693,213.1271742999088,116784.93219841002,116868.16475444919,0.000712191863490294,0.3534257998690009,0.13042900012806058,0.02262359973974526,693,13
694,213.64153059991077,116785.11725912154,116868.16475444919,0.0007106083637244839,0.3792102001607418,0.10782120004296303,0.02212610002607107,694,13
695,214.18730499991216,116785.33292729678,116868.16475444919,0.0007087629665995126,0.4199105999432504,0.10089419991709292,0.021124100079759955,695,13
696,214.74119789991528,116785.41304579854,116868.16475444919,0.0007080774206090287,0.40110479993745685,0.12735299998894334,0.02175440010614693,696,13
697,215.26413319981657,116785.45289339955,116868.16475444919,0.0007077364586277645,0.3755435000639409,0.12299830000847578,0.020513199968263507,697,13
698,215.80602539982647,116785.58770338236,116868.16475444919,0.0007065829367674646,0.40530749992467463,0.1106328999157995,0.02167899999767542,698,13
699,216.3828791999258,116785.76453465332,116868.16475444919,0.0007050698534454794,0.4443246000446379,0.1059721999336034,0.02144909999333322,699,13
700,217.01909850002266,116785.93294372747,116868.16475444919,0.0007036288359151606,0.49132569995708764,0.12049659993499517,0.02048179996199906,700,13
701,217.55725979991257,116786.12960035409,116868.16475444919,0.0007019461139606122,0.4103298999834806,0.10282630007714033,0.021068000001832843,701,13
702,218.0995557999704,116786.20098578386,116868.16475444919,0.0007013352938119889,0.41419100016355515,0.09921899996697903,0.02392349997535348,702,13
703,218.58158509992063,116786.42879882272,116868.16475444919,0.000699385977337847,0.35386590007692575,0.10357649996876717,0.020682800095528364,703,13
704,219.09453330002725,116786.59479565563,116868.16475444919,0.0006979656005118107,0.3804546999745071,0.10611680010333657,0.021250300109386444,704,13
705,219.63418209995143,116786.82596416557,116868.16475444919,0.0006959875724455114,0.38376639992929995,0.13120990013703704,0.02072779997251928,705,13
706,220.15934879984707,116787.15535761908,116868.16475444919,0.0006931690679007088,0.3928463999181986,0.10749479988589883,0.02057810011319816,706,13
707,220.68257129983976,116787.22375678655,116868.16475444919,0.000692583800153775,0.4062790998723358,0.09320770017802715,0.020066799828782678,707,13
708,221.24732259986922,116787.32897777727,116868.16475444919,0.0006916834609472665,0.3849363001063466,0.15459150006063282,0.02106689987704158,708,13
709,221.7593197999522,116787.43316711858,116868.16475444919,0.0006907919492038873,0.3854904000181705,0.09572500013746321,0.02131709991954267,709,13
710,222.25984640000388,116787.48186964673,116868.16475444919,0.0006903752187088925,0.3729643002152443,0.10264120018109679,0.020910800201818347,710,13
711,222.78615810000338,116787.48305054253,116868.16475444919,0.0006903651141965953,0.4030951000750065,0.09928309987299144,0.020155000034719706,711,13
712,223.32337639993057,116787.48626985465,116868.16475444919,0.0006903375676690882,0.40348350000567734,0.10934079997241497,0.020677899941802025,712,13
713,223.85769149987027,116787.93640510066,116868.16475444919,0.0006864859178468092,0.38235689979046583,0.12723179999738932,0.02070680004544556,713,13
714,224.39926219987683,116788.09857994571,116868.16475444919,0.0006850982444338067,0.3815591000020504,0.13550039986148477,0.02070829994045198,714,13
715,225.00218219985254,116788.09857994571,116868.16475444919,0.0006850982444338067,0.4794481999706477,0.09820430004037917,0.021371300099417567,715,13
716,225.50004209997132,116788.09857994571,116868.16475444919,0.0006850982444338067,0.3703152001835406,0.10323929996229708,0.020544299855828285,716,13
717,226.01442349981517,116788.09857994571,116868.16475444919,0.0006850982444338067,0.3928410999942571,0.0979356998577714,0.020002200035378337,717,13
718,226.54342829994857,116788.09857994571,116868.16475444919,0.0006850982444338067,0.37836390011943877,0.12572490004822612,0.020143600180745125,718,13
719,227.06000830000266,116788.09857994571,116868.16475444919,0.0006850982444338067,0.3907316999975592,0.10193860018625855,0.019860000116750598,719,13
720,227.6094339999836,116788.09857994571,116868.16475444919,0.0006850982444338067,0.38353529991582036,0.14075239980593324,0.021070699905976653,720,13
721,228.12392179993913,116788.09857994571,116868.16475444919,0.0006850982444338067,0.36716540018096566,0.12272610003128648,0.02085049985907972,721,13
722,228.63934739981778,116788.09857994571,116868.16475444919,0.0006850982444338067,0.3812168000731617,0.11031670006923378,0.02021949994377792,722,13
723,229.1688936999999,116788.09857994571,116868.16475444919,0.0006850982444338067,0.3987103998661041,0.10423559998162091,0.021082900231704116,723,13
724,229.7014020998031,116788.09857994571,116868.16475444919,0.0006850982444338067,0.40249230014160275,0.10588169982656837,0.020233599934726954,724,13
725,230.2296337999869,116788.09857994571,116868.16475444919,0.0006850982444338067,0.3880182998254895,0.11556369997560978,0.020714399870485067,725,13
726,230.77628159988672,116788.09857994571,116868.16475444919,0.0006850982444338067,0.39974729996174574,0.12264690012671053,0.020348599879071116,726,13
727,231.3039606998209,116788.09857994571,116868.16475444919,0.0006850982444338067,0.39249709993600845,0.10622070007957518,0.02081970009021461,727,13
728,231.85190699994564,116788.09857994571,116868.16475444919,0.0006850982444338067,0.42265790002420545,0.10047439998015761,0.021125499857589602,728,13
729,232.43889969983138,116788.09857994571,116868.16475444919,0.0006850982444338067,0.4640011000446975,0.09818239999003708,0.021038099890574813,729,13
730,232.97755609988235,116788.09857994571,116868.16475444919,0.0006850982444338067,0.41340199997648597,0.10093099996447563,0.020525099942460656,730,13
731,233.51262179994956,116788.09857994571,116865.36257922984,0.000661136863642954,0.40591650013811886,0.1051314000505954,0.020072099985554814,731,13
732,234.10227169981226,116788.09857994571,116865.36257922984,0.000661136863642954,0.39868079987354577,0.1633091999683529,0.02120480011217296,732,13
733,234.6360996000003,116788.09857994571,116865.36257922984,0.000661136863642954,0.40482060005888343,0.10487439995631576,0.020382400136440992,733,13
734,235.1830042998772,116788.09857994571,116865.36257922984,0.000661136863642954,0.4087334000505507,0.11397500010207295,0.020252900198101997,734,13
735,235.7583451999817,116788.09857994571,116860.79670003348,0.0006220916007818275,0.41037809988483787,0.14101740019395947,0.020181200001388788,735,13
736,236.30355039983988,116788.09857994571,116860.79670003348,0.0006220916007818275,0.4024147999007255,0.11838850006461143,0.020539300050586462,736,13
737,236.97449719998986,116788.09857994571,116860.79670003348,0.0006220916007818275,0.5006166000384837,0.14618160016834736,0.020325700053945184,737,13
738,237.52422149991617,116788.09857994571,116860.79670003348,0.0006220916007818275,0.41539529990404844,0.11069220001809299,0.019851000048220158,738,13
739,238.10716319992207,116788.09857994571,116860.79670003348,0.0006220916007818275,0.44476419989950955,0.11314180004410446,0.020923100179061294,739,13
740,238.68046509986743,116788.09857994571,116860.79670003348,0.0006220916007818275,0.42196330009028316,0.12657020008191466,0.02058229991234839,740,13
741,239.2705399999395,116788.09857994571,116860.79670003348,0.0006220916007818275,0.4502053000032902,0.11449559987522662,0.021211100043728948,741,13
742,239.9538961998187,116788.09857994571,116860.79670003348,0.0006220916007818275,0.53768299985677,0.1204110998660326,0.021468499908223748,742,13
743,240.42781309993006,116788.09857994571,116860.79670003348,0.0006220916007818275,0.3400562999304384,0.10903420019894838,0.021030999952927232,743,13
744,240.99666409986094,116789.6511930508,116860.79670003348,0.0006088055959886902,0.3649439997971058,0.17564689996652305,0.022353800013661385,744,13
745,241.53403949993663,116789.6511930508,116860.79670003348,0.0006088055959886902,0.4055330997798592,0.10658979997970164,0.021580900065600872,745,13
746,242.0996970999986,116789.6511930508,116860.79670003348,0.0006088055959886902,0.4271461998578161,0.11311749997548759,0.02149660000577569,746,13
747,242.6232620999217,116789.65119305084,116860.79670003348,0.0006088055959883166,0.39474060013890266,0.1036761999130249,0.02131900005042553,747,13
748,243.17887289985083,116789.65119305084,116860.79670003348,0.0006088055959883166,0.39979129983112216,0.12796079996041954,0.021264299983158708,748,13
749,243.76995969982818,116789.65119305084,116860.79670003348,0.0006088055959883166,0.4464436999987811,0.12013279995881021,0.020652600098401308,749,13
750,244.33186909998767,116789.65119305084,116860.79670003348,0.0006088055959883166,0.4250204998534173,0.11232939991168678,0.02081080013886094,750,13
751,244.90938129997812,116789.65119305124,116860.79670003348,0.0006088055959849544,0.4488094998523593,0.10440800013020635,0.020483599742874503,751,13
752,245.50190619984642,116789.65119305124,116860.79670003348,0.0006088055959849544,0.46675949986092746,0.10107390000484884,0.020790599985048175,752,13
753,246.07195309991948,116789.65119305124,116860.79670003348,0.0006088055959849544,0.42847580020315945,0.11750030005350709,0.020466499961912632,753,13
754,246.66541139991023,116789.65119305124,116860.79670003348,0.0006088055959849544,0.42721029999665916,0.14174430002458394,0.0204282000195235,754,13
755,247.20968329999596,116789.65119305124,116860.79670003348,0.0006088055959849544,0.4085868000984192,0.10990509996190667,0.021674100076779723,755,13
756,247.835885199951,116789.65119305124,116860.79670003348,0.0006088055959849544,0.4438716999720782,0.1484582000412047,0.022709300043061376,756,13
757,248.4189996998757,116789.65119305124,116860.79670003348,0.0006088055959849544,0.4497775000054389,0.10829039989039302,0.02100900001823902,757,13
758,248.99287249986082,116789.65119305124,116860.79670003348,0.0006088055959849544,0.42599240015260875,0.12371390010230243,0.020312500186264515,758,13
759,249.5384237000253,116789.65119305124,116860.79670003348,0.0006088055959849544,0.42257110006175935,0.0984326999168843,0.020766299916431308,759,13
760,250.07652609981596,116789.65119305124,116860.79670003348,0.0006088055959849544,0.40176320006139576,0.11011580005288124,0.022185400128364563,760,13
761,250.67341869999655,116790.8240104823,116860.79670003348,0.0005987695748025846,0.45504930010065436,0.10934119997546077,0.021979400189593434,761,13
762,251.19338229997084,116792.54534844964,116860.79670003348,0.0005840397593645433,0.3939857000950724,0.09947800007648766,0.022519299993291497,762,13
763,251.77559079998173,116794.6505761504,116860.79670003348,0.0005660249266729726,0.44073709985241294,0.11628359998576343,0.02147520030848682,763,13
764,252.36184379993938,116795.07555842036,116860.79670003348,0.0005623882727910483,0.4524978001136333,0.10679220012389123,0.022735399659723043,764,13
765,252.89260159991682,116795.36419069048,116860.79670003348,0.000559918391716523,0.4010040999855846,0.10509410011582077,0.02081799996085465,765,13
766,253.44419649988413,116795.56769753339,116860.79670003348,0.0005581769450666872,0.3973383998963982,0.1257307999767363,0.022258099867030978,766,13
767,253.97591179981828,116795.71876811654,116860.79670003348,0.0005568842054361861,0.39330180012620986,0.1134462000336498,0.021210400154814124,767,13
768,254.5533707998693,116795.79570712922,116860.79670003348,0.0005562258237132018,0.4043091000057757,0.1486690000165254,0.020748200127854943,768,13
769,255.10477089998312,116795.92919021496,116860.79670003348,0.0005550835836334914,0.4019253998994827,0.12462340015918016,0.020906600169837475,769,13
770,255.6603545998223,116796.00597226438,116860.79670003348,0.0005544265450748794,0.40005549998022616,0.12877799989655614,0.020585800288245082,770,13
771,256.23318809992634,116796.22413116436,116860.79670003348,0.0005525597179939291,0.449226199882105,0.09955690009519458,0.020312700187787414,771,13
772,256.7619433000218,116796.33121639656,116860.79670003348,0.0005516433693532828,0.4026975999586284,0.10191319999285042,0.02020889986306429,772,13
773,257.37694959994406,116796.47307321278,116860.79670003348,0.000550429473673767,0.48470090003684163,0.1046634002123028,0.021580999949947,773,13
774,257.9302320999559,116796.63240488301,116860.79670003348,0.0005490660423543344,0.4183508998248726,0.11051439982838929,0.020578600000590086,774,13
775,258.53923819982447,116796.67968121363,116860.79670003348,0.0005486614898272934,0.47245270013809204,0.11189239984378219,0.020886599784716964,775,13
776,259.07272970001213,116796.73033027863,116860.79670003348,0.0005482280761724945,0.4144665999338031,0.09470110014081001,0.020390099845826626,776,13
777,259.72943469998427,116796.78374317991,116860.79670003348,0.0005477710118464796,0.516792600043118,0.11530609987676144,0.020773899974301457,777,13
778,260.2662245000247,116796.9143110902,116860.79670003348,0.0005466537174760175,0.38132279994897544,0.12967219995334744,0.021459100069478154,778,13
779,260.808050399879,116797.05275570373,116860.79670003348,0.0005454690206619974,0.40627710008993745,0.10392890009097755,0.0216004999820143,779,13
780,261.4007555998396,116797.13902989594,116860.79670003348,0.0005447307560373018,0.42449559993110597,0.14349470008164644,0.02097990014590323,780,13
781,262.00782559998333,116797.24305990634,116859.3075547706,0.0005311044208880798,0.4678566998336464,0.11444229981862009,0.021007000003010035,781,13
782,262.5411365998443,116797.32719905746,116859.3075547706,0.0005303844170400262,0.40068150009028614,0.10833519999869168,0.02050379989668727,782,13
783,263.0730572999455,116797.45883204683,116859.3075547706,0.0005292579942318759,0.40813019988127053,0.09959060000255704,0.02056480012834072,783,13
784,263.6066399998963,116797.58593448275,116859.3075547706,0.0005281703407229232,0.4038903000764549,0.10355679993517697,0.020647700177505612,784,13
785,264.1272091998253,116797.5891125988,116859.3075547706,0.0005281431446345923,0.39387779985554516,0.10214879992417991,0.020802399842068553,785,13
786,264.6975371998269,116797.75745801651,116859.3075547706,0.0005267025626113584,0.42584039992652833,0.1202157000079751,0.020504599902778864,786,13
787,265.2237259999383,116797.90747795964,116859.3075547706,0.000525418797147818,0.3943778998218477,0.1070456001907587,0.0209500000346452,787,13
788,265.81189309991896,116798.01224879295,116859.3075547706,0.0005245222418327256,0.463616699911654,0.1000359000172466,0.02071109996177256,788,13
789,266.34284199983813,116798.10459843156,116859.3075547706,0.0005237319783907985,0.40714369993656874,0.09941340005025268,0.020534500014036894,789,13
790,266.91153009980917,116798.17108767145,116859.3075547706,0.0005231630101050544,0.4289628998376429,0.1144231001380831,0.021257000043988228,790,13
791,267.4538852998521,116798.290246947,116859.3075547706,0.0005221433285919355,0.39785569999367,0.11988350003957748,0.020586500177159905,791,13
792,268.1026955000125,116798.86813053735,116859.3075547706,0.0005171982060985763,0.4351119000930339,0.1877288999967277,0.02152490010485053,792,13
793,268.6810412998311,116799.14743309314,116856.39594769644,0.0004899048455073295,0.43034869991242886,0.12102259998209774,0.021203999873250723,793,13
794,269.2486141999252,116799.21158099844,116855.00787742215,0.00047748314288966896,0.46108560007996857,0.10401379992254078,0.0,794,13
795,269.8575035999529,116799.21162028766,116855.00787742215,0.0004774828066676623,0.4610326001420617,0.14526520017534494,0.0,795,13
796,270.40937220002525,116799.2116678463,116854.98817708711,0.0004773138922942848,0.4448037000838667,0.10471259988844395,0.0,796,13
797,270.9961647000164,116799.21167559558,116854.98817708711,0.0004773138259789881,0.4698093000333756,0.1124853000510484,0.0,797,13
798,271.5512732998468,116799.21169138583,116854.98817708711,0.00047731369085207264,0.4166424998547882,0.1358018999453634,0.0,798,13
799,272.0976913999766,116799.21221359726,116854.98817708711,0.00047730922196773134,0.4387320000678301,0.10544579988345504,0.0,799,13
800,272.7494429999497,116799.2122533348,116854.98817708711,0.0004773088819091573,0.5032724998891354,0.1462014999706298,0.0,800,13
801,273.29956459999084,116799.21230025105,116854.98817708711,0.00047730848041797116,0.428907300112769,0.11877469997853041,0.0,801,13
802,273.86776229995303,116799.21230823369,116854.98817708711,0.00047730841210559186,0.4499687000643462,0.11588299996219575,0.0,802,13
803,274.3857976999134,116799.2123241313,116854.98817708711,0.0004773082760600209,0.4043548998888582,0.11117420019581914,0.0,803,13
804,274.9762203998398,116799.21403843936,116854.8827261788,0.0004763916272962657,0.46888890000991523,0.11938780010677874,0.0,804,13
805,275.5151136999484,116799.21407931994,116854.8827261788,0.00047639127745569357,0.4164440999738872,0.11776540009304881,0.0,805,13
806,276.1169879999943,116799.21412421693,116854.8616613459,0.00047621071419554143,0.48092659981921315,0.11855629994533956,0.0,806,13
807,276.68937069992535,116799.21413284639,116854.8616613459,0.0004762106403478621,0.46665539988316596,0.10347119998186827,0.0,807,13
808,277.23518199985847,116799.214148989,116854.8616613459,0.0004762105022054352,0.43560610013082623,0.10787330009043217,0.0,808,13
809,277.7834918999579,116799.21467046061,116854.8616613459,0.0004762060396473517,0.4267076998949051,0.11658679996617138,0.0,809,13
810,278.33099249983206,116799.21471174629,116854.8616613459,0.00047620568634005526,0.4333505001850426,0.11176590016111732,0.0,810,13
811,278.9277047999203,116799.21475602992,116854.8616613459,0.00047620530737737377,0.48895790008828044,0.10553519986569881,0.0,811,13
812,279.5113336998038,116799.2147649233,116854.8616613459,0.0004762052312712215,0.46778269996866584,0.11348020005971193,0.0,812,13
813,280.06757709989324,116799.21478113628,116854.8616613459,0.0004762050925265684,0.4453751998953521,0.10860210005193949,0.0,813,13
814,280.62786059989594,116799.21572278801,116854.8616613459,0.0004761970342248907,0.44937549997121096,0.10840280004777014,0.0,814,13
815,281.18175659980625,116799.21576476059,116854.8616613459,0.0004761966750392885,0.4456410000566393,0.10586240002885461,0.0,815,13
816,281.72881949995644,116799.21580831619,116854.8616613459,0.00047619630230683404,0.43339869985356927,0.11114139994606376,0.0,816,13
817,282.259987300029,116799.21581781394,116854.8616613459,0.0004761962210287092,0.4227394999470562,0.1061790999956429,0.0,817,13
818,282.87178229982965,116799.21583406474,116854.8616613459,0.00047619608196040306,0.4607890001498163,0.14633330004289746,0.0,818,13
819,283.428279499989,116799.2163589972,116854.8616613459,0.0004761915897856409,0.44589539989829063,0.10830550012178719,0.0,819,13
820,284.01204099995084,116799.21640133244,116854.8616613459,0.00047619122749663096,0.46614009980112314,0.11527219996787608,0.0,820,13
821,284.6100298999809,116799.21640226606,116854.8616613459,0.0004761912195070466,0.4654534999281168,0.13004270009696484,0.0,821,13
822,285.20116029982455,116799.21642313195,116854.8616613459,0.00047619104094460523,0.44902339996770024,0.13740619993768632,0.0,822,13
823,285.82790419994853,116799.21644453623,116854.8616613459,0.0004761908577748095,0.48697540001012385,0.13736630021594465,0.0,823,13
824,286.3923604998272,116799.21648650078,116854.8616613459,0.0004761904986579477,0.456627800129354,0.10553529998287559,0.0,824,13
825,286.9726929999888,116799.21653901835,116854.8616613459,0.00047619004923230745,0.45511070010252297,0.12287610000930727,0.0,825,13
826,287.54909370001405,116799.2165814468,116854.8616613459,0.00047618968614555944,0.45353229995816946,0.11478940001688898,0.0,826,13
827,288.16670419997536,116799.21658182229,116854.8616613459,0.00047618968293231646,0.4702459000982344,0.14510539988987148,0.0,827,13
828,288.8278975998983,116799.21662424238,116854.8616613459,0.00047618931991704854,0.5400913001503795,0.11864739982411265,0.0,828,13
829,289.4817079999484,116799.21712935332,116854.8616613459,0.00047618499736747143,0.5331519998144358,0.11829559993930161,0.0,829,13
830,290.09128469997086,116799.21717279204,116854.8616613459,0.0004761846256352405,0.4878455998841673,0.11795430001802742,0.0,830,13
831,290.6880618999712,116799.21717279204,116854.8616613459,0.0004761846256352405,0.4704271999653429,0.1238903000485152,0.0,831,13
832,291.3022890998982,116799.21722281675,116854.8616613459,0.0004761841975425551,0.49021359998732805,0.12160660000517964,0.0,832,13
833,291.90610189992003,116799.219024272,116854.83914169748,0.0004759761584031398,0.4869216999504715,0.11432440020143986,0.0,833,13
834,292.47921449993737,116799.21906816657,116854.83914169748,0.0004759757827698153,0.4672196002211422,0.1036102999933064,0.0,834,13
835,293.0599133998621,116799.21914936238,116854.79883500279,0.0004756303223702658,0.45719220000319183,0.12108309986069798,0.0,835,13
836,293.65250770002604,116799.2191933381,116854.79883500279,0.00047562994604243296,0.4814586997963488,0.10886520007625222,0.0,836,13
837,294.23856229986995,116799.21965710199,116854.79883500279,0.0004756259773231608,0.4332403000444174,0.15034819999709725,0.0,837,13
838,294.80971569987014,116799.21970160975,116854.79883500279,0.00047562559644226616,0.439651400083676,0.12620100006461143,0.0,838,13
839,295.4146449000109,116799.21974106538,116854.79883500279,0.0004756252587956587,0.48109810007736087,0.12137500010430813,0.0,839,13
840,295.99740380002186,116799.22142323286,116854.79883500279,0.00047561086343067023,0.4404812001157552,0.13953009992837906,0.0,840,13
841,296.563985100016,116799.22146886852,116854.79883500279,0.00047561047289758834,0.449906500056386,0.11412720009684563,0.0,841,13
842,297.1316368000116,116799.22150663954,116854.79883500279,0.0004756101496671836,0.43546589999459684,0.12795870006084442,0.0,842,13
843,297.67516889981925,116799.22154734991,116854.79883500279,0.00047560980128298635,0.43053879984654486,0.11070189997553825,0.0,843,13
844,298.2640841999091,116799.22360482198,116854.79883500279,0.000475592194200609,0.42853479995392263,0.15793360001407564,0.0,844,13
845,298.8462276000064,116799.22370023072,116854.79883500279,0.00047559137772798244,0.45109709980897605,0.12858589994721115,0.0,845,13
846,299.43744529993273,116799.22423643761,116854.79883500279,0.0004755867890684087,0.4578698000404984,0.12873999984003603,0.0,846,13
847,300.0409179998096,116799.22428454565,116854.79883500279,0.00047558637737769855,0.4809607998467982,0.11999989999458194,0.0,847,13
